height,timestamp,cost,removals,eligible,multi_groups,largest_group,groups_emitted,dropped_single,dropped_multi,tweaks,tweaks_from_multi,dup_removed,additions_tx,reward_coins,distinct_ph_all,filter_bytes,filter_n,filter_hash_ok,header_with_filter,header_no_filter,tweak_resp_bytes,ct_omitted,gen_us,group_us
7680001,1759145955,103180014,8,1,0,0,1,0,0,1,0,0,10,8,11,52,19,1,4381,4330,88,1,1929,5105
7680004,1759146027,0,0,0,0,0,0,0,0,0,0,0,0,6,5,15,5,1,7161,7147,0,0,0,0
7680006,1759146093,321627681,45,24,0,0,24,0,0,24,0,0,36,6,32,209,77,1,9893,9685,1192,22,4715,20222
7680008,1759146129,10512856,1,1,0,0,1,0,0,1,0,0,2,4,3,12,4,1,6338,6327,88,0,108,468
7680010,1759146198,43509248,4,1,0,0,1,0,0,1,0,0,2,4,5,26,9,1,5506,5481,88,1,800,1872
7680013,1759146244,0,0,0,0,0,0,0,0,0,0,0,0,4,3,9,3,1,4220,4212,0,0,0,0
7680017,1759146300,794365934,200,153,0,0,153,0,0,153,0,0,53,6,53,686,253,1,6028,5343,7384,150,7123,97984
7680020,1759146333,285623731,34,15,0,0,15,0,0,15,0,0,27,8,29,171,63,1,4500,4330,760,13,3752,17731
7680022,1759146379,173631301,16,3,0,0,3,0,0,3,0,0,20,6,18,93,34,1,4871,4779,184,2,2583,7164
7680025,1759146476,0,0,0,0,0,0,0,0,0,0,0,0,4,3,10,3,1,5667,5658,0,0,0,0
7680030,1759146520,579842854,62,4,0,0,4,0,0,4,0,0,117,6,44,288,106,1,5460,5173,232,3,4937,32957
7680035,1759146574,228386706,31,21,0,0,21,0,0,21,0,0,21,10,19,137,50,1,5174,5038,1048,20,3282,12885
7680037,1759146642,133738863,11,2,0,0,2,0,0,2,0,0,9,10,13,66,24,1,9080,9015,136,2,2327,5551
7680040,1759146700,216307848,17,4,0,0,4,0,0,4,0,0,23,4,26,118,43,1,5739,5622,232,3,3025,13370
7680044,1759146815,342715486,39,6,0,0,6,0,0,6,0,0,34,6,34,198,73,1,10728,10531,328,4,4512,19245
7680045,1759146843,129093051,12,3,0,0,3,0,0,3,0,0,13,8,15,75,27,1,6971,6897,184,2,1817,6735
7680048,1759146885,120023794,7,1,0,0,1,0,0,1,0,0,9,2,11,50,18,1,6062,6013,88,1,2184,3833
7680051,1759146936,310907201,50,29,0,0,29,0,0,29,0,0,30,6,30,217,80,1,6687,6471,1432,28,3420,21684
7680052,1759147009,301162196,18,1,0,0,1,0,0,1,0,0,19,6,24,115,42,1,5577,5463,88,0,3526,18545
7680053,1759147049,147185272,13,3,0,0,3,0,0,3,0,0,11,2,11,66,24,1,4729,4664,184,3,2234,6615
7680059,1759147095,385563913,139,130,0,0,130,0,0,130,0,0,16,2,18,425,157,1,4745,4321,6280,129,2867,53515
7680062,1759147138,125763544,16,2,0,0,2,0,0,2,0,0,8,12,17,91,33,1,5695,5605,136,2,1674,6584
7680064,1759147196,64412856,19,19,0,0,19,0,0,19,0,0,8,6,12,85,31,1,5398,5314,952,18,207,7307
7680066,1759147230,590287254,33,27,0,0,27,0,0,27,0,0,200,4,197,621,230,1,7059,6439,1336,25,1632,16545
7680069,1759147283,1500944964,94,67,0,0,67,0,0,67,0,0,481,4,475,1538,569,1,7694,6157,3256,64,4743,52016
7680071,1759147354,296067093,33,3,0,0,3,0,0,3,0,0,24,6,25,158,58,1,9448,9291,184,3,3984,16052
7680072,1759147426,277098928,24,5,0,0,5,0,0,5,0,0,33,4,27,139,51,1,10243,10105,280,4,3473,14246
7680075,1759147462,156302089,15,2,0,0,2,0,0,2,0,0,11,2,12,74,27,1,4112,4039,136,2,2457,7439
7680077,1759147499,48752159,4,2,0,0,2,0,0,2,0,0,4,6,7,31,11,1,5091,5061,136,1,814,1526
7680080,1759147531,214555243,30,22,0,0,22,0,0,22,0,0,19,4,22,142,52,1,3930,3789,1096,21,2977,12736
7680083,1759147574,110132733,6,1,0,0,1,0,0,1,0,0,7,6,9,42,15,1,4115,4074,88,0,2088,2836
7680086,1759147615,246940048,28,3,0,0,3,0,0,3,0,0,21,6,25,144,53,1,4752,4609,184,2,3404,14295
7680092,1759147683,159554786,16,2,0,0,2,0,0,2,0,0,11,6,15,85,31,1,4335,4251,136,2,2652,8046
7680095,1759147718,386665240,182,178,0,0,178,0,0,178,0,0,7,12,17,538,199,1,5860,5323,8584,177,1741,68091
7680096,1759147803,481608226,52,12,0,0,12,0,0,12,0,0,34,6,32,229,84,1,11041,10813,616,10,4822,35374
7680098,1759147899,349920967,40,13,0,0,13,0,0,13,0,0,46,2,40,217,80,1,13449,13233,664,11,3581,23919
7680100,1759147939,0,0,0,0,0,0,0,0,0,0,0,0,4,4,12,4,1,3630,3619,0,0,0,0
7680103,1759148023,207128586,21,10,0,0,10,0,0,10,0,0,21,4,23,120,44,1,7263,7144,520,8,3361,10192
7680106,1759148068,218332901,28,2,0,0,2,0,0,2,0,0,13,6,15,117,43,1,5741,5625,136,1,2596,13643
7680109,1759148109,12785706,3,3,0,0,3,0,0,3,0,0,1,6,4,20,7,1,5926,5907,184,3,115,1104
7680111,1759148155,77628846,17,16,0,0,16,0,0,16,0,0,8,6,14,85,31,1,6273,6189,808,15,790,6881
7680114,1759148211,122658480,14,2,0,0,2,0,0,2,0,0,12,4,12,71,26,1,6791,6721,136,1,1766,5231
7680117,1759148241,0,0,0,0,0,0,0,0,0,0,0,0,6,4,12,4,1,4656,4645,0,0,0,0
7680120,1759148295,138420455,11,2,0,0,2,0,0,2,0,0,10,6,14,69,25,1,5241,5173,136,2,2383,5645
7680123,1759148366,567327498,220,209,0,0,209,0,0,209,0,0,20,6,18,644,238,1,5111,4468,10072,207,3396,88766
7680126,1759148398,420635500,32,2,0,0,2,0,0,2,0,0,32,6,36,184,68,1,5356,5173,136,2,4416,36473
7680128,1759148444,110956170,16,4,0,0,4,0,0,4,0,0,16,6,13,80,29,1,5252,5173,232,3,1253,5601
7680131,1759148478,0,0,0,0,0,0,0,0,0,0,0,0,4,3,9,3,1,4361,4353,0,0,0,0
7680134,1759148511,36277480,2,1,0,0,1,0,0,1,0,0,2,6,7,26,9,1,4804,4779,88,1,642,1067
7680138,1759148558,362780741,54,15,0,0,15,0,0,15,0,0,17,6,18,195,72,1,3986,3792,760,14,4334,25656
7680143,1759148596,301428719,29,2,0,0,2,0,0,2,0,0,32,8,30,160,59,1,4630,4471,136,1,3855,23371
7680144,1759148647,127433273,11,1,0,0,1,0,0,1,0,0,13,10,15,71,26,1,7816,7746,88,1,1864,6664
7680149,1759148700,285676190,26,3,0,0,3,0,0,3,0,0,38,2,34,163,60,1,5781,5619,184,3,3351,21376
7680150,1759148757,117108501,20,17,0,0,17,0,0,17,0,0,5,10,12,87,32,1,6111,6025,856,17,1722,10162
7680151,1759148819,292080036,28,6,0,0,6,0,0,6,0,0,29,2,24,141,52,1,6182,6042,328,5,3898,16648
7680153,1759148860,0,0,0,0,0,0,0,0,0,0,0,0,2,2,7,2,1,5559,5553,0,0,0,0
7680158,1759148904,124352879,8,1,0,0,1,0,0,1,0,0,10,4,12,55,20,1,5535,5481,88,1,1854,6518
7680160,1759148944,150847266,9,2,0,0,2,0,0,2,0,0,12,10,18,75,27,1,5253,5179,136,1,2596,6033
7680164,1759148991,170190498,19,12,0,0,12,0,0,12,0,0,18,4,17,98,36,1,4450,4353,616,10,2275,9574
7680166,1759149057,220429609,29,11,0,0,11,0,0,11,0,0,26,8,26,150,55,1,7892,7743,568,8,2707,12254
7680169,1759149097,166025465,9,0,0,0,0,0,0,0,0,0,9,4,13,61,22,1,4807,4747,0,0,2838,9526
7680172,1759149145,49839392,4,0,0,0,0,0,0,0,0,0,4,6,6,28,10,1,5200,5173,0,0,934,1325
7680175,1759149218,88298371,15,12,0,0,12,0,0,12,0,0,10,6,12,74,27,1,5980,5907,616,10,910,6384
7680176,1759149275,92111893,6,1,0,0,1,0,0,1,0,0,8,6,14,55,20,1,6214,6160,88,1,1635,2932
7680180,1759149308,66423593,2,1,0,0,1,0,0,1,0,0,3,2,4,18,6,1,4649,4632,88,0,1426,1673
7680184,1759149359,162950459,13,1,0,0,1,0,0,1,0,0,15,8,20,90,33,1,4842,4753,88,1,2714,6173
7680188,1759149409,55553994,5,1,0,0,1,0,0,1,0,0,6,8,8,36,13,1,4929,4894,88,0,917,1785
7680191,1759149471,178796062,21,12,0,0,12,0,0,12,0,0,15,8,20,112,41,1,5182,5071,616,11,2324,12989
7680194,1759149526,18352502,2,2,0,0,2,0,0,2,0,0,4,6,7,25,9,1,4633,4609,136,1,111,889
7680199,1759149556,49839392,4,0,0,0,0,0,0,0,0,0,4,6,9,36,13,1,4926,4891,0,0,967,1353
7680202,1759149609,139176999,14,5,0,0,5,0,0,5,0,0,16,10,23,101,37,1,6125,6025,280,4,1897,7493
7680208,1759149664,207500821,27,17,0,0,17,0,0,17,0,0,18,6,15,115,42,1,5569,5455,856,15,2959,11389
7680209,1759149707,390503320,40,16,0,0,16,0,0,16,0,0,38,12,37,209,77,1,8521,8313,808,15,4815,27667
7680210,1759149745,218401333,21,10,0,0,10,0,0,10,0,0,20,2,18,107,39,1,4709,4603,520,10,3081,13772
7680212,1759149800,331707244,33,10,0,0,10,0,0,10,0,0,37,2,25,158,58,1,5183,5026,520,9,4401,23262
7680216,1759149828,219650388,16,4,0,0,4,0,0,4,0,0,18,4,16,87,32,1,4580,4494,232,4,3518,10434
7680218,1759149874,497917057,38,9,0,0,9,0,0,9,0,0,38,8,38,206,76,1,4958,4753,472,9,5400,37059
7680220,1759149909,96275468,6,3,0,0,3,0,0,3,0,0,6,4,5,31,11,1,5764,5734,184,3,1680,5542
7680224,1759149971,362290831,47,26,0,0,26,0,0,26,0,0,32,4,28,204,75,1,4668,4465,1288,23,4941,24689
7680225,1759150026,0,0,0,0,0,0,0,0,0,0,0,0,8,5,15,5,1,3950,3936,0,0,0,0
7680227,1759150128,285005630,29,9,1,3,10,0,0,10,1,0,34,2,32,166,61,1,8777,8612,520,8,4156,13888
7680229,1759150161,0,0,0,0,0,0,0,0,0,0,0,0,4,4,12,4,1,4194,4183,0,0,0,0
7680230,1759150240,289723449,34,6,0,0,6,0,0,6,0,0,34,4,32,180,66,1,9720,9541,328,4,3204,17966
7680232,1759150292,347623295,36,8,0,0,8,0,0,8,0,0,39,2,34,190,70,1,7782,7593,424,7,4180,22276
7680235,1759150301,51994856,6,2,0,0,2,0,0,2,0,0,6,4,5,31,11,1,5905,5875,136,2,780,2667
7680237,1759150390,243017037,29,13,0,0,13,0,0,13,0,0,28,6,25,147,54,1,7575,7429,664,12,3199,13362
7680243,1759150437,35419065,2,0,0,0,0,0,0,0,0,0,2,4,3,15,5,1,4197,4183,0,0,828,682
7680245,1759150471,48415357,7,6,1,6,7,0,0,7,1,0,2,12,5,34,12,1,4257,4224,376,7,678,3275
7680247,1759150530,9942430,1,1,0,0,1,0,0,1,0,0,2,4,5,17,6,1,6061,6045,88,1,109,421
7680250,1759150576,46232286,19,19,0,0,19,0,0,19,0,0,4,4,8,74,27,1,5666,5593,952,19,164,7815
7680254,1759150645,398660859,47,27,1,21,28,0,0,28,1,0,24,6,27,202,74,1,6816,6615,1384,28,3462,35366
7680258,1759150699,112983822,8,4,0,0,4,0,0,4,0,0,7,8,14,61,22,1,5659,5599,232,3,1794,5714
7680260,1759150754,0,0,0,0,0,0,0,0,0,0,0,0,8,7,20,7,1,7874,7855,0,0,0,0
7680263,1759150800,29869960,9,9,0,0,9,0,0,9,0,0,4,4,4,36,13,1,5516,5481,472,8,139,3651
7680268,1759150833,202266434,20,4,0,0,4,0,0,4,0,0,25,6,22,114,42,1,4187,4074,232,2,2972,12761
7680271,1759150876,65891680,8,4,0,0,4,0,0,4,0,0,7,10,14,61,22,1,4422,4362,232,3,936,2806
7680274,1759150937,513124508,175,159,0,0,159,0,0,159,0,0,25,6,25,541,200,1,5431,4891,7672,158,4298,70700
7680276,1759150969,82030532,14,10,0,0,10,0,0,10,0,0,8,6,10,66,24,1,5408,5343,520,8,1129,5229
7680278,1759151009,81401344,4,1,0,0,1,0,0,1,0,0,6,4,9,36,13,1,4388,4353,88,1,1715,2853
7680281,1759151055,0,0,0,0,0,0,0,0,0,0,0,0,4,4,12,4,1,5040,5029,0,0,0,0
7680282,1759151160,215703170,20,4,0,0,4,0,0,4,0,0,23,6,18,104,38,1,9112,9009,232,3,3238,9081
7680285,1759151217,41764674,4,0,0,0,0,0,0,0,0,0,4,2,4,23,8,1,4625,4603,0,0,821,1350
7680287,1759151285,301414269,37,20,0,0,20,0,0,20,0,0,33,6,32,187,69,1,7224,7038,1000,17,3807,17067
7680288,1759151323,0,0,0,0,0,0,0,0,0,0,0,0,4,2,7,2,1,4641,4635,0,0,0,0
7680292,1759151358,219843614,19,4,0,0,4,0,0,4,0,0,26,2,24,118,43,1,4326,4209,232,3,3120,10625
7680296,1759151481,326629403,27,4,0,0,4,0,0,4,0,0,33,8,34,166,61,1,10728,10563,232,2,4470,15239
7680300,1759151551,87543797,16,14,0,0,14,0,0,14,0,0,10,8,13,79,29,1,5536,5458,712,13,922,6089
7680305,1759151601,96781369,8,2,0,0,2,0,0,2,0,0,9,8,13,58,21,1,5938,5881,136,2,1652,3501
7680309,1759151673,140904343,9,2,0,0,2,0,0,2,0,0,10,10,17,71,26,1,5701,5631,136,2,2625,3571
7680311,1759151718,72371645,14,13,0,0,13,0,0,13,0,0,7,8,11,69,25,1,7359,7291,664,13,746,5580
7680316,1759151767,224140117,16,5,0,0,5,0,0,5,0,0,20,4,17,91,33,1,4696,4606,280,4,3199,9990
7680319,1759151803,16173972,3,3,0,0,3,0,0,3,0,0,2,10,5,23,8,1,4637,4615,184,3,122,1271
7680320,1759151841,86651213,4,1,0,0,1,0,0,1,0,0,5,6,6,29,10,1,5403,5375,88,1,1839,1809
7680321,1759151888,222817774,16,5,0,0,5,0,0,5,0,0,15,2,17,91,33,1,6027,5937,280,5,3293,12318
7680325,1759151917,150998772,28,26,0,0,26,0,0,26,0,0,9,2,10,104,38,1,4988,4885,1288,26,1939,11876
7680329,1759151967,191811091,17,2,0,0,2,0,0,2,0,0,7,8,10,74,27,1,4996,4923,136,2,2888,10003
7680334,1759152040,86651213,4,1,0,0,1,0,0,1,0,0,5,8,10,39,14,1,5778,5740,88,1,1826,1963
7680338,1759152094,193918280,27,14,0,0,14,0,0,14,0,0,20,10,16,117,43,1,7551,7435,712,12,2645,15478
7680341,1759152145,148601736,13,4,0,0,4,0,0,4,0,0,17,8,21,93,34,1,4563,4471,232,2,3875,14450
7680343,1759152182,64329538,3,1,0,0,1,0,0,1,0,0,3,6,6,26,9,1,6608,6583,88,1,2282,2175
7680346,1759152226,86627209,4,1,0,0,1,0,0,1,0,0,5,4,8,34,12,1,6078,6045,88,1,1930,1834
7680349,1759152272,0,0,0,0,0,0,0,0,0,0,0,0,6,4,12,4,1,4761,4750,0,0,0,0
7680353,1759152331,193510300,13,3,0,0,3,0,0,3,0,0,15,6,17,82,30,1,6834,6753,184,3,2794,10921
7680357,1759152368,269639540,33,20,0,0,20,0,0,20,0,0,22,8,26,161,59,1,4490,4330,1000,17,3834,15229
7680360,1759152393,297332432,72,63,0,0,63,0,0,63,0,0,20,8,24,260,96,1,4336,4077,3064,60,3410,30405
7680364,1759152477,222230905,16,5,0,0,5,0,0,5,0,0,21,6,23,106,39,1,4186,4081,280,4,3617,8974
7680365,1759152559,116578119,12,9,1,2,10,0,0,10,1,0,9,8,16,77,28,1,8665,8589,520,10,1787,5320
7680368,1759152615,79154926,4,0,0,0,0,0,0,0,0,0,4,2,6,28,10,1,5364,5337,0,0,1493,1821
7680372,1759152693,417212094,35,23,0,0,23,0,0,23,0,0,89,6,86,328,121,1,6798,6471,1144,20,3307,16844
7680375,1759152734,167433856,11,1,0,0,1,0,0,1,0,0,13,8,16,74,27,1,4009,3936,88,1,2843,6386
7680379,1759152771,169266911,11,3,0,0,3,0,0,3,0,0,12,6,15,71,26,1,3862,3792,184,3,3291,4545
7680384,1759152816,170061877,15,3,0,0,3,0,0,3,0,0,15,8,17,88,32,1,4446,4359,184,3,2537,7836
7680386,1759152858,273284804,33,20,0,0,20,0,0,20,0,0,26,10,31,174,64,1,5381,5208,1000,18,3537,16230
7680390,1759152934,99912461,7,4,0,0,4,0,0,4,0,0,7,4,10,47,17,1,10151,10105,232,4,1733,2998
7680393,1759152999,431855468,47,6,0,0,6,0,0,6,0,0,64,8,59,288,106,1,5492,5205,328,4,5076,20642
7680396,1759153050,176767147,13,2,0,0,2,0,0,2,0,0,15,6,20,90,33,1,4593,4504,136,2,2816,9717
7680398,1759153160,596873193,222,210,0,0,210,0,0,210,0,0,26,6,29,678,251,1,10926,10249,10120,208,4335,88839
7680400,1759153212,47081588,5,1,0,0,1,0,0,1,0,0,2,4,5,28,10,1,6184,6157,88,1,773,2221
7680404,1759153263,558168586,215,204,0,0,204,0,0,204,0,0,20,4,18,629,233,1,4840,4212,9832,202,4088,81725
7680406,1759153313,66354157,3,0,0,0,0,0,0,0,0,0,3,8,5,23,8,1,5791,5769,0,0,1273,1613
7680408,1759153363,233417464,18,3,0,0,3,0,0,3,0,0,21,4,23,112,41,1,6832,6721,184,2,3274,9995
7680412,1759153401,55602445,4,0,0,0,0,0,0,0,0,0,4,4,5,25,9,1,4941,4917,0,0,1036,521
7680414,1759153452,709996705,209,179,0,0,179,0,0,179,0,0,39,8,43,680,252,1,7576,6897,8632,177,5270,84765
7680416,1759153511,131022785,17,11,0,0,11,0,0,11,0,0,13,4,15,88,32,1,6244,6157,568,9,1737,8177
7680419,1759153541,86627209,4,1,0,0,1,0,0,1,0,0,5,4,8,34,12,1,4668,4635,88,1,1779,1810
7680420,1759153580,231767319,24,5,0,0,5,0,0,5,0,0,17,6,15,107,39,1,4885,4779,280,4,3449,9273
7680422,1759153637,747731015,262,210,0,0,210,0,0,210,0,0,30,2,22,770,284,1,5965,5196,10120,210,4576,102347
7680424,1759153676,92915142,3,0,0,0,0,0,0,0,0,0,3,4,6,26,9,1,5090,5065,0,0,1981,1823
7680426,1759153731,552517047,187,172,0,0,172,0,0,172,0,0,24,4,23,567,210,1,5765,5199,8296,171,4574,71825
7680429,1759153766,149676742,19,15,0,0,15,0,0,15,0,0,8,4,12,85,31,1,5283,5199,760,14,2055,9619
7680431,1759153824,160598311,9,4,0,0,4,0,0,4,0,0,11,6,13,61,22,1,5515,5455,232,4,2958,5390
7680435,1759153854,8010418,1,1,0,0,1,0,0,1,0,0,1,4,2,9,3,1,4361,4353,88,0,96,404
7680440,1759153905,244273766,29,4,0,0,4,0,0,4,0,0,17,8,19,131,48,1,4912,4782,232,3,3208,27782
7680445,1759153956,130832335,17,15,0,0,15,0,0,15,0,0,8,10,14,85,31,1,5263,5179,760,13,3560,15002
7680446,1759154010,347136644,46,2,0,0,2,0,0,2,0,0,49,10,29,204,75,1,8231,8028,136,2,5417,19301
7680452,1759154095,408878017,30,5,0,0,5,0,0,5,0,0,30,2,32,168,62,1,5786,5619,280,4,4264,28023
7680456,1759154137,139357026,6,2,0,0,2,0,0,2,0,0,7,12,16,60,22,1,4988,4929,136,2,2687,3269
7680459,1759154193,271133046,42,33,0,0,33,0,0,33,0,0,25,8,23,177,65,1,5663,5487,1624,30,2932,17440
7680462,1759154282,190704153,78,77,0,0,77,0,0,77,0,0,8,6,13,246,91,1,7594,7349,3736,76,1068,29435
7680465,1759154355,38173346,2,1,0,0,1,0,0,1,0,0,3,6,8,28,10,1,7738,7711,88,1,723,983
7680468,1759154432,623067280,72,10,0,0,10,0,0,10,0,0,35,6,37,295,109,1,8457,8163,520,9,6156,44027
7680472,1759154465,715656098,121,11,0,0,11,0,0,11,0,0,33,6,25,395,146,1,4609,4215,568,10,7087,54192
7680474,1759154601,562004501,77,23,0,0,23,0,0,23,0,0,79,8,58,365,135,1,13859,13495,1144,21,5712,47087
7680479,1759154640,122104618,12,1,0,0,1,0,0,1,0,0,10,4,11,63,23,1,3963,3901,88,1,1956,7077
7680481,1759154687,107775900,7,2,0,0,2,0,0,2,0,0,9,10,13,55,20,1,5374,5320,136,2,1688,4657
7680484,1759154734,287967430,28,5,0,0,5,0,0,5,0,0,37,4,36,174,64,1,4356,4183,280,3,4026,15315
7680488,1759154772,229504373,25,13,0,0,13,0,0,13,0,0,20,6,19,120,44,1,5180,5061,664,12,3557,11897
7680492,1759154863,278602503,37,22,0,0,22,0,0,22,0,0,36,8,39,207,76,1,7417,7211,1096,18,3103,18607
7680494,1759154900,165225765,12,4,0,0,4,0,0,4,0,0,15,8,20,88,32,1,5722,5635,232,3,2784,6918
7680498,1759154926,134522619,11,1,0,0,1,0,0,1,0,0,10,4,12,63,23,1,4274,4212,88,1,2490,5921
7680499,1759154995,796213065,230,205,0,0,205,0,0,205,0,0,36,8,42,737,272,1,6758,6022,9880,203,5507,104310
7680502,1759155035,87227148,5,1,0,0,1,0,0,1,0,0,7,2,7,34,12,1,6046,6013,88,1,1519,3085
7680505,1759155077,393381800,45,8,0,0,8,0,0,8,0,0,50,6,42,236,87,1,4844,4609,424,6,4551,23320
7680508,1759155121,239432141,33,25,0,0,25,0,0,25,0,0,23,6,27,163,60,1,4659,4497,1240,23,2916,14477
7680512,1759155162,236180403,23,3,0,0,3,0,0,3,0,0,27,6,26,134,49,1,3896,3763,184,3,3423,10940
7680515,1759155203,92762990,3,0,0,0,0,0,0,0,0,0,3,8,7,28,10,1,4498,4471,0,0,1860,2595
7680517,1759155258,0,0,0,0,0,0,0,0,0,0,0,0,6,5,15,5,1,5921,5907,0,0,0,0
7680520,1759155330,531565696,173,158,0,0,158,0,0,158,0,0,28,4,31,551,204,1,5608,5058,7624,155,4009,70384
7680523,1759155388,559354942,200,182,0,0,182,0,0,182,0,0,27,6,23,603,223,1,5522,4920,8776,180,3999,81678
7680526,1759155462,214250147,18,3,1,2,4,0,0,4,1,0,20,6,21,107,39,1,6157,6051,232,4,3795,7455
7680528,1759155503,35419065,2,0,0,0,0,0,0,0,0,0,2,6,5,20,7,1,4346,4327,0,0,771,661
7680531,1759155566,75497700,15,11,0,0,11,0,0,11,0,0,6,4,7,61,22,1,9037,8977,568,11,962,5616
7680534,1759155607,191726730,32,24,0,0,24,0,0,24,0,0,17,6,18,136,50,1,4744,4609,1192,22,2489,13779
7680539,1759155671,766643573,151,5,0,0,5,0,0,5,0,0,76,6,38,511,189,1,6529,6019,280,3,6958,66356
7680540,1759155719,107797821,8,2,0,0,2,0,0,2,0,0,11,10,16,66,24,1,6231,6166,136,1,1745,4976
7680543,1759155789,246548656,24,3,0,0,3,0,0,3,0,0,29,2,24,131,48,1,8851,8721,184,3,3322,13663
7680544,1759155822,161092022,14,6,0,0,6,0,0,6,0,0,16,6,21,95,35,1,6283,6189,328,4,2456,7237
7680545,1759155865,473874802,55,25,0,0,25,0,0,25,0,0,43,2,41,261,96,1,7683,7423,1240,23,4464,37088
7680547,1759155994,472727873,56,16,0,0,16,0,0,16,0,0,63,2,50,287,106,1,13631,13345,808,14,5353,26986
7680550,1759156080,327757130,24,5,0,0,5,0,0,5,0,0,27,4,29,145,53,1,6434,6290,280,5,4522,16393
7680552,1759156128,128816461,8,1,0,0,1,0,0,1,0,0,10,6,16,66,24,1,5126,5061,88,1,3443,5780
7680555,1759156176,206269255,20,7,0,0,7,0,0,7,0,0,23,4,23,118,43,1,5316,5199,376,7,2998,8103
7680559,1759156218,92304958,6,3,0,0,3,0,0,3,0,0,11,6,15,58,21,1,5794,5737,184,2,1383,2476
7680561,1759156262,211890666,18,3,0,0,3,0,0,3,0,0,21,8,22,110,40,1,6554,6445,184,3,3141,8932
7680563,1759156330,292191600,28,6,0,0,6,0,0,6,0,0,36,4,29,155,57,1,9131,8977,328,3,3842,13139
7680566,1759156372,37728833,2,1,0,0,1,0,0,1,0,0,2,4,4,17,6,1,5045,5029,88,1,723,630
7680570,1759156409,244449097,21,4,0,0,4,0,0,4,0,0,26,6,24,123,45,1,4901,4779,232,4,3153,12004
7680572,1759156469,237188651,32,17,0,0,17,0,0,17,0,0,23,8,24,152,56,1,4651,4500,856,17,3230,14514
7680573,1759156508,120463540,6,1,0,0,1,0,0,1,0,0,7,4,11,47,17,1,5245,5199,88,1,2487,2421
7680577,1759156580,289142272,29,6,0,0,6,0,0,6,0,0,36,2,28,155,57,1,5744,5590,328,4,5149,41717
7680583,1759156637,174357956,27,21,1,20,22,0,0,22,1,0,10,8,15,115,42,1,4332,4218,1096,22,6966,33925
7680586,1759156711,186128966,15,5,0,0,5,0,0,5,0,0,18,12,23,103,38,1,5743,5641,280,4,3939,10310
7680591,1759156747,140772138,13,6,1,5,7,0,0,7,1,0,12,6,13,71,26,1,3974,3904,376,7,2242,6522
7680595,1759156786,190853341,13,3,0,0,3,0,0,3,0,0,16,10,19,87,32,1,4589,4503,184,3,3266,7416
7680600,1759156838,272457288,63,52,0,0,52,0,0,52,0,0,17,8,22,231,85,1,5153,4923,2536,52,3129,24846
7680601,1759156896,353804992,44,20,0,0,20,0,0,20,0,0,41,10,41,231,85,1,8399,8169,1000,17,4461,19348
7680603,1759156935,35504347,2,0,0,0,0,0,0,0,0,0,2,2,4,17,6,1,4789,4773,0,0,750,679
7680605,1759156980,276048823,24,5,0,0,5,0,0,5,0,0,30,4,30,147,54,1,6303,6157,280,4,3784,12902
7680608,1759157027,107675831,8,2,0,0,2,0,0,2,0,0,11,4,13,58,21,1,4663,4606,136,1,1762,4910
7680610,1759157072,369552709,48,4,0,0,4,0,0,4,0,0,34,6,31,214,79,1,5697,5484,232,4,4231,23664
7680614,1759157115,169308800,21,15,0,0,15,0,0,15,0,0,18,4,22,117,43,1,4751,4635,760,14,2244,9204
7680615,1759157178,768732979,137,25,0,0,25,0,0,25,0,0,36,8,32,457,169,1,10737,10281,1240,24,7384,57829
7680618,1759157206,36006644,2,1,0,0,1,0,0,1,0,0,2,2,4,18,6,1,3944,3927,88,1,673,945
7680620,1759157280,425513694,35,6,0,0,6,0,0,6,0,0,39,6,39,201,74,1,4942,4742,328,5,4861,23892
7680621,1759157323,278905769,17,2,0,0,2,0,0,2,0,0,61,4,64,220,81,1,5982,5763,136,2,2465,9677
7680623,1759157369,159944386,12,3,0,0,3,0,0,3,0,0,15,2,15,74,27,1,5663,5590,184,3,2437,6769
7680628,1759157410,167878255,24,14,0,0,14,0,0,14,0,0,19,4,17,112,41,1,4294,4183,712,14,1917,10225
7680631,1759157443,167447537,12,3,0,0,3,0,0,3,0,0,15,10,19,85,31,1,5122,5038,184,3,2712,5922
7680634,1759157490,280359584,25,17,0,0,17,0,0,17,0,0,66,6,66,247,91,1,6153,5907,856,15,4325,29513
7680637,1759157577,247200000,24,5,0,0,5,0,0,5,0,0,31,6,28,141,52,1,6441,6301,280,5,7347,34388
7680638,1759157611,65881958,3,0,0,0,0,0,0,0,0,0,3,6,8,31,11,1,5485,5455,0,0,3551,2897
7680639,1759157654,224873057,21,5,0,0,5,0,0,5,0,0,26,2,22,117,43,1,4889,4773,280,5,7744,27273
7680642,1759157697,49839392,4,0,0,0,0,0,0,0,0,0,4,2,6,28,10,1,3925,3898,0,0,2324,1550
7680646,1759157738,156956998,11,3,0,0,3,0,0,3,0,0,14,6,15,71,26,1,4538,4468,184,3,2391,13897
7680648,1759157780,159392903,44,34,0,0,34,0,0,34,0,0,16,8,14,157,58,1,5050,4894,1672,32,2179,25577
7680651,1759157831,180561212,13,2,0,0,2,0,0,2,0,0,17,4,19,88,32,1,4270,4183,136,2,3660,7652
7680653,1759157865,122891200,8,1,0,0,1,0,0,1,0,0,10,6,10,50,18,1,5142,5093,88,1,2228,4566
7680655,1759157901,352427016,79,64,0,0,64,0,0,64,0,0,29,4,30,296,109,1,4648,4353,3112,62,3978,34515
7680660,1759157937,153331005,15,7,0,0,7,0,0,7,0,0,14,4,16,85,31,1,4549,4465,376,7,2378,7281
7680665,1759157979,474377768,57,22,0,0,22,0,0,22,0,0,63,10,57,309,114,1,4106,3798,1096,20,4859,32918
7680668,1759158025,266056170,28,8,0,0,8,0,0,8,0,0,34,10,38,179,66,1,4934,4756,424,6,3544,15238
7680671,1759158106,609030138,122,51,0,0,51,0,0,51,0,0,30,6,28,406,150,1,6030,5625,2488,50,6938,51433
7680674,1759158145,35504347,2,0,0,0,0,0,0,0,0,0,2,6,6,23,8,1,5224,5202,0,0,863,773
7680676,1759158191,170578949,15,2,0,0,2,0,0,2,0,0,19,6,20,96,35,1,6002,5907,136,2,2636,8554
7680678,1759158232,717201759,120,18,1,2,19,0,0,19,1,0,207,4,209,890,329,1,6934,6045,952,19,2918,59675
7680680,1759158267,182142503,13,1,0,0,1,0,0,1,0,0,15,4,19,88,32,1,5398,5311,88,1,3254,6807
7680683,1759158316,176290428,14,4,0,0,4,0,0,4,0,0,15,4,17,85,31,1,4296,4212,232,4,3226,6971
7680685,1759158361,74963103,8,2,0,0,2,0,0,2,0,0,10,6,11,53,19,1,4972,4920,136,0,1019,3019
7680691,1759158475,488927049,70,51,0,0,51,0,0,51,0,0,81,4,80,406,150,1,7581,7176,2488,50,4261,35346
7680694,1759158521,167656442,13,3,0,0,3,0,0,3,0,0,18,12,23,98,36,1,5561,5464,184,3,2550,7468
7680698,1759158567,39261818,2,1,0,0,1,0,0,1,0,0,3,6,5,20,7,1,3923,3904,88,1,711,942
7680703,1759158603,129017295,8,1,0,0,1,0,0,1,0,0,10,8,13,58,21,1,4810,4753,88,1,2487,4548
7680704,1759158745,425047621,58,21,0,0,21,0,0,21,0,0,49,10,41,268,99,1,19828,19561,1048,18,4599,25859
7680708,1759158787,0,0,0,0,0,0,0,0,0,0,0,0,2,1,4,1,1,3760,3757,0,0,0,0
7680709,1759158820,0,0,0,0,0,0,0,0,0,0,0,0,8,7,20,7,1,6916,6897,0,0,0,0
7680712,1759158872,201814797,41,34,0,0,34,0,0,34,0,0,15,2,16,155,57,1,5039,4885,1672,31,2366,16957
7680715,1759158916,252891573,20,4,0,0,4,0,0,4,0,0,28,6,31,139,51,1,5481,5343,232,2,3918,10663
7680717,1759158978,239460929,32,23,0,0,23,0,0,23,0,0,35,6,36,185,68,1,5809,5625,1144,20,2574,14609
7680721,1759159028,158410438,11,2,0,0,2,0,0,2,0,0,12,4,14,69,25,1,4110,4042,136,2,2893,5305
7680725,1759159105,258821071,24,6,0,0,6,0,0,6,0,0,32,8,29,145,53,1,6791,6647,328,5,3268,13184
7680728,1759159151,78254092,11,7,0,0,7,0,0,7,0,0,8,8,16,74,27,1,5249,5176,376,6,1026,4032
7680731,1759159196,132319984,21,17,0,0,17,0,0,17,0,0,13,6,16,101,37,1,5555,5455,856,15,1658,9289
7680735,1759159231,143314513,13,0,0,0,0,0,0,0,0,0,10,6,15,77,28,1,4262,4186,0,0,2669,6015
7680737,1759159268,99118174,13,1,0,0,1,0,0,1,0,0,14,8,12,69,25,1,4962,4894,88,0,1176,4391
7680742,1759159315,244800523,32,7,0,0,7,0,0,7,0,0,17,4,18,136,50,1,4065,3930,376,6,3293,13497
7680744,1759159355,268267040,30,11,0,0,11,0,0,11,0,0,31,10,33,171,63,1,5096,4926,568,11,3554,15150
7680745,1759159395,92831542,6,2,0,0,2,0,0,2,0,0,8,4,10,44,16,1,6482,6439,136,2,1561,3486
7680749,1759159441,0,0,0,0,0,0,0,0,0,0,0,0,2,1,4,1,1,5734,5731,0,0,0,0
7680750,1759159476,168503302,13,4,0,0,4,0,0,4,0,0,14,8,16,79,29,1,6411,6333,232,3,3044,6474
7680754,1759159517,124068196,7,1,0,0,1,0,0,1,0,0,8,2,10,47,17,1,4255,4209,88,0,2292,4055
7680757,1759159562,238330485,30,17,0,0,17,0,0,17,0,0,22,8,25,149,55,1,5353,5205,856,15,3405,14011
7680760,1759159612,292671294,45,10,0,0,10,0,0,10,0,0,41,6,21,179,66,1,5380,5202,520,10,8867,40832
7680763,1759159647,162546349,10,2,0,0,2,0,0,2,0,0,13,6,17,74,27,1,4541,4468,136,1,2601,6683
7680765,1759159678,218531329,19,1,0,0,1,0,0,1,0,0,21,6,24,117,43,1,4931,4815,88,1,3284,16896
7680768,1759159736,20554466,5,5,0,0,5,0,0,5,0,0,3,4,5,28,10,1,7594,7567,280,4,175,4308
7680770,1759159866,545126464,79,5,1,2,6,0,0,6,1,0,41,6,37,314,116,1,16090,15777,328,4,13086,86010
7680771,1759159916,86686974,5,1,0,0,1,0,0,1,0,0,7,4,10,42,15,1,8906,8865,88,1,3524,6711
7680772,1759159967,569116858,205,189,0,0,189,0,0,189,0,0,26,2,25,621,230,1,8213,7593,9112,186,9275,176101
7680774,1759160047,289528621,24,4,0,0,4,0,0,4,0,0,30,2,29,144,53,1,8976,8833,232,3,8089,31714
7680776,1759160089,86398974,5,1,0,0,1,0,0,1,0,0,7,4,9,39,14,1,6203,6165,88,1,2089,2969
7680777,1759160150,377481985,32,6,0,0,6,0,0,6,0,0,40,4,35,182,67,1,9158,8977,328,4,4584,20073
7680780,1759160179,0,0,0,0,0,0,0,0,0,0,0,0,2,1,4,1,1,5452,5449,0,0,0,0
7680782,1759160220,974364524,327,314,3,100,317,0,0,317,3,0,33,6,35,981,362,1,6605,5625,15256,315,4372,128800
7680786,1759160322,1511229826,486,420,4,100,424,0,0,424,4,0,53,4,45,1436,531,1,7544,6109,20392,423,6912,192262
7680787,1759160346,174008434,19,12,0,0,12,0,0,12,0,0,13,8,20,106,39,1,6438,6333,616,11,2613,9720
7680790,1759160388,561642325,139,117,1,100,118,0,0,118,1,0,36,2,31,460,170,1,5796,5337,5704,118,4492,56021
7680792,1759160433,488359741,171,157,0,0,157,0,0,157,0,0,24,6,26,532,197,1,7284,6753,7576,157,3307,64959
7680798,1759160478,599720873,195,174,0,0,174,0,0,174,0,0,33,4,30,609,225,1,4679,4071,8392,173,4336,75299
7680799,1759160629,777130233,128,70,0,0,70,0,0,70,0,0,75,12,71,538,199,1,13192,12655,3400,69,6478,63910
7680802,1759160674,158047664,17,9,0,0,9,0,0,9,0,0,13,2,13,82,30,1,4684,4603,472,8,2505,8681
7680804,1759160720,661475567,55,8,0,0,8,0,0,8,0,0,63,6,57,303,112,1,6603,6301,424,7,6429,42233
7680806,1759160770,440767425,142,130,0,0,130,0,0,130,0,0,18,4,17,430,159,1,5740,5311,6280,128,3574,55764
7680808,1759160809,165310298,12,2,0,0,2,0,0,2,0,0,15,4,15,74,27,1,4285,4212,136,2,2777,6151
7680810,1759160848,325898072,20,11,1,8,12,0,0,12,1,0,67,4,70,244,90,1,5019,4776,616,12,3043,11608
7680811,1759160901,0,0,0,0,0,0,0,0,0,0,0,0,4,4,12,4,1,4439,4428,0,0,0,0
7680813,1759160938,226992744,25,18,0,0,18,0,0,18,0,0,24,2,23,130,48,1,5296,5167,904,17,3046,11005
7680815,1759160971,291186568,153,153,0,0,153,0,0,153,0,0,4,4,7,433,160,1,5208,4776,7384,152,733,57015
7680818,1759161014,235625080,19,5,0,0,5,0,0,5,0,0,26,4,27,125,46,1,4730,4606,280,4,3819,10593
7680819,1759161052,55697994,5,1,0,0,1,0,0,1,0,0,6,6,8,36,13,1,4814,4779,88,0,875,1711
7680821,1759161098,172641035,12,4,0,0,4,0,0,4,0,0,16,2,16,77,28,1,4115,4039,232,3,2736,7281
7680823,1759161128,871748738,109,54,0,0,54,0,0,54,0,0,58,4,60,458,169,1,5204,4747,2632,53,7602,78186
7680825,1759161164,170143018,12,3,0,0,3,0,0,3,0,0,15,4,15,74,27,1,3721,3648,184,3,2788,6002
7680829,1759161213,211351380,21,11,0,0,11,0,0,11,0,0,22,4,24,122,45,1,4304,4183,568,8,2934,9841
7680832,1759161270,463360956,78,50,0,0,50,0,0,50,0,0,48,8,38,314,116,1,5489,5176,2440,48,4536,35731
7680834,1759161318,341571855,28,12,2,7,14,0,0,14,2,0,79,6,78,287,106,1,5770,5484,712,14,2611,12507
7680836,1759161373,285741109,27,7,0,0,7,0,0,7,0,0,34,4,30,155,57,1,4760,4606,376,6,3731,12163
7680839,1759161407,156412641,12,3,0,0,3,0,0,3,0,0,16,4,12,66,24,1,4700,4635,184,3,2189,6611
7680841,1759161464,296044310,39,21,0,0,21,0,0,21,0,0,40,6,28,182,67,1,5809,5628,1048,20,2850,19856
7680846,1759161517,274848808,21,5,0,0,5,0,0,5,0,0,23,4,24,123,45,1,4587,4465,280,5,3377,12828
7680847,1759161582,361021437,74,55,0,0,55,0,0,55,0,0,31,10,28,276,102,1,11940,11665,2680,55,3678,30772
7680853,1759161617,201077898,34,23,0,0,23,0,0,23,0,0,26,2,20,147,54,1,4044,3898,1144,23,1934,13918
7680855,1759161669,265395651,43,31,0,0,31,0,0,31,0,0,26,12,27,190,70,1,5794,5605,1528,31,3046,17949
7680860,1759161723,290386615,16,5,0,0,5,0,0,5,0,0,71,4,67,225,83,1,4125,3901,280,5,2320,9338
7680861,1759161755,781108140,56,5,0,0,5,0,0,5,0,0,55,10,61,317,117,1,5947,5631,280,4,7145,59778
7680863,1759161810,12858938,2,2,0,0,2,0,0,2,0,0,2,2,4,17,6,1,7439,7423,136,2,105,828
7680866,1759161843,96777220,4,2,0,0,2,0,0,2,0,0,5,4,7,31,11,1,4495,4465,136,2,1869,2617
7680869,1759161917,298570095,37,20,0,0,20,0,0,20,0,0,38,6,32,187,69,1,6064,5878,1000,19,3644,14080
7680871,1759161973,192585999,18,3,0,0,3,0,0,3,0,0,21,6,15,90,33,1,6124,6035,184,2,3015,10209
7680874,1759162010,291545690,18,3,0,0,3,0,0,3,0,0,22,4,24,114,42,1,4325,4212,184,2,4893,14958
7680877,1759162140,408710961,76,58,0,0,58,0,0,58,0,0,33,6,34,298,110,1,14555,14258,2824,56,5526,38722
7680883,1759162212,256300111,32,18,0,0,18,0,0,18,0,0,32,6,28,163,60,1,5335,5173,904,16,3527,17313
7680885,1759162243,208492230,17,4,0,0,4,0,0,4,0,0,18,12,20,101,37,1,4859,4759,232,4,3034,13308
7680889,1759162301,339531886,22,6,0,0,6,0,0,6,0,0,78,4,72,255,94,1,6017,5763,328,5,2988,13267
7680894,1759162349,0,0,0,0,0,0,0,0,0,0,0,0,8,5,15,5,1,5049,5035,0,0,0,0
7680895,1759162373,530872231,104,5,0,0,5,0,0,5,0,0,19,10,20,336,124,1,5402,5067,280,5,4891,46848
7680897,1759162411,169911038,25,17,0,0,17,0,0,17,0,0,14,2,15,110,40,1,4185,4076,856,15,2669,10663
7680903,1759162458,156059762,9,2,0,0,2,0,0,2,0,0,12,4,14,63,23,1,3963,3901,136,2,2667,4626
7680907,1759162488,0,0,0,0,0,0,0,0,0,0,0,0,12,6,17,6,1,5347,5331,0,0,0,0
7680910,1759162537,253161530,42,31,0,0,31,0,0,31,0,0,26,8,28,191,70,1,5685,5495,1528,30,3059,17589
7680912,1759162587,226113078,25,11,0,0,11,0,0,11,0,0,28,6,29,147,54,1,4925,4779,568,9,2619,11205
7680914,1759162619,41764674,4,0,0,0,0,0,0,0,0,0,4,4,5,26,9,1,4067,4042,0,0,801,1389
7680916,1759162663,249923993,34,0,0,0,0,0,0,0,0,0,14,4,16,136,50,1,4097,3962,0,0,3165,15264
7680919,1759162699,304158864,66,54,0,0,54,0,0,54,0,0,21,4,21,236,87,1,4172,3937,2632,54,3247,27408
7680923,1759162745,122283435,7,2,0,0,2,0,0,2,0,0,10,6,11,50,18,1,4546,4497,136,2,2040,3859
7680926,1759162791,0,0,0,0,0,0,0,0,0,0,0,0,8,5,15,5,1,5331,5317,0,0,0,0
7680928,1759162829,161619490,17,13,0,0,13,0,0,13,0,0,15,6,17,93,34,1,4871,4779,664,12,2333,7018
7680929,1759162860,102757719,10,1,0,0,1,0,0,1,0,0,11,4,13,63,23,1,6389,6327,88,1,1572,3726
7680931,1759162910,213542474,20,3,0,0,3,0,0,3,0,0,24,2,19,106,39,1,7698,7593,184,2,3099,8283
7680935,1759162985,206851053,14,2,0,0,2,0,0,2,0,0,17,4,20,93,34,1,8675,8583,136,2,2975,7805
7680939,1759163036,72277670,4,1,0,0,1,0,0,1,0,0,4,8,9,36,13,1,4647,4612,88,1,1385,1528
7680942,1759163092,305431675,33,18,0,0,18,0,0,18,0,0,35,8,37,190,70,1,4519,4330,904,16,3852,14580
7680945,1759163136,107675971,8,2,0,0,2,0,0,2,0,0,11,6,13,58,21,1,4666,4609,136,1,1688,4765
7680947,1759163193,282854812,28,10,0,0,10,0,0,10,0,0,34,6,26,148,54,1,5067,4920,520,8,3614,13486
7680949,1759163271,122679435,7,2,0,0,2,0,0,2,0,0,10,4,12,53,19,1,8103,8051,136,2,2045,3832
7680951,1759163314,64241363,3,0,0,0,0,0,0,0,0,0,3,4,7,29,10,1,6355,6327,0,0,1350,1122
7680952,1759163387,252341559,24,9,0,0,9,0,0,9,0,0,31,4,29,144,53,1,10700,10557,472,7,2946,13150
7680954,1759163438,57044802,4,2,0,0,2,0,0,2,0,0,6,2,7,31,11,1,3957,3927,136,2,763,1933
7680956,1759163468,224043870,29,18,0,0,18,0,0,18,0,0,23,4,22,139,51,1,4885,4747,904,16,2893,12080
7680959,1759163501,360190964,99,0,0,0,0,0,0,0,0,0,1,4,2,274,101,1,4485,4212,0,0,3069,40386
7680964,1759163546,35419065,2,0,0,0,0,0,0,0,0,0,2,6,7,26,9,1,4240,4215,0,0,771,745
7680966,1759163588,289103851,23,5,0,0,5,0,0,5,0,0,64,10,68,247,91,1,5595,5349,280,4,2074,12721
7680968,1759163626,23920532,7,7,0,0,7,0,0,7,0,0,3,4,7,39,14,1,5237,5199,376,7,142,2697
7680970,1759163670,79917089,5,0,0,0,0,0,0,0,0,0,5,4,8,37,13,1,5347,5311,0,0,1581,1770
7680973,1759163724,539737851,62,55,0,0,55,0,0,55,0,0,137,4,133,527,195,1,7247,6721,2680,54,2905,26744
7680977,1759163803,307391594,15,2,0,0,2,0,0,2,0,0,68,6,67,222,82,1,4971,4750,136,1,3006,8461
7680979,1759163841,10560856,1,1,0,0,1,0,0,1,0,0,2,8,4,15,5,1,5472,5458,88,1,97,435
7680980,1759163872,24016530,7,7,0,0,7,0,0,7,0,0,3,4,3,28,10,1,4955,4928,376,6,120,2715
7680982,1759163915,102371855,7,2,0,0,2,0,0,2,0,0,9,2,9,44,16,1,4288,4245,136,2,1560,3477
7680984,1759163947,50407552,23,23,0,0,23,0,0,23,0,0,2,4,5,77,28,1,3836,3760,1144,23,178,8677
7680985,1759163993,115026079,14,9,0,0,9,0,0,9,0,0,11,4,11,69,25,1,6507,6439,472,9,1519,5073
7680986,1759164045,229048070,16,5,0,0,5,0,0,5,0,0,25,2,24,109,40,1,8659,8551,280,4,3385,8563
7680987,1759164083,228178780,17,4,0,0,4,0,0,4,0,0,22,2,18,96,35,1,6672,6577,232,2,3702,8181
7680990,1759164109,0,0,0,0,0,0,0,0,0,0,0,0,2,1,4,1,1,4494,4491,0,0,0,0
7680994,1759164170,416133590,54,28,1,2,29,0,0,29,1,0,52,6,49,279,103,1,5169,4891,1432,26,4357,26087
7680997,1759164222,111254625,5,2,0,0,2,0,0,2,0,0,7,8,11,44,16,1,6094,6051,136,2,1873,2999
7681000,1759164263,232264143,58,55,0,0,55,0,0,55,0,0,10,6,12,191,70,1,4687,4497,2680,55,2355,22579
7681002,1759164299,372257218,57,2,0,0,2,0,0,2,0,0,9,6,13,191,70,1,4828,4638,136,2,4379,24438
7681004,1759164371,252645000,19,5,0,0,5,0,0,5,0,0,25,4,24,117,43,1,7401,7285,280,3,3948,9283
7681009,1759164407,100426762,22,18,0,0,18,0,0,18,0,0,10,4,11,90,33,1,4977,4888,904,18,895,8469
7681011,1759164456,144194009,9,4,0,0,4,0,0,4,0,0,11,10,19,77,28,1,5880,5804,232,4,2455,4040
7681014,1759164511,157832154,17,13,0,0,13,0,0,13,0,0,10,4,13,82,30,1,4434,4353,664,12,2366,6930
7681019,1759164563,185543477,20,5,0,0,5,0,0,5,0,0,27,6,27,128,47,1,5018,4891,280,4,1996,11715
7681023,1759164606,165798053,13,8,0,0,8,0,0,8,0,0,16,10,23,98,36,1,4177,4080,424,7,2507,5929
7681026,1759164650,331202579,35,17,1,2,18,0,0,18,1,0,47,8,45,217,80,1,4546,4330,904,15,3768,16851
7681028,1759164719,139567593,10,3,0,0,3,0,0,3,0,0,13,6,13,63,23,1,10029,9967,184,3,2238,5435
7681033,1759164797,475221632,41,4,0,0,4,0,0,4,0,0,35,4,36,208,77,1,8056,7849,232,4,5082,31512
7681034,1759164852,96056460,7,3,0,0,3,0,0,3,0,0,8,10,13,55,20,1,9915,9861,184,3,1560,3745
7681035,1759164941,135962986,13,6,0,0,6,0,0,6,0,0,17,2,16,79,29,1,10885,10807,328,5,2054,3858
7681040,1759165017,377733462,37,24,0,0,24,0,0,24,0,0,81,2,76,307,113,1,10267,9961,1192,22,3254,18786
7681041,1759165051,110977897,9,3,0,0,3,0,0,3,0,0,11,10,16,69,25,1,6013,5945,184,2,1690,5364
7681046,1759165086,88997003,4,1,0,0,1,0,0,1,0,0,5,2,7,31,11,1,4915,4885,88,1,1737,1981
7681048,1759165128,176950823,13,3,0,0,3,0,0,3,0,0,18,10,19,88,32,1,5718,5631,184,2,2887,7646
7681050,1759165164,92189219,5,2,0,0,2,0,0,2,0,0,5,4,8,36,13,1,4388,4353,136,2,1934,2216
7681054,1759165204,191825543,12,3,0,0,3,0,0,3,0,0,17,4,20,88,32,1,3847,3760,184,1,3167,8831
7681058,1759165254,392234131,33,25,0,0,25,0,0,25,0,0,112,8,112,392,145,1,5032,4641,1240,22,1873,14771
7681059,1759165287,118969384,7,1,0,0,1,0,0,1,0,0,9,8,14,58,21,1,6672,6615,88,1,1834,5624
7681061,1759165338,205350079,3,1,0,0,1,0,0,1,0,0,72,2,74,209,77,1,6391,6183,88,0,829,2696
7681063,1759165384,139999842,9,3,0,0,3,0,0,3,0,0,13,4,15,66,24,1,4953,4888,184,3,2117,5172
7681066,1759165423,162232315,18,10,0,0,10,0,0,10,0,0,14,4,16,93,34,1,5262,5170,520,10,2435,7334
7681069,1759165469,252647601,23,13,0,0,13,0,0,13,0,0,24,6,24,128,47,1,5018,4891,664,13,3457,10954
7681072,1759165556,320730323,85,78,0,0,78,0,0,78,0,0,21,6,23,293,108,1,7439,7147,3784,76,2784,33921
7681073,1759165633,143399301,10,3,0,0,3,0,0,3,0,0,14,6,15,69,25,1,7497,7429,184,3,2120,5434
7681075,1759165683,0,0,0,0,0,0,0,0,0,0,0,0,2,1,4,1,1,4150,4147,0,0,0,0
7681078,1759165722,418038519,27,7,0,0,7,0,0,7,0,0,85,4,79,287,106,1,6443,6157,376,6,4063,15044
7681081,1759165751,35419065,2,0,0,0,0,0,0,0,0,0,2,6,3,15,5,1,5357,5343,0,0,742,670
7681083,1759165801,86807000,5,1,0,0,1,0,0,1,0,0,7,6,9,39,14,1,6057,6019,88,1,1540,2941
7681084,1759165860,193557104,32,24,0,0,24,0,0,24,0,0,25,4,22,147,54,1,8729,8583,1192,22,1973,15107
7681087,1759165913,168787651,10,4,0,0,4,0,0,4,0,0,26,2,27,101,37,1,4421,4321,232,4,2324,5360
7681090,1759165961,0,0,0,0,0,0,0,0,0,0,0,0,6,3,10,3,1,5323,5314,0,0,0,0
7681094,1759165994,0,0,0,0,0,0,0,0,0,0,0,0,6,1,4,1,1,4612,4609,0,0,0,0
7681097,1759166032,54184160,9,9,0,0,9,0,0,9,0,0,9,8,14,63,23,1,3998,3936,472,8,182,3879
7681101,1759166068,104186947,8,1,0,0,1,0,0,1,0,0,10,6,14,61,22,1,5403,5343,88,1,1781,4397
7681103,1759166131,238897438,41,23,0,0,23,0,0,23,0,0,28,8,26,181,67,1,6484,6304,1144,21,2761,16237
7681106,1759166189,161958021,14,4,0,0,4,0,0,4,0,0,17,4,16,82,30,1,4828,4747,232,2,2482,7007
7681108,1759166227,171141645,11,4,0,0,4,0,0,4,0,0,14,6,13,66,24,1,5238,5173,232,3,2762,5709
7681110,1759166283,220515822,16,3,0,0,3,0,0,3,0,0,21,4,20,98,36,1,3893,3796,184,2,3512,9124
7681113,1759166311,0,0,0,0,0,0,0,0,0,0,0,0,4,2,7,2,1,3936,3930,0,0,0,0
7681114,1759166356,162280339,24,19,0,0,19,0,0,19,0,0,15,6,16,109,40,1,4746,4638,952,18,2122,10490
7681115,1759166410,147443291,9,1,0,0,1,0,0,1,0,0,12,2,13,61,22,1,3705,3645,88,1,2560,4879
7681117,1759166437,145256468,65,65,0,0,65,0,0,65,0,0,1,2,3,185,68,1,4787,4603,3160,65,741,24548
7681119,1759166507,160811154,10,3,0,0,3,0,0,3,0,0,14,4,12,61,22,1,6499,6439,184,2,2702,5208
7681120,1759166543,184375238,28,0,0,0,0,0,0,0,0,0,8,4,10,104,38,1,4850,4747,0,0,2247,13897
7681122,1759166606,206918770,6,2,0,0,2,0,0,2,0,0,58,2,58,174,64,1,7596,7423,136,2,1502,4535
7681126,1759166657,27746581,1,0,0,0,0,0,0,0,0,0,1,4,4,15,5,1,5213,5199,0,0,563,655
7681129,1759166722,144373871,19,14,0,0,14,0,0,14,0,0,19,8,24,118,43,1,4306,4189,712,13,1642,8029
7681134,1759166741,40130514,1,1,0,0,1,0,0,1,0,0,15,6,17,50,18,1,3982,3933,88,1,100,764
7681137,1759166790,127701957,8,2,0,0,2,0,0,2,0,0,11,10,15,63,23,1,4988,4926,136,1,2150,3904
7681142,1759166835,189618153,25,19,0,0,19,0,0,19,0,0,19,6,23,131,48,1,5223,5093,952,18,2263,10645
7681143,1759166899,185087160,17,5,0,0,5,0,0,5,0,0,19,10,24,112,41,1,8316,8205,280,5,2381,7371
7681145,1759166954,0,0,0,0,0,0,0,0,0,0,0,0,2,2,7,2,1,7317,7311,0,0,0,0
7681147,1759167002,254520851,73,66,0,0,66,0,0,66,0,0,11,4,13,233,86,1,4556,4324,3208,66,2430,28171
7681150,1759167045,141132860,11,1,0,0,1,0,0,1,0,0,15,4,14,69,25,1,7353,7285,88,1,2412,4235
7681151,1759167085,58890210,6,2,0,0,2,0,0,2,0,0,6,6,8,39,14,1,7185,7147,136,1,884,2091
7681154,1759167120,369326903,25,3,0,0,3,0,0,3,0,0,28,2,28,144,53,1,5480,5337,184,3,3860,23733
7681157,1759167164,149458581,19,11,0,0,11,0,0,11,0,0,18,6,21,109,40,1,4605,4497,568,9,1770,9234
7681159,1759167214,218202863,17,2,0,0,2,0,0,2,0,0,20,6,22,107,39,1,5138,5032,136,1,3612,8057
7681162,1759167264,184222130,15,3,0,0,3,0,0,3,0,0,20,4,18,90,33,1,4977,4888,184,2,2823,7532
7681165,1759167305,64505363,3,0,0,0,0,0,0,0,0,0,3,6,7,28,10,1,4213,4186,0,0,1348,1096
7681166,1759167344,202737985,21,3,0,0,3,0,0,3,0,0,25,6,23,120,44,1,5292,5173,184,1,2778,9087
7681169,1759167376,122331762,1,1,0,0,1,0,0,1,0,0,51,2,52,144,53,1,4211,4068,88,1,108,1695
7681173,1759167413,134866839,21,15,0,0,15,0,0,15,0,0,12,6,15,98,36,1,4312,4215,760,14,1722,9640
7681177,1759167451,35287065,2,0,0,0,0,0,0,0,0,0,2,8,9,31,11,1,3579,3549,0,0,734,637
7681181,1759167501,149406913,9,2,0,0,2,0,0,2,0,0,25,8,32,112,41,1,6021,5910,136,2,1711,4708
7681184,1759167541,104137467,8,1,0,0,1,0,0,1,0,0,10,8,14,61,22,1,5547,5487,88,1,1667,4469
7681189,1759167583,20566468,5,5,0,0,5,0,0,5,0,0,3,6,6,31,11,1,5767,5737,280,4,111,1932
7681192,1759167629,111161396,12,0,0,0,0,0,0,0,0,0,12,10,9,58,21,1,5406,5349,0,0,1759,4350
7681195,1759167694,220319612,23,3,0,0,3,0,0,3,0,0,25,6,18,112,41,1,4608,4497,184,2,3070,8350
7681196,1759167746,177783703,18,2,0,0,2,0,0,2,0,0,19,6,22,109,40,1,6015,5907,136,2,2002,12776
7681199,1759167781,0,0,0,0,0,0,0,0,0,0,0,0,2,2,7,2,1,4045,4039,0,0,0,0
7681200,1759167840,137105096,14,9,0,0,9,0,0,9,0,0,13,6,14,77,28,1,8069,7993,472,8,2118,5416
7681206,1759167862,0,0,0,0,0,0,0,0,0,0,0,0,2,1,4,1,1,4071,4068,0,0,0,0
7681208,1759167932,196410241,16,8,0,0,8,0,0,8,0,0,19,12,27,117,43,1,8006,7890,424,7,2913,7497
7681211,1759167974,76212337,9,1,0,0,1,0,0,1,0,0,10,4,10,53,19,1,4376,4324,88,0,970,2667
7681215,1759168019,122561057,17,12,0,0,12,0,0,12,0,0,12,6,14,85,31,1,4440,4356,616,11,1691,6914
7681216,1759168052,207889756,18,1,0,0,1,0,0,1,0,0,21,8,25,118,43,1,5072,4955,88,0,3233,7903
7681220,1759168107,257231787,23,5,0,0,5,0,0,5,0,0,28,2,26,134,49,1,4342,4209,280,4,3489,13953
7681223,1759168183,248641072,27,11,0,0,11,0,0,11,0,0,28,8,31,158,58,1,7195,7038,568,9,3111,13959
7681225,1759168238,0,0,0,0,0,0,0,0,0,0,0,0,6,5,15,5,1,4764,4750,0,0,0,0
7681228,1759168273,353211201,42,6,1,2,7,0,0,7,1,0,32,4,29,193,71,1,4516,4324,376,6,4502,22203
7681231,1759168312,116775828,16,8,0,0,8,0,0,8,0,0,8,6,11,74,27,1,4259,4186,424,8,1567,6398
7681233,1759168418,155485341,13,4,0,0,4,0,0,4,0,0,16,6,18,85,31,1,12900,12816,232,3,2162,7152
7681235,1759168467,303504057,43,23,0,0,23,0,0,23,0,0,27,4,30,198,73,1,7482,7285,1144,23,3883,18210
7681237,1759168507,117064732,9,2,0,0,2,0,0,2,0,0,12,4,12,58,21,1,6214,6157,136,1,1723,5606
7681239,1759168546,351231385,54,3,0,0,3,0,0,3,0,0,32,4,26,217,80,1,5527,5311,184,1,3443,24133
7681241,1759168611,162614041,11,4,0,0,4,0,0,4,0,0,14,4,14,69,25,1,6113,6045,232,3,2576,6781
7681243,1759168690,0,0,0,0,0,0,0,0,0,0,0,0,4,3,9,3,1,4718,4710,0,0,0,0
7681245,1759168738,359995885,51,30,0,0,30,0,0,30,0,0,43,4,36,235,87,1,5433,5199,1480,27,3574,26430
7681246,1759168786,102652723,6,1,0,0,1,0,0,1,0,0,8,4,11,47,17,1,5498,5452,88,1,1607,3967
7681247,1759168830,223043719,30,19,0,0,19,0,0,19,0,0,23,2,22,142,52,1,7170,7029,952,19,2637,13296
7681249,1759168922,1345862948,79,49,0,0,49,0,0,49,0,0,474,2,454,1440,533,1,12416,10977,2392,46,3168,40499
7681252,1759168966,218884910,73,69,0,0,69,0,0,69,0,0,9,4,11,227,84,1,6947,6721,3352,69,1847,27989
7681254,1759169030,130677680,8,2,0,0,2,0,0,2,0,0,8,6,12,56,20,1,7372,7317,136,2,2151,4706
7681256,1759169069,127636636,12,7,0,0,7,0,0,7,0,0,11,4,13,69,25,1,5549,5481,376,6,1707,6300
7681258,1759169114,398946516,152,151,0,0,151,0,0,151,0,0,15,4,19,462,171,1,7746,7285,7288,150,2169,57255
7681261,1759169157,149496493,10,3,0,0,3,0,0,3,0,0,13,4,13,63,23,1,4274,4212,184,2,2271,5560
7681266,1759169232,87587060,5,1,0,0,1,0,0,1,0,0,7,6,11,45,16,1,5531,5487,88,1,1566,2842
7681269,1759169267,74275877,8,3,0,0,3,0,0,3,0,0,8,10,12,55,20,1,4698,4644,184,3,896,3686
7681274,1759169308,184622338,21,12,0,0,12,0,0,12,0,0,17,6,21,115,42,1,4582,4468,616,12,2247,10451
7681279,1759169363,284954420,22,7,0,0,7,0,0,7,0,0,45,10,46,185,68,1,6097,5913,376,5,2994,12860
7681282,1759169409,261280004,24,4,0,0,4,0,0,4,0,0,23,10,29,144,53,1,5492,5349,232,4,3729,7470
7681286,1759169451,35419065,2,0,0,0,0,0,0,0,0,0,2,6,7,26,9,1,3958,3933,0,0,774,638
7681287,1759169531,890907172,143,10,0,0,10,0,0,10,0,0,145,8,41,497,184,1,10636,10140,520,9,6110,66473
7681291,1759169569,115300488,9,3,0,0,3,0,0,3,0,0,13,2,14,64,23,1,4554,4491,184,1,1708,5306
7681294,1759169616,143975880,11,3,0,0,3,0,0,3,0,0,12,8,16,74,27,1,6406,6333,184,3,2339,5158
7681296,1759169660,245839280,23,5,0,0,5,0,0,5,0,0,30,6,30,144,53,1,4752,4609,280,4,3060,12909
7681299,1759169707,297579785,25,6,0,0,6,0,0,6,0,0,27,4,26,139,51,1,4462,4324,328,5,3528,18011
7681302,1759169745,292955124,32,17,0,0,17,0,0,17,0,0,31,6,25,154,57,1,4368,4215,856,14,3754,16755
7681304,1759169778,150618695,12,3,0,0,3,0,0,3,0,0,15,6,18,82,30,1,4860,4779,184,3,2124,6080
7681308,1759169859,391202215,52,9,0,0,9,0,0,9,0,0,62,4,41,252,93,1,5623,5372,472,8,3446,26365
7681311,1759169916,0,0,0,0,0,0,0,0,0,0,0,0,8,6,18,6,1,5052,5035,0,0,0,0
7681314,1759169960,466339839,64,32,0,0,32,0,0,32,0,0,34,6,34,265,98,1,4732,4468,1576,29,5139,31969
7681318,1759170000,254929846,31,15,0,0,15,0,0,15,0,0,29,6,26,155,57,1,4792,4638,760,14,3111,13607
7681319,1759170040,248802228,32,12,0,0,12,0,0,12,0,0,19,8,22,148,54,1,5493,5346,616,11,3415,12682
7681324,1759170113,200054750,15,4,0,0,4,0,0,4,0,0,16,2,17,88,32,1,6100,6013,232,4,3076,6389
7681330,1759170178,299027863,40,16,0,0,16,0,0,16,0,0,32,10,29,187,69,1,5112,4926,808,16,3149,19382
7681332,1759170222,220376297,22,3,0,0,3,0,0,3,0,0,21,12,26,131,48,1,5030,4900,184,2,3057,9745
7681334,1759170250,80998736,6,1,0,0,1,0,0,1,0,0,5,4,8,39,14,1,3968,3930,88,1,1434,2441
7681337,1759170289,80651714,6,1,0,0,1,0,0,1,0,0,5,4,8,39,14,1,3827,3789,88,1,1435,2411
7681342,1759170369,422144037,69,26,0,0,26,0,0,26,0,0,59,6,44,306,113,1,9426,9121,1288,24,3772,28500
7681343,1759170400,46047678,4,1,0,0,1,0,0,1,0,0,3,10,8,34,12,1,7186,7153,88,1,724,1788
7681346,1759170433,199134833,17,3,0,0,3,0,0,3,0,0,21,2,19,98,36,1,4165,4068,184,3,2736,9141
7681352,1759170490,598674795,92,2,0,0,2,0,0,2,0,0,96,6,22,308,114,1,4670,4363,136,2,4685,43840
7681354,1759170534,208077372,28,20,0,0,20,0,0,20,0,0,18,12,20,131,48,1,5030,4900,1000,20,2505,13020
7681357,1759170584,845396613,202,82,0,0,82,0,0,82,0,0,124,4,11,576,213,1,5886,5311,3976,82,4296,90577
7681360,1759170620,139497813,12,2,0,0,2,0,0,2,0,0,14,6,13,69,25,1,4142,4074,136,2,2242,5345
7681363,1759170660,257974680,25,3,0,0,3,0,0,3,0,0,30,6,28,144,53,1,4470,4327,184,3,3179,15032
7681365,1759170699,239355021,28,9,0,0,9,0,0,9,0,0,27,6,22,136,50,1,5478,5343,472,8,2909,11833
7681366,1759170744,320741413,49,20,0,0,20,0,0,20,0,0,26,4,26,203,75,1,7093,6891,1000,18,3782,22464
7681369,1759170787,179917381,18,5,0,0,5,0,0,5,0,0,18,2,15,90,33,1,5708,5619,280,5,2311,9042
7681370,1759170841,249091286,29,12,1,5,13,0,0,13,1,0,32,6,31,163,60,1,8043,7881,664,12,2932,15189
7681372,1759170882,140361772,10,2,0,0,2,0,0,2,0,0,13,2,14,66,24,1,4838,4773,136,2,2086,4614
7681374,1759170955,193830608,18,7,0,0,7,0,0,7,0,0,14,4,15,90,33,1,8954,8865,376,6,3142,6912
7681378,1759171012,390258080,56,15,0,0,15,0,0,15,0,0,35,4,35,247,91,1,5275,5029,760,13,4488,23837
7681380,1759171046,65534637,9,2,0,0,2,0,0,2,0,0,4,8,7,45,16,1,5393,5349,136,2,823,3886
7681384,1759171134,183412676,15,3,0,0,3,0,0,3,0,0,11,4,14,80,29,1,8492,8413,184,3,2978,6148
7681386,1759171218,161851196,27,23,1,16,24,0,0,24,1,0,12,8,17,120,44,1,10400,10281,1192,24,1900,10335
7681390,1759171274,157103366,12,4,1,2,5,0,0,5,1,0,14,4,15,74,27,1,4820,4747,280,4,2542,4440
7681392,1759171318,325419075,44,21,0,0,21,0,0,21,0,0,37,8,32,207,76,1,4565,4359,1048,19,3638,18789
7681395,1759171381,238751712,20,5,0,0,5,0,0,5,0,0,25,4,25,123,45,1,5010,4888,280,4,8725,25644
7681399,1759171469,478918114,62,6,0,0,6,0,0,6,0,0,68,6,34,261,96,1,11525,11265,328,6,12510,88960
7681401,1759171515,139401566,10,2,0,0,2,0,0,2,0,0,13,8,19,80,29,1,6130,6051,136,2,3063,4571
7681402,1759171547,99934761,4,1,0,0,1,0,0,1,0,0,4,4,8,33,12,1,5795,5763,88,1,1989,2287
7681403,1759171593,268636411,26,11,0,0,11,0,0,11,0,0,30,2,27,145,53,1,5452,5308,568,9,5362,15079
7681404,1759171638,145665964,10,4,0,0,4,0,0,4,0,0,12,2,12,61,22,1,5711,5651,232,4,2023,5385
7681407,1759171706,471502286,66,25,0,0,25,0,0,25,0,0,44,2,36,276,102,1,4737,4462,1240,24,4206,30007
7681409,1759171740,220584063,30,3,0,0,3,0,0,3,0,0,35,6,21,139,51,1,6891,6753,184,3,2192,15392
7681411,1759171778,183484050,13,2,0,0,2,0,0,2,0,0,16,4,19,88,32,1,5286,5199,136,2,3040,6218
7681415,1759171836,346894394,77,63,0,0,63,0,0,63,0,0,19,4,20,263,97,1,5573,5311,3064,63,3937,28380
7681420,1759171876,364509645,42,12,0,0,12,0,0,12,0,0,46,8,40,222,82,1,5538,5317,616,10,4357,20686
7681425,1759171909,372070914,111,97,0,0,97,0,0,97,0,0,24,10,26,371,137,1,4309,3939,4696,96,3236,43210
7681430,1759171954,298212477,46,27,0,0,27,0,0,27,0,0,32,10,36,223,82,1,6247,6025,1336,26,3448,20618
7681431,1759171988,12879886,2,2,0,0,2,0,0,2,0,0,2,10,3,15,5,1,5504,5490,136,2,101,799
7681435,1759172032,246460338,18,4,0,0,4,0,0,4,0,0,22,2,23,112,41,1,3756,3645,232,3,3814,8794
7681436,1759172079,289175392,39,27,0,0,27,0,0,27,0,0,29,8,32,193,71,1,6637,6445,1336,25,3791,16123
7681439,1759172125,261059875,31,17,1,12,18,0,0,18,1,0,21,2,21,142,52,1,3927,3786,904,18,3336,11899
7681442,1759172165,548951035,84,4,0,0,4,0,0,4,0,0,40,6,39,333,123,1,4518,4186,232,3,5391,37137
7681445,1759172223,481926211,59,5,0,0,5,0,0,5,0,0,59,6,48,290,107,1,7042,6753,280,3,5257,27703
7681449,1759172268,324227252,46,12,0,0,12,0,0,12,0,0,23,6,24,191,70,1,4441,4251,616,12,3714,19800
7681450,1759172329,208021791,43,35,0,0,35,0,0,35,0,0,12,8,17,163,60,1,8863,8701,1720,35,2542,16155
7681455,1759172399,211581537,18,5,0,0,5,0,0,5,0,0,20,2,20,104,38,1,4283,4180,280,4,3140,8099
7681457,1759172537,674243483,107,11,1,2,12,0,0,12,1,0,95,10,35,384,142,1,11484,11101,616,10,5544,48963
7681459,1759172576,87117166,10,4,1,3,5,0,0,5,1,0,11,4,11,58,21,1,4551,4494,280,5,930,4773
7681463,1759172614,608216087,101,3,0,0,3,0,0,3,0,0,89,4,25,341,126,1,4834,4494,184,3,4652,46493
7681465,1759172652,63115846,19,19,0,0,19,0,0,19,0,0,11,8,16,96,35,1,4284,4189,952,18,168,7270
7681468,1759172693,444552459,65,5,0,0,5,0,0,5,0,0,58,4,28,252,93,1,5421,5170,280,5,4279,30242
7681470,1759172727,845618664,153,4,0,0,4,0,0,4,0,0,106,6,82,635,235,1,5131,4497,232,4,5138,69719
7681475,1759172766,142422397,11,4,0,0,4,0,0,4,0,0,13,4,15,71,26,1,4423,4353,232,4,2078,5535
7681477,1759172831,418181907,57,25,0,0,25,0,0,25,0,0,50,10,42,269,99,1,7171,6903,1240,23,4545,24453
7681479,1759172874,621185632,92,7,0,0,7,0,0,7,0,0,48,4,40,357,132,1,3870,3514,376,7,6374,42949
7681482,1759172927,536507530,43,7,0,0,7,0,0,7,0,0,49,4,44,236,87,1,5405,5170,376,7,5181,33740
7681487,1759173004,610656633,67,14,0,0,14,0,0,14,0,0,117,6,99,449,166,1,9457,9009,712,12,4396,38949
7681490,1759173055,416989740,58,26,0,0,26,0,0,26,0,0,63,10,59,317,117,1,6341,6025,1288,24,4410,24845
7681493,1759173167,510363809,42,4,0,0,4,0,0,4,0,0,47,6,46,239,88,1,11192,10954,232,4,5250,33523
7681497,1759173204,2366341305,170,161,0,0,161,0,0,161,0,0,838,6,841,2731,1011,1,6634,3904,7768,159,3371,82027
7681499,1759173247,216568588,15,3,0,0,3,0,0,3,0,0,18,8,23,104,38,1,5167,5064,184,2,3602,7210
7681501,1759173282,84165343,8,3,0,0,3,0,0,3,0,0,11,4,15,63,23,1,4245,4183,184,3,914,3732
7681504,1759173333,361752888,25,11,0,0,11,0,0,11,0,0,73,4,75,271,100,1,5017,4747,568,10,3271,13326
7681507,1759173365,140549847,14,2,0,0,2,0,0,2,0,0,17,6,15,80,29,1,4547,4468,136,1,1825,5863
7681512,1759173421,184284467,13,2,0,0,2,0,0,2,0,0,16,6,19,88,32,1,4302,4215,136,2,3070,6072
7681516,1759173461,106073618,7,3,0,0,3,0,0,3,0,0,8,10,15,61,22,1,5275,5215,184,3,1823,2689
7681518,1759173498,115228075,19,11,0,0,11,0,0,11,0,0,15,8,16,96,35,1,5300,5205,568,11,1033,8287
7681522,1759173580,2514458692,177,159,0,0,159,0,0,159,0,0,876,4,876,2845,1053,1,8437,5593,7672,158,4628,86638
7681525,1759173627,231500371,18,4,0,0,4,0,0,4,0,0,22,8,25,117,43,1,5010,4894,232,3,3294,8788
7681527,1759173680,197513385,17,4,0,0,4,0,0,4,0,0,22,6,18,96,35,1,5156,5061,232,2,3292,7570
7681528,1759173731,104932396,8,4,0,0,4,0,0,4,0,0,7,4,10,50,18,1,7475,7426,232,4,1983,2969
7681533,1759173768,94089695,11,1,0,0,1,0,0,1,0,0,13,2,8,52,19,1,4372,4321,88,1,1014,5440
7681534,1759173839,156184276,27,23,0,0,23,0,0,23,0,0,14,10,21,131,48,1,10385,10255,1144,22,1910,9999
7681536,1759173876,3052192279,238,168,0,0,168,0,0,168,0,0,1017,2,980,3289,1218,1,8737,5449,8104,167,6096,119939
7681537,1759174011,125565241,14,2,0,0,2,0,0,2,0,0,9,4,11,69,25,1,5943,5875,136,2,1749,5818
7681538,1759174012,178428253,13,3,0,0,3,0,0,3,0,0,16,2,16,80,29,1,6092,6013,184,3,2653,5976
7681541,1759174067,429508139,50,9,0,0,9,0,0,9,0,0,58,2,45,258,95,1,7055,6798,472,7,4861,22783
7681548,1759174119,308903423,40,13,0,0,13,0,0,13,0,0,28,6,28,185,68,1,4963,4779,664,11,3683,18624
7681550,1759174181,2552238504,190,167,0,0,167,0,0,167,0,0,878,14,882,2895,1072,1,8502,5608,8056,165,4399,93518
7681554,1759174216,87587076,5,1,0,0,1,0,0,1,0,0,7,4,9,39,14,1,3968,3930,88,1,1531,2893
7681557,1759174260,331528605,35,7,0,0,7,0,0,7,0,0,32,8,32,182,67,1,5104,4923,376,5,4290,16566
7681558,1759174326,319378932,33,5,0,0,5,0,0,5,0,0,31,6,30,171,63,1,10419,10249,280,3,4221,17241
7681560,1759174353,143671256,12,1,0,0,1,0,0,1,0,0,14,2,12,66,24,1,4556,4491,88,1,2359,5825
7681562,1759174395,2725771508,157,153,0,0,153,0,0,153,0,0,1013,4,1017,3172,1174,1,9498,6327,7384,151,2630,83709
7681565,1759174438,300503693,26,4,0,0,4,0,0,4,0,0,29,4,31,155,57,1,5324,5170,232,4,4260,15685
7681568,1759174502,198976562,18,9,0,0,9,0,0,9,0,0,21,6,24,115,42,1,4864,4750,472,7,2542,6900
7681570,1759174535,46927675,4,3,0,0,3,0,0,3,0,0,4,6,4,23,8,1,4237,4215,184,3,696,1695
7681572,1759174585,866399283,60,39,0,0,39,0,0,39,0,0,246,4,246,828,306,1,5997,5170,1912,36,4303,29260
7681574,1759174638,210139872,32,20,0,0,20,0,0,20,0,0,24,4,21,144,53,1,4955,4812,1000,19,2722,11777
7681575,1759174686,195683464,20,4,0,0,4,0,0,4,0,0,24,4,24,120,44,1,5354,5235,232,2,2488,10972
7681578,1759174723,334371695,36,6,0,0,6,0,0,6,0,0,42,2,36,195,72,1,4374,4180,328,6,3765,18521
7681582,1759174756,128400044,7,2,0,0,2,0,0,2,0,0,9,6,14,58,21,1,4836,4779,136,2,2291,2732
7681585,1759174806,436644243,49,12,0,0,12,0,0,12,0,0,56,8,54,280,103,1,4638,4359,616,10,4694,25539
7681588,1759174875,325140745,34,7,0,0,7,0,0,7,0,0,33,6,33,182,67,1,6905,6724,376,5,4246,14577
7681591,1759174938,300296059,31,6,0,0,6,0,0,6,0,0,26,6,27,158,58,1,5189,5032,328,6,4121,13944
7681594,1759175018,215402666,20,4,1,2,5,0,0,5,1,0,18,6,20,109,40,1,6861,6753,280,5,3217,9223
7681597,1759175100,213211133,21,11,0,0,11,0,0,11,0,0,20,6,24,123,45,1,9243,9121,568,10,3092,9602
7681601,1759175138,131129371,14,1,0,0,1,0,0,1,0,0,10,6,14,77,28,1,4685,4609,88,0,1860,7723
7681604,1759175182,308024251,39,18,0,0,18,0,0,18,0,0,29,8,29,184,68,1,6910,6727,904,16,4013,16266
7681607,1759175235,239818711,22,8,0,0,8,0,0,8,0,0,24,6,23,123,45,1,5638,5516,424,6,3180,10414
7681610,1759175278,185799732,19,4,0,0,4,0,0,4,0,0,13,6,18,101,37,1,4991,4891,232,4,2592,7677
7681617,1759175319,290407691,25,5,0,0,5,0,0,5,0,0,29,6,30,150,55,1,4476,4327,280,3,4280,12167
7681621,1759175356,313923536,40,18,0,0,18,0,0,18,0,0,32,14,37,208,77,1,5280,5073,904,16,3756,23142
7681624,1759175402,214744697,22,4,0,0,4,0,0,4,0,0,13,8,16,104,38,1,5167,5064,232,4,3193,9394
7681628,1759175462,700924842,224,192,1,2,193,0,0,193,1,0,45,6,38,710,262,1,7292,6583,9304,191,5481,86555
7681631,1759175496,239147885,26,3,0,0,3,0,0,3,0,0,23,8,22,131,48,1,4883,4753,184,3,2903,16704
7681634,1759175547,540329682,137,118,0,0,118,0,0,118,0,0,36,6,37,470,174,1,4937,4468,5704,115,6992,55489
7681635,1759175581,108464219,8,2,0,0,2,0,0,2,0,0,11,6,13,58,21,1,4977,4920,136,1,1679,4812
7681638,1759175642,393206167,52,5,0,0,5,0,0,5,0,0,52,2,24,206,76,1,5542,5337,280,5,4546,22986
7681639,1759175694,95110710,5,1,0,0,1,0,0,1,0,0,6,6,11,45,16,1,5528,5484,88,1,1774,1754
7681642,1759175743,198833707,18,4,0,0,4,0,0,4,0,0,19,2,19,101,37,1,4732,4632,232,3,2663,7826
7681645,1759175772,222254987,19,5,0,0,5,0,0,5,0,0,23,6,21,109,40,1,4464,4356,280,3,3521,7369
7681647,1759175809,267941441,42,33,1,23,34,0,0,34,1,0,20,6,23,177,65,1,4221,4045,1672,34,3209,15962
7681650,1759175881,178072249,13,5,0,0,5,0,0,5,0,0,15,4,16,79,29,1,6835,6757,280,5,2529,6152
7681656,1759175915,142548392,10,4,0,0,4,0,0,4,0,0,12,6,15,68,25,1,3971,3904,232,3,2093,3230
7681660,1759175956,241037066,37,14,0,0,14,0,0,14,0,0,14,12,18,150,55,1,4796,4647,712,13,2948,26430
7681662,1759175996,117807511,10,1,0,0,1,0,0,1,0,0,11,8,14,66,24,1,4677,4612,88,1,5256,17181
7681664,1759176050,446177403,64,30,0,0,30,0,0,30,0,0,54,4,43,290,107,1,5459,5170,1480,28,13901,89049
7681667,1759176124,306912977,39,15,0,0,15,0,0,15,0,0,35,4,27,179,66,1,7351,7173,760,14,4968,15538
7681672,1759176155,0,0,0,0,0,0,0,0,0,0,0,0,6,6,17,6,1,4513,4497,0,0,0,0
7681675,1759176195,484090204,113,20,0,0,20,0,0,20,0,0,13,10,21,362,134,1,5822,5461,1000,19,4499,44933
7681677,1759176244,140565661,11,2,0,0,2,0,0,2,0,0,8,6,10,58,21,1,6640,6583,136,2,2447,4408
7681680,1759176344,433772130,75,44,0,0,44,0,0,44,0,0,35,4,35,297,110,1,8850,8554,2152,41,4719,30977
7681683,1759176383,272396833,23,5,0,0,5,0,0,5,0,0,29,6,28,139,51,1,4606,4468,280,3,4133,10367
7681686,1759176431,208914122,16,3,0,0,3,0,0,3,0,0,18,6,19,95,35,1,5158,5064,184,2,3300,8741
7681688,1759176469,94738710,5,1,0,0,1,0,0,1,0,0,6,6,9,39,14,1,4929,4891,88,1,1757,1858
7681690,1759176516,397414839,45,18,0,0,18,0,0,18,0,0,40,4,37,222,82,1,5391,5170,904,16,4230,26580
7681693,1759176556,190015771,13,2,0,0,2,0,0,2,0,0,16,4,18,85,31,1,4408,4324,136,1,3158,7275
7681694,1759176595,135357350,9,1,0,0,1,0,0,1,0,0,10,6,10,52,19,1,5224,5173,88,1,2490,3682
7681695,1759176666,295876429,28,5,0,0,5,0,0,5,0,0,32,2,22,136,50,1,12240,12105,280,3,4340,14827
7681696,1759176719,261254483,29,15,0,0,15,0,0,15,0,0,21,2,22,139,51,1,7843,7705,760,13,3897,13017
7681698,1759176764,100715236,6,2,0,0,2,0,0,2,0,0,7,2,8,39,14,1,6503,6465,136,2,1880,2264
7681701,1759176795,443027091,27,1,0,0,1,0,0,1,0,0,27,4,30,155,57,1,5183,5029,88,1,4609,29651
7681702,1759176854,235722386,36,28,0,0,28,0,0,28,0,0,25,6,27,170,63,1,6047,5878,1384,27,2611,13901
7681704,1759176896,95062702,5,1,0,0,1,0,0,1,0,0,6,2,7,34,12,1,5088,5055,88,1,2050,1916
7681708,1759176944,106120696,8,4,0,0,4,0,0,4,0,0,8,4,11,52,19,1,4657,4606,232,3,1943,2874
7681714,1759177013,222215598,34,13,0,0,13,0,0,13,0,0,13,8,17,139,51,1,5769,5631,664,12,2891,13381
7681720,1759177076,155407092,29,25,0,0,25,0,0,25,0,0,11,12,16,123,45,1,6855,6733,1240,23,1895,10942
7681721,1759177133,137091795,8,2,0,0,2,0,0,2,0,0,10,12,17,69,25,1,8211,8143,136,1,2452,2928
7681725,1759177188,94966686,5,1,0,0,1,0,0,1,0,0,6,2,7,34,12,1,4524,4491,88,1,1773,1755
7681727,1759177274,273575318,43,30,0,0,30,0,0,30,0,0,26,8,26,187,69,1,7647,7461,1480,26,3386,16060
7681729,1759177327,122663465,6,1,0,0,1,0,0,1,0,0,7,4,11,47,17,1,4934,4888,88,1,2413,2438
7681735,1759177379,94690702,5,1,0,0,1,0,0,1,0,0,6,4,9,39,14,1,6083,6045,88,1,1865,1752
7681739,1759177458,163328858,13,7,0,0,7,0,0,7,0,0,15,12,23,98,36,1,6125,6028,376,6,2488,5064
7681741,1759177486,0,0,0,0,0,0,0,0,0,0,0,0,8,2,7,2,1,4759,4753,0,0,0,0
7681743,1759177544,346168099,36,4,0,0,4,0,0,4,0,0,40,4,34,190,70,1,6346,6157,232,3,4337,18255
7681744,1759177604,245795578,20,4,0,0,4,0,0,4,0,0,25,4,21,112,41,1,8867,8756,232,2,3787,9160
7681747,1759177646,0,0,0,0,0,0,0,0,0,0,0,0,2,2,7,2,1,3904,3898,0,0,0,0
7681750,1759177769,173872276,28,21,1,2,22,0,0,22,1,0,17,6,18,125,46,1,12235,12111,1096,21,2318,9743
7681753,1759177832,373246999,42,13,2,3,15,0,0,15,2,0,45,6,42,229,84,1,7093,6865,760,14,4261,20924
7681754,1759177868,225924589,12,1,0,0,1,0,0,1,0,0,13,6,14,71,26,1,6259,6189,88,0,3159,11002
7681756,1759177905,135099348,9,1,0,0,1,0,0,1,0,0,10,2,10,53,19,1,4937,4885,88,1,2627,3166
7681758,1759177938,0,0,0,0,0,0,0,0,0,0,0,0,4,1,4,1,1,5032,5029,0,0,0,0
7681759,1759177985,197605808,15,2,0,0,2,0,0,2,0,0,17,4,18,91,33,1,6811,6721,136,2,3127,7638
7681761,1759178056,226824166,19,4,0,0,4,0,0,4,0,0,24,2,23,115,42,1,6832,6718,232,3,3374,8163
7681763,1759178104,118524822,7,1,0,0,1,0,0,1,0,0,8,4,9,45,16,1,5073,5029,88,1,1936,3120
7681767,1759178137,28881512,7,7,0,0,7,0,0,7,0,0,3,4,6,36,13,1,4500,4465,376,6,168,2699
7681770,1759178208,317058553,41,9,0,0,9,0,0,9,0,0,42,8,32,198,73,1,4950,4753,472,8,3655,20824
7681773,1759178247,0,0,0,0,0,0,0,0,0,0,0,0,6,3,9,3,1,3879,3871,0,0,0,0
7681779,1759178281,175096274,31,24,0,0,24,0,0,24,0,0,9,6,11,115,42,1,5457,5343,1192,24,2560,11614
7681781,1759178337,125190065,8,3,0,0,3,0,0,3,0,0,9,12,19,74,27,1,6130,6057,184,3,1987,3754
7681784,1759178378,182515167,11,1,0,0,1,0,0,1,0,0,12,4,15,71,26,1,3971,3901,88,1,2876,7075
7681788,1759178416,164479847,9,1,0,0,1,0,0,1,0,0,10,6,15,66,24,1,4110,4045,88,1,2739,4779
7681791,1759178447,81045364,9,1,0,0,1,0,0,1,0,0,10,8,7,44,16,1,5924,5881,88,0,1380,3216
7681794,1759178486,143809758,24,20,0,0,20,0,0,20,0,0,12,6,16,109,40,1,4182,4074,1000,19,1935,8999
7681795,1759178523,0,0,0,0,0,0,0,0,0,0,0,0,6,4,12,4,1,4931,4920,0,0,0,0
7681796,1759178565,128627889,7,2,0,0,2,0,0,2,0,0,9,2,11,49,18,1,5638,5590,136,2,2335,2784
7681798,1759178621,124646205,6,1,0,0,1,0,0,1,0,0,8,2,9,41,15,1,7463,7423,88,1,2284,2359
7681802,1759178665,95446766,5,1,0,0,1,0,0,1,0,0,6,4,8,36,13,1,5910,5875,88,1,1884,1793
7681804,1759178715,221155556,15,3,0,0,3,0,0,3,0,0,19,8,22,101,37,1,5417,5317,184,2,3844,7378
7681809,1759178765,227389671,33,24,0,0,24,0,0,24,0,0,18,4,15,130,48,1,4876,4747,1192,23,3265,12324
7681811,1759178805,134880750,9,2,0,0,2,0,0,2,0,0,12,10,18,74,27,1,6832,6759,136,1,2173,5569
7681814,1759178885,290003293,46,36,0,0,36,0,0,36,0,0,29,4,32,212,78,1,5276,5065,1768,34,3299,19339
7681815,1759178925,399472263,26,2,0,0,2,0,0,2,0,0,28,6,30,152,56,1,5324,5173,136,2,4280,23782
7681818,1759178981,149213269,7,1,0,0,1,0,0,1,0,0,8,2,9,44,16,1,4816,4773,88,1,2874,2827
7681822,1759179011,0,0,0,0,0,0,0,0,0,0,0,0,6,5,15,5,1,3636,3622,0,0,0,0
7681824,1759179053,157679783,12,2,0,0,2,0,0,2,0,0,14,8,15,74,27,1,4544,4471,136,1,2621,4135
7681825,1759179089,195741250,54,52,0,0,52,0,0,52,0,0,23,4,17,193,71,1,4404,4212,2536,51,1091,20892
7681826,1759179139,95110710,5,1,0,0,1,0,0,1,0,0,6,2,8,36,13,1,4920,4885,88,1,1836,1744
7681828,1759179169,128467037,7,1,0,0,1,0,0,1,0,0,8,2,9,44,16,1,4675,4632,88,1,2422,2476
7681831,1759179221,185288832,12,4,0,0,4,0,0,4,0,0,15,4,18,82,30,1,4293,4212,232,3,3153,4436
7681834,1759179262,35419065,2,0,0,0,0,0,0,0,0,0,2,6,6,23,8,1,4378,4356,0,0,754,646
7681837,1759179305,94834726,5,1,0,0,1,0,0,1,0,0,6,6,11,44,16,1,4229,4186,88,1,1754,1779
7681841,1759179352,132595750,14,10,0,0,10,0,0,10,0,0,13,6,16,82,30,1,4437,4356,520,9,1955,5382
7681842,1759179401,227427754,21,4,0,0,4,0,0,4,0,0,23,8,25,126,46,1,5753,5628,232,3,3503,7437
7681846,1759179465,217402312,18,4,0,0,4,0,0,4,0,0,23,2,22,109,40,1,4635,4527,232,4,2918,8855
7681848,1759179538,180727916,29,2,0,0,2,0,0,2,0,0,15,8,20,133,49,1,10243,10111,136,2,2279,8187
7681849,1759179586,311566481,40,5,0,0,5,0,0,5,0,0,47,4,31,193,71,1,5955,5763,280,5,3952,16708
7681850,1759179628,1277160805,196,6,0,0,6,0,0,6,0,0,368,2,209,1097,405,1,5699,4603,328,6,6496,40776
7681853,1759179699,259588473,25,11,0,0,11,0,0,11,0,0,28,2,24,134,49,1,5470,5337,568,9,3165,12575
7681855,1759179734,110291144,8,1,0,0,1,0,0,1,0,0,10,6,14,60,22,1,4950,4891,88,0,1740,5346
7681856,1759179821,286147246,23,2,0,0,2,0,0,2,0,0,28,4,27,136,50,1,7702,7567,136,2,4191,11302
7681859,1759179932,439914880,45,14,0,0,14,0,0,14,0,0,51,2,42,236,87,1,8504,8269,712,11,5363,21085
7681860,1759179987,716521931,135,8,0,0,8,0,0,8,0,0,38,6,33,455,168,1,8306,7852,424,6,6527,57887
7681861,1759180019,35504347,2,0,0,0,0,0,0,0,0,0,2,2,3,15,5,1,5810,5796,0,0,751,681
7681863,1759180051,262833297,26,10,0,0,10,0,0,10,0,0,27,2,26,142,52,1,4350,4209,520,9,3470,12413
7681867,1759180102,162049959,20,15,0,0,15,0,0,15,0,0,13,4,14,93,34,1,4445,4353,760,14,2345,7652
7681868,1759180146,95062702,5,1,0,0,1,0,0,1,0,0,6,8,11,44,16,1,5812,5769,88,1,1772,1860
7681869,1759180224,171463066,11,4,0,0,4,0,0,4,0,0,12,2,14,69,25,1,6927,6859,232,3,3011,4215
7681873,1759180301,216100142,16,4,0,0,4,0,0,4,0,0,19,2,17,90,33,1,6948,6859,232,3,3425,7303
7681876,1759180348,128981771,7,1,0,0,1,0,0,1,0,0,8,8,10,47,17,1,5927,5881,88,1,2478,2392
7681878,1759180394,105796476,8,4,0,0,4,0,0,4,0,0,7,6,8,44,16,1,7360,7317,232,4,1804,2853
7681880,1759180438,210635828,36,28,0,0,28,0,0,28,0,0,22,4,23,161,59,1,5641,5481,1384,26,2363,14705
7681883,1759180478,100367238,6,2,0,0,2,0,0,2,0,0,7,4,11,47,17,1,5639,5593,136,2,1829,2150
7681885,1759180563,236742797,24,6,0,0,6,0,0,6,0,0,27,6,25,134,49,1,8578,8445,328,5,3113,9662
7681888,1759180650,161446682,17,9,0,0,9,0,0,9,0,0,15,4,17,93,34,1,7409,7317,472,9,2235,7584
7681890,1759180748,196596116,15,4,0,0,4,0,0,4,0,0,19,6,23,104,38,1,8660,8557,232,4,2900,6341
7681891,1759180781,71192519,8,2,0,0,2,0,0,2,0,0,8,4,9,47,17,1,5780,5734,136,2,956,2963
7681895,1759180814,179962329,22,13,0,0,13,0,0,13,0,0,19,2,18,109,40,1,4288,4180,664,12,2294,8747
7681898,1759180882,205189690,18,6,0,0,6,0,0,6,0,0,21,8,22,110,40,1,6724,6615,328,5,3010,7690
7681901,1759180930,198078221,16,6,0,0,6,0,0,6,0,0,18,6,23,106,39,1,6012,5907,328,5,3136,7625
7681904,1759180962,95110710,5,1,0,0,1,0,0,1,0,0,6,6,12,47,17,1,4937,4891,88,1,1861,1742
7681908,1759181013,256191636,25,13,0,0,13,0,0,13,0,0,25,6,26,139,51,1,5481,5343,664,11,3787,11008
7681910,1759181077,221333646,15,3,0,0,3,0,0,3,0,0,19,8,24,107,39,1,5141,5035,184,2,3854,7396
7681912,1759181111,45689129,3,1,0,0,1,0,0,1,0,0,4,4,4,20,7,1,4231,4212,88,0,823,1088
7681915,1759181176,168678619,14,4,0,0,4,0,0,4,0,0,16,4,15,80,29,1,4855,4776,232,3,2638,4995
7681917,1759181204,0,0,0,0,0,0,0,0,0,0,0,0,6,6,17,6,1,4339,4323,0,0,0,0
7681920,1759181239,94738710,5,1,0,0,1,0,0,1,0,0,6,4,10,41,15,1,4505,4465,88,1,1808,1826
7681924,1759181291,133987568,18,14,0,0,14,0,0,14,0,0,12,6,15,90,33,1,4727,4638,712,13,1831,6686
7681926,1759181365,134395539,8,2,0,0,2,0,0,2,0,0,9,8,14,61,22,1,7210,7150,136,2,2516,2887
7681928,1759181437,129221811,7,1,0,0,1,0,0,1,0,0,8,4,11,50,18,1,6517,6468,88,1,2523,2440
7681932,1759181472,158051767,12,2,0,0,2,0,0,2,0,0,14,4,13,69,25,1,4703,4635,136,1,2588,4165
7681934,1759181540,139068715,10,4,0,0,4,0,0,4,0,0,9,8,16,72,26,1,8660,8589,232,4,2621,3748
7681937,1759181596,126369408,18,14,0,0,14,0,0,14,0,0,9,4,11,80,29,1,5954,5875,712,13,1924,6688
7681941,1759181653,106168702,8,4,0,0,4,0,0,4,0,0,8,6,11,53,19,1,5113,5061,232,4,1814,2986
7681944,1759181693,95590790,5,1,0,0,1,0,0,1,0,0,6,8,11,45,16,1,4403,4359,88,1,1775,1787
7681947,1759181759,105652452,8,4,0,0,4,0,0,4,0,0,7,6,12,56,20,1,3959,3904,232,4,1812,2808
7681949,1759181790,283000020,26,5,0,0,5,0,0,5,0,0,33,6,31,155,57,1,5843,5689,280,3,3940,12973
7681951,1759181832,117712069,8,1,0,0,1,0,0,1,0,0,9,4,12,55,20,1,4837,4783,88,1,1962,2869
7681953,1759181879,117498000,14,10,0,0,10,0,0,10,0,0,8,4,8,61,22,1,6076,6016,520,10,1809,5194
7681958,1759181974,234008494,21,5,0,0,5,0,0,5,0,0,28,4,25,126,46,1,8256,8131,280,3,3258,11315
7681961,1759182017,226506236,16,4,0,0,4,0,0,4,0,0,20,10,22,103,38,1,6550,6448,232,3,3900,7626
7681964,1759182063,355471723,37,6,0,0,6,0,0,6,0,0,40,6,29,179,66,1,5069,4891,328,5,4390,19787
7681966,1759182123,261032303,34,17,0,0,17,0,0,17,0,0,29,6,27,166,61,1,5902,5737,856,16,3384,16502
7681970,1759182167,297481119,22,4,0,0,4,0,0,4,0,0,24,4,24,125,46,1,6451,6327,232,4,4448,12665
7681972,1759182223,156580678,12,4,0,0,4,0,0,4,0,0,13,8,19,85,31,1,7545,7461,232,4,2589,4435
7681975,1759182262,45565671,3,2,0,0,2,0,0,2,0,0,4,4,7,28,10,1,4774,4747,136,1,737,1093
7681976,1759182337,181982588,18,5,0,0,5,0,0,5,0,0,18,6,17,96,35,1,7130,7035,280,5,2817,6791
7681979,1759182385,196027716,29,21,0,0,21,0,0,21,0,0,18,2,17,125,46,1,5605,5481,1048,20,2854,11039
7681981,1759182454,198411484,14,3,0,0,3,0,0,3,0,0,18,6,19,91,33,1,6955,6865,184,2,3324,8058
7681982,1759182504,129175077,7,1,0,0,1,0,0,1,0,0,8,4,11,50,18,1,6376,6327,88,1,2620,2584
7681984,1759182534,20766852,5,5,0,0,5,0,0,5,0,0,2,2,4,25,9,1,4797,4773,280,5,139,1961
7681986,1759182585,95110710,5,1,0,0,1,0,0,1,0,0,6,4,9,39,14,1,6365,6327,88,1,1885,2002
7681988,1759182642,470777652,84,14,0,0,14,0,0,14,0,0,18,4,21,285,105,1,5877,5593,712,13,4807,41942
7681992,1759182696,103283588,6,2,0,0,2,0,0,2,0,0,8,4,9,42,15,1,4535,4494,136,2,2032,2582
7681994,1759182732,44002166,9,9,0,0,9,0,0,9,0,0,10,8,16,69,25,1,6090,6022,472,8,310,5291
7681998,1759182770,94966686,5,1,0,0,1,0,0,1,0,0,6,4,9,39,14,1,4673,4635,88,1,3082,3193
7682004,1759182827,153871664,14,6,0,0,6,0,0,6,0,0,15,8,21,96,35,1,4736,4641,328,6,2577,9642
7682006,1759182887,336494935,61,42,0,0,42,0,0,42,0,0,34,12,32,253,93,1,6139,5887,2056,40,3995,31067
7682008,1759182928,123028737,10,3,0,0,3,0,0,3,0,0,13,4,14,66,24,1,4248,4183,184,2,1955,6468
7682013,1759182958,136245661,8,2,0,0,2,0,0,2,0,0,10,4,11,53,19,1,5081,5029,136,1,2668,3045
7682016,1759182999,176604545,13,3,0,0,3,0,0,3,0,0,18,10,22,96,35,1,3155,3060,184,2,2919,8051
7682018,1759183035,167838769,23,17,0,0,17,0,0,17,0,0,11,6,16,106,39,1,5730,5625,856,17,2821,9077
7682021,1759183108,319862058,32,12,2,5,14,0,0,14,2,0,35,4,35,182,67,1,6790,6609,712,12,4592,16361
7682023,1759183157,187942521,13,3,0,0,3,0,0,3,0,0,17,6,20,90,33,1,6842,6753,184,2,3303,7036
7682024,1759183193,37266625,2,1,0,0,1,0,0,1,0,0,2,4,5,20,7,1,6346,6327,88,1,744,993
7682026,1759183246,191772675,28,22,0,0,22,0,0,22,0,0,16,2,16,120,44,1,8840,8721,1096,21,2786,11130
7682028,1759183294,342261736,49,22,0,0,22,0,0,22,0,0,42,4,33,223,82,1,5703,5481,1096,21,4289,20759
7682029,1759183346,244291817,25,11,0,0,11,0,0,11,0,0,31,4,27,142,52,1,7708,7567,568,9,3188,12365
7682031,1759183433,333490545,54,35,1,5,36,0,0,36,1,0,36,2,29,225,83,1,8775,8551,1768,35,4090,26227
7682033,1759183486,94786718,5,1,0,0,1,0,0,1,0,0,6,4,7,34,12,1,9462,9429,88,1,1917,1972
7682037,1759183524,157325008,15,2,0,0,2,0,0,2,0,0,25,4,29,120,44,1,3738,3619,136,2,2000,4440
7682038,1759183597,172448030,14,2,0,0,2,0,0,2,0,0,16,8,17,85,31,1,6915,6831,136,1,2942,4982
7682039,1759183634,144984812,12,4,0,0,4,0,0,4,0,0,13,2,13,69,25,1,7209,7141,232,4,2169,7699
7682041,1759183695,129672858,18,14,0,0,14,0,0,14,0,0,10,2,10,77,28,1,6089,6013,712,13,3344,11378
7682045,1759183754,128933763,7,1,0,0,1,0,0,1,0,0,8,4,11,50,18,1,4402,4353,88,1,3847,3596
7682046,1759183806,95206726,5,1,0,0,1,0,0,1,0,0,6,8,12,47,17,1,7055,7009,88,1,2674,3402
7682050,1759183853,139833716,10,2,0,0,2,0,0,2,0,0,13,2,13,63,23,1,4947,4885,136,2,5008,11659
7682052,1759183955,314185549,33,15,0,0,15,0,0,15,0,0,31,8,29,168,62,1,15072,14905,760,13,11619,41162
7682053,1759183995,172618312,13,2,0,0,2,0,0,2,0,0,17,4,17,82,30,1,5562,5481,136,2,7927,21648
7682056,1759184073,431842769,55,9,0,0,9,0,0,9,0,0,62,2,36,247,91,1,9643,9397,472,7,12681,73859
7682060,1759184147,368981962,40,8,0,0,8,0,0,8,0,0,51,6,40,217,80,1,5389,5173,424,5,13446,60824
7682063,1759184183,178276030,14,2,0,0,2,0,0,2,0,0,17,8,20,93,34,1,3543,3451,136,2,2878,5235
7682068,1759184257,268206820,34,17,0,0,17,0,0,17,0,0,32,6,32,180,66,1,5211,5032,856,15,3392,15884
7682070,1759184319,123203559,6,1,0,0,1,0,0,1,0,0,7,10,11,47,17,1,7763,7717,88,1,2509,2472
7682073,1759184355,167669785,10,2,0,0,2,0,0,2,0,0,14,4,15,69,25,1,5549,5481,136,2,2630,5733
7682076,1759184390,0,0,0,0,0,0,0,0,0,0,0,0,6,3,9,3,1,5745,5737,0,0,0,0
7682078,1759184427,203989810,13,1,0,0,1,0,0,1,0,0,15,6,17,82,30,1,4876,4795,88,1,3293,9860
7682079,1759184491,200519409,30,24,0,0,24,0,0,24,0,0,19,4,21,139,51,1,8833,8695,1192,22,2693,11534
7682081,1759184567,287446179,26,6,0,0,6,0,0,6,0,0,33,2,30,152,56,1,10000,9849,328,5,3700,13205
7682083,1759184610,198301351,14,3,0,0,3,0,0,3,0,0,18,4,20,93,34,1,4445,4353,184,2,5740,7622
7682084,1759184639,86722884,5,1,0,0,1,0,0,1,0,0,7,4,10,42,15,1,6086,6045,88,1,1479,2872
7682086,1759184703,164168178,15,7,1,5,8,0,0,8,1,0,13,2,15,82,30,1,5107,5026,424,8,2552,5562
7682088,1759184735,95110710,5,1,0,0,1,0,0,1,0,0,6,4,9,39,14,1,4080,4042,88,1,1917,1768
7682091,1759184784,0,0,0,0,0,0,0,0,0,0,0,0,4,1,4,1,1,4012,4009,0,0,0,0
7682094,1759184831,278019627,31,13,1,2,14,0,0,14,1,0,33,6,29,163,60,1,6040,5878,712,13,3299,11810
7682097,1759184866,0,0,0,0,0,0,0,0,0,0,0,0,6,3,9,3,1,4364,4356,0,0,0,0
7682100,1759184903,161056758,16,8,0,0,8,0,0,8,0,0,15,6,19,95,35,1,5719,5625,424,8,2180,6839
7682106,1759184965,144386622,21,17,0,0,17,0,0,17,0,0,13,6,15,99,36,1,6287,6189,856,16,1847,7869
7682107,1759184996,96769351,8,2,0,0,2,0,0,2,0,0,9,12,17,69,25,1,5673,5605,136,2,1674,3213
7682110,1759185031,208098458,17,4,0,0,4,0,0,4,0,0,18,2,16,90,33,1,4439,4350,232,4,3238,6280
7682111,1759185081,190724918,18,2,0,0,2,0,0,2,0,0,20,6,19,101,37,1,5555,5455,136,1,2800,6022
7682114,1759185125,94978750,5,1,0,0,1,0,0,1,0,0,6,2,7,34,12,1,3931,3898,88,1,1759,1742
7682119,1759185165,0,0,0,0,0,0,0,0,0,0,0,0,6,2,7,2,1,3939,3933,0,0,0,0
7682121,1759185228,291684096,30,13,0,0,13,0,0,13,0,0,29,10,34,174,64,1,5522,5349,664,11,4025,12692
7682124,1759185272,104784054,6,2,0,0,2,0,0,2,0,0,8,4,11,47,17,1,3947,3901,136,2,1797,2188
7682126,1759185320,262603168,25,4,0,0,4,0,0,4,0,0,31,6,29,147,54,1,5601,5455,232,3,3598,12869
7682128,1759185381,389044134,42,7,0,0,7,0,0,7,0,0,52,4,42,228,84,1,5458,5231,376,4,4605,18904
7682130,1759185413,99029433,7,1,0,0,1,0,0,1,0,0,8,4,11,50,18,1,4796,4747,88,1,1660,4329
7682132,1759185467,205452464,32,24,0,0,24,0,0,24,0,0,20,4,15,128,47,1,5861,5734,1192,23,2579,11832
7682135,1759185523,190426451,19,11,0,0,11,0,0,11,0,0,20,4,15,93,34,1,6813,6721,568,11,2455,7215
7682138,1759185574,125311244,8,2,0,0,2,0,0,2,0,0,9,6,14,61,22,1,5121,5061,136,2,2099,3602
7682140,1759185599,0,0,0,0,0,0,0,0,0,0,0,0,6,6,17,6,1,4513,4497,0,0,0,0
7682143,1759185639,94966686,5,1,0,0,1,0,0,1,0,0,6,4,9,39,14,1,4391,4353,88,1,1774,1742
7682146,1759185681,205927771,21,12,0,0,12,0,0,12,0,0,16,6,16,101,37,1,4709,4609,616,11,3276,7848
7682148,1759185715,35419065,2,0,0,0,0,0,0,0,0,0,2,6,5,20,7,1,5644,5625,0,0,741,643
7682150,1759185776,145796061,12,3,1,2,4,0,0,4,1,0,14,4,16,77,28,1,4429,4353,232,4,2201,5096
7682152,1759185789,12979561,1,0,0,0,0,0,0,0,0,0,1,4,5,18,6,1,4511,4494,0,0,132,371
7682157,1759185830,128093339,7,2,0,0,2,0,0,2,0,0,8,4,12,53,19,1,4546,4494,136,2,2295,2625
7682159,1759185872,75066329,3,1,0,0,1,0,0,1,0,0,3,10,11,39,14,1,4823,4785,88,1,1481,2037
7682161,1759185944,276239553,38,16,0,0,16,0,0,16,0,0,30,4,27,176,65,1,6816,6641,808,14,3341,13397
7682165,1759185986,110565525,7,2,0,0,2,0,0,2,0,0,8,4,11,50,18,1,4373,4324,136,2,1871,2510
7682167,1759186062,151356372,10,1,0,0,1,0,0,1,0,0,11,8,15,69,25,1,8093,8025,88,1,2648,3513
7682169,1759186145,249520593,16,3,0,0,3,0,0,3,0,0,17,4,20,98,36,1,8398,8301,184,3,4025,5155
7682172,1759186225,229461349,29,22,0,0,22,0,0,22,0,0,19,4,21,136,50,1,7872,7737,1096,21,3090,10903
7682174,1759186262,215638031,17,1,0,0,1,0,0,1,0,0,18,6,18,95,35,1,4985,4891,88,0,3535,8193
7682176,1759186299,95062702,5,1,0,0,1,0,0,1,0,0,6,4,7,34,12,1,4216,4183,88,1,1821,1744
7682179,1759186392,295582076,28,7,0,0,7,0,0,7,0,0,35,4,29,155,57,1,13249,13095,376,6,3639,13964
7682180,1759186444,187846505,13,3,0,0,3,0,0,3,0,0,17,6,19,88,32,1,5712,5625,184,2,3039,6452
7682181,1759186512,186100917,13,2,0,0,2,0,0,2,0,0,17,2,18,85,31,1,6831,6747,136,2,3017,6089
7682185,1759186597,265868477,35,23,0,0,23,0,0,23,0,0,25,2,26,166,61,1,9598,9433,1144,21,3354,15237
7682188,1759186656,128837747,7,1,0,0,1,0,0,1,0,0,8,8,13,55,20,1,6499,6445,88,1,2447,2384
7682192,1759186712,153593420,10,3,0,0,3,0,0,3,0,0,10,6,11,58,21,1,5089,5032,184,3,2645,4284
7682195,1759186775,178257225,11,1,0,0,1,0,0,1,0,0,12,8,15,72,26,1,8801,8730,88,1,3140,3971
7682199,1759186818,60014995,1,0,0,0,0,0,0,0,0,0,1,6,6,20,7,1,4798,4779,0,0,3345,2946
7682202,1759186884,373724594,111,99,0,0,99,0,0,99,0,0,27,8,29,379,140,1,6429,6051,4792,96,7968,104283
7682205,1759186923,184493488,12,1,0,0,1,0,0,1,0,0,13,6,17,79,29,1,4828,4750,88,1,7236,16936
7682207,1759186965,136329279,8,3,0,0,3,0,0,3,0,0,10,6,11,53,19,1,5789,5737,184,3,6041,7950
7682211,1759187048,159411088,11,4,0,0,4,0,0,4,0,0,14,4,17,77,28,1,7361,7285,232,3,6543,9940
7682212,1759187084,481927870,31,1,0,0,1,0,0,1,0,0,32,8,36,182,67,1,7360,7179,88,1,11254,81613
7682216,1759187168,0,0,0,0,0,0,0,0,0,0,0,0,2,2,7,2,1,5559,5553,0,0,0,0
7682218,1759187195,321624161,44,25,1,5,26,0,0,26,1,0,32,8,32,206,76,1,5240,5035,1288,22,10555,43259
7682221,1759187260,795352298,116,3,0,0,3,0,0,3,0,0,218,4,207,875,323,1,6185,5311,184,3,11248,57597
7682224,1759187316,211699194,15,2,0,0,2,0,0,2,0,0,16,6,19,93,34,1,8085,7993,136,2,3338,10691
7682226,1759187385,647506759,113,3,0,0,3,0,0,3,0,0,17,6,20,359,133,1,8915,8557,184,2,6754,47429
7682229,1759187443,122203659,6,1,0,0,1,0,0,1,0,0,7,4,10,45,16,1,6483,6439,88,1,2388,2208
7682232,1759187487,327426837,33,16,0,0,16,0,0,16,0,0,37,6,35,185,68,1,4229,4045,808,13,4107,15296
7682236,1759187564,465291741,69,4,0,0,4,0,0,4,0,0,28,6,28,263,97,1,7268,7006,232,3,5258,30988
7682240,1759187603,419767208,81,2,0,0,2,0,0,2,0,0,14,8,20,274,101,1,5055,4782,136,2,4221,33699
7682241,1759187665,206326870,14,3,0,0,3,0,0,3,0,0,18,8,22,98,36,1,7106,7009,184,2,3174,7639
7682244,1759187743,450277644,94,16,0,0,16,0,0,16,0,0,15,2,14,293,108,1,5986,5694,808,16,4871,37166
7682247,1759187796,203247605,17,2,0,0,2,0,0,2,0,0,19,6,15,87,32,1,6105,6019,136,1,3300,6302
7682251,1759187840,181658456,14,2,0,0,2,0,0,2,0,0,15,6,13,74,27,1,6262,6189,136,2,2653,7277
7682252,1759187913,218529901,17,2,0,0,2,0,0,2,0,0,20,8,20,101,37,1,11509,11409,136,2,3650,7599
7682256,1759188021,334211911,42,21,0,0,21,0,0,21,0,0,38,2,33,204,75,1,12420,12217,1048,20,3344,19393
7682258,1759188082,265629202,24,5,0,0,5,0,0,5,0,0,28,8,23,128,47,1,7982,7855,280,4,3505,10532
7682259,1759188137,185783034,14,2,0,0,2,0,0,2,0,0,15,4,12,71,26,1,8765,8695,136,2,3146,5522
7682262,1759188194,192476440,16,3,0,0,3,0,0,3,0,0,20,2,16,87,32,1,4266,4180,184,3,2692,7315
7682265,1759188238,184863268,14,2,0,0,2,0,0,2,0,0,15,6,15,79,29,1,4969,4891,136,2,2680,7105
7682270,1759188392,547566828,59,23,0,0,23,0,0,23,0,0,67,6,56,312,115,1,14399,14088,1144,20,5512,31881
7682272,1759188426,0,0,0,0,0,0,0,0,0,0,0,0,10,3,9,3,1,4511,4503,0,0,0,0
7682273,1759188569,315994744,34,14,0,0,14,0,0,14,0,0,35,4,29,171,63,1,14534,14364,712,14,3820,14384
7682276,1759188654,49803613,5,0,0,0,0,0,0,0,0,0,5,2,3,23,8,1,6035,6013,0,0,851,2276
7682281,1759188767,266222438,29,13,0,0,13,0,0,13,0,0,25,6,22,139,51,1,11403,11265,664,12,3088,20659
7682283,1759188804,98233662,5,0,0,0,0,0,0,0,0,0,5,10,12,47,17,1,5395,5349,0,0,6208,5313
7682285,1759188838,140366570,10,1,0,0,1,0,0,1,0,0,11,4,11,58,21,1,3676,3619,88,1,7175,11886
7682287,1759188885,94966686,5,1,0,0,1,0,0,1,0,0,6,4,8,37,13,1,4953,4917,88,1,5347,5334
7682292,1759188954,234407362,23,5,0,0,5,0,0,5,0,0,23,4,17,109,40,1,5625,5517,280,4,10270,25537
7682293,1759188990,29581962,9,9,0,0,9,0,0,9,0,0,4,10,13,60,22,1,5549,5490,472,8,386,10335
7682297,1759189034,140570865,10,1,0,0,1,0,0,1,0,0,11,2,9,52,19,1,3696,3645,88,1,6131,11857
7682299,1759189155,238905973,21,4,0,0,4,0,0,4,0,0,24,8,25,125,46,1,13507,13383,232,3,10377,24217
7682302,1759189203,247830427,23,3,0,0,3,0,0,3,0,0,28,4,23,125,46,1,5435,5311,184,3,9240,26464
7682304,1759189238,0,0,0,0,0,0,0,0,0,0,0,0,6,3,9,3,1,4646,4638,0,0,0,0
7682308,1759189302,290412113,28,7,0,0,7,0,0,7,0,0,34,4,27,149,55,1,6023,5875,376,5,3793,12125
7682315,1759189356,292021280,37,15,0,0,15,0,0,15,0,0,42,8,23,163,60,1,6043,5881,760,15,3153,17073
7682317,1759189398,184122739,16,3,0,0,3,0,0,3,0,0,21,14,24,109,40,1,6985,6877,184,3,2527,7721
7682320,1759189463,411880841,57,29,0,0,29,0,0,29,0,0,53,4,32,241,89,1,4705,4465,1432,28,4448,25217
7682324,1759189502,95446766,5,1,0,0,1,0,0,1,0,0,6,6,9,39,14,1,5163,5125,88,1,1871,1832
7682328,1759189550,305698551,32,10,0,0,10,0,0,10,0,0,43,8,36,185,68,1,5219,5035,520,9,3912,12256
7682330,1759189605,291127391,31,10,0,0,10,0,0,10,0,0,35,8,26,155,57,1,6881,6727,520,9,3796,12730
7682333,1759189669,254490282,31,13,1,2,14,0,0,14,1,0,28,4,22,144,53,1,4778,4635,712,13,3175,14191
7682337,1759189728,196561174,17,3,0,0,3,0,0,3,0,0,20,6,19,98,36,1,4988,4891,184,3,2885,8058
7682342,1759189772,271195014,24,4,0,0,4,0,0,4,0,0,30,8,25,134,49,1,5620,5487,232,3,3765,11153
7682343,1759189804,118630849,7,1,0,0,1,0,0,1,0,0,9,10,17,66,24,1,6936,6871,88,1,2254,3673
7682347,1759189855,280761890,36,17,0,0,17,0,0,17,0,0,33,2,26,168,62,1,4629,4462,856,16,3413,15316
7682348,1759189921,278395648,29,5,0,0,5,0,0,5,0,0,36,8,29,158,58,1,7336,7179,280,5,3594,13939
7682351,1759189967,287558002,36,13,2,5,15,0,0,15,2,0,40,2,20,152,56,1,4924,4773,760,12,3498,20221
7682352,1759190004,192326236,17,4,0,0,4,0,0,4,0,0,20,6,20,101,37,1,5443,5343,232,4,2784,7921
7682356,1759190041,279094978,23,4,0,0,4,0,0,4,0,0,29,2,28,139,51,1,4206,4068,232,4,4243,10637
7682357,1759190136,197145745,19,6,0,0,6,0,0,6,0,0,23,8,25,120,44,1,9275,9156,328,6,2513,8794
7682359,1759190190,493699675,69,30,1,2,31,0,0,31,1,0,64,2,47,315,116,1,6327,6013,1528,28,5176,33741
7682360,1759190232,197602236,19,4,0,0,4,0,0,4,0,0,21,4,18,101,37,1,5299,5199,232,4,2958,7841
7682365,1759190273,229995325,21,5,1,2,6,0,0,6,1,0,24,2,20,112,41,1,4432,4321,328,5,3379,10442
7682367,1759190328,357119145,41,9,1,7,10,0,0,10,1,0,40,10,31,196,72,1,5544,5349,520,10,4240,21614
7682369,1759190361,102350486,11,7,0,0,7,0,0,7,0,0,8,4,11,60,22,1,5258,5199,376,7,1627,5370
7682373,1759190415,437969635,53,14,0,0,14,0,0,14,0,0,55,4,45,266,98,1,5012,4747,712,13,4510,23835
7682376,1759190465,610837849,96,29,0,0,29,0,0,29,0,0,62,8,45,381,141,1,6149,5769,1432,27,6251,41611
7682379,1759190490,443183587,16,9,0,0,9,0,0,9,0,0,151,6,151,451,167,1,5511,5061,472,7,1599,9623
7682380,1759190537,192418159,17,4,0,0,4,0,0,4,0,0,23,6,25,115,42,1,4893,4779,232,4,2563,8122
7682383,1759190600,529583613,93,9,0,0,9,0,0,9,0,0,36,2,27,325,120,1,5491,5167,472,8,5681,41800
7682387,1759190650,261434225,20,4,0,0,4,0,0,4,0,0,25,6,25,123,45,1,4731,4609,232,4,4098,10376
7682389,1759190718,158012617,22,13,0,0,13,0,0,13,0,0,21,8,18,109,40,1,7037,6929,664,11,2049,6689
7682397,1759190807,310988359,27,5,0,0,5,0,0,5,0,0,35,4,32,160,59,1,8178,8019,280,4,4383,13321
7682400,1759190861,148408724,11,3,0,0,3,0,0,3,0,0,15,16,23,93,34,1,5844,5752,184,3,2179,5234
7682402,1759190902,215009983,24,12,0,0,12,0,0,12,0,0,22,6,20,120,44,1,4616,4497,616,12,3106,9739
7682406,1759190940,147394392,7,0,0,0,0,0,0,0,0,0,7,4,10,47,17,1,4793,4747,0,0,2278,6524
7682407,1759190998,192424725,15,5,0,0,5,0,0,5,0,0,19,8,21,98,36,1,8686,8589,280,4,2864,6853
7682409,1759191034,104186639,8,1,0,0,1,0,0,1,0,0,10,2,11,53,19,1,3950,3898,88,1,1751,4521
7682414,1759191109,163658968,13,5,0,0,5,0,0,5,0,0,15,4,15,77,28,1,6967,6891,280,4,2695,4818
7682416,1759191166,281600340,37,20,0,0,20,0,0,20,0,0,27,10,28,177,65,1,6765,6589,1000,20,4177,16212
7682420,1759191200,128878154,7,2,0,0,2,0,0,2,0,0,10,4,11,50,18,1,4684,4635,136,2,2419,2511
7682422,1759191298,512853920,19,5,0,0,5,0,0,5,0,0,143,8,147,449,166,1,7627,7179,280,4,4230,10840
7682424,1759191342,225263366,36,24,0,0,24,0,0,24,0,0,19,4,20,152,56,1,3878,3727,1192,23,3083,13900
7682428,1759191386,146446050,11,2,0,0,2,0,0,2,0,0,9,4,12,63,23,1,4668,4606,136,2,2454,4383
7682430,1759191482,393139039,54,24,0,0,24,0,0,24,0,0,50,8,41,258,95,1,11525,11268,1192,21,4692,21988
7682434,1759191520,199742049,15,3,0,0,3,0,0,3,0,0,18,4,20,96,35,1,3743,3648,184,3,3212,6874
7682436,1759191626,1193973170,300,107,1,100,108,0,0,108,1,0,44,8,37,912,337,1,11474,10563,5224,106,8776,127670
7682438,1759191677,168690774,14,2,0,0,2,0,0,2,0,0,16,4,14,77,28,1,4993,4917,136,1,2829,4897
7682442,1759191755,425964508,34,3,0,0,3,0,0,3,0,0,39,4,39,198,73,1,6918,6721,184,2,5291,24448
7682446,1759191793,174623832,22,16,0,0,16,0,0,16,0,0,20,8,25,128,47,1,6186,6059,808,15,2154,9276
7682447,1759191871,179104877,16,8,0,0,8,0,0,8,0,0,20,8,18,93,34,1,9075,8983,424,8,2479,6790
7682451,1759191945,250146452,29,11,0,0,11,0,0,11,0,0,29,2,12,112,41,1,7031,6920,568,11,3579,12193
7682454,1759192011,292052190,35,14,0,0,14,0,0,14,0,0,38,8,20,150,55,1,4790,4641,712,13,3492,14102
7682459,1759192045,552756949,124,15,0,0,15,0,0,15,0,0,22,6,23,398,147,1,5317,4920,760,14,5687,50708
7682462,1759192091,174576530,18,4,0,0,4,0,0,4,0,0,17,10,15,90,33,1,6284,6195,232,4,2711,7403
7682465,1759192128,212462875,19,2,0,0,2,0,0,2,0,0,20,6,14,90,33,1,4586,4497,136,2,3354,8040
7682466,1759192185,376329154,37,5,0,0,5,0,0,5,0,0,45,6,34,193,71,1,6493,6301,280,5,5050,20693
7682470,1759192225,169599494,9,2,0,0,2,0,0,2,0,0,15,2,11,55,20,1,5391,5337,136,2,3413,4003
7682472,1759192255,136907496,22,10,0,0,10,0,0,10,0,0,21,8,21,118,43,1,6168,6051,520,8,1444,8147
7682474,1759192319,156480780,12,2,0,0,2,0,0,2,0,0,16,4,16,77,28,1,4711,4635,136,2,2527,4980
7682476,1759192352,152170073,14,4,1,2,5,0,0,5,1,0,10,4,14,77,28,1,4964,4888,280,5,2535,5879
7682478,1759192385,0,0,0,0,0,0,0,0,0,0,0,0,4,1,4,1,1,4327,4324,0,0,0,0
7682479,1759192437,126427854,7,2,0,0,2,0,0,2,0,0,8,4,11,50,18,1,7334,7285,136,2,2499,2747
7682484,1759192475,95062702,5,1,0,0,1,0,0,1,0,0,6,2,7,34,12,1,4242,4209,88,1,1891,1792
7682485,1759192510,220375101,25,14,0,0,14,0,0,14,0,0,23,10,22,128,47,1,7482,7355,712,13,3217,10013
7682487,1759192590,339286843,40,8,0,0,8,0,0,8,0,0,45,2,24,175,64,1,9607,9433,424,7,4548,17087
7682489,1759192631,210868538,66,62,0,0,62,0,0,62,0,0,8,4,11,209,77,1,7099,6891,3016,61,2259,26003
7682490,1759192689,235522450,19,3,0,0,3,0,0,3,0,0,23,4,21,109,40,1,5448,5340,184,3,3848,8382
7682496,1759192762,406890873,55,18,0,0,18,0,0,18,0,0,56,2,34,242,89,1,8116,7875,904,16,4446,26242
7682497,1759192813,256605434,22,3,0,0,3,0,0,3,0,0,25,12,29,139,51,1,6759,6621,184,3,3552,11760
7682501,1759192856,343970963,37,3,0,0,3,0,0,3,0,0,42,2,28,177,65,1,5766,5590,184,2,4559,20946
7682506,1759192890,123633367,10,1,0,0,1,0,0,1,0,0,10,8,10,55,20,1,5089,5035,88,1,2198,4373
7682509,1759192956,169473844,20,11,0,0,11,0,0,11,0,0,14,10,16,98,36,1,6122,6025,568,11,2516,8055
7682511,1759193009,189740798,17,3,0,0,3,0,0,3,0,0,18,6,15,87,32,1,4977,4891,184,3,2737,6873
7682513,1759193050,144010085,10,3,0,0,3,0,0,3,0,0,11,4,12,61,22,1,4666,4606,184,3,2508,3647
7682515,1759193101,404632465,121,108,1,10,109,0,0,109,1,0,23,4,21,385,142,1,5756,5372,5272,109,3394,48405
7682518,1759193156,228251020,20,5,0,0,5,0,0,5,0,0,23,4,18,104,38,1,4568,4465,280,4,3493,8285
7682522,1759193194,113127548,26,18,0,0,18,0,0,18,0,0,12,6,8,93,34,1,5547,5455,904,16,1213,9658
7682524,1759193246,169313742,15,5,0,0,5,0,0,5,0,0,16,8,12,74,27,1,7082,7009,280,5,2793,7068
7682528,1759193299,169383654,16,6,0,0,6,0,0,6,0,0,17,4,11,74,27,1,5102,5029,328,6,2656,6868
7682531,1759193330,0,0,0,0,0,0,0,0,0,0,0,0,8,1,4,1,1,5772,5769,0,0,0,0
7682533,1759193402,253689117,37,23,0,0,23,0,0,23,0,0,23,6,19,152,56,1,6452,6301,1144,23,3571,14624
7682537,1759193444,164358830,14,2,0,0,2,0,0,2,0,0,16,4,12,71,26,1,3830,3760,136,1,2759,5139
7682539,1759193471,77786148,10,4,0,0,4,0,0,4,0,0,11,8,9,52,19,1,4410,4359,232,4,833,4485
7682541,1759193524,204332577,17,2,0,0,2,0,0,2,0,0,20,4,18,95,35,1,4841,4747,136,2,3127,8421
7682543,1759193591,211994319,18,3,0,0,3,0,0,3,0,0,19,4,16,93,34,1,6672,6580,184,2,3564,7377
7682544,1759193623,160254975,23,16,0,0,16,0,0,16,0,0,15,4,16,107,39,1,6263,6157,808,15,2178,9106
7682548,1759193667,386658624,121,109,0,0,109,0,0,109,0,0,17,2,14,365,135,1,4967,4603,5272,108,3833,46366
7682550,1759193765,293089106,34,10,0,0,10,0,0,10,0,0,40,8,36,191,70,1,11208,11018,520,9,3613,14309
7682553,1759193844,369799703,43,8,1,2,9,0,0,9,1,0,53,4,37,217,80,1,8065,7849,472,9,4143,18865
7682555,1759193875,220914711,22,4,0,0,4,0,0,4,0,0,26,6,23,123,45,1,4449,4327,232,4,3083,8590
7682557,1759193914,354681389,42,16,0,0,16,0,0,16,0,0,42,4,38,217,80,1,6825,6609,808,14,3947,22900
7682559,1759193962,326414777,33,6,0,0,6,0,0,6,0,0,39,4,31,174,64,1,6612,6439,328,5,4499,14727
7682562,1759193999,290024046,29,5,0,0,5,0,0,5,0,0,36,4,29,158,58,1,4792,4635,280,4,3767,13595
7682566,1759194063,555278652,65,11,0,0,11,0,0,11,0,0,80,6,57,330,122,1,5502,5173,568,9,5868,32754
7682567,1759194109,331951715,40,15,0,0,15,0,0,15,0,0,48,8,32,196,72,1,5935,5740,760,14,3797,18396
7682571,1759194175,539563186,77,32,0,0,32,0,0,32,0,0,78,2,45,330,122,1,5214,4885,1576,31,5221,34059
7682572,1759194213,121886459,11,2,0,0,2,0,0,2,0,0,11,8,14,69,25,1,4850,4782,136,1,1790,6465
7682573,1759194245,95158718,5,1,0,0,1,0,0,1,0,0,6,2,8,36,13,1,4808,4773,88,1,1776,1756
7682576,1759194282,170416095,19,3,0,0,3,0,0,3,0,0,22,2,18,101,37,1,3753,3653,184,2,2024,11439
7682578,1759194323,218371591,14,3,0,0,3,0,0,3,0,0,17,6,18,87,32,1,4546,4460,184,2,3444,9116
7682580,1759194380,954616363,8,0,0,0,0,0,0,0,0,0,343,4,346,957,354,1,6549,5593,0,0,2954,17208
7682582,1759194424,1377589129,18,14,0,0,14,0,0,14,0,0,533,4,536,1499,554,1,6104,4606,712,13,1635,28245
7682589,1759194458,168292927,20,3,0,0,3,0,0,3,0,0,21,4,19,107,39,1,4036,3930,184,2,2003,11179
7682591,1759194497,273632496,32,3,0,0,3,0,0,3,0,0,19,14,25,155,57,1,5339,5185,184,2,3794,14914
7682593,1759194532,1675815435,21,2,0,0,2,0,0,2,0,0,601,4,604,1687,625,1,5616,3930,136,2,4079,36867
7682597,1759194575,1724086777,60,12,0,0,12,0,0,12,0,0,577,4,577,1722,637,1,6074,4353,616,9,4805,51545
7682600,1759194621,1660857844,7,0,0,0,0,0,0,0,0,0,636,8,643,1758,650,1,6398,4641,0,0,2894,27438
7682602,1759194687,2234771288,16,6,0,0,6,0,0,6,0,0,864,6,866,2383,882,1,7555,5173,328,5,3173,39626
7682604,1759194724,1410372409,7,2,0,0,2,0,0,2,0,0,547,4,550,1507,557,1,5407,3901,136,1,2450,27378
7682606,1759194765,144253497,11,1,0,0,1,0,0,1,0,0,13,4,15,71,26,1,4564,4494,88,1,2750,5110
7682608,1759194806,1158978863,4,3,0,0,3,0,0,3,0,0,469,4,472,1287,476,1,5751,4465,184,3,915,21889
7682611,1759194848,32189326,9,9,0,0,9,0,0,9,0,0,5,4,7,44,16,1,5072,5029,472,8,152,3903
7682613,1759194907,3330195826,19,2,0,0,2,0,0,2,0,0,1309,6,1312,3594,1331,1,8375,4782,136,2,3839,59152
7682617,1759194933,15069732,3,3,1,3,4,0,0,4,1,0,2,4,5,23,8,1,3952,3930,232,2,131,1363
7682618,1759195001,150155036,14,1,0,0,1,0,0,1,0,0,15,8,14,77,28,1,6973,6897,88,0,2708,4883
7682619,1759195047,127936059,14,5,0,0,5,0,0,5,0,0,15,2,15,80,29,1,4852,4773,280,5,1868,4582
7682621,1759195095,275796107,27,4,0,0,4,0,0,4,0,0,34,2,27,147,54,1,4890,4744,232,3,3847,12182
7682623,1759195124,314001733,21,4,0,0,4,0,0,4,0,0,73,4,66,235,87,1,4417,4183,232,4,2839,11750
7682624,1759195194,780189916,33,17,0,0,17,0,0,17,0,0,240,4,238,734,271,1,7454,6721,856,15,3607,25676
7682626,1759195253,696617858,14,2,0,0,2,0,0,2,0,0,217,2,217,625,231,1,5961,5337,136,1,3745,16158
7682627,1759195297,77468084,9,1,0,0,1,0,0,1,0,0,10,4,9,50,18,1,7512,7463,88,0,3064,9053
7682633,1759195370,905932155,23,6,0,0,6,0,0,6,0,0,289,2,286,837,309,1,6003,5167,328,6,12299,66275
7682637,1759195401,189755504,9,1,0,0,1,0,0,1,0,0,9,12,18,74,27,1,4297,4224,88,1,6944,26324
7682640,1759195477,910590944,39,25,0,0,25,0,0,25,0,0,290,8,287,884,326,1,7046,6163,1240,24,7610,29825
7682645,1759195511,488791585,6,0,0,0,0,0,0,0,0,0,153,6,154,434,160,1,4091,3658,0,0,2895,8723
7682648,1759195567,673787835,19,2,0,0,2,0,0,2,0,0,206,10,206,609,225,1,7085,6477,136,1,3580,15832
7682651,1759195611,455918913,10,2,0,0,2,0,0,2,0,0,133,6,136,395,146,1,5567,5173,136,2,2885,10443
7682653,1759195665,727716114,29,21,0,0,21,0,0,21,0,0,231,6,230,702,259,1,5592,4891,1048,20,3457,20785
7682658,1759195732,460663240,18,6,0,0,6,0,0,6,0,0,134,4,129,397,147,1,9825,9429,328,5,2692,12429
7682661,1759195806,1252362178,76,31,1,25,32,0,0,32,1,0,403,10,379,1230,455,1,7988,6759,1576,32,4247,46755
7682663,1759195854,323673847,18,1,0,0,1,0,0,1,0,0,82,6,85,279,103,1,4887,4609,88,1,2559,17441
7682664,1759195909,1021816990,47,25,0,0,25,0,0,25,0,0,331,4,322,999,369,1,7155,6157,1240,23,10244,92306
7682669,1759195963,108333027,10,4,0,0,4,0,0,4,0,0,11,2,11,58,21,1,4942,4885,232,3,4694,11363
7682671,1759196003,37728833,2,1,0,0,1,0,0,1,0,0,2,10,7,26,9,1,5092,5067,88,1,1097,1008
7682675,1759196046,83847693,23,21,0,0,21,0,0,21,0,0,4,4,7,82,30,1,4264,4183,1048,20,2751,20408
7682677,1759196092,108094232,22,16,0,0,16,0,0,16,0,0,14,8,11,90,33,1,5749,5660,808,16,1465,14931
7682679,1759196163,168358750,13,1,0,0,1,0,0,1,0,0,13,4,13,71,26,1,7391,7321,88,1,2476,6998
7682682,1759196264,295553299,32,6,1,2,7,0,0,7,1,0,34,4,26,158,58,1,8288,8131,376,7,3727,14482
7682684,1759196309,101764729,8,2,0,0,2,0,0,2,0,0,11,6,15,64,23,1,4560,4497,136,2,1662,3231
7682689,1759196357,0,0,0,0,0,0,0,0,0,0,0,0,4,4,12,4,1,4223,4212,0,0,0,0
7682690,1759196392,122412674,14,10,0,0,10,0,0,10,0,0,10,10,14,77,28,1,6665,6589,520,10,1863,5254
7682692,1759196431,98401690,5,0,0,0,0,0,0,0,0,0,5,2,6,31,11,1,5367,5337,0,0,2037,1833
7682694,1759196467,146464676,10,2,0,0,2,0,0,2,0,0,12,4,11,58,21,1,5650,5593,136,1,2527,3521
7682695,1759196512,100266726,5,1,0,0,1,0,0,1,0,0,5,4,7,34,12,1,5626,5593,88,1,1932,2135
7682696,1759196554,64564976,2,1,0,0,1,0,0,1,0,0,2,2,3,15,5,1,6027,6013,88,1,1299,1586
7682701,1759196612,148770261,13,1,0,0,1,0,0,1,0,0,13,2,10,63,23,1,5399,5337,88,1,2382,5329
7682703,1759196662,86460096,11,10,0,0,10,0,0,10,0,0,4,10,11,60,22,1,4674,4615,520,9,1342,4973
7682707,1759196723,0,0,0,0,0,0,0,0,0,0,0,0,4,2,7,2,1,4579,4573,0,0,0,0
7682712,1759196781,200323840,19,8,1,2,9,0,0,9,1,0,18,8,18,101,37,1,7109,7009,472,7,2597,8941
7682716,1759196816,0,0,0,0,0,0,0,0,0,0,0,0,10,7,20,7,1,6214,6195,0,0,0,0
7682719,1759196865,89946172,13,12,0,0,12,0,0,12,0,0,4,8,10,63,23,1,6507,6445,616,11,1350,5829
7682721,1759196931,170383835,11,3,0,0,3,0,0,3,0,0,12,6,14,69,25,1,8795,8727,184,3,2686,5748
7682722,1759197018,231329305,17,5,0,0,5,0,0,5,0,0,21,4,22,107,39,1,10240,10134,280,4,3299,9695
7682724,1759197128,95062702,5,1,0,0,1,0,0,1,0,0,6,2,8,36,13,1,7740,7705,88,1,1774,1755
7682725,1759197180,247077368,20,4,0,0,4,0,0,4,0,0,26,4,25,123,45,1,5715,5593,232,3,3445,10449
7682728,1759197219,0,0,0,0,0,0,0,0,0,0,0,0,2,1,4,1,1,4212,4209,0,0,0,0
7682729,1759197336,353177038,56,5,0,0,5,0,0,5,0,0,62,6,28,227,84,1,12651,12425,280,4,4060,21361
7682731,1759197393,167320377,22,17,0,0,17,0,0,17,0,0,18,2,17,106,39,1,8374,8269,856,15,2130,9366
7682733,1759197437,107663084,5,1,0,0,1,0,0,1,0,0,5,4,7,34,12,1,5626,5593,88,1,1990,3565
7682736,1759197472,258743548,14,0,0,0,0,0,0,0,0,0,14,4,15,79,29,1,4684,4606,0,0,2900,16218
7682739,1759197530,299572337,25,6,0,0,6,0,0,6,0,0,35,6,30,149,55,1,5321,5173,328,5,3838,15687
7682741,1759197568,0,0,0,0,0,0,0,0,0,0,0,0,6,3,9,3,1,4364,4356,0,0,0,0
7682744,1759197601,148789274,21,14,0,0,14,0,0,14,0,0,18,4,21,115,42,1,4326,4212,712,12,1733,9422
7682750,1759197673,669660051,150,32,0,0,32,0,0,32,0,0,43,6,29,485,179,1,5798,5314,1576,30,5889,59077
7682754,1759197751,225489289,17,5,0,0,5,0,0,5,0,0,20,12,23,109,40,1,7575,7467,280,5,3723,7445
7682758,1759197895,452027363,68,16,0,0,16,0,0,16,0,0,47,8,40,293,108,1,9618,9326,808,15,4937,29779
7682759,1759197943,232968560,48,27,0,0,27,0,0,27,0,0,17,8,24,196,72,1,7938,7743,1336,24,2197,19843
7682762,1759197985,203141661,18,3,0,0,3,0,0,3,0,0,22,2,16,93,34,1,4413,4321,184,2,2967,7712
7682763,1759198029,162268302,9,1,0,0,1,0,0,1,0,0,12,6,12,58,21,1,5541,5484,88,1,3012,4096
7682765,1759198080,229411054,32,1,0,0,1,0,0,1,0,0,17,2,18,136,50,1,5302,5167,88,1,2952,14021
7682770,1759198131,215091413,22,13,0,0,13,0,0,13,0,0,22,4,21,117,43,1,6161,6045,664,12,3177,9778
7682773,1759198166,209884899,31,11,0,0,11,0,0,11,0,0,16,10,24,150,55,1,4764,4615,568,10,2854,14150
7682779,1759198205,107837458,3,0,0,0,0,0,0,0,0,0,3,6,4,20,7,1,4346,4327,0,0,2214,1841
7682782,1759198308,478885796,81,16,0,0,16,0,0,16,0,0,77,12,35,314,116,1,12010,11697,808,14,5038,31966
7682784,1759198352,89730862,15,11,0,0,11,0,0,11,0,0,9,6,12,74,27,1,5275,5202,568,11,931,5687
7682788,1759198405,94390337,7,1,0,0,1,0,0,1,0,0,9,4,11,50,18,1,4261,4212,88,1,1682,2935
7682792,1759198477,678321876,138,6,1,2,7,0,0,7,1,0,145,8,46,498,184,1,7538,7041,376,5,5877,53274
7682796,1759198515,246241384,36,26,0,0,26,0,0,26,0,0,26,8,26,168,62,1,4920,4753,1288,23,2796,16646
7682799,1759198582,343075720,38,11,0,0,11,0,0,11,0,0,45,8,31,188,69,1,6379,6192,568,10,3979,20330
7682804,1759198618,0,0,0,0,0,0,0,0,0,0,0,0,6,5,15,5,1,4229,4215,0,0,0,0
7682809,1759198701,403772659,54,21,0,0,21,0,0,21,0,0,57,10,47,274,101,1,7849,7576,1048,19,4144,28269
7682815,1759198797,217935254,31,21,0,0,21,0,0,21,0,0,28,10,21,142,52,1,7012,6871,1048,21,2510,14017
7682818,1759198841,170673828,21,11,0,0,11,0,0,11,0,0,23,12,18,107,39,1,6163,6057,568,11,1875,10142
7682819,1759198899,290787482,34,11,0,0,11,0,0,11,0,0,36,6,29,171,63,1,7599,7429,568,9,3704,17211
7682821,1759198939,12017706,3,3,0,0,3,0,0,3,0,0,1,2,2,15,5,1,5745,5731,184,3,126,1143
7682822,1759198973,83978148,15,11,0,0,11,0,0,11,0,0,12,4,12,74,27,1,5102,5029,568,11,883,5773
7682827,1759199006,47655128,11,8,0,0,8,0,0,8,0,0,6,2,7,50,18,1,4088,4039,424,8,440,3107
7682829,1759199056,48025001,6,0,0,0,0,0,0,0,0,0,6,10,9,42,15,1,4967,4926,0,0,839,2014
7682832,1759199098,0,0,0,0,0,0,0,0,0,0,0,0,4,3,9,3,1,6089,6081,0,0,0,0
7682834,1759199166,441455129,158,144,0,0,144,0,0,144,0,0,26,6,26,497,184,1,9335,8839,6952,142,3137,58130
7682837,1759199214,0,0,0,0,0,0,0,0,0,0,0,0,4,3,10,3,1,5320,5311,0,0,0,0
7682838,1759199242,0,0,0,0,0,0,0,0,0,0,0,0,6,1,4,1,1,6586,6583,0,0,0,0
7682840,1759199307,0,0,0,0,0,0,0,0,0,0,0,0,2,1,4,1,1,6862,6859,0,0,0,0
7682842,1759199340,85891104,5,1,0,0,1,0,0,1,0,0,8,4,10,42,15,1,3830,3789,88,1,1576,1635
7682844,1759199415,0,0,0,0,0,0,0,0,0,0,0,0,4,4,12,4,1,7748,7737,0,0,0,0
7682847,1759199500,310002291,23,18,0,0,18,0,0,18,0,0,77,4,76,268,99,1,10090,9823,904,15,2143,9939
7682848,1759199537,38495445,2,1,0,0,1,0,0,1,0,0,4,6,9,31,11,1,5211,5181,88,1,719,707
7682849,1759199582,127734646,9,1,0,0,1,0,0,1,0,0,11,2,11,55,20,1,5109,5055,88,1,2293,3584
7682851,1759199638,0,0,0,0,0,0,0,0,0,0,0,0,2,2,7,2,1,4609,4603,0,0,0,0
7682852,1759199683,87467026,5,1,0,0,1,0,0,1,0,0,7,4,9,39,14,1,7355,7317,88,1,1478,3004
7682854,1759199725,225655069,22,3,0,0,3,0,0,3,0,0,26,2,18,109,40,1,5275,5167,184,2,3571,9732
7682856,1759199807,224764316,17,5,0,0,5,0,0,5,0,0,24,4,21,104,38,1,8798,8695,280,3,3337,9070
7682857,1759199855,248759950,22,10,0,0,10,0,0,10,0,0,24,4,25,128,47,1,8992,8865,520,9,3750,9999
7682859,1759199911,140941916,19,15,0,0,15,0,0,15,0,0,14,2,16,96,35,1,5855,5760,760,14,1952,7253
7682863,1759199951,113089053,15,12,0,0,12,0,0,12,0,0,14,4,9,66,24,1,4107,4042,616,12,1486,5707
7682864,1759199986,58496030,26,26,0,0,26,0,0,26,0,0,4,8,11,102,37,1,6405,6304,1288,26,197,9941
7682870,1759200035,221422441,25,15,0,0,15,0,0,15,0,0,30,2,19,120,44,1,4892,4773,760,15,2749,8036
7682872,1759200093,307665587,34,18,0,0,18,0,0,18,0,0,33,12,39,198,73,1,7212,7015,904,15,3378,16452
7682876,1759200143,13641426,3,3,0,0,3,0,0,3,0,0,1,4,2,15,5,1,4479,4465,184,3,117,1127
7682879,1759200183,171331953,13,2,0,0,2,0,0,2,0,0,14,8,16,80,29,1,5114,5035,136,2,2997,4662
7682882,1759200212,46192674,4,0,0,0,0,0,0,0,0,0,4,6,7,31,11,1,4386,4356,0,0,892,1402
7682884,1759200258,164724343,27,20,0,0,20,0,0,20,0,0,11,6,17,120,44,1,5606,5487,1000,20,2318,11726
7682891,1759200287,10593808,1,1,0,0,1,0,0,1,0,0,2,4,5,18,6,1,4370,4353,88,1,97,478
7682894,1759200403,85331968,10,2,0,0,2,0,0,2,0,0,12,14,17,74,27,1,12760,12687,136,1,1081,3447
7682897,1759200460,121117074,11,8,0,0,8,0,0,8,0,0,8,6,13,66,24,1,5238,5173,424,8,2023,5115
7682900,1759200529,115148224,12,5,0,0,5,0,0,5,0,0,11,6,15,74,27,1,10040,9967,280,5,1791,4794
7682902,1759200563,148549739,13,2,0,0,2,0,0,2,0,0,14,6,16,80,29,1,4696,4617,136,2,2565,5101
7682907,1759200629,104428396,8,4,0,0,4,0,0,4,0,0,7,4,9,47,17,1,4793,4747,232,4,1848,2997
7682910,1759200665,100136295,12,2,0,0,2,0,0,2,0,0,14,10,17,80,29,1,4412,4333,136,1,1189,4137
7682914,1759200726,85991397,16,8,0,0,8,0,0,8,0,0,6,6,9,69,25,1,5411,5343,424,7,864,6661
7682918,1759200763,0,0,0,0,0,0,0,0,0,0,0,0,8,6,17,6,1,4487,4471,0,0,0,0
7682922,1759200829,106385695,8,1,0,0,1,0,0,1,0,0,11,8,12,55,20,1,5371,5317,88,1,1723,4494
7682925,1759200919,265808552,29,13,0,0,13,0,0,13,0,0,27,8,27,152,56,1,7337,7186,664,11,3734,13881
7682931,1759200964,484219371,142,91,0,0,91,0,0,91,0,0,64,6,33,474,175,1,4547,4074,4408,89,3629,54423
7682934,1759201001,107675831,8,2,0,0,2,0,0,2,0,0,11,12,15,63,23,1,4821,4759,136,1,1675,4832
7682939,1759201053,31423356,13,13,0,0,13,0,0,13,0,0,2,6,4,47,17,1,4684,4638,664,12,140,4964
7682941,1759201167,228942039,21,3,0,0,3,0,0,3,0,0,21,10,23,120,44,1,11502,11383,184,3,3069,8685
7682943,1759201209,80279305,9,2,0,0,2,0,0,2,0,0,8,4,11,55,20,1,5506,5452,136,2,1112,2767
7682945,1759201273,589804407,123,51,1,3,52,0,0,52,1,0,27,4,19,385,142,1,6259,5875,2536,51,5617,48170
7682949,1759201298,22852458,9,9,0,0,9,0,0,9,0,0,1,4,2,31,11,1,3931,3901,472,9,139,3318
7682952,1759201334,96457231,28,25,0,0,25,0,0,25,0,0,7,8,10,104,38,1,4574,4471,1240,25,835,10560
7682956,1759201390,265079328,38,26,0,0,26,0,0,26,0,0,28,6,30,185,68,1,4681,4497,1288,25,3107,15239
7682959,1759201429,135490652,49,46,0,0,46,0,0,46,0,0,5,8,9,158,58,1,4375,4218,2248,46,912,18292
7682962,1759201496,253361465,105,102,1,2,103,0,0,103,1,0,7,6,10,312,115,1,4703,4392,4984,102,1841,38689
7682966,1759201547,1014533586,447,341,0,0,341,0,0,341,0,0,116,6,19,1260,466,1,6714,5455,16408,338,4192,162860
7682969,1759201602,698706748,317,310,0,0,310,0,0,310,0,0,18,8,21,917,338,1,7925,7009,14920,309,4316,121949
7682972,1759201651,36635289,2,0,0,0,0,0,0,0,0,0,2,6,7,25,9,1,5479,5455,0,0,718,1068
7682975,1759201717,108577530,6,1,0,0,1,0,0,1,0,0,7,6,9,42,15,1,5073,5032,88,1,2214,2335
7682977,1759201786,100493696,11,2,1,2,3,0,0,3,1,0,9,6,9,55,20,1,7342,7288,184,3,1535,4511
7682979,1759201823,17388850,2,2,0,0,2,0,0,2,0,0,4,4,5,20,7,1,4231,4212,136,2,111,934
7682981,1759201856,12713706,3,3,0,0,3,0,0,3,0,0,1,4,4,20,7,1,4625,4606,184,3,112,1073
7682983,1759201898,616705563,171,127,0,0,127,0,0,127,0,0,64,4,50,597,221,1,5625,5029,6136,123,4187,100487
7682988,1759201937,219603049,18,3,0,0,3,0,0,3,0,0,20,4,20,103,38,1,4144,4042,184,2,3811,11381
7682992,1759202002,255425584,23,4,0,0,4,0,0,4,0,0,24,10,25,131,48,1,7030,6900,232,2,4037,12038
7682994,1759202035,78648338,5,1,0,0,1,0,0,1,0,0,6,8,11,45,16,1,4858,4814,88,1,1419,2232
7682998,1759202075,34921420,15,15,0,0,15,0,0,15,0,0,2,4,6,58,21,1,3600,3543,760,15,170,6065
7683001,1759202127,163531744,12,0,0,0,0,0,0,0,0,0,9,8,14,71,26,1,6515,6445,0,0,3036,6385
7683002,1759202210,285806635,42,1,0,0,1,0,0,1,0,0,17,6,16,158,58,1,12662,12505,88,0,3784,23578
7683004,1759202267,125026427,11,4,0,0,4,0,0,4,0,0,11,2,9,55,20,1,5503,5449,232,3,2387,4378
7683007,1759202306,48721527,3,1,0,0,1,0,0,1,0,0,5,4,8,31,11,1,5793,5763,88,1,815,1601
7683010,1759202346,62946573,9,6,0,0,6,0,0,6,0,0,6,6,11,55,20,1,5227,5173,328,6,878,4106
7683013,1759202395,340254032,49,33,0,0,33,0,0,33,0,0,36,6,36,230,85,1,5120,4891,1624,31,4612,22262
7683018,1759202425,84629608,6,0,0,0,0,0,0,0,0,0,6,6,8,39,14,1,4929,4891,0,0,1578,2630
7683021,1759202505,621409642,52,3,0,0,3,0,0,3,0,0,52,10,52,281,104,1,8449,8169,184,1,6697,53530
7683022,1759202563,150494148,9,1,0,0,1,0,0,1,0,0,11,6,15,66,24,1,9638,9573,88,1,2856,6386
7683025,1759202607,78724841,7,4,0,0,4,0,0,4,0,0,4,2,6,36,13,1,4244,4209,232,4,1620,2724
7683027,1759202645,43142218,17,17,0,0,17,0,0,17,0,0,4,6,10,74,27,1,5842,5769,856,16,169,7053
7683029,1759202711,390649996,51,5,0,0,5,0,0,5,0,0,28,4,26,209,77,1,9073,8865,280,5,4715,28093
7683032,1759202761,55697994,5,1,0,0,1,0,0,1,0,0,6,4,6,31,11,1,4777,4747,88,0,933,1722
7683039,1759202795,113304055,9,1,0,0,1,0,0,1,0,0,11,6,10,53,19,1,4267,4215,88,1,1858,5390
7683043,1759202843,471111009,209,206,0,0,206,0,0,206,0,0,10,14,18,614,227,1,6814,6201,9928,205,2771,81979
7683044,1759202887,253066052,28,4,0,0,4,0,0,4,0,0,34,8,34,169,62,1,5373,5205,232,3,3325,15663
7683046,1759202927,75763684,34,34,0,0,34,0,0,34,0,0,4,2,6,109,40,1,4317,4209,1672,34,236,13631
7683048,1759202977,261938439,33,4,0,0,4,0,0,4,0,0,32,4,31,174,64,1,5061,4888,232,3,2607,21433
7683051,1759203017,45087177,3,1,0,0,1,0,0,1,0,0,4,4,5,23,8,1,6179,6157,88,1,755,651
7683055,1759203052,307926348,50,14,1,2,15,0,0,15,1,0,17,6,19,187,69,1,5359,5173,760,13,2881,22248
7683057,1759203096,139476612,33,22,0,0,22,0,0,22,0,0,19,8,18,139,51,1,6301,6163,1096,20,1082,11129
7683060,1759203135,171059232,12,3,1,3,4,0,0,4,1,0,11,4,14,71,26,1,4535,4465,232,4,3006,8096
7683064,1759203176,290468111,29,8,0,0,8,0,0,8,0,0,31,6,30,160,59,1,5050,4891,424,8,3510,18091
7683068,1759203225,198780090,27,18,0,0,18,0,0,18,0,0,16,8,19,125,46,1,4906,4782,904,17,2778,10330
7683070,1759203262,192099221,14,1,0,0,1,0,0,1,0,0,15,8,21,96,35,1,4392,4297,88,1,2939,8739
7683072,1759203321,187393735,13,4,0,0,4,0,0,4,0,0,15,4,16,80,29,1,6800,6721,232,4,3062,4444
7683075,1759203375,280189219,41,3,0,0,3,0,0,3,0,0,44,4,19,163,60,1,6601,6439,184,1,3310,14114
7683080,1759203437,328223411,36,15,0,0,15,0,0,15,0,0,24,6,25,166,61,1,6184,6019,760,14,4124,18368
7683083,1759203464,543276673,34,0,0,0,0,0,0,0,0,0,34,10,37,193,71,1,4807,4615,0,0,5200,38704
7683084,1759203509,105458584,7,3,0,0,3,0,0,3,0,0,8,6,12,53,19,1,5084,5032,184,3,1986,2716
7683088,1759203548,383183345,162,157,0,0,157,0,0,157,0,0,10,2,11,468,173,1,5070,4603,7576,156,2519,61149
7683092,1759203581,0,0,0,0,0,0,0,0,0,0,0,0,8,5,15,5,1,4655,4641,0,0,0,0
7683094,1759203631,440358075,110,84,0,0,84,0,0,84,0,0,27,8,27,372,137,1,6252,5881,4072,83,4132,47227
7683097,1759203679,257837032,23,7,1,4,8,0,0,8,1,0,25,4,21,120,44,1,4866,4747,424,6,4374,10925
7683098,1759203724,180660972,49,45,0,0,45,0,0,45,0,0,8,6,13,168,62,1,6468,6301,2200,44,2065,18270
7683101,1759203788,117568045,8,1,0,0,1,0,0,1,0,0,9,2,9,47,17,1,4537,4491,88,1,2051,2955
7683106,1759203831,95110710,5,1,0,0,1,0,0,1,0,0,6,6,11,44,16,1,4886,4843,88,1,1885,1776
7683107,1759203909,317436361,48,34,0,0,34,0,0,34,0,0,30,10,34,222,82,1,10794,10573,1672,31,3943,19447
7683110,1759203961,265094287,25,11,0,0,11,0,0,11,0,0,27,2,25,136,50,1,5866,5731,568,8,3919,10959
7683112,1759204006,188278577,13,3,0,0,3,0,0,3,0,0,17,6,19,88,32,1,7122,7035,184,2,3347,6558
7683114,1759204065,128062442,10,3,0,0,3,0,0,3,0,0,12,4,16,71,26,1,6115,6045,184,3,2291,2948
7683116,1759204099,98005690,5,0,0,0,0,0,0,0,0,0,5,4,8,36,13,1,4952,4917,0,0,2069,1782
7683119,1759204161,301612632,20,16,0,0,16,0,0,16,0,0,81,4,83,279,103,1,5589,5311,808,14,1977,9261
7683121,1759204191,182997860,13,3,0,0,3,0,0,3,0,0,13,6,14,74,27,1,5980,5907,184,3,2300,13133
7683123,1759204258,455367214,53,17,0,0,17,0,0,17,0,0,58,4,40,252,93,1,5562,5311,856,17,4837,27442
7683126,1759204307,281007411,25,8,0,0,8,0,0,8,0,0,27,4,22,128,47,1,4874,4747,424,7,3478,13807
7683129,1759204367,0,0,0,0,0,0,0,0,0,0,0,0,6,5,15,5,1,4229,4215,0,0,0,0
7683131,1759204423,655275223,79,30,0,0,30,0,0,30,0,0,77,6,62,382,141,1,6884,6503,1480,28,6443,46100
7683133,1759204463,216299711,17,7,0,0,7,0,0,7,0,0,18,4,17,93,34,1,4839,4747,376,7,3136,11289
7683135,1759204534,264487260,21,5,0,0,5,0,0,5,0,0,24,4,24,123,45,1,9099,8977,280,5,4031,11452
7683136,1759204572,254704698,21,4,0,0,4,0,0,4,0,0,28,4,24,122,45,1,7688,7567,232,2,4066,12134
7683137,1759204626,194362793,14,3,0,0,3,0,0,3,0,0,19,2,19,91,33,1,7513,7423,184,3,3290,7143
7683142,1759204679,100192834,6,2,0,0,2,0,0,2,0,0,7,2,8,39,14,1,6615,6577,136,2,1947,2368
7683143,1759204724,255859363,37,22,1,3,23,0,0,23,1,0,28,10,29,180,66,1,6656,6477,1144,22,3522,15401
7683146,1759204766,346141310,182,182,1,6,183,0,0,183,1,0,4,2,6,509,188,1,4688,4180,8824,181,916,71449
7683148,1759204828,217195985,21,9,0,0,9,0,0,9,0,0,20,6,20,112,41,1,6412,6301,472,9,3229,9970
7683152,1759204863,431664113,104,78,0,0,78,0,0,78,0,0,42,4,29,361,133,1,4825,4465,3784,76,4430,40906
7683154,1759204895,140982992,12,1,0,0,1,0,0,1,0,0,9,8,13,68,25,1,4285,4218,88,1,2500,6309
7683156,1759204988,155156308,28,24,0,0,24,0,0,24,0,0,13,4,16,120,44,1,6699,6580,1192,23,1961,10589
7683158,1759205039,188422741,13,3,0,0,3,0,0,3,0,0,17,4,19,87,32,1,6275,6189,184,2,3089,6750
7683161,1759205078,15117734,3,3,1,3,4,0,0,4,1,0,2,4,5,23,8,1,4375,4353,232,4,109,1331
7683163,1759205151,268482178,30,11,0,0,11,0,0,11,0,0,26,6,26,152,56,1,7862,7711,568,10,3559,14393
7683167,1759205190,95446766,5,1,0,0,1,0,0,1,0,0,6,4,9,39,14,1,5631,5593,88,0,1893,1918
7683171,1759205239,227456455,22,10,0,0,10,0,0,10,0,0,23,8,26,130,48,1,4036,3907,520,10,3348,10098
7683175,1759205270,1596783884,266,3,0,0,3,0,0,3,0,0,517,8,275,1462,541,1,5791,4330,184,3,5598,48703
7683176,1759205303,202483806,17,1,0,0,1,0,0,1,0,0,21,8,22,107,39,1,6833,6727,88,1,3188,8889
7683182,1759205395,600388924,45,5,0,0,5,0,0,5,0,0,130,2,129,470,174,1,9302,8833,280,4,6385,47536
7683185,1759205423,120563834,7,1,0,0,1,0,0,1,0,0,9,12,17,66,24,1,5388,5323,88,1,2251,3888
7683186,1759205468,138599702,32,20,0,0,20,0,0,20,0,0,16,6,12,120,44,1,5574,5455,1000,18,1237,12803
7683187,1759205505,120467802,7,1,0,0,1,0,0,1,0,0,9,2,10,47,17,1,5242,5196,88,1,2392,4140
7683190,1759205549,296485012,20,3,0,0,3,0,0,3,0,0,58,2,57,209,77,1,4529,4321,184,1,2990,13039
7683197,1759205587,303403333,43,17,1,3,18,0,0,18,1,0,32,6,31,201,74,1,3963,3763,904,17,3717,20544
7683198,1759205664,1717792566,321,39,0,0,39,0,0,39,0,0,544,14,290,1651,611,1,10280,8630,1912,39,6272,87514
7683201,1759205703,270786010,25,5,0,0,5,0,0,5,0,0,30,2,26,138,51,1,4317,4180,280,4,4201,13311
7683202,1759205748,109383520,20,15,0,0,15,0,0,15,0,0,13,6,14,93,34,1,6675,6583,760,13,1084,7315
7683203,1759205786,0,0,0,0,0,0,0,0,0,0,0,0,2,1,4,1,1,7426,7423,0,0,0,0
7683208,1759205848,562853441,82,8,0,0,8,0,0,8,0,0,140,2,136,590,218,1,5192,4603,424,7,3487,22088
7683210,1759205882,111109168,9,4,0,0,4,0,0,4,0,0,6,10,11,55,20,1,4275,4221,232,4,2198,3219
7683211,1759205920,46179558,13,13,0,0,13,0,0,13,0,0,8,4,12,69,25,1,4985,4917,664,12,144,5406
7683216,1759205998,677695770,155,3,0,0,3,0,0,3,0,0,8,2,9,443,164,1,5609,5167,184,2,5942,63614
7683219,1759206040,141046148,10,2,0,0,2,0,0,2,0,0,13,10,17,74,27,1,5252,5179,136,1,2357,5657
7683221,1759206078,116548248,11,5,0,0,5,0,0,5,0,0,12,6,14,69,25,1,4424,4356,280,4,1804,6031
7683224,1759206139,272433502,36,21,0,0,21,0,0,21,0,0,28,4,27,171,63,1,5058,4888,1048,19,3719,16153
7683227,1759206221,592436057,91,6,0,0,6,0,0,6,0,0,87,6,39,352,130,1,6543,6192,328,3,4725,45679
7683229,1759206254,136857530,11,2,0,0,2,0,0,2,0,0,14,6,15,71,26,1,4433,4363,136,2,2220,5006
7683235,1759206287,227673331,40,2,0,0,2,0,0,2,0,0,42,4,14,147,54,1,4076,3930,136,2,3020,14933
7683240,1759206335,118585736,11,9,0,0,9,0,0,9,0,0,8,12,15,72,26,1,5112,5041,472,8,1965,5827
7683241,1759206380,189476491,20,2,0,0,2,0,0,2,0,0,23,10,21,112,41,1,7998,7887,136,1,2873,7706
7683243,1759206431,398471524,140,133,0,0,133,0,0,133,0,0,12,2,14,417,154,1,6429,6013,6424,133,3349,57913
7683247,1759206494,235776053,18,3,0,0,3,0,0,3,0,0,17,4,18,99,36,1,6848,6750,184,3,3009,11870
7683250,1759206563,162224024,11,2,0,0,2,0,0,2,0,0,14,8,18,79,29,1,7651,7573,136,2,2954,4584
7683254,1759206606,212244290,43,28,1,3,29,0,0,29,1,0,25,6,20,171,63,1,5625,5455,1432,29,2123,19834
7683257,1759206653,239332404,48,42,0,0,42,0,0,42,0,0,17,8,22,190,70,1,5224,5035,2056,41,3264,19092
7683260,1759206684,181718728,18,2,0,0,2,0,0,2,0,0,21,6,17,96,35,1,4281,4186,136,1,2822,7041
7683262,1759206733,224920582,10,5,0,0,5,0,0,5,0,0,52,6,52,169,62,1,5341,5173,280,5,2138,7009
7683264,1759206787,302011057,23,6,0,0,6,0,0,6,0,0,62,4,61,228,84,1,5567,5340,328,6,2733,12801
7683266,1759206868,304635047,31,22,0,0,22,0,0,22,0,0,59,4,62,252,93,1,5175,4924,1096,21,2688,15141
7683272,1759206915,294985538,10,3,0,0,3,0,0,3,0,0,72,4,74,227,84,1,4409,4183,184,3,2726,7273
7683273,1759206949,365597988,65,56,1,52,57,0,0,57,1,0,43,12,47,303,112,1,7205,6903,2776,56,3210,28500
7683275,1759206981,289423063,18,2,0,0,2,0,0,2,0,0,20,2,20,104,38,1,5270,5167,136,1,3925,16163
7683279,1759207024,203032711,13,3,0,0,3,0,0,3,0,0,31,4,32,123,45,1,4305,4183,184,3,2829,6373
7683282,1759207066,328103880,26,11,0,0,11,0,0,11,0,0,58,8,60,233,86,1,5831,5599,568,10,3676,13219
7683287,1759207103,148603437,11,3,0,0,3,0,0,3,0,0,14,6,16,74,27,1,4964,4891,184,3,2333,5580
7683290,1759207180,108247155,6,2,0,0,2,0,0,2,0,0,7,10,8,39,14,1,7643,7605,136,2,1930,3369
7683295,1759207234,247985313,34,23,0,0,23,0,0,23,0,0,28,6,30,174,64,1,5064,4891,1144,21,2871,15621
7683298,1759207324,266749807,24,5,0,0,5,0,0,5,0,0,31,10,30,147,54,1,9443,9297,280,3,3803,11170
7683301,1759207376,64505363,3,0,0,0,0,0,0,0,0,0,3,6,6,26,9,1,4775,4750,0,0,1444,1200
7683304,1759207412,86627209,4,1,0,0,1,0,0,1,0,0,5,6,9,37,13,1,5382,5346,88,1,1722,1831
7683306,1759207487,156003655,20,13,0,0,13,0,0,13,0,0,19,6,21,112,41,1,8310,8199,664,12,2010,9011
7683310,1759207525,235076830,116,115,0,0,115,0,0,115,0,0,5,4,9,339,125,1,5367,5029,5560,114,1162,43641
7683316,1759207615,217265069,22,7,0,0,7,0,0,7,0,0,25,8,20,114,42,1,8532,8419,376,5,3010,8483
7683318,1759207698,174476133,18,14,0,0,14,0,0,14,0,0,15,12,17,96,35,1,11058,10963,712,13,2760,8633
7683322,1759207754,0,0,0,0,0,0,0,0,0,0,0,0,4,2,7,2,1,4500,4494,0,0,0,0
7683323,1759207867,174603600,15,2,0,0,2,0,0,2,0,0,17,8,18,90,33,1,9918,9829,136,1,2884,5885
7683328,1759207917,0,0,0,0,0,0,0,0,0,0,0,0,2,1,4,1,1,3760,3757,0,0,0,0
7683332,1759207965,224519346,28,18,0,0,18,0,0,18,0,0,21,10,26,147,54,1,5889,5743,904,18,3330,12486
7683333,1759208064,89807425,5,2,0,0,2,0,0,2,0,0,5,8,11,45,16,1,9652,9608,136,2,1881,2290
7683335,1759208124,91525421,6,2,0,0,2,0,0,2,0,0,5,2,7,37,13,1,7065,7029,136,2,1641,3335
7683337,1759208170,46958212,3,2,0,0,2,0,0,2,0,0,5,4,8,31,11,1,6075,6045,136,1,739,1430
7683342,1759208210,175507818,22,14,0,0,14,0,0,14,0,0,17,4,19,112,41,1,4041,3930,712,12,2475,10633
7683345,1759208263,117281189,11,8,0,0,8,0,0,8,0,0,12,10,15,72,26,1,5955,5884,424,7,1866,4588
7683348,1759208318,192913501,13,2,0,0,2,0,0,2,0,0,16,6,19,88,32,1,5824,5737,136,1,3354,6797
7683352,1759208352,248965196,27,4,0,0,4,0,0,4,0,0,27,6,25,142,52,1,4074,3933,232,4,3076,14735
7683355,1759208397,151982154,13,5,0,0,5,0,0,5,0,0,15,8,20,90,33,1,5124,5035,280,4,2337,6777
7683360,1759208433,231369843,21,7,0,0,7,0,0,7,0,0,24,6,25,125,46,1,5438,5314,376,7,3299,9709
7683362,1759208485,185335644,22,14,0,0,14,0,0,14,0,0,18,10,21,117,43,1,5042,4926,712,12,2589,8177
7683366,1759208526,154924865,12,2,0,0,2,0,0,2,0,0,13,4,14,72,26,1,4565,4494,136,1,2623,4201
7683368,1759208585,144520446,11,3,0,0,3,0,0,3,0,0,14,8,19,82,30,1,5850,5769,184,3,2181,5395
7683371,1759208623,141966262,11,4,0,0,4,0,0,4,0,0,10,4,13,66,24,1,4172,4107,232,4,2286,4881
7683373,1759208663,236920135,22,13,0,0,13,0,0,13,0,0,20,6,26,131,48,1,5227,5097,664,13,3831,7767
7683374,1759208699,56928174,5,1,0,0,1,0,0,1,0,0,6,4,8,36,13,1,6080,6045,88,0,935,1759
7683377,1759208770,183544332,16,4,0,0,4,0,0,4,0,0,18,2,17,90,33,1,7230,7141,232,3,2884,5898
7683378,1759208798,135181383,18,11,0,0,11,0,0,11,0,0,11,6,11,80,29,1,6380,6301,568,10,1793,9063
7683380,1759208862,315052156,28,2,0,0,2,0,0,2,0,0,30,2,29,155,57,1,6731,6577,136,2,4470,18180
7683381,1759208902,117712069,8,1,0,0,1,0,0,1,0,0,9,4,9,47,17,1,5245,5199,88,1,2202,2901
7683383,1759208979,202493565,15,3,0,0,3,0,0,3,0,0,19,2,20,96,35,1,6419,6324,184,3,3298,7863
7683388,1759209036,208470216,26,18,0,0,18,0,0,18,0,0,21,4,20,125,46,1,5323,5199,904,17,2414,13346
7683392,1759209110,211919141,18,5,0,0,5,0,0,5,0,0,20,10,23,112,41,1,5742,5631,280,4,3088,9600
7683395,1759209156,718667673,149,2,0,0,2,0,0,2,0,0,11,8,13,438,162,1,4514,4077,136,1,7357,60812
7683398,1759209223,209032259,16,4,1,3,5,0,0,5,1,0,17,6,19,96,35,1,7556,7461,280,2,3411,7110
7683402,1759209260,146205595,22,14,0,0,14,0,0,14,0,0,14,6,17,106,39,1,5448,5343,712,14,1817,10523
7683404,1759209319,122762896,14,10,0,0,10,0,0,10,0,0,8,8,13,74,27,1,5983,5910,520,10,2025,5349
7683410,1759209356,691032045,152,2,0,0,2,0,0,2,0,0,14,4,12,444,164,1,4937,4494,136,1,6150,62743
7683413,1759209422,812469697,158,11,0,0,11,0,0,11,0,0,33,12,37,527,195,1,6131,5605,568,9,7950,67223
7683418,1759209465,140076856,9,1,0,0,1,0,0,1,0,0,10,6,11,55,20,1,4240,4186,88,1,2579,3021
7683420,1759209500,107675831,8,2,0,0,2,0,0,2,0,0,11,10,17,69,25,1,5699,5631,136,1,1701,4822
7683421,1759209570,390880220,48,3,0,0,3,0,0,3,0,0,35,4,35,226,83,1,7510,7285,184,1,5063,21844
7683423,1759209655,418620166,66,2,0,0,2,0,0,2,0,0,19,2,20,233,86,1,9799,9567,136,2,5141,30894
7683424,1759209704,231905683,30,19,0,0,19,0,0,19,0,0,22,4,20,137,50,1,7139,7003,952,16,3207,11457
7683428,1759209737,0,0,0,0,0,0,0,0,0,0,0,0,2,1,4,1,1,4888,4885,0,0,0,0
7683433,1759209781,173755073,12,3,0,0,3,0,0,3,0,0,13,8,16,77,28,1,4547,4471,184,3,2708,4919
7683435,1759209824,172217864,19,11,0,0,11,0,0,11,0,0,13,10,15,92,34,1,5613,5522,568,11,2554,7042
7683440,1759209884,141019208,12,6,0,0,6,0,0,6,0,0,11,4,14,72,26,1,3719,3648,328,5,1988,4939
7683444,1759209917,136543865,8,2,0,0,2,0,0,2,0,0,10,10,19,74,27,1,5675,5602,136,2,2629,3045
7683445,1759209979,933906203,136,6,0,0,6,0,0,6,0,0,256,8,259,1068,395,1,7512,6445,328,5,5311,26598
7683448,1759210015,636581534,117,4,0,0,4,0,0,4,0,0,20,2,19,368,136,1,4547,4180,232,4,6263,56602
7683450,1759210050,375063199,38,17,0,0,17,0,0,17,0,0,28,6,31,188,69,1,4261,4074,856,16,4816,21048
7683452,1759210084,115297696,10,1,0,0,1,0,0,1,0,0,10,4,11,58,21,1,4269,4212,88,1,1949,5896
7683455,1759210151,242483108,20,3,0,0,3,0,0,3,0,0,23,4,22,114,42,1,4860,4747,184,2,3861,10033
7683457,1759210208,787749833,131,1,0,0,1,0,0,1,0,0,13,6,15,395,146,1,8275,7881,88,1,7933,57634
7683460,1759210258,253632577,31,20,0,0,20,0,0,20,0,0,16,4,19,137,50,1,6745,6609,1000,20,3608,13974
7683462,1759210323,302703841,32,18,0,0,18,0,0,18,0,0,26,6,26,158,58,1,7756,7599,904,16,4317,11728
7683468,1759210358,162061762,9,2,0,0,2,0,0,2,0,0,10,4,14,63,23,1,5261,5199,136,2,3165,3500
7683473,1759210405,235560963,19,3,0,0,3,0,0,3,0,0,23,12,25,120,44,1,5958,5839,184,3,3610,9689
7683476,1759210446,134897660,13,6,0,0,6,0,0,6,0,0,15,10,20,90,33,1,5304,5215,328,5,1829,7260
7683480,1759210508,257115631,32,19,0,0,19,0,0,19,0,0,28,6,29,166,61,1,7030,6865,952,16,3658,13533
7683486,1759210537,0,0,0,0,0,0,0,0,0,0,0,0,8,2,7,2,1,4929,4923,0,0,0,0
7683488,1759210625,374783970,39,7,0,0,7,0,0,7,0,0,48,12,48,236,87,1,10522,10287,376,4,4741,19785
7683492,1759210663,135238294,20,16,0,0,16,0,0,16,0,0,11,4,13,90,33,1,3990,3901,808,16,1918,7949
7683493,1759210706,237291856,20,3,0,0,3,0,0,3,0,0,24,8,22,115,42,1,5883,5769,184,3,3567,9639
7683496,1759210746,168751745,14,2,0,0,2,0,0,2,0,0,18,2,18,87,32,1,4295,4209,136,1,2640,7629
7683497,1759210779,176263296,11,3,0,0,3,0,0,3,0,0,13,6,15,72,26,1,4427,4356,184,3,2916,6853
7683501,1759210839,95158718,5,1,0,0,1,0,0,1,0,0,6,2,8,36,13,1,4638,4603,88,0,1859,1816
7683503,1759210880,208389653,18,4,0,0,4,0,0,4,0,0,21,8,23,112,41,1,6726,6615,232,3,3153,7855
7683507,1759210921,229296919,32,21,0,0,21,0,0,21,0,0,33,4,34,179,66,1,5659,5481,1048,19,2557,11552
7683508,1759210963,233321589,41,34,0,0,34,0,0,34,0,0,16,8,23,174,64,1,6224,6051,1672,34,2829,17753
7683512,1759211037,194949905,21,10,0,0,10,0,0,10,0,0,21,2,20,112,41,1,6792,6681,520,9,2442,9197
7683515,1759211070,82015157,3,1,0,0,1,0,0,1,0,0,3,8,8,31,11,1,5517,5487,88,1,1603,2881
7683518,1759211109,211437055,15,5,0,0,5,0,0,5,0,0,16,6,19,93,34,1,6111,6019,280,5,2883,8956
7683520,1759211181,0,0,0,0,0,0,0,0,0,0,0,0,6,2,7,2,1,4221,4215,0,0,0,0
7683522,1759211229,369119330,40,18,0,0,18,0,0,18,0,0,41,4,33,198,73,1,7482,7285,904,16,4093,18454
7683524,1759211296,290118395,20,3,0,0,3,0,0,3,0,0,22,4,23,118,43,1,8700,8583,184,3,3401,14463
7683527,1759211348,270719238,21,5,0,0,5,0,0,5,0,0,25,4,25,125,46,1,5576,5452,280,4,4159,11613
7683530,1759211428,248392899,21,7,0,0,7,0,0,7,0,0,24,6,26,128,47,1,6710,6583,376,7,3875,8337
7683533,1759211493,399758662,49,23,0,0,23,0,0,23,0,0,47,6,41,244,90,1,5416,5173,1144,21,5990,22078
7683535,1759211529,105007266,6,3,0,0,3,0,0,3,0,0,6,6,7,36,13,1,3827,3792,184,3,1519,4849
7683538,1759211564,305915956,29,7,0,0,7,0,0,7,0,0,36,4,35,174,64,1,5625,5452,376,6,3734,16374
7683540,1759211624,350987132,36,9,1,3,10,0,0,10,1,0,41,6,38,201,74,1,4133,3933,520,9,3991,19977
7683542,1759211763,443694335,54,30,1,15,31,0,0,31,1,0,44,4,33,237,87,1,11360,11124,1528,29,4618,27262
7683543,1759211808,293937236,36,13,0,0,13,0,0,13,0,0,43,4,22,158,58,1,5750,5593,664,13,3494,15518
7683545,1759211854,367382999,38,20,0,0,20,0,0,20,0,0,37,2,36,201,74,1,6080,5880,1000,17,3983,23230
7683549,1759211920,285828238,33,20,0,0,20,0,0,20,0,0,30,4,20,145,53,1,6019,5875,1000,20,3633,13835
7683551,1759211952,129744148,7,2,0,0,2,0,0,2,0,0,9,8,12,53,19,1,4411,4359,136,2,2407,2654
7683553,1759212013,230617335,25,12,0,0,12,0,0,12,0,0,23,4,25,137,50,1,6434,6298,616,12,2836,9792
7683556,1759212044,177844649,43,1,0,0,1,0,0,1,0,0,43,4,9,141,52,1,5903,5763,88,1,1566,14736
7683561,1759212085,1251228802,63,49,0,0,49,0,0,49,0,0,423,6,419,1304,482,1,6476,5173,2392,46,3700,33492
7683564,1759212125,74447663,4,0,0,0,0,0,0,0,0,0,4,10,6,28,10,1,5206,5179,0,0,1501,1632
7683566,1759212160,125457895,9,2,0,0,2,0,0,2,0,0,11,6,13,61,22,1,4105,4045,136,2,2046,3565
7683569,1759212221,417958221,106,87,0,0,87,0,0,87,0,0,32,4,31,371,137,1,5258,4888,4216,86,3525,41974
7683571,1759212276,258392431,36,7,0,0,7,0,0,7,0,0,22,6,21,155,57,1,4687,4533,376,7,3616,10521
7683572,1759212329,265227308,40,26,0,0,26,0,0,26,0,0,25,4,27,182,67,1,5210,5029,1288,26,3133,17010
7683573,1759212369,247943964,19,5,0,0,5,0,0,5,0,0,23,2,20,106,39,1,5977,5872,280,4,3762,9322
7683577,1759212418,179482385,14,3,0,0,3,0,0,3,0,0,18,2,16,82,30,1,4966,4885,184,3,2786,5653
7683581,1759212467,95446766,5,1,0,0,1,0,0,1,0,0,6,8,12,47,17,1,5251,5205,88,1,1837,1743
7683585,1759212506,144695039,16,9,0,0,9,0,0,9,0,0,13,8,16,88,32,1,4135,4048,472,9,2025,6161
7683587,1759212544,178359450,17,2,0,0,2,0,0,2,0,0,21,8,19,98,36,1,5866,5769,136,2,2608,7883
7683589,1759212599,183616249,11,3,0,0,3,0,0,3,0,0,13,4,16,74,27,1,6230,6157,184,3,3119,5141
7683591,1759212641,135339388,9,1,0,0,1,0,0,1,0,0,10,4,11,55,20,1,4971,4917,88,1,2619,3140
7683593,1759212676,152917514,11,2,0,0,2,0,0,2,0,0,13,4,13,66,24,1,3543,3478,136,1,2696,4360
7683596,1759212720,143458839,11,5,0,0,5,0,0,5,0,0,10,4,12,63,23,1,3681,3619,280,5,2496,4006
7683599,1759212771,348372480,40,25,0,0,25,0,0,25,0,0,39,6,40,217,80,1,5248,5032,1240,22,4127,18908
7683600,1759212847,226082508,19,6,0,0,6,0,0,6,0,0,23,6,25,119,44,1,7749,7631,328,4,3326,8883
7683603,1759212907,95110710,5,1,0,0,1,0,0,1,0,0,6,2,8,36,13,1,5513,5478,88,1,1821,1797
7683605,1759212951,105246951,5,2,0,0,2,0,0,2,0,0,6,6,9,39,14,1,6227,6189,136,1,1998,2663
7683608,1759212995,94738710,5,1,0,0,1,0,0,1,0,0,6,4,9,39,14,1,5913,5875,88,1,1821,1739
7683610,1759213058,321732381,34,16,0,0,16,0,0,16,0,0,40,6,38,195,72,1,7623,7429,808,14,4124,14787
7683612,1759213101,145167380,12,3,0,0,3,0,0,3,0,0,14,4,13,69,25,1,4533,4465,184,2,2186,3943
7683614,1759213171,95110710,5,1,0,0,1,0,0,1,0,0,6,4,9,39,14,1,5490,5452,88,0,1935,1793
7683619,1759213214,138795354,16,12,0,0,12,0,0,12,0,0,17,4,12,77,28,1,5839,5763,616,12,1878,5980
7683620,1759213263,335782738,39,15,0,0,15,0,0,15,0,0,38,10,28,182,67,1,6517,6336,760,14,3817,15852
7683624,1759213304,100261260,15,14,0,0,14,0,0,14,0,0,7,2,9,66,24,1,3851,3786,712,13,1474,6683
7683628,1759213361,238364765,18,5,0,0,5,0,0,5,0,0,26,8,33,138,51,1,4919,4782,280,4,3347,6984
7683633,1759213393,35287065,2,0,0,0,0,0,0,0,0,0,2,8,7,26,9,1,3932,3907,0,0,767,674
7683637,1759213433,172269566,13,1,0,0,1,0,0,1,0,0,14,10,21,93,34,1,5050,4958,88,1,2792,4858
7683641,1759213497,160835689,15,9,0,0,9,0,0,9,0,0,14,8,20,96,35,1,5976,5881,472,7,2579,5586
7683650,1759213546,128885755,7,1,0,0,1,0,0,1,0,0,8,8,10,47,17,1,4517,4471,88,1,2503,2524
7683651,1759213583,95206726,5,1,0,0,1,0,0,1,0,0,6,18,15,55,20,1,5838,5784,88,1,1909,1741
7683655,1759213627,176216073,28,22,0,0,22,0,0,22,0,0,12,2,14,115,42,1,4858,4744,1096,22,2555,10479
7683657,1759213674,129079061,7,1,0,0,1,0,0,1,0,0,8,8,10,47,17,1,6379,6333,88,1,2442,2496
7683659,1759213726,117472029,8,1,0,0,1,0,0,1,0,0,9,4,12,55,20,1,7339,7285,88,1,2001,2962
7683663,1759213758,0,0,0,0,0,0,0,0,0,0,0,0,4,3,10,3,1,4221,4212,0,0,0,0
7683666,1759213854,194637199,24,18,0,0,18,0,0,18,0,0,21,8,23,128,47,1,7165,7038,904,16,2540,9454
7683668,1759213902,190724864,18,2,0,0,2,0,0,2,0,0,20,6,20,104,38,1,5276,5173,136,1,2888,5974
7683671,1759213942,94882734,5,1,0,0,1,0,0,1,0,0,6,4,9,39,14,1,5349,5311,88,1,1851,1812
7683675,1759214005,165727417,12,1,0,0,1,0,0,1,0,0,13,6,17,79,29,1,5110,5032,88,1,2761,4510
7683679,1759214056,160751707,15,9,0,0,9,0,0,9,0,0,14,8,16,85,31,1,5155,5071,472,8,2555,5544
7683680,1759214088,95254734,5,1,0,0,1,0,0,1,0,0,6,8,10,42,15,1,5394,5353,88,1,1871,1813
7683682,1759214148,279736246,27,7,0,0,7,0,0,7,0,0,31,2,24,139,51,1,7561,7423,376,4,4049,11501
7683685,1759214209,283339175,30,8,0,0,8,0,0,8,0,0,34,4,29,161,59,1,6035,5875,424,6,3674,15720
7683686,1759214254,187894513,13,3,0,0,3,0,0,3,0,0,17,6,18,85,31,1,6385,6301,184,1,3186,6680
7683688,1759214342,254345384,27,14,0,0,14,0,0,14,0,0,31,2,22,134,49,1,7726,7593,712,13,3353,12132
7683690,1759214418,591790881,242,235,1,6,236,0,0,236,1,0,30,4,21,713,263,1,8316,7604,11368,234,3668,95321
7683693,1759214475,218105238,18,3,0,0,3,0,0,3,0,0,18,4,20,104,38,1,5866,5763,184,2,3371,9028
7683695,1759214505,8175600,1,1,0,0,1,0,0,1,0,0,1,6,6,20,7,1,5362,5343,88,1,120,479
7683697,1759214558,425450572,200,196,0,0,196,0,0,196,0,0,8,4,11,571,211,1,6727,6157,9448,196,2656,74653
7683701,1759214595,81978176,5,1,0,0,1,0,0,1,0,0,5,4,8,36,13,1,3260,3225,88,1,1522,1716
7683704,1759214631,171790839,20,14,0,0,14,0,0,14,0,0,14,8,17,101,37,1,5619,5519,712,13,2520,7500
7683706,1759214674,95206726,5,1,0,0,1,0,0,1,0,0,6,6,10,42,15,1,5532,5491,88,1,1891,1822
7683712,1759214742,317082459,40,20,0,0,20,0,0,20,0,0,30,4,26,179,66,1,7463,7285,1000,19,4209,17226
7683715,1759214783,66553039,7,1,0,0,1,0,0,1,0,0,8,12,14,58,21,1,5550,5493,88,0,958,2324
7683717,1759214823,189296727,21,14,0,0,14,0,0,14,0,0,16,6,18,107,39,1,4603,4497,712,12,2697,8834
7683718,1759214852,89626447,8,5,1,4,6,0,0,6,1,0,7,4,11,52,19,1,4939,4888,328,6,1414,3332
7683720,1759214910,322906973,31,6,0,0,6,0,0,6,0,0,36,2,30,166,61,1,6066,5901,328,5,4317,13549
7683722,1759214958,192972853,17,6,0,0,6,0,0,6,0,0,15,4,17,93,34,1,6813,6721,328,6,3008,5551
7683723,1759214996,178415483,13,3,0,0,3,0,0,3,0,0,16,4,16,80,29,1,5672,5593,184,3,2772,7896
7683726,1759215034,421854199,36,3,0,0,3,0,0,3,0,0,41,2,34,190,70,1,4510,4321,184,2,5402,21364
7683729,1759215067,307447501,31,6,0,0,6,0,0,6,0,0,37,6,29,164,60,1,4772,4609,328,5,4194,15897
7683733,1759215117,315903803,40,19,0,0,19,0,0,19,0,0,36,6,28,185,68,1,4399,4215,952,18,3564,24873
7683735,1759215151,138625026,9,3,0,0,3,0,0,3,0,0,12,8,17,71,26,1,4541,4471,184,3,2154,5359
7683737,1759215195,138420119,10,2,0,0,2,0,0,2,0,0,11,4,12,61,22,1,4384,4324,136,2,2073,4434
7683739,1759215237,173212156,15,6,0,0,6,0,0,6,0,0,15,4,16,85,31,1,5004,4920,328,6,2744,5745
7683742,1759215358,279445413,22,6,0,0,6,0,0,6,0,0,27,4,26,131,48,1,9107,8977,328,4,3935,10977
7683746,1759215404,108304178,8,1,0,0,1,0,0,1,0,0,10,6,14,61,22,1,4275,4215,88,1,1746,4164
7683750,1759215444,271244467,33,17,0,0,17,0,0,17,0,0,31,8,31,173,64,1,4249,4077,856,15,3605,15205
7683753,1759215532,465626028,53,10,0,0,10,0,0,10,0,0,65,8,58,301,111,1,6322,6022,520,8,5347,26966
7683756,1759215573,54776728,4,2,0,0,2,0,0,2,0,0,6,6,6,28,10,1,3931,3904,136,2,841,1866
7683757,1759215652,433422445,28,6,1,2,7,0,0,7,1,0,82,6,82,299,110,1,8179,7881,376,4,4210,17777
7683758,1759215707,10512852,1,1,0,0,1,0,0,1,0,0,2,2,4,15,5,1,5069,5055,88,1,97,444
7683762,1759215771,266508977,37,23,0,0,23,0,0,23,0,0,36,2,35,195,72,1,4967,4773,1144,22,2761,16986
7683765,1759215834,282407447,26,7,0,0,7,0,0,7,0,0,30,8,33,161,59,1,6243,6083,376,6,3779,15148
7683768,1759215881,86651213,4,1,0,0,1,0,0,1,0,0,5,6,10,39,14,1,5775,5737,88,1,1810,1813
7683770,1759215924,188718248,15,5,0,0,5,0,0,5,0,0,19,6,21,99,36,1,6258,6160,280,5,2784,6876
7683773,1759216001,263046216,28,14,1,2,15,0,0,15,1,0,31,4,28,152,56,1,6478,6327,760,12,3261,12537
7683778,1759216060,147378544,18,6,0,0,6,0,0,6,0,0,20,6,19,101,37,1,4597,4497,328,6,1948,7273
7683783,1759216146,283256409,33,5,0,0,5,0,0,5,0,0,39,10,38,193,71,1,8191,7999,280,5,3537,12486
7683788,1759216183,114083862,12,8,0,0,8,0,0,8,0,0,8,10,13,69,25,1,4571,4503,424,7,1960,4465
7683791,1759216261,356877229,38,18,1,6,19,0,0,19,1,0,27,10,32,190,70,1,6919,6730,952,19,3595,25077
7683794,1759216294,118983577,13,3,0,0,3,0,0,3,0,0,11,6,12,69,25,1,5411,5343,184,1,1610,4766
7683796,1759216331,146341376,13,4,0,0,4,0,0,4,0,0,16,6,16,79,29,1,5703,5625,232,4,2170,5351
7683797,1759216381,240025261,21,4,0,0,4,0,0,4,0,0,20,4,22,117,43,1,5145,5029,232,3,3913,10967
7683800,1759216465,389873934,48,23,0,0,23,0,0,23,0,0,42,2,37,230,85,1,8107,7878,1144,21,4444,24492
7683803,1759216489,103046594,6,2,0,0,2,0,0,2,0,0,8,6,11,47,17,1,4684,4638,136,2,1979,2170
7683806,1759216545,86327213,4,1,0,0,1,0,0,1,0,0,5,6,8,34,12,1,4642,4609,88,1,1750,1863
7683808,1759216586,146925443,10,2,0,0,2,0,0,2,0,0,12,6,13,63,23,1,4530,4468,136,1,2566,3414
7683810,1759216645,96801224,4,2,0,0,2,0,0,2,0,0,5,4,7,31,11,1,7315,7285,136,2,1823,2501
7683814,1759216683,253133978,18,4,0,0,4,0,0,4,0,0,21,4,21,106,39,1,5134,5029,232,3,3707,12401
7683817,1759216720,200436537,23,12,0,0,12,0,0,12,0,0,14,8,15,104,38,1,5138,5035,616,12,2988,11153
7683820,1759216771,63143810,22,22,0,0,22,0,0,22,0,0,6,6,11,90,33,1,6278,6189,1096,21,215,8339
7683823,1759216805,178078795,13,3,0,0,3,0,0,3,0,0,16,6,18,85,31,1,4158,4074,184,3,2874,7970
7683825,1759216871,533786598,118,6,0,0,6,0,0,6,0,0,124,6,23,382,141,1,6147,5766,328,5,4471,41459
7683829,1759216908,112058191,9,2,0,0,2,0,0,2,0,0,12,4,13,60,22,1,3819,3760,136,2,1680,4907
7683830,1759216948,166606790,25,19,0,0,19,0,0,19,0,0,15,8,18,117,43,1,5180,5064,952,18,2240,11081
7683836,1759217117,460967275,40,4,0,0,4,0,0,4,0,0,44,2,41,219,81,1,10352,10134,232,4,4737,28222
7683838,1759217151,90173401,11,3,0,0,3,0,0,3,0,0,14,12,15,72,26,1,4830,4759,184,2,1104,3185
7683839,1759217195,225566326,75,55,0,0,55,0,0,55,0,0,4,4,5,218,80,1,5698,5481,2680,55,1558,28480
7683842,1759217232,190091418,11,1,0,0,1,0,0,1,0,0,11,2,13,66,24,1,3710,3645,88,1,3229,5597
7683844,1759217269,242254467,25,15,0,0,15,0,0,15,0,0,22,6,27,142,52,1,4750,4609,760,13,3450,12753
7683846,1759217326,319551333,32,9,0,0,9,0,0,9,0,0,35,4,34,179,66,1,5207,5029,472,7,4047,16711
7683848,1759217346,68460557,3,2,1,2,3,0,0,3,1,0,3,4,5,23,8,1,5362,5340,184,3,1312,2094
7683852,1759217401,146790894,23,20,0,0,20,0,0,20,0,0,12,4,13,98,36,1,5690,5593,1000,18,1631,11165
7683854,1759217475,230618781,46,40,0,0,40,0,0,40,0,0,11,8,16,169,62,1,7036,6868,1960,40,2879,19346
7683858,1759217514,176370662,13,4,0,0,4,0,0,4,0,0,13,4,14,74,27,1,4256,4183,232,3,2635,6994
7683861,1759217548,269716330,29,17,0,0,17,0,0,17,0,0,26,8,27,153,56,1,4652,4500,856,15,3560,14232
7683867,1759217591,262817252,18,4,0,0,4,0,0,4,0,0,23,6,25,117,43,1,3203,3087,232,3,3553,11824
7683869,1759217638,298399164,70,59,0,0,59,0,0,59,0,0,19,12,26,261,96,1,4773,4513,2872,58,3177,29412
7683870,1759217690,5724236,1,1,0,0,1,0,0,1,0,0,0,4,1,7,2,1,4507,4501,88,1,95,399
7683871,1759217759,238952526,21,3,0,0,3,0,0,3,0,0,22,2,16,101,37,1,6847,6747,184,2,3306,10777
7683874,1759217830,326438771,53,30,0,0,30,0,0,30,0,0,34,2,28,220,81,1,6796,6577,1480,29,3065,22426
7683876,1759217858,146278702,12,2,0,0,2,0,0,2,0,0,12,6,12,66,24,1,5126,5061,136,2,2480,6532
7683879,1759217902,96668657,4,1,0,0,1,0,0,1,0,0,4,4,7,31,11,1,5341,5311,88,1,1858,2440
7683881,1759217947,204298644,16,2,0,0,2,0,0,2,0,0,18,6,19,95,35,1,4703,4609,136,2,3032,9369
7683883,1759217981,58301879,1,0,0,0,0,0,0,0,0,0,1,4,2,10,3,1,4333,4324,0,0,1306,1137
7683889,1759218046,298364708,44,27,1,9,28,0,0,28,1,0,28,4,27,193,71,1,4827,4635,1384,27,3307,20029
7683891,1759218080,103378906,5,2,0,0,2,0,0,2,0,0,6,12,12,47,17,1,4693,4647,136,1,2012,2586
7683893,1759218131,180039254,16,5,1,3,6,0,0,6,1,0,12,4,16,88,32,1,4552,4465,328,6,2720,7086
7683895,1759218179,164364090,20,4,0,0,4,0,0,4,0,0,12,4,13,90,33,1,4836,4747,232,4,2138,6825
7683900,1759218209,122663544,10,5,0,0,5,0,0,5,0,0,9,4,12,61,22,1,3849,3789,280,5,2211,3756
7683903,1759218297,187638887,22,15,0,0,15,0,0,15,0,0,16,10,22,120,44,1,9564,9445,760,15,2419,10777
7683905,1759218332,143602930,32,30,1,29,31,0,0,31,1,0,4,6,9,113,41,1,6301,6189,1528,31,1527,12867
7683907,1759218409,275060459,23,5,0,0,5,0,0,5,0,0,27,4,25,131,48,1,5611,5481,280,3,4084,10895
7683909,1759218453,95561142,8,1,0,0,1,0,0,1,0,0,7,4,9,47,17,1,5921,5875,88,0,1582,3036
7683912,1759218494,35287065,2,0,0,0,0,0,0,0,0,0,2,4,5,20,7,1,5782,5763,0,0,735,637
7683914,1759218543,430896110,9,6,0,0,6,0,0,6,0,0,147,6,153,438,162,1,5610,5173,328,5,1505,9096
7683917,1759218578,34760696,9,9,0,0,9,0,0,9,0,0,6,4,8,47,17,1,5075,5029,472,8,151,3534
7683919,1759218628,41740466,2,1,0,0,1,0,0,1,0,0,4,6,7,26,9,1,4945,4920,88,1,678,961
7683920,1759218671,280971772,23,4,0,0,4,0,0,4,0,0,28,4,28,139,51,1,5731,5593,232,2,4165,10763
7683922,1759218726,115608663,9,3,0,0,3,0,0,3,0,0,13,2,13,61,22,1,4663,4603,184,2,1683,5249
7683924,1759218758,129175077,7,1,0,0,1,0,0,1,0,0,8,4,9,44,16,1,5777,5734,88,1,2630,2591
7683930,1759218833,173453487,28,21,0,0,21,0,0,21,0,0,19,4,18,126,46,1,6032,5907,1048,20,1896,12407
7683936,1759218890,178820664,20,12,0,0,12,0,0,12,0,0,14,12,20,109,40,1,5713,5605,616,12,2518,7950
7683939,1759218940,95110710,5,1,0,0,1,0,0,1,0,0,6,12,7,33,12,1,5525,5493,88,1,1832,1741
7683940,1759218977,185338310,19,13,0,0,13,0,0,13,0,0,20,6,14,91,33,1,5151,5061,664,12,2623,7936
7683943,1759219041,189518019,40,35,0,0,35,0,0,35,0,0,23,2,14,147,54,1,6441,6295,1720,34,1638,15587
7683946,1759219096,94094801,5,2,0,0,2,0,0,2,0,0,7,6,10,42,15,1,5948,5907,136,1,1738,2253
7683950,1759219146,35791134,8,7,0,0,7,0,0,7,0,0,5,6,10,50,18,1,7930,7881,376,7,185,2807
7683954,1759219198,108816834,5,2,0,0,2,0,0,2,0,0,7,8,13,50,18,1,6212,6163,136,2,1885,3001
7683957,1759219242,169039574,26,21,0,0,21,0,0,21,0,0,14,8,16,115,42,1,4896,4782,1048,20,2145,10673
7683960,1759219302,286234571,46,19,0,0,19,0,0,19,0,0,38,6,28,201,74,1,7629,7429,952,17,3171,17049
7683962,1759219342,148078864,10,2,0,0,2,0,0,2,0,0,12,6,14,66,24,1,5408,5343,136,1,2616,3547
7683964,1759219373,108792830,5,2,0,0,2,0,0,2,0,0,7,4,10,42,15,1,5099,5058,136,2,1946,3122
7683968,1759219406,95446766,5,1,0,0,1,0,0,1,0,0,6,4,9,39,14,1,3968,3930,88,1,1787,1813
7683972,1759219482,213195684,30,21,0,0,21,0,0,21,0,0,20,8,25,150,55,1,4515,4366,1048,20,2738,12225
7683974,1759219525,94882734,5,1,0,0,1,0,0,1,0,0,6,8,12,47,17,1,7084,7038,88,1,1991,1964
7683976,1759219597,244752311,20,7,0,0,7,0,0,7,0,0,24,4,24,120,44,1,6840,6721,376,6,4206,9603
7683979,1759219626,0,0,0,0,0,0,0,0,0,0,0,0,4,1,4,1,1,4638,4635,0,0,0,0
7683983,1759219677,86627209,4,1,0,0,1,0,0,1,0,0,5,6,8,34,12,1,7180,7147,88,1,1942,1977
7683987,1759219716,109290925,19,13,0,0,13,0,0,13,0,0,16,8,18,101,37,1,4318,4218,664,12,1185,7876
7683989,1759219767,174128856,13,2,0,0,2,0,0,2,0,0,15,8,17,82,30,1,4834,4753,136,2,3130,6319
7683992,1759219810,35419065,2,0,0,0,0,0,0,0,0,0,2,4,3,15,5,1,5325,5311,0,0,831,727
7683994,1759219851,161728158,10,3,0,0,3,0,0,3,0,0,11,6,11,58,21,1,5682,5625,184,3,2953,6187
7683996,1759219904,148340071,13,2,0,0,2,0,0,2,0,0,14,4,12,69,25,1,5520,5452,136,1,2530,5796
7684000,1759219948,242786207,29,19,0,0,19,0,0,19,0,0,23,4,24,144,53,1,4073,3930,952,17,3241,16204
7684002,1759220024,386726043,51,28,0,0,28,0,0,28,0,0,41,8,43,254,94,1,7576,7323,1384,26,4444,29884
7684003,1759220073,137369598,13,5,0,0,5,0,0,5,0,0,17,4,15,77,28,1,4747,4671,280,5,1920,7691
7684009,1759220118,332929141,35,15,0,0,15,0,0,15,0,0,41,2,35,190,70,1,5526,5337,760,13,4320,19840
7684015,1759220162,87624938,9,0,0,0,0,0,0,0,0,0,10,12,15,66,24,1,5388,5323,0,0,1647,3577
7684016,1759220202,179218124,15,5,0,0,5,0,0,5,0,0,17,12,24,107,39,1,7009,6903,280,5,3010,6171
7684019,1759220266,215922622,17,4,0,0,4,0,0,4,0,0,18,2,19,98,36,1,4729,4632,232,4,3637,9977
7684022,1759220304,195979457,16,9,1,4,10,0,0,10,1,0,16,6,21,101,37,1,5555,5455,520,8,3405,7009
7684024,1759220334,118075974,10,1,0,0,1,0,0,1,0,0,11,6,14,66,24,1,4956,4891,88,1,1971,6322
7684026,1759220371,160694075,11,3,0,0,3,0,0,3,0,0,14,4,16,74,27,1,5554,5481,184,3,2784,4932
7684027,1759220413,12738702,2,2,1,2,3,0,0,3,1,0,2,4,6,23,8,1,5785,5763,184,3,114,1073
7684031,1759220450,283032162,33,15,0,0,15,0,0,15,0,0,32,2,26,160,59,1,3916,3757,760,13,3943,14185
7684035,1759220488,10524852,1,1,0,0,1,0,0,1,0,0,2,8,5,18,6,1,4376,4359,88,1,110,490
7684040,1759220530,115982819,5,1,0,0,1,0,0,1,0,0,7,8,14,53,19,1,4241,4189,88,1,2510,2560
7684043,1759220598,218323005,21,13,0,0,13,0,0,13,0,0,19,10,24,123,45,1,6147,6025,664,12,3531,9806
7684045,1759220652,199175443,18,8,0,0,8,0,0,8,0,0,21,6,21,107,39,1,4566,4460,424,6,3262,8084
7684048,1759220696,179928001,11,4,0,0,4,0,0,4,0,0,15,4,19,83,30,1,4547,4465,232,4,3362,5177
7684050,1759220734,92217075,6,1,0,0,1,0,0,1,0,0,8,6,12,50,18,1,4123,4074,88,1,1849,3144
7684054,1759220774,192502059,17,5,0,0,5,0,0,5,0,0,19,4,15,88,32,1,4440,4353,280,4,3156,7707
7684057,1759220816,28549294,11,11,0,0,11,0,0,11,0,0,2,8,6,47,17,1,5645,5599,568,11,151,4623
7684062,1759220873,92210787,5,2,0,0,2,0,0,2,0,0,6,6,10,42,15,1,6512,6471,136,2,1968,2429
7684065,1759220914,41614336,2,1,0,0,1,0,0,1,0,0,4,10,10,34,12,1,5100,5067,88,0,763,1037
7684069,1759220941,107257082,6,4,0,0,4,0,0,4,0,0,7,6,11,47,17,1,4402,4356,232,4,2074,3701
7684072,1759221027,156461577,22,16,0,0,16,0,0,16,0,0,19,8,23,123,45,1,7583,7461,808,13,1961,11374
7684074,1759221072,213783159,22,4,0,0,4,0,0,4,0,0,27,6,26,130,48,1,5472,5343,232,2,3104,10610
7684075,1759221119,298890383,27,7,0,0,7,0,0,7,0,0,35,4,32,161,59,1,5612,5452,376,4,4480,15680
7684077,1759221188,252325522,38,28,1,3,29,0,0,29,1,0,22,2,22,163,60,1,8883,8721,1432,26,3695,16208
7684079,1759221238,35504347,2,0,0,0,0,0,0,0,0,0,2,4,5,20,7,1,6772,6753,0,0,751,773
7684081,1759221285,12795882,2,2,0,0,2,0,0,2,0,0,2,4,3,15,5,1,4508,4494,136,2,132,816
7684085,1759221335,165550780,19,15,0,0,15,0,0,15,0,0,15,4,18,101,37,1,4988,4888,760,14,2051,9112
7684086,1759221372,44698949,3,1,0,0,1,0,0,1,0,0,4,8,5,23,8,1,5339,5317,88,0,818,1088
7684088,1759221417,45915321,3,1,0,0,1,0,0,1,0,0,4,2,5,23,8,1,3920,3898,88,1,817,1117
7684091,1759221454,64745042,2,1,0,0,1,0,0,1,0,0,2,4,3,15,5,1,5889,5875,88,1,1356,1573
7684094,1759221499,94172620,3,1,0,0,1,0,0,1,0,0,4,6,7,28,10,1,5482,5455,88,1,1829,2111
7684096,1759221531,156848314,11,2,0,0,2,0,0,2,0,0,12,6,14,69,25,1,6087,6019,136,2,2643,4963
7684102,1759221618,182304940,23,15,0,0,15,0,0,15,0,0,16,4,15,104,38,1,7106,7003,760,14,2601,8591
7684105,1759221690,240116332,19,4,0,0,4,0,0,4,0,0,22,12,25,120,44,1,8826,8707,232,3,3580,8888
7684110,1759221721,0,0,0,0,0,0,0,0,0,0,0,0,6,2,7,2,1,4503,4497,0,0,0,0
7684112,1759221764,107258484,8,3,0,0,3,0,0,3,0,0,9,10,15,63,23,1,4424,4362,184,3,1894,2712
7684114,1759221821,161609909,26,21,0,0,21,0,0,21,0,0,15,4,17,118,43,1,7152,7035,1048,20,2047,10010
7684121,1759221891,228598465,18,5,0,0,5,0,0,5,0,0,19,4,21,107,39,1,6715,6609,280,4,3503,9408
7684122,1759221928,39391214,2,1,0,0,1,0,0,1,0,0,3,14,10,33,12,1,6797,6765,88,1,742,1064
7684123,1759221970,219331634,17,4,0,0,4,0,0,4,0,0,21,2,18,96,35,1,7124,7029,232,2,3660,9139
7684126,1759222026,154470183,20,13,0,0,13,0,0,13,0,0,19,2,20,109,40,1,6403,6295,664,12,1814,10167
7684129,1759222067,200115128,20,4,0,0,4,0,0,4,0,0,26,6,26,125,46,1,4592,4468,232,2,2808,11900
7684132,1759222107,169428668,15,1,0,0,1,0,0,1,0,0,14,6,17,88,32,1,4273,4186,88,1,2674,8423
7684135,1759222136,55133902,4,3,0,0,3,0,0,3,0,0,7,6,9,36,13,1,5378,5343,184,2,780,1815
7684136,1759222176,218297010,23,2,0,0,2,0,0,2,0,0,14,6,19,115,42,1,5287,5173,136,2,2793,14614
7684137,1759222223,170893720,23,16,0,0,16,0,0,16,0,0,17,2,17,109,40,1,5557,5449,808,16,2401,10723
7684141,1759222280,322468925,125,118,0,0,118,0,0,118,0,0,17,2,13,374,138,1,5710,5337,5704,117,2118,50328
7684142,1759222322,41620464,2,1,0,0,1,0,0,1,0,0,4,8,9,31,11,1,8055,8025,88,1,728,968
7684144,1759222359,173637834,13,2,0,0,2,0,0,2,0,0,16,2,16,80,29,1,4288,4209,136,2,2768,6376
7684145,1759222395,35348347,2,0,0,0,0,0,0,0,0,0,2,4,6,23,8,1,5051,5029,0,0,835,742
7684148,1759222438,128306716,9,2,0,0,2,0,0,2,0,0,11,2,11,55,20,1,2538,2484,136,2,2363,4912
7684149,1759222486,271644371,27,13,0,0,13,0,0,13,0,0,31,6,31,158,58,1,5330,5173,664,12,3662,12011
7684152,1759222516,641417953,95,2,0,0,2,0,0,2,0,0,183,2,184,756,279,1,4964,4209,136,2,3399,17783
7684157,1759222554,198078960,18,7,0,0,7,0,0,7,0,0,20,6,21,107,39,1,3616,3510,376,6,3387,8365
7684162,1759222595,174856756,25,20,0,0,20,0,0,20,0,0,12,10,22,128,47,1,5306,5179,1000,20,2435,9915
7684164,1759222596,234265740,24,10,0,0,10,0,0,10,0,0,28,10,28,142,52,1,6054,5913,520,8,3318,13584
7684168,1759222695,281161764,32,14,1,7,15,0,0,15,1,0,29,4,30,169,62,1,6607,6439,760,15,3893,14176
7684169,1759222759,95590790,5,1,0,0,1,0,0,1,0,0,6,8,10,42,15,1,10040,9999,88,1,1948,1909
7684174,1759222790,33759630,1,0,0,0,0,0,0,0,0,0,2,2,4,15,5,1,3941,3927,0,0,759,514
7684181,1759222838,262680412,36,21,0,0,21,0,0,21,0,0,23,10,26,168,62,1,5205,5038,1048,21,3726,15023
7684187,1759222872,127056158,34,30,0,0,30,0,0,30,0,0,12,14,13,128,47,1,5482,5355,1480,28,1259,12644
7684190,1759222935,350861391,38,8,0,0,8,0,0,8,0,0,45,12,41,214,79,1,6664,6451,424,6,4562,19831
7684193,1759222963,173613826,13,2,0,0,2,0,0,2,0,0,16,6,18,85,31,1,4270,4186,136,2,2971,6500
7684197,1759222997,160949960,17,2,0,0,2,0,0,2,0,0,21,6,20,101,37,1,5443,5343,136,1,2015,10886
7684200,1759223049,426237161,63,34,0,0,34,0,0,34,0,0,50,8,49,303,112,1,3641,3339,1672,32,4724,29373
7684201,1759223089,94966686,5,1,0,0,1,0,0,1,0,0,6,6,11,44,16,1,5075,5032,88,1,1825,1804
7684205,1759223151,378215871,40,8,0,0,8,0,0,8,0,0,46,2,38,211,78,1,6223,6013,424,6,4842,18182
7684207,1759223203,192854603,22,12,0,0,12,0,0,12,0,0,15,8,17,106,39,1,5422,5317,616,12,3156,10622
7684212,1759223235,108105575,8,2,0,0,2,0,0,2,0,0,11,4,11,53,19,1,4405,4353,136,1,2038,6124
7684216,1759223293,312770149,42,15,0,0,15,0,0,15,0,0,39,10,40,223,82,1,6417,6195,760,14,4155,26904
7684222,1759223337,193414255,14,2,0,0,2,0,0,2,0,0,17,8,23,101,37,1,4289,4189,136,2,3801,9757
7684225,1759223401,335934117,33,6,1,2,7,0,0,7,1,0,40,12,39,195,72,1,8507,8313,376,6,6297,18452
7684226,1759223450,206780344,15,3,0,0,3,0,0,3,0,0,18,6,21,99,36,1,7979,7881,184,3,3609,9326
7684229,1759223555,218730756,30,19,0,0,19,0,0,19,0,0,22,2,22,141,52,1,7704,7564,952,18,3147,13849
7684232,1759223622,468249559,54,11,1,2,12,0,0,12,1,0,67,6,58,304,112,1,6104,5801,616,11,5774,29559
7684235,1759223666,521026797,35,2,0,0,2,0,0,2,0,0,37,6,39,202,74,1,4452,4251,136,2,5913,36081
7684238,1759223702,8187602,1,1,0,0,1,0,0,1,0,0,1,6,4,15,5,1,4229,4215,88,1,160,467
7684239,1759223798,230449032,25,9,0,0,9,0,0,9,0,0,24,6,25,136,50,1,8410,8275,472,8,7427,30514
7684241,1759223842,111414649,17,13,0,0,13,0,0,13,0,0,19,2,15,88,32,1,5142,5055,664,11,1084,6558
7684242,1759223899,406751579,14,4,0,0,4,0,0,4,0,0,112,4,114,347,128,1,9041,8695,232,3,3197,9633
7684245,1759223935,207479845,17,3,0,0,3,0,0,3,0,0,23,2,22,106,39,1,4596,4491,184,2,3333,10726
7684248,1759223970,163830950,11,2,0,0,2,0,0,2,0,0,14,6,18,79,29,1,3588,3510,136,1,3182,5909
7684251,1759224029,1087500472,83,10,0,0,10,0,0,10,0,0,114,6,114,533,197,1,5846,5314,520,8,9069,79676
7684255,1759224089,371381314,55,31,0,0,31,0,0,31,0,0,47,6,36,247,91,1,6265,6019,1528,26,4315,26540
7684258,1759224121,77844506,19,18,0,0,18,0,0,18,0,0,4,8,6,69,25,1,4568,4500,904,18,849,7013
7684263,1759224159,212909414,20,7,0,0,7,0,0,7,0,0,24,6,27,128,47,1,4736,4609,376,5,2956,10688
7684268,1759224218,46180046,16,16,0,0,16,0,0,16,0,0,3,10,6,60,22,1,5017,4958,808,16,262,6167
7684270,1759224264,128797639,25,19,0,0,19,0,0,19,0,0,11,10,15,109,40,1,5457,5349,952,19,1682,10391
7684274,1759224301,109196164,10,2,0,0,2,0,0,2,0,0,12,4,10,55,20,1,5083,5029,136,2,1629,4438
7684276,1759224342,167290518,28,18,0,0,18,0,0,18,0,0,15,8,19,128,47,1,4768,4641,904,17,2012,13235
7684280,1759224376,116716628,35,31,0,0,31,0,0,31,0,0,8,4,9,120,44,1,4161,4042,1528,29,1091,13323
7684281,1759224418,438442814,109,82,1,42,83,0,0,83,1,0,41,8,37,395,146,1,6839,6445,4024,80,3366,47679
7684284,1759224466,122735073,8,1,0,0,1,0,0,1,0,0,10,2,10,50,18,1,5386,5337,88,1,2302,4582
7684287,1759224502,113650833,9,1,0,0,1,0,0,1,0,0,10,6,12,58,21,1,5794,5737,88,0,1893,6150
7684291,1759224541,272568077,26,8,0,0,8,0,0,8,0,0,31,6,33,161,59,1,4375,4215,424,7,3934,12925
7684293,1759224577,251889504,34,2,0,0,2,0,0,2,0,0,17,8,20,147,54,1,4223,4077,136,2,3488,15010
7684298,1759224625,240657147,32,12,0,0,12,0,0,12,0,0,31,4,31,171,63,1,4382,4212,616,10,2694,15711
7684300,1759224691,437590838,62,26,1,20,27,0,0,27,1,0,48,10,44,287,106,1,5888,5602,1336,25,4460,32016
7684302,1759224772,288063575,26,5,0,0,5,0,0,5,0,0,35,4,32,158,58,1,7160,7003,280,4,4417,14131
7684306,1759224806,188202284,31,24,0,0,24,0,0,24,0,0,12,4,15,126,46,1,4196,4071,1192,24,2706,12124
7684307,1759224871,253567357,28,2,0,0,2,0,0,2,0,0,26,8,29,155,57,1,9762,9608,136,2,3221,10735
7684312,1759224912,197497233,16,2,0,0,2,0,0,2,0,0,20,2,20,98,36,1,3854,3757,136,1,3119,9922
7684314,1759224963,330109483,44,24,0,0,24,0,0,24,0,0,37,10,33,209,77,1,7925,7717,1192,22,3892,17676
7684319,1759225001,253943167,22,5,0,0,5,0,0,5,0,0,29,4,28,136,50,1,4600,4465,280,4,3617,11498
7684321,1759225035,0,0,0,0,0,0,0,0,0,0,0,0,10,5,15,5,1,4799,4785,0,0,0,0
7684324,1759225074,281678957,31,8,0,0,8,0,0,8,0,0,33,4,31,169,62,1,4351,4183,424,8,3293,14989
7684326,1759225135,353830106,46,20,0,0,20,0,0,20,0,0,45,6,39,230,85,1,5290,5061,1000,16,4045,24104
7684327,1759225167,0,0,0,0,0,0,0,0,0,0,0,0,4,3,9,3,1,6053,6045,0,0,0,0
7684333,1759225199,1031284812,78,8,0,0,8,0,0,8,0,0,82,2,81,430,159,1,4356,3927,424,6,9380,78574
7684335,1759225245,127173892,10,3,0,0,3,0,0,3,0,0,15,12,21,85,31,1,5125,5041,184,2,1833,6115
7684339,1759225286,249047540,20,4,0,0,4,0,0,4,0,0,25,4,22,115,42,1,4185,4071,232,2,3985,9050
7684342,1759225333,372030869,51,21,0,0,21,0,0,21,0,0,47,8,46,263,97,1,4874,4612,1048,18,4104,24841
7684344,1759225393,477127304,42,10,0,0,10,0,0,10,0,0,45,6,43,231,85,1,6531,6301,520,7,5346,30691
7684346,1759225447,143045936,14,9,0,0,9,0,0,9,0,0,9,4,11,69,25,1,3372,3304,472,9,2556,5602
7684348,1759225506,246068839,25,8,1,2,9,0,0,9,1,0,29,4,27,141,52,1,6044,5904,472,8,3303,13566
7684351,1759225554,208373421,17,2,0,0,2,0,0,2,0,0,20,4,18,95,35,1,5123,5029,136,1,3365,6430
7684356,1759225597,118416089,23,12,0,0,12,0,0,12,0,0,10,6,11,93,34,1,5435,5343,616,11,1073,9806
7684357,1759225662,202182402,14,2,0,0,2,0,0,2,0,0,18,10,26,110,40,1,10082,9973,136,1,3316,7843
7684360,1759225714,239497737,19,5,0,0,5,0,0,5,0,0,20,2,21,109,40,1,4570,4462,280,5,3372,11753
7684364,1759225754,184509589,13,2,0,0,2,0,0,2,0,0,16,6,20,90,33,1,4445,4356,136,2,3160,6210
7684365,1759225793,619745239,55,8,1,3,9,0,0,9,1,0,60,8,49,282,104,1,5598,5317,472,9,5452,39813
7684367,1759225854,263294882,31,17,0,0,17,0,0,17,0,0,22,2,22,145,53,1,8413,8269,856,17,3456,16469
7684372,1759225883,44698949,3,1,0,0,1,0,0,1,0,0,4,4,3,18,6,1,4059,4042,88,0,959,2150
7684379,1759225969,270096092,32,14,1,5,15,0,0,15,1,0,28,10,30,169,62,1,5488,5320,760,15,3523,14882
7684381,1759226004,168316070,20,14,0,0,14,0,0,14,0,0,13,14,14,93,34,1,5418,5326,712,14,2395,7765
7684382,1759226043,150670391,12,6,0,0,6,0,0,6,0,0,12,4,15,74,27,1,5304,5231,328,5,2468,4476
7684383,1759226118,261309724,25,11,1,6,12,0,0,12,1,0,24,2,25,137,50,1,5762,5626,616,11,3821,11383
7684388,1759226158,298967577,29,6,0,0,6,0,0,6,0,0,36,2,29,158,58,1,3520,3363,328,4,4342,11679
7684391,1759226198,132267113,7,2,0,0,2,0,0,2,0,0,10,10,17,66,24,1,4539,4474,136,1,2486,2860
7684394,1759226224,384682498,38,20,0,0,20,0,0,20,0,0,26,6,30,185,68,1,4681,4497,1000,19,3578,28960
7684396,1759226293,219292638,21,9,1,6,10,0,0,10,1,0,20,6,24,123,45,1,9131,9009,520,9,3189,9127
7684399,1759226396,218444466,16,4,0,0,4,0,0,4,0,0,23,4,24,109,40,1,8662,8554,232,2,3248,8208
7684402,1759226455,462440524,46,18,0,0,18,0,0,18,0,0,47,6,42,239,88,1,7667,7429,904,16,4893,27158
7684405,1759226505,256918652,43,26,0,0,26,0,0,26,0,0,29,6,21,174,64,1,5798,5625,1288,23,3045,16057
7684407,1759226577,380100001,42,22,0,0,22,0,0,22,0,0,35,6,40,223,82,1,6411,6189,1096,20,4250,24052
7684410,1759226633,263151419,22,5,0,0,5,0,0,5,0,0,31,4,31,144,53,1,5092,4949,280,3,3549,11134
7684412,1759226680,192457844,14,3,0,0,3,0,0,3,0,0,18,6,22,98,36,1,4912,4815,184,2,3321,6625
7684415,1759226711,138360310,12,1,0,0,1,0,0,1,0,0,12,4,16,77,28,1,4147,4071,88,1,2527,4405
7684419,1759226772,382115005,34,8,0,0,8,0,0,8,0,0,39,6,37,192,71,1,5928,5737,424,6,4185,18540
7684422,1759226811,197244141,20,10,0,0,10,0,0,10,0,0,18,8,22,114,42,1,4443,4330,520,9,2496,12655
7684428,1759226862,115618100,8,3,0,0,3,0,0,3,0,0,11,6,13,58,21,1,4243,4186,184,3,1992,2854
7684430,1759226900,94786718,5,1,0,0,1,0,0,1,0,0,6,12,13,50,18,1,4526,4477,88,1,1783,1756
7684431,1759226921,266855782,28,1,0,0,1,0,0,1,0,0,15,4,18,125,46,1,5041,4917,88,1,3159,14478
7684433,1759226963,158326582,8,1,0,0,1,0,0,1,0,0,10,2,12,55,20,1,3699,3645,88,0,3007,3029
7684436,1759227018,261190047,31,17,0,0,17,0,0,17,0,0,22,4,22,144,53,1,4637,4494,856,17,3912,13904
7684438,1759227063,201637667,29,4,0,0,4,0,0,4,0,0,20,6,18,128,47,1,4877,4750,232,2,2631,7851
7684442,1759227113,149083925,10,3,0,0,3,0,0,3,0,0,13,4,15,69,25,1,4815,4747,184,3,2627,3461
7684444,1759227147,41740395,2,1,0,0,1,0,0,1,0,0,4,8,7,26,9,1,5342,5317,88,1,730,1044
7684445,1759227196,155690744,12,3,0,0,3,0,0,3,0,0,15,4,15,74,27,1,5554,5481,184,3,2609,4304
7684450,1759227248,289307148,42,30,0,0,30,0,0,30,0,0,25,2,26,184,68,1,4330,4147,1480,27,2819,20570
7684452,1759227304,178657827,11,1,0,0,1,0,0,1,0,0,13,10,22,90,33,1,7806,7717,88,1,3213,4661
7684454,1759227366,176228213,11,2,0,0,2,0,0,2,0,0,14,4,12,63,23,1,5684,5622,136,1,3184,4109
7684455,1759227412,95590790,5,1,0,0,1,0,0,1,0,0,6,4,10,42,15,1,5775,5734,88,1,1791,1810
7684457,1759227451,45545129,3,1,0,0,1,0,0,1,0,0,4,2,4,20,7,1,5891,5872,88,0,834,1107
7684460,1759227516,1073788956,226,6,0,0,6,0,0,6,0,0,234,4,48,741,274,1,6051,5311,328,5,7865,92249
7684463,1759227563,308465457,33,12,0,0,12,0,0,12,0,0,36,6,34,182,67,1,5072,4891,616,10,4400,16873
7684465,1759227622,526739129,39,5,1,2,6,0,0,6,1,0,43,6,45,228,84,1,6275,6048,328,5,5721,36620
7684470,1759227669,208075764,21,4,0,0,4,0,0,4,0,0,24,4,20,112,41,1,4294,4183,232,2,2858,7090
7684474,1759227695,61933748,29,29,0,0,29,0,0,29,0,0,2,10,8,101,37,1,4292,4192,1432,28,207,11021
7684479,1759227735,460779657,33,3,0,0,3,0,0,3,0,0,37,8,38,193,71,1,4522,4330,184,3,4875,55004
7684483,1759227792,784718775,154,25,0,0,25,0,0,25,0,0,27,10,30,498,184,1,5817,5320,1240,23,7064,65242
7684486,1759227860,183082374,22,6,0,0,6,0,0,6,0,0,15,8,20,115,42,1,5112,4998,328,6,2718,6253
7684487,1759227899,124358239,6,1,0,0,1,0,0,1,0,0,8,6,11,47,17,1,5219,5173,88,0,2442,2300
7684489,1759227948,186138402,17,5,0,0,5,0,0,5,0,0,18,2,15,87,32,1,7538,7452,280,4,2768,6113
7684492,1759228020,288790635,23,6,0,0,6,0,0,6,0,0,26,4,27,136,50,1,5898,5763,328,6,3849,14042
7684493,1759228059,95350750,5,1,0,0,1,0,0,1,0,0,6,6,11,44,16,1,6796,6753,88,1,1869,1832
7684495,1759228160,217674946,34,28,0,0,28,0,0,28,0,0,20,2,22,152,56,1,12368,12217,1384,27,2576,14007
7684499,1759228238,267274772,20,5,0,0,5,0,0,5,0,0,22,4,23,117,43,1,10785,10669,280,5,3385,12097
7684501,1759228281,154400574,11,3,0,0,3,0,0,3,0,0,14,8,14,69,25,1,6231,6163,184,2,2621,3925
7684505,1759228317,133480902,8,2,0,0,2,0,0,2,0,0,10,4,13,58,21,1,5650,5593,136,2,2136,4540
7684506,1759228352,229377401,20,7,0,0,7,0,0,7,0,0,19,8,22,114,42,1,5459,5346,376,7,3371,10718
7684508,1759228391,188042332,21,13,0,0,13,0,0,13,0,0,16,2,18,107,39,1,4004,3898,664,12,2284,10280
7684509,1759228439,128712065,7,2,0,0,2,0,0,2,0,0,8,4,9,45,16,1,5669,5625,136,1,2440,2960
7684510,1759228469,95014694,5,1,0,0,1,0,0,1,0,0,6,2,7,33,12,1,5969,5937,88,1,1933,1842
7684513,1759228519,313724278,23,5,0,0,5,0,0,5,0,0,28,2,29,142,52,1,5196,5055,280,4,5056,13590
7684515,1759228588,340390308,33,6,0,0,6,0,0,6,0,0,41,6,41,201,74,1,9885,9685,328,4,4643,15998
7684517,1759228624,115036308,5,1,0,0,1,0,0,1,0,0,5,4,6,31,11,1,4495,4465,88,1,1996,4252
7684521,1759228680,296106256,33,19,0,0,19,0,0,19,0,0,29,4,28,166,61,1,4771,4606,952,17,3975,14967
7684522,1759228725,239270565,20,8,0,0,8,0,0,8,0,0,19,8,22,114,42,1,6446,6333,424,8,3146,10292
7684526,1759228792,153614159,9,2,0,0,2,0,0,2,0,0,10,2,12,58,21,1,7480,7423,136,1,2566,4179
7684531,1759228831,135103784,9,3,0,0,3,0,0,3,0,0,12,8,15,66,24,1,4818,4753,184,2,1969,4053
7684532,1759228875,250548470,23,7,0,0,7,0,0,7,0,0,24,10,28,139,51,1,6051,5913,376,6,3223,10750
7684533,1759228917,175635789,25,17,0,0,17,0,0,17,0,0,17,2,19,120,44,1,6302,6183,856,17,1962,14685
7684537,1759228979,134221193,8,2,0,0,2,0,0,2,0,0,9,2,11,53,19,1,4937,4885,136,2,2624,2983
7684539,1759229018,95590790,5,1,0,0,1,0,0,1,0,0,6,8,11,45,16,1,5704,5660,88,1,1873,1743
7684543,1759229102,121056834,7,1,0,0,1,0,0,1,0,0,9,4,12,52,19,1,6208,6157,88,1,2181,2503
7684544,1759229129,124538336,6,1,0,0,1,0,0,1,0,0,8,8,13,53,19,1,6497,6445,88,1,2370,2240
7684548,1759229163,154988077,17,11,0,0,11,0,0,11,0,0,16,2,13,82,30,1,4120,4039,568,9,5022,18687
7684549,1759229237,158129073,10,3,0,0,3,0,0,3,0,0,12,8,17,74,27,1,10748,10675,184,2,7207,10658
7684551,1759229300,95446766,5,1,0,0,1,0,0,1,0,0,6,2,7,34,12,1,9036,9003,88,1,3485,3234
7684553,1759229331,99982050,8,2,0,0,2,0,0,2,0,0,9,4,12,55,20,1,6775,6721,136,2,2011,3821
7684554,1759229382,137296675,9,2,0,0,2,0,0,2,0,0,10,4,12,58,21,1,4522,4465,136,2,3345,4104
7684556,1759229424,167499846,41,37,0,0,37,0,0,37,0,0,8,2,9,136,50,1,4456,4321,1816,36,4927,40738
7684558,1759229463,161293003,12,2,0,0,2,0,0,2,0,0,14,4,14,72,26,1,4536,4465,136,0,7777,11241
7684562,1759229504,173621318,25,20,0,0,20,0,0,20,0,0,14,4,14,107,39,1,4007,3901,1000,19,6032,26747
7684564,1759229558,230788766,21,4,0,0,4,0,0,4,0,0,27,8,25,125,46,1,5723,5599,232,2,9712,30140
7684566,1759229605,95074766,5,1,0,0,1,0,0,1,0,0,6,4,7,33,12,1,5263,5231,88,0,1840,1778
7684568,1759229691,215595822,15,3,0,0,3,0,0,3,0,0,20,4,22,101,37,1,8683,8583,184,2,3217,8453
7684572,1759229742,193537125,14,3,0,0,3,0,0,3,0,0,18,4,20,93,34,1,6137,6045,184,2,3181,6896
7684574,1759229778,126403567,29,23,0,0,23,0,0,23,0,0,16,8,21,137,50,1,5171,5035,1144,21,1060,10952
7684576,1759229818,149331081,10,2,0,0,2,0,0,2,0,0,11,4,14,66,24,1,3854,3789,136,1,2236,6842
7684579,1759229871,103211568,6,2,0,0,2,0,0,2,0,0,8,4,12,50,18,1,5360,5311,136,2,1786,2375
7684580,1759229920,174367556,11,2,0,0,2,0,0,2,0,0,13,6,14,69,25,1,9077,9009,136,2,3191,4160
7684581,1759229971,173166698,27,21,0,0,21,0,0,21,0,0,11,2,12,107,39,1,7811,7705,1048,20,2185,12052
7684583,1759230033,202526373,23,15,0,0,15,0,0,15,0,0,16,2,17,109,40,1,7419,7311,760,14,2841,9222
7684586,1759230071,480648704,170,161,0,0,161,0,0,161,0,0,20,4,22,520,192,1,5830,5311,7768,159,3772,63889
7684589,1759230109,136352618,9,3,0,0,3,0,0,3,0,0,10,6,12,58,21,1,4666,4609,184,2,2130,5152
7684592,1759230165,102605140,6,2,0,0,2,0,0,2,0,0,8,6,11,47,17,1,4796,4750,136,2,1838,2376
7684593,1759230237,148414864,10,2,0,0,2,0,0,2,0,0,12,6,13,63,23,1,7129,7067,136,0,2684,3769
7684594,1759230353,149858968,10,3,0,0,3,0,0,3,0,0,11,2,13,63,23,1,9206,9144,184,2,2152,6048
7684595,1759230394,156148986,10,4,0,0,4,0,0,4,0,0,12,2,14,66,24,1,4668,4603,232,3,2451,4779
7684597,1759230472,188050130,23,17,0,0,17,0,0,17,0,0,16,2,17,109,40,1,7278,7170,856,16,2552,9701
7684602,1759230516,124228480,8,3,0,0,3,0,0,3,0,0,10,4,14,61,22,1,5089,5029,184,3,1888,3879
7684603,1759230560,126736088,9,4,0,0,4,0,0,4,0,0,14,10,22,85,31,1,5545,5461,232,2,1830,3262
7684606,1759230620,222885641,17,6,0,0,6,0,0,6,0,0,22,2,22,107,39,1,5837,5731,328,5,3268,9134
7684611,1759230675,136398593,8,2,0,0,2,0,0,2,0,0,10,6,13,58,21,1,6640,6583,136,2,2430,2849
7684614,1759230711,226606383,29,14,0,0,14,0,0,14,0,0,28,10,27,153,56,1,5501,5349,712,10,2799,12562
7684616,1759230759,95218790,5,1,0,0,1,0,0,1,0,0,6,6,11,45,16,1,6063,6019,88,1,1779,1838
7684617,1759230804,73301326,30,30,0,0,30,0,0,30,0,0,3,4,6,99,36,1,5643,5545,1480,29,272,11165
7684621,1759230859,113949116,10,6,0,0,6,0,0,6,0,0,8,2,10,55,20,1,3981,3927,328,6,2031,3685
7684622,1759230900,265837760,22,5,0,0,5,0,0,5,0,0,29,8,31,144,53,1,7886,7743,280,3,3836,10060
7684626,1759230939,101051292,6,2,0,0,2,0,0,2,0,0,7,2,9,42,15,1,3968,3927,136,1,1789,2191
7684629,1759230981,84666743,20,18,0,0,18,0,0,18,0,0,6,8,10,82,30,1,4975,4894,904,18,921,7646
7684635,1759231019,79637720,5,0,0,0,0,0,0,0,0,0,6,6,8,36,13,1,4080,4045,0,0,1620,1955
7684641,1759231108,45134759,3,1,0,0,1,0,0,1,0,0,4,12,13,44,16,1,7481,7438,88,1,901,1166
7684646,1759231144,142661709,22,16,0,0,16,0,0,16,0,0,14,12,18,109,40,1,5149,5041,808,14,1868,10826
7684651,1759231200,115639863,9,3,0,0,3,0,0,3,0,0,13,10,17,72,26,1,5391,5320,184,2,1824,5355
7684653,1759231259,228682008,25,6,0,0,6,0,0,6,0,0,28,10,23,131,48,1,5761,5631,328,3,2949,11187
7684655,1759231306,116203861,9,3,0,0,3,0,0,3,0,0,13,4,16,69,25,1,5238,5170,184,2,1697,5378
7684659,1759231353,266617014,36,24,0,0,24,0,0,24,0,0,22,4,21,155,57,1,6311,6157,1192,22,3969,16092
7684661,1759231411,127834926,10,3,0,0,3,0,0,3,0,0,15,8,17,74,27,1,6832,6759,184,2,1932,5839
7684664,1759231436,95446766,5,1,0,0,1,0,0,1,0,0,6,4,7,34,12,1,3934,3901,88,1,1870,1892
7684669,1759231473,116167108,9,3,0,0,3,0,0,3,0,0,13,6,15,66,24,1,4562,4497,184,2,1718,5514
7684674,1759231517,1665346947,286,23,0,0,23,0,0,23,0,0,522,10,281,1532,567,1,7162,5631,1144,22,6613,57271
7684677,1759231579,254756775,21,7,0,0,7,0,0,7,0,0,26,10,30,139,51,1,6727,6589,376,5,4334,10346
7684680,1759231628,545906460,78,4,0,0,4,0,0,4,0,0,144,6,141,592,219,1,6046,5455,232,3,3393,19452
7684682,1759231662,95062702,5,1,0,0,1,0,0,1,0,0,6,6,9,39,14,1,6339,6301,88,1,1946,1848
7684685,1759231714,148771941,11,3,0,0,3,0,0,3,0,0,15,4,17,77,28,1,4823,4747,184,2,2646,6274
7684686,1759231783,169055159,29,22,0,0,22,0,0,22,0,0,18,6,19,131,48,1,9674,9544,1096,20,1958,13070
7684688,1759231851,184050217,16,4,0,0,4,0,0,4,0,0,20,2,17,90,33,1,5849,5760,232,2,2640,8590
7684691,1759231919,195911549,14,4,0,0,4,0,0,4,0,0,19,4,22,98,36,1,5014,4917,232,3,3400,7460
7684692,1759231988,271417571,27,12,0,0,12,0,0,12,0,0,32,6,34,166,61,1,6889,6724,616,11,3629,13014
7684694,1759232038,682208220,335,335,0,0,335,0,0,335,0,0,10,2,9,931,344,1,9119,8189,16120,331,1805,130588
7684695,1759232090,168786676,14,6,0,0,6,0,0,6,0,0,15,4,18,88,32,1,8500,8413,328,4,2834,5193
7684699,1759232136,152116090,12,4,0,0,4,0,0,4,0,0,17,2,16,77,28,1,4144,4068,232,4,2197,5590
7684701,1759232175,179975185,16,10,0,0,10,0,0,10,0,0,21,8,23,106,39,1,4746,4641,520,8,2577,6357
7684702,1759232222,318539757,58,2,0,0,2,0,0,2,0,0,10,4,13,192,71,1,6912,6721,136,2,3706,23832
7684705,1759232295,177376415,12,4,0,0,4,0,0,4,0,0,14,2,14,71,26,1,4561,4491,232,3,2683,5913
7684707,1759232329,64144960,2,1,0,0,1,0,0,1,0,0,2,6,7,26,9,1,5762,5737,88,1,1308,1695
7684709,1759232406,253155168,21,4,0,0,4,0,0,4,0,0,26,4,25,125,46,1,8819,8695,232,4,3461,11703
7684712,1759232472,222773489,19,4,0,0,4,0,0,4,0,0,21,4,17,99,36,1,6255,6157,232,3,3051,8459
7684714,1759232522,184654842,31,17,0,0,17,0,0,17,0,0,12,6,14,123,45,1,6170,6048,856,16,2218,13123
7684716,1759232576,150202765,9,2,0,0,2,0,0,2,0,0,10,4,14,64,23,1,5262,5199,136,2,2598,4012
7684717,1759232650,57050252,6,3,0,0,3,0,0,3,0,0,5,4,7,37,13,1,6818,6782,184,2,802,2707
7684720,1759232744,238935825,18,5,1,2,6,0,0,6,1,0,20,2,20,104,38,1,9388,9285,328,6,3595,10589
7684722,1759232781,1020888709,68,3,0,0,3,0,0,3,0,0,70,6,72,379,140,1,4987,4609,184,2,9037,69110
7684727,1759232839,932134538,198,14,0,0,14,0,0,14,0,0,24,4,24,600,222,1,4670,4071,712,12,8659,82871
7684730,1759232900,64312986,2,1,0,0,1,0,0,1,0,0,2,10,8,28,10,1,8196,8169,88,1,1343,1603
7684733,1759232940,439120901,31,7,0,0,7,0,0,7,0,0,34,6,35,179,66,1,5803,5625,376,4,5041,24562
7684736,1759232998,0,0,0,0,0,0,0,0,0,0,0,0,6,5,15,5,1,6315,6301,0,0,0,0
7684737,1759233040,732329625,151,4,0,0,4,0,0,4,0,0,23,6,20,463,171,1,5241,4779,232,3,6850,65520
7684738,1759233077,87565770,12,4,0,0,4,0,0,4,0,0,11,2,8,55,20,1,4686,4632,232,3,1107,4171
7684742,1759233112,200465369,27,15,0,0,15,0,0,15,0,0,19,2,19,125,46,1,4727,4603,760,14,2619,12690
7684744,1759233153,161477791,19,1,0,0,1,0,0,1,0,0,13,8,17,99,36,1,5585,5487,88,1,2109,9993
7684746,1759233193,35419065,2,0,0,0,0,0,0,0,0,0,2,4,6,23,8,1,5112,5090,0,0,799,664
7684747,1759233222,0,0,0,0,0,0,0,0,0,0,0,0,4,4,12,4,1,4230,4219,0,0,0,0
7684754,1759233267,0,0,0,0,0,0,0,0,0,0,0,0,2,1,4,1,1,3901,3898,0,0,0,0
7684758,1759233383,81919432,11,7,0,0,7,0,0,7,0,0,11,14,17,77,28,1,8653,8577,376,5,918,4168
7684761,1759233426,64830886,6,2,0,0,2,0,0,2,0,0,8,8,13,53,19,1,4523,4471,136,0,969,2165
7684764,1759233469,46192674,4,0,0,0,0,0,0,0,0,0,4,6,9,36,13,1,4532,4497,0,0,817,1345
7684765,1759233512,699517800,46,0,0,0,0,0,0,0,0,0,46,6,52,266,98,1,7864,7599,0,0,6133,54489
7684767,1759233567,0,0,0,0,0,0,0,0,0,0,0,0,2,2,7,2,1,7147,7141,0,0,0,0
7684770,1759233615,37716835,2,1,0,0,1,0,0,1,0,0,2,4,3,15,5,1,7469,7455,88,1,701,667
7684772,1759233652,178414915,25,10,0,0,10,0,0,10,0,0,14,6,16,112,41,1,6412,6301,520,9,2447,11153
7684774,1759233691,2167074665,127,92,0,0,92,0,0,92,0,0,744,4,725,2303,852,1,6767,4465,4456,87,4450,69620
7684776,1759233728,0,0,0,0,0,0,0,0,0,0,0,0,4,3,9,3,1,3656,3648,0,0,0,0
7684779,1759233769,130892817,10,1,0,0,1,0,0,1,0,0,9,4,12,61,22,1,4384,4324,88,1,2291,5323
7684783,1759233800,0,0,0,0,0,0,0,0,0,0,0,0,6,3,9,3,1,3533,3525,0,0,0,0
7684786,1759233865,206244458,78,74,0,0,74,0,0,74,0,0,11,8,12,244,90,1,5448,5205,3592,72,1236,29121
7684791,1759233986,199793400,20,4,0,0,4,0,0,4,0,0,25,6,24,120,44,1,14880,14761,232,2,2744,8820
7684793,1759234040,115599855,9,3,0,0,3,0,0,3,0,0,13,10,17,72,26,1,7958,7887,184,2,1683,5158
7684794,1759234073,0,0,0,0,0,0,0,0,0,0,0,0,4,4,12,4,1,6338,6327,0,0,0,0
7684798,1759234112,449515938,59,4,0,0,4,0,0,4,0,0,113,2,17,206,76,1,4808,4603,232,3,3003,29698
7684799,1759234151,171566411,29,21,0,0,21,0,0,21,0,0,12,8,12,112,41,1,5428,5317,1048,21,1895,15692
7684803,1759234194,30308332,5,5,0,0,5,0,0,5,0,0,6,2,7,34,12,1,5652,5619,280,4,127,2033
7684806,1759234256,0,0,0,0,0,0,0,0,0,0,0,0,8,7,20,7,1,6352,6333,0,0,0,0
7684809,1759234284,66553039,7,1,0,0,1,0,0,1,0,0,8,6,10,47,17,1,4825,4779,88,0,943,2331
7684814,1759234332,18481688,2,2,0,0,2,0,0,2,0,0,4,6,9,31,11,1,4245,4215,136,2,112,881
7684818,1759234376,88376830,17,13,0,0,13,0,0,13,0,0,9,10,15,87,32,1,5406,5320,664,12,1009,6284
7684823,1759234438,206552531,25,17,1,8,18,0,0,18,1,0,16,8,20,123,45,1,5757,5635,904,16,3014,10230
7684828,1759234473,128935037,7,1,0,0,1,0,0,1,0,0,8,10,12,52,19,1,5400,5349,88,1,2529,2518
7684831,1759234505,0,0,0,0,0,0,0,0,0,0,0,0,10,7,20,7,1,4804,4785,0,0,0,0
7684833,1759234550,244746123,37,19,0,0,19,0,0,19,0,0,26,6,22,161,59,1,4516,4356,952,17,3129,13176
7684837,1759234603,128369747,7,1,0,0,1,0,0,1,0,0,8,4,12,53,19,1,6491,6439,88,1,2537,2488
7684840,1759234658,166910242,15,1,0,0,1,0,0,1,0,0,8,8,10,69,25,1,5385,5317,88,1,2637,6174
7684843,1759234721,95206726,5,1,0,0,1,0,0,1,0,0,6,6,11,45,16,1,8883,8839,88,1,1865,1795
7684846,1759234770,128352754,18,14,0,0,14,0,0,14,0,0,10,6,13,85,31,1,6949,6865,712,13,1947,6875
7684847,1759234811,35419065,2,0,0,0,0,0,0,0,0,0,2,6,6,23,8,1,6887,6865,0,0,760,671
7684849,1759234866,95110710,5,1,0,0,1,0,0,1,0,0,6,2,7,34,12,1,4524,4491,88,1,1825,1860
7684853,1759234894,77408084,9,1,0,0,1,0,0,1,0,0,10,4,8,47,17,1,3665,3619,88,0,1054,3153
7684855,1759234927,95110710,5,1,0,0,1,0,0,1,0,0,6,8,9,39,14,1,5525,5487,88,1,1912,1744
7684858,1759234994,244835857,34,24,1,6,25,0,0,25,1,0,22,4,23,155,57,1,6343,6189,1240,23,3147,14738
7684862,1759235068,220805698,15,3,0,0,3,0,0,3,0,0,19,6,21,98,36,1,7808,7711,184,2,3750,7358
7684865,1759235149,290501524,27,7,0,0,7,0,0,7,0,0,32,8,30,155,57,1,8291,8137,376,5,4022,11699
7684870,1759235186,139527348,9,1,0,0,1,0,0,1,0,0,10,6,11,55,20,1,5115,5061,88,1,2519,3081
7684873,1759235240,121308062,16,12,0,0,12,0,0,12,0,0,8,10,13,80,29,1,5117,5038,616,11,1901,5835
7684875,1759235281,106208366,8,4,0,0,4,0,0,4,0,0,7,6,11,53,19,1,6100,6048,232,3,1798,2923
7684877,1759235324,141559925,11,5,0,0,5,0,0,5,0,0,8,4,12,63,23,1,6219,6157,280,5,2481,4177
7684879,1759235431,198510875,13,1,0,0,1,0,0,1,0,0,16,4,16,79,29,1,10324,10246,88,1,3564,5936
7684881,1759235485,143584075,9,3,0,0,3,0,0,3,0,0,12,4,13,60,22,1,5088,5029,184,1,2569,3364
7684886,1759235642,356978218,48,22,0,0,22,0,0,22,0,0,39,4,40,239,88,1,11644,11406,1096,21,3893,24078
7684887,1759235673,193938215,13,1,0,0,1,0,0,1,0,0,16,10,20,90,33,1,7242,7153,88,0,3188,9905
7684890,1759235745,203701750,18,8,0,0,8,0,0,8,0,0,22,2,21,107,39,1,7699,7593,424,8,3126,8824
7684893,1759235780,160886941,17,4,0,0,4,0,0,4,0,0,16,6,15,87,32,1,4977,4891,232,3,2655,7482
7684896,1759235825,224013767,22,8,0,0,8,0,0,8,0,0,21,6,23,123,45,1,5577,5455,424,8,2977,12868
7684900,1759235866,125628878,15,11,0,0,11,0,0,11,0,0,10,6,12,75,27,1,4683,4609,568,10,2056,6221
7684902,1759235953,173411428,12,2,0,0,2,0,0,2,0,0,16,8,20,88,32,1,6279,6192,136,2,3075,6186
7684907,1759236024,234563946,17,5,0,0,5,0,0,5,0,0,22,4,24,112,41,1,4717,4606,280,4,3711,10751
7684910,1759236093,325815153,34,14,0,0,14,0,0,14,0,0,34,10,33,182,67,1,5360,5179,712,10,4733,16623
7684911,1759236167,326557678,49,25,0,0,25,0,0,25,0,0,40,6,27,207,76,1,7523,7317,1240,23,4469,21852
7684912,1759236208,102953200,6,2,0,0,2,0,0,2,0,0,8,2,10,44,16,1,5173,5130,136,2,2010,2408
7684914,1759236241,134346836,20,16,0,0,16,0,0,16,0,0,10,2,11,85,31,1,5985,5901,808,15,2094,8247
7684915,1759236312,95062702,5,1,0,0,1,0,0,1,0,0,6,4,10,42,15,1,4676,4635,88,1,2009,1959
7684918,1759236349,105530598,7,3,0,0,3,0,0,3,0,0,8,2,10,47,17,1,4396,4350,184,3,2011,2863
7684919,1759236398,190940746,16,5,0,0,5,0,0,5,0,0,18,6,22,103,38,1,5304,5202,280,5,3140,7949
7684922,1759236472,153545924,24,20,0,0,20,0,0,20,0,0,15,2,17,112,41,1,6124,6013,1000,19,2085,10085
7684924,1759236519,98628621,8,4,0,0,4,0,0,4,0,0,9,6,10,50,18,1,5363,5314,232,2,1669,3718
7684926,1759236554,210109922,15,3,0,0,3,0,0,3,0,0,16,4,16,85,31,1,4831,4747,184,2,3952,11948
7684927,1759236596,103235570,6,2,0,0,2,0,0,2,0,0,8,4,10,44,16,1,7892,7849,136,1,1997,2294
7684929,1759236630,0,0,0,0,0,0,0,0,0,0,0,0,2,1,4,1,1,4212,4209,0,0,0,0
7684930,1759236689,347231007,37,5,0,0,5,0,0,5,0,0,35,4,32,187,69,1,5779,5593,280,2,4726,18458
7684934,1759236721,124490328,6,1,0,0,1,0,0,1,0,0,8,2,9,42,15,1,4362,4321,88,1,2577,2535
7684940,1759236767,133823724,21,17,0,0,17,0,0,17,0,0,9,8,13,93,34,1,4874,4782,856,16,2100,8592
7684943,1759236800,385703557,54,0,0,0,0,0,0,0,0,0,12,12,20,201,74,1,3896,3696,0,0,4554,29287
7684946,1759236858,154318465,11,1,0,0,1,0,0,1,0,0,12,6,16,74,27,1,4964,4891,88,1,2996,4228
7684947,1759236920,95446766,5,1,0,0,1,0,0,1,0,0,6,6,11,44,16,1,9616,9573,88,1,2018,1998
7684948,1759236961,218302282,30,18,0,0,18,0,0,18,0,0,20,2,18,131,48,1,7723,7593,904,17,3205,12024
7684951,1759237018,191021894,46,42,0,0,42,0,0,42,0,0,13,2,15,166,61,1,6348,6183,2056,40,2070,17151
7684954,1759237056,309811504,55,43,0,0,43,0,0,43,0,0,23,6,27,222,82,1,5676,5455,2104,41,3938,22822
7684957,1759237108,191182885,14,4,0,0,4,0,0,4,0,0,17,6,19,90,33,1,5996,5907,232,3,3095,7056
7684960,1759237165,221058848,15,3,0,0,3,0,0,3,0,0,19,6,23,104,38,1,6968,6865,184,2,3769,7240
7684961,1759237236,209746603,15,3,0,0,3,0,0,3,0,0,16,6,21,98,36,1,8824,8727,184,3,3230,10152
7684966,1759237289,187264869,20,10,0,0,10,0,0,10,0,0,19,2,17,101,37,1,4139,4039,520,8,2910,7521
7684970,1759237327,129522152,16,12,1,10,13,0,0,13,1,0,9,10,12,77,28,1,4720,4644,664,12,1833,6197
7684972,1759237365,161600297,16,10,0,0,10,0,0,10,0,0,13,8,17,90,33,1,4278,4189,520,9,2584,5917
7684975,1759237429,118044164,12,8,0,0,8,0,0,8,0,0,9,4,10,61,22,1,5295,5235,424,8,1845,4518
7684979,1759237458,14649970,3,3,0,0,3,0,0,3,0,0,2,6,6,26,9,1,5368,5343,184,3,105,1198
7684980,1759237508,133197526,22,18,0,0,18,0,0,18,0,0,9,8,13,95,35,1,6427,6333,904,17,1844,8229
7684982,1759237544,154090160,11,1,0,0,1,0,0,1,0,0,12,2,10,58,21,1,3955,3898,88,0,2637,4388
7684988,1759237598,183483644,13,2,0,0,2,0,0,2,0,0,16,4,17,82,30,1,4998,4917,136,2,3080,6140
7684992,1759237654,118650564,12,8,0,0,8,0,0,8,0,0,10,12,13,69,25,1,6407,6339,424,7,1809,4768
7684994,1759237693,0,0,0,0,0,0,0,0,0,0,0,0,8,7,20,7,1,4490,4471,0,0,0,0
7684997,1759237732,95062702,5,1,0,0,1,0,0,1,0,0,6,4,9,39,14,1,4221,4183,88,1,1774,1770
