height,timestamp,cost,removals,eligible,multi_groups,largest_group,groups_emitted,dropped_single,dropped_multi,tweaks,tweaks_from_multi,dup_removed,additions_tx,reward_coins,distinct_ph_all,filter_bytes,filter_n,filter_hash_ok,header_with_filter,header_no_filter,tweak_resp_bytes,ct_omitted,gen_us,group_us
6000000,1727671791,0,0,0,0,0,0,0,0,0,0,0,0,4,2,7,2,1,4359,4353,0,0,0,0
6000002,1727671828,102285983,9,3,0,0,3,0,0,3,0,0,9,8,15,66,24,1,4565,4500,184,3,2332,5133
6000006,1727671864,0,0,0,0,0,0,0,0,0,0,0,0,4,4,12,4,1,3630,3619,0,0,0,0
6000008,1727671925,555853058,11,11,0,0,11,0,0,11,0,0,225,8,230,651,241,1,6419,5769,568,8,288,11314
6000009,1727671981,35287065,2,0,0,0,0,0,0,0,0,0,2,4,6,23,8,1,6131,6109,0,0,848,753
6000013,1727672021,22164432,4,4,0,0,4,0,0,4,0,0,4,2,5,26,9,1,5362,5337,232,4,122,1668
6000015,1727672086,11796224,2,2,0,0,2,0,0,2,0,0,2,8,9,31,11,1,4248,4218,136,1,97,768
6000017,1727672135,35287065,2,0,0,0,0,0,0,0,0,0,2,4,5,20,7,1,5471,5452,0,0,768,639
6000019,1727672209,82114884,12,8,0,0,8,0,0,8,0,0,11,4,11,63,23,1,6107,6045,424,6,921,4586
6000020,1727672248,11788122,1,1,0,0,1,0,0,1,0,0,2,4,5,18,6,1,4652,4635,88,1,96,439
6000023,1727672333,148623227,60,58,0,0,58,0,0,58,0,0,3,2,5,177,65,1,7064,6888,2824,58,1148,22403
6000030,1727672387,0,0,0,0,0,0,0,0,0,0,0,0,6,6,18,6,1,5331,5314,0,0,0,0
6000035,1727672437,149398245,24,17,0,0,17,0,0,17,0,0,26,14,29,145,53,1,5076,4932,856,14,1103,8796
6000037,1727672492,0,0,0,0,0,0,0,0,0,0,0,0,10,9,25,9,1,5373,5349,0,0,0,0
6000043,1727672529,0,0,0,0,0,0,0,0,0,0,0,0,4,4,12,4,1,4082,4071,0,0,0,0
6000046,1727672575,46142110,4,0,0,0,0,0,0,0,0,0,4,12,14,50,18,1,5715,5666,0,0,865,1278
6000047,1727672700,376007299,34,23,0,0,23,0,0,23,0,0,90,6,91,338,125,1,9776,9439,1144,20,2633,14874
6000050,1727672739,0,0,0,0,0,0,0,0,0,0,0,0,2,1,4,1,1,5170,5167,0,0,0,0
6000055,1727672829,197568881,18,3,0,0,3,0,0,3,0,0,27,6,27,123,45,1,9807,9685,184,1,2583,8177
6000057,1727672917,181057934,17,5,0,0,5,0,0,5,0,0,20,10,23,109,40,1,12055,11947,280,4,2441,7956
6000058,1727672966,131083059,30,24,0,0,24,0,0,24,0,0,15,4,14,120,44,1,7122,7003,1192,22,1138,11741
6000063,1727673006,0,0,0,0,0,0,0,0,0,0,0,0,2,1,4,1,1,4465,4462,0,0,0,0
6000065,1727673075,51081705,4,2,0,0,2,0,0,2,0,0,5,10,10,39,14,1,8601,8563,136,1,846,1619
6000071,1727673136,77704510,10,6,0,0,6,0,0,6,0,0,10,4,9,53,19,1,5533,5481,328,5,956,3761
6000076,1727673220,132344053,28,22,0,0,22,0,0,22,0,0,18,12,25,145,53,1,5109,4965,1096,21,1123,10711
6000081,1727673251,0,0,0,0,0,0,0,0,0,0,0,0,10,6,18,6,1,4632,4615,0,0,0,0
6000084,1727673284,0,0,0,0,0,0,0,0,0,0,0,0,10,5,15,5,1,4799,4785,0,0,0,0
6000085,1727673339,130053805,3,1,0,0,1,0,0,1,0,0,40,6,45,131,48,1,6713,6583,88,0,1005,2270
6000089,1727673395,60389655,10,0,0,0,0,0,0,0,0,0,10,2,3,36,13,1,4215,4180,0,0,989,3802
6000092,1727673448,40501676,17,17,0,0,17,0,0,17,0,0,3,8,7,66,24,1,4847,4782,856,16,182,10338
6000097,1727673491,97413648,27,23,0,0,23,0,0,23,0,0,6,6,12,107,39,1,4603,4497,1144,23,2421,26070
6000101,1727673538,75557224,5,1,0,0,1,0,0,1,0,0,14,10,21,72,26,1,5109,5038,88,0,2615,4950
6000104,1727673595,88725865,20,18,0,0,18,0,0,18,0,0,8,8,10,82,30,1,5539,5458,904,17,2155,17639
6000107,1727673642,239727338,18,3,0,0,3,0,0,3,0,0,27,6,28,125,46,1,4903,4779,184,1,7648,21028
6000108,1727673680,0,0,0,0,0,0,0,0,0,0,0,0,6,6,18,6,1,5078,5061,0,0,0,0
6000110,1727673718,105504838,5,3,0,0,3,0,0,3,0,0,7,2,9,39,14,1,4529,4491,184,3,2505,4474
6000114,1727673754,57413605,6,4,0,0,4,0,0,4,0,0,6,4,10,44,16,1,4085,4042,232,4,2201,4236
6000115,1727673823,110165083,15,12,0,0,12,0,0,12,0,0,12,8,13,77,28,1,8415,8339,616,11,2215,13479
6000117,1727673888,90625223,2,1,0,0,1,0,0,1,0,0,25,2,27,80,29,1,5275,5196,88,1,2040,5097
6000120,1727673914,0,0,0,0,0,0,0,0,0,0,0,0,4,4,12,4,1,4335,4324,0,0,0,0
6000123,1727673961,352767896,23,2,0,0,2,0,0,2,0,0,92,6,97,325,120,1,4539,4215,136,1,3572,21229
6000128,1727674019,55329050,16,16,0,0,16,0,0,16,0,0,7,6,9,69,25,1,5805,5737,808,15,580,16092
6000134,1727674072,46142110,4,0,0,0,0,0,0,0,0,0,4,10,9,36,13,1,5102,5067,0,0,1908,3828
6000135,1727674120,827367494,162,5,0,0,5,0,0,5,0,0,185,12,111,739,273,1,7471,6733,280,4,13008,172395
6000140,1727674169,156890769,22,12,0,0,12,0,0,12,0,0,19,2,19,112,41,1,8550,8439,616,11,5118,10349
6000144,1727674275,2597926177,3,2,0,0,2,0,0,2,0,0,1054,10,1064,2882,1067,1,8371,5490,136,1,1028,53659
6000146,1727674332,5172550532,6,3,0,0,3,0,0,3,0,0,2099,8,2104,5694,2110,1,10616,4923,184,3,1620,101847
6000148,1727674372,5271036305,30,23,0,0,23,0,0,23,0,0,2108,4,2108,5772,2138,1,10579,4808,1144,21,4634,121283
6000149,1727674414,5331952671,7,3,0,0,3,0,0,3,0,0,2154,4,2156,5837,2163,1,9379,3543,184,3,1956,95820
6000150,1727674449,92111870,9,1,0,0,1,0,0,1,0,0,13,2,15,66,24,1,8504,8439,88,1,1061,4643
6000153,1727674560,205310505,13,11,0,0,11,0,0,11,0,0,62,2,64,209,77,1,13553,13345,568,9,871,6237
6000155,1727674626,5098771209,6,2,0,0,2,0,0,2,0,0,2060,6,2062,5583,2068,1,10925,5343,136,2,2264,96506
6000158,1727674688,2568890307,4,1,0,0,1,0,0,1,0,0,1031,4,1035,2808,1039,1,8400,5593,88,1,1734,46000
6000160,1727674733,2627903963,13,3,0,0,3,0,0,3,0,0,1049,6,1054,2881,1067,1,8787,5907,184,3,1461,49951
6000165,1727674775,2647668888,10,2,0,0,2,0,0,2,0,0,1037,4,1038,2832,1048,1,7325,4494,136,2,3159,48890
6000169,1727674812,80437098,29,29,0,0,29,0,0,29,0,0,9,10,16,123,45,1,4766,4644,1432,28,224,10965
6000170,1727674854,111911402,11,3,0,0,3,0,0,3,0,0,18,8,26,101,37,1,5305,5205,184,2,1001,5381
6000172,1727674891,2539241917,3,2,0,0,2,0,0,2,0,0,1030,2,1032,2797,1035,1,6723,3927,136,2,1017,45737
6000173,1727674946,5435540979,37,7,0,0,7,0,0,7,0,0,2095,4,2096,5757,2133,1,11237,5481,376,6,5048,117087
6000176,1727674989,12783880,2,2,0,0,2,0,0,2,0,0,2,2,4,18,6,1,2924,2907,136,2,117,826
6000179,1727675032,221072162,24,6,0,0,6,0,0,6,0,0,20,6,19,117,43,1,4472,4356,328,5,2910,16638
6000186,1727675075,188638713,17,7,0,0,7,0,0,7,0,0,14,6,16,90,33,1,3570,3481,376,7,2966,9987
6000190,1727675137,363990227,43,7,0,0,7,0,0,7,0,0,43,14,34,209,77,1,5704,5496,376,6,4359,26945
6000193,1727675184,130481518,8,0,0,0,0,0,0,0,0,0,9,8,16,66,24,1,6510,6445,0,0,2289,6780
6000194,1727675220,0,0,0,0,0,0,0,0,0,0,0,0,6,5,15,5,1,6767,6753,0,0,0,0
6000195,1727675258,97287210,11,0,0,0,0,0,0,0,0,0,11,2,13,66,24,1,5684,5619,0,0,1085,5429
6000198,1727675316,229259582,9,3,0,0,3,0,0,3,0,0,51,2,53,168,62,1,5898,5731,184,2,1831,9081
6000199,1727675347,0,0,0,0,0,0,0,0,0,0,0,0,6,4,12,4,1,7722,7711,0,0,0,0
6000205,1727675375,182617608,30,22,0,0,22,0,0,22,0,0,22,2,22,142,52,1,5478,5337,1096,21,1837,11733
6000208,1727675498,137772785,14,7,0,0,7,0,0,7,0,0,19,12,26,109,40,1,12651,12543,376,4,1632,5431
6000209,1727675535,0,0,0,0,0,0,0,0,0,0,0,0,6,5,15,5,1,5357,5343,0,0,0,0
6000211,1727675572,12642700,2,2,0,0,2,0,0,2,0,0,2,2,4,17,6,1,4510,4494,136,1,116,804
6000212,1727675672,182822362,31,22,0,0,22,0,0,22,0,0,14,4,14,122,45,1,8458,8337,1096,21,2544,13594
6000216,1727675716,0,0,0,0,0,0,0,0,0,0,0,0,2,2,7,2,1,4779,4773,0,0,0,0
6000220,1727675797,306356372,47,33,0,0,33,0,0,33,0,0,28,8,33,217,80,1,7507,7291,1624,31,4280,19608
6000223,1727675845,49659392,4,0,0,0,0,0,0,0,0,0,4,8,9,36,13,1,6086,6051,0,0,992,1456
6000226,1727675901,136793597,7,3,0,0,3,0,0,3,0,0,14,6,20,74,27,1,5810,5737,184,3,2096,5202
6000228,1727675952,749727032,52,3,0,0,3,0,0,3,0,0,196,6,198,676,250,1,7146,6471,184,2,3571,29063
6000229,1727675994,0,0,0,0,0,0,0,0,0,0,0,0,4,3,9,3,1,6447,6439,0,0,0,0
6000231,1727676028,527198075,62,44,0,0,44,0,0,44,0,0,169,2,152,579,214,1,7043,6465,2152,41,1313,27196
6000232,1727676121,616321890,35,20,0,0,20,0,0,20,0,0,209,4,202,641,237,1,9758,9118,1000,17,1910,17600
6000236,1727676184,42446154,11,11,0,0,11,0,0,11,0,0,4,2,5,45,16,1,7105,7061,568,10,222,4641
6000239,1727676272,56561756,5,1,0,0,1,0,0,1,0,0,6,8,12,47,17,1,10891,10845,88,1,916,1800
6000242,1727676326,57516079,4,2,0,0,2,0,0,2,0,0,5,6,8,34,12,1,5799,5766,136,1,784,2110
6000244,1727676370,0,0,0,0,0,0,0,0,0,0,0,0,6,5,15,5,1,5187,5173,0,0,0,0
6000247,1727676435,73885188,23,23,0,0,23,0,0,23,0,0,9,4,11,93,34,1,7941,7849,1144,20,223,8992
6000248,1727676477,90689055,6,2,0,0,2,0,0,2,0,0,8,6,11,47,17,1,5783,5737,136,2,1730,2622
6000251,1727676551,72820579,5,3,0,0,3,0,0,3,0,0,13,2,13,50,18,1,4963,4914,184,3,886,2283
6000253,1727676583,13527880,2,2,0,0,2,0,0,2,0,0,2,6,7,26,9,1,5480,5455,136,1,105,799
6000256,1727676628,23050570,4,4,0,0,4,0,0,4,0,0,4,4,7,31,11,1,4947,4917,232,2,112,1733
6000260,1727676656,20568542,1,1,0,0,1,0,0,1,0,0,6,6,11,34,12,1,4812,4779,88,0,97,586
6000262,1727676715,146685110,46,42,0,0,42,0,0,42,0,0,12,8,19,177,65,1,5381,5205,2056,41,1180,17544
6000263,1727676763,35348347,2,0,0,0,0,0,0,0,0,0,2,4,6,23,8,1,6493,6471,0,0,766,785
6000265,1727676810,15964196,2,2,0,0,2,0,0,2,0,0,3,2,4,18,6,1,4338,4321,136,1,104,922
6000267,1727676864,118784102,19,19,0,0,19,0,0,19,0,0,34,4,35,147,54,1,5457,5311,952,18,186,7831
6000270,1727676908,140414382,47,43,0,0,43,0,0,43,0,0,6,4,7,148,54,1,4782,4635,2104,42,1263,17689
6000273,1727676948,0,0,0,0,0,0,0,0,0,0,0,0,6,6,17,6,1,4231,4215,0,0,0,0
6000274,1727677005,100847473,18,16,0,0,16,0,0,16,0,0,15,6,19,101,37,1,6401,6301,808,15,895,7405
6000279,1727677037,130986451,8,3,0,0,3,0,0,3,0,0,8,2,7,42,15,1,3827,3786,184,3,2248,5504
6000282,1727677086,0,0,0,0,0,0,0,0,0,0,0,0,10,7,20,7,1,6608,6589,0,0,0,0
6000284,1727677121,27428486,1,1,0,0,1,0,0,1,0,0,9,6,12,36,13,1,3939,3904,88,1,98,657
6000285,1727677174,87103950,16,12,0,0,12,0,0,12,0,0,10,4,12,77,28,1,6967,6891,616,10,933,6127
6000289,1727677216,50123231,4,2,0,0,2,0,0,2,0,0,5,2,5,26,9,1,5192,5167,136,1,859,1610
6000292,1727677301,35372066,3,2,0,0,2,0,0,2,0,0,9,8,14,47,17,1,8606,8560,136,1,194,1132
6000294,1727677353,49516779,5,3,0,0,3,0,0,3,0,0,4,6,7,34,12,1,5238,5205,184,3,871,1971
6000297,1727677390,0,0,0,0,0,0,0,0,0,0,0,0,4,3,9,3,1,5037,5029,0,0,0,0
6000299,1727677433,39026962,9,9,0,0,9,0,0,9,0,0,8,6,12,58,21,1,4554,4497,472,8,131,3782
6000300,1727677474,56166757,4,1,0,0,1,0,0,1,0,0,4,4,8,34,12,1,5203,5170,88,1,997,1885
6000302,1727677523,35287065,2,0,0,0,0,0,0,0,0,0,2,2,3,15,5,1,5915,5901,0,0,733,636
6000305,1727677577,218515635,4,2,0,0,2,0,0,2,0,0,76,4,80,228,84,1,7512,7285,136,1,906,3317
6000308,1727677623,126418904,10,4,0,0,4,0,0,4,0,0,11,6,13,64,23,1,4108,4045,232,4,2107,4055
6000309,1727677668,0,0,0,0,0,0,0,0,0,0,0,0,6,2,7,2,1,5179,5173,0,0,0,0
6000310,1727677698,27428486,1,1,0,0,1,0,0,1,0,0,9,2,10,31,11,1,4915,4885,88,1,104,708
6000315,1727677771,76689981,10,8,0,0,8,0,0,8,0,0,11,2,9,53,19,1,5812,5760,424,6,843,3945
6000318,1727677803,55555587,3,1,0,0,1,0,0,1,0,0,8,10,13,44,16,1,4828,4785,88,0,972,1314
6000319,1727677844,45475897,3,1,0,0,1,0,0,1,0,0,4,6,7,28,10,1,6921,6894,88,1,839,1220
6000323,1727677906,0,0,0,0,0,0,0,0,0,0,0,0,2,2,7,2,1,5061,5055,0,0,0,0
6000326,1727677959,88298046,44,44,0,0,44,0,0,44,0,0,2,8,9,145,53,1,6086,5942,2152,43,271,17205
6000328,1727677992,36506964,6,5,0,0,5,0,0,5,0,0,6,6,11,47,17,1,4543,4497,280,4,186,2118
6000333,1727678092,327989402,37,20,0,0,20,0,0,20,0,0,32,4,35,195,72,1,7085,6891,1000,19,4177,19799
6000337,1727678133,38891526,2,1,0,0,1,0,0,1,0,0,4,10,12,39,14,1,4682,4644,88,1,750,758
6000340,1727678163,184586558,22,14,0,0,14,0,0,14,0,0,12,8,16,104,38,1,4433,4330,712,14,2808,9315
6000345,1727678206,101140964,15,10,0,0,10,0,0,10,0,0,11,6,15,82,30,1,4126,4045,520,9,1007,5575
6000348,1727678241,139426780,11,7,0,0,7,0,0,7,0,0,10,10,16,74,27,1,4435,4362,376,6,2301,5037
6000350,1727678299,209862896,9,4,0,0,4,0,0,4,0,0,45,6,47,152,56,1,8596,8445,232,2,2299,5184
6000353,1727678355,100462867,10,6,0,0,6,0,0,6,0,0,9,4,10,55,20,1,6775,6721,328,5,1474,4005
6000356,1727678407,45431999,3,1,0,0,1,0,0,1,0,0,4,6,9,34,12,1,4501,4468,88,1,810,1108
6000357,1727678447,122142577,9,6,0,0,6,0,0,6,0,0,13,6,17,72,26,1,4991,4920,328,5,1775,3996
6000360,1727678475,55508937,5,3,0,0,3,0,0,3,0,0,6,2,5,28,10,1,4518,4491,184,2,871,2091
6000364,1727678512,180181472,24,17,0,0,17,0,0,17,0,0,12,6,15,106,39,1,4602,4497,856,16,2772,9785
6000365,1727678570,82916719,6,1,0,0,1,0,0,1,0,0,6,8,11,47,17,1,6129,6083,88,1,1567,2308
6000368,1727678605,0,0,0,0,0,0,0,0,0,0,0,0,2,2,7,2,1,3763,3757,0,0,0,0
6000369,1727678653,46490110,4,0,0,0,0,0,0,0,0,0,4,6,8,34,12,1,5525,5492,0,0,828,1384
6000371,1727678696,0,0,0,0,0,0,0,0,0,0,0,0,2,2,7,2,1,3792,3786,0,0,0,0
6000372,1727678737,0,0,0,0,0,0,0,0,0,0,0,0,4,4,12,4,1,5322,5311,0,0,0,0
6000375,1727678795,0,0,0,0,0,0,0,0,0,0,0,0,2,1,4,1,1,4776,4773,0,0,0,0
6000377,1727678837,84864272,11,7,0,0,7,0,0,7,0,0,12,6,17,77,28,1,4826,4750,376,6,1083,4232
6000380,1727678902,80843400,6,2,0,0,2,0,0,2,0,0,15,4,15,58,21,1,4551,4494,136,1,941,2511
6000384,1727678932,35287065,2,0,0,0,0,0,0,0,0,0,2,6,8,28,10,1,4101,4074,0,0,820,654
6000388,1727678993,434419356,5,1,0,0,1,0,0,1,0,0,167,8,172,478,177,1,5089,4612,88,0,944,5424
6000392,1727679059,37388058,4,4,0,0,4,0,0,4,0,0,10,8,16,55,20,1,4666,4612,232,2,124,1815
6000397,1727679123,119655333,10,7,0,0,7,0,0,7,0,0,8,8,11,58,21,1,4839,4782,376,7,1596,6421
6000400,1727679166,46142110,4,0,0,0,0,0,0,0,0,0,4,10,8,34,12,1,5728,5695,0,0,844,1334
6000407,1727679211,94163377,12,7,0,0,7,0,0,7,0,0,10,6,15,75,27,1,5529,5455,376,5,1052,4762
6000408,1727679293,193034494,24,10,0,0,10,0,0,10,0,0,20,14,20,120,44,1,12524,12405,520,10,2673,10850
6000413,1727679331,35287065,2,0,0,0,0,0,0,0,0,0,2,2,4,17,6,1,4507,4491,0,0,742,656
6000415,1727679395,114818721,11,3,0,0,3,0,0,3,0,0,7,10,13,66,24,1,5978,5913,184,3,1587,4680
6000420,1727679447,35287065,2,0,0,0,0,0,0,0,0,0,2,4,6,23,8,1,4346,4324,0,0,779,656
6000422,1727679507,239154980,27,21,0,0,21,0,0,21,0,0,27,10,30,155,57,1,5503,5349,1048,20,2918,13910
6000423,1727679579,344109809,99,1,0,0,1,0,0,1,0,0,99,4,7,287,106,1,4075,3789,88,1,2201,36036
6000429,1727679617,136730424,29,29,0,0,29,0,0,29,0,0,34,2,36,176,65,1,4496,4321,1432,28,242,11932
6000432,1727679664,74526274,6,2,0,0,2,0,0,2,0,0,12,12,22,77,28,1,4412,4336,136,1,884,2231
6000434,1727679709,46142110,4,0,0,0,0,0,0,0,0,0,4,6,8,34,12,1,4671,4638,0,0,907,1300
6000436,1727679751,65775325,9,7,0,0,7,0,0,7,0,0,8,4,10,53,19,1,4405,4353,376,6,823,3379
6000439,1727679860,10440846,1,1,0,0,1,0,0,1,0,0,2,4,6,20,7,1,7622,7603,88,1,115,467
6000445,1727679925,7947360,1,1,0,0,1,0,0,1,0,0,1,6,6,20,7,1,4798,4779,88,1,94,427
6000446,1727679968,56618932,5,1,0,0,1,0,0,1,0,0,6,12,14,52,19,1,7066,7015,88,0,868,1705
6000448,1727680010,0,0,0,0,0,0,0,0,0,0,0,0,2,1,4,1,1,6016,6013,0,0,0,0
6000450,1727680083,208314377,85,83,0,0,83,0,0,83,0,0,10,4,12,263,97,1,6278,6016,4024,82,1119,31808
6000454,1727680120,68057337,4,2,0,0,2,0,0,2,0,0,12,4,14,50,18,1,5360,5311,136,2,824,1779
6000455,1727680167,0,0,0,0,0,0,0,0,0,0,0,0,8,6,18,6,1,5898,5881,0,0,0,0
6000458,1727680176,35287065,2,0,0,0,0,0,0,0,0,0,2,2,3,15,5,1,5915,5901,0,0,785,653
6000460,1727680259,83779814,7,3,0,0,3,0,0,3,0,0,14,6,19,71,26,1,6089,6019,184,0,911,2739
6000465,1727680302,95947111,7,3,0,0,3,0,0,3,0,0,9,4,11,50,18,1,4402,4353,184,2,1433,3012
6000469,1727680372,198235321,16,10,0,0,10,0,0,10,0,0,58,10,62,212,78,1,6550,6339,520,9,880,6210
6000470,1727680405,0,0,0,0,0,0,0,0,0,0,0,0,8,7,20,7,1,4385,4366,0,0,0,0
6000473,1727680448,0,0,0,0,0,0,0,0,0,0,0,0,2,1,4,1,1,4776,4773,0,0,0,0
6000476,1727680488,35287065,2,0,0,0,0,0,0,0,0,0,2,6,7,26,9,1,4352,4327,0,0,737,639
6000478,1727680544,88112149,4,1,0,0,1,0,0,1,0,0,5,6,7,31,11,1,5796,5766,88,1,1728,1792
6000482,1727680601,135615297,19,13,0,0,13,0,0,13,0,0,14,4,17,98,36,1,4591,4494,664,12,1701,9071
6000487,1727680647,273690677,70,62,0,0,62,0,0,62,0,0,15,8,16,233,86,1,4591,4359,3016,61,2912,27353
6000489,1727680702,67293705,4,2,0,0,2,0,0,2,0,0,12,10,17,58,21,1,5236,5179,136,1,949,1899
6000490,1727680728,133042239,8,1,0,0,1,0,0,1,0,0,9,4,12,55,20,1,5083,5029,88,1,2693,3469
6000493,1727680787,128355800,9,5,0,0,5,0,0,5,0,0,7,2,8,47,17,1,5495,5449,280,5,2381,5513
6000496,1727680832,87417449,14,13,0,0,13,0,0,13,0,0,13,6,14,76,28,1,4966,4891,664,12,801,6139
6000497,1727680874,0,0,0,0,0,0,0,0,0,0,0,0,6,5,15,5,1,5046,5032,0,0,0,0
6000499,1727680925,88112149,4,1,0,0,1,0,0,1,0,0,5,2,6,28,10,1,4771,4744,88,1,1938,1932
6000502,1727680965,53912335,5,2,0,0,2,0,0,2,0,0,5,4,6,31,11,1,4809,4779,136,2,843,1988
6000505,1727680999,223824655,18,5,0,0,5,0,0,5,0,0,19,6,19,101,37,1,4234,4134,280,5,3581,10031
6000507,1727681054,54884400,5,2,0,0,2,0,0,2,0,0,6,6,11,44,16,1,4963,4920,136,1,819,2204
6000510,1727681094,321163172,33,19,0,0,19,0,0,19,0,0,75,4,71,283,104,1,5058,4776,952,17,2104,15794
6000511,1727681133,95667733,9,4,0,0,4,0,0,4,0,0,8,6,12,58,21,1,5118,5061,232,4,1459,3386
6000513,1727681228,108576657,33,31,0,0,31,0,0,31,0,0,6,2,8,112,41,1,7111,7000,1528,30,944,12332
6000514,1727681252,0,0,0,0,0,0,0,0,0,0,0,0,4,1,4,1,1,6442,6439,0,0,0,0
6000517,1727681304,101086047,10,4,0,0,4,0,0,4,0,0,20,2,17,74,27,1,4846,4773,232,4,904,4011
6000519,1727681342,83675599,16,12,0,0,12,0,0,12,0,0,8,6,12,76,28,1,5248,5173,616,12,905,5987
6000521,1727681387,0,0,0,0,0,0,0,0,0,0,0,0,4,3,9,3,1,4643,4635,0,0,0,0
6000522,1727681457,304933745,85,83,0,0,83,0,0,83,0,0,20,4,24,295,109,1,8143,7849,4024,80,1147,33078
6000525,1727681498,79711594,30,30,0,0,30,0,0,30,0,0,11,2,3,90,33,1,5990,5901,1480,29,208,11565
6000528,1727681542,122021266,13,3,0,0,3,0,0,3,0,0,14,6,18,85,31,1,4552,4468,184,2,1694,4767
6000530,1727681579,0,0,0,0,0,0,0,0,0,0,0,0,6,3,10,3,1,4820,4811,0,0,0,0
6000533,1727681623,79499336,12,8,0,0,8,0,0,8,0,0,7,4,11,63,23,1,4281,4219,424,8,907,4549
6000537,1727681660,59972157,11,9,0,0,9,0,0,9,0,0,4,6,9,55,20,1,4663,4609,472,8,897,4000
6000541,1727681736,181508757,18,3,0,0,3,0,0,3,0,0,25,8,19,101,37,1,5446,5346,184,3,1943,7693
6000545,1727681805,164752236,15,3,0,0,3,0,0,3,0,0,18,8,20,96,35,1,6146,6051,184,3,2482,7331
6000549,1727681856,870168384,4,1,0,0,1,0,0,1,0,0,354,8,360,986,364,1,7882,6897,88,0,931,8552
6000550,1727681899,123868001,15,9,0,0,9,0,0,9,0,0,23,8,27,115,42,1,5883,5769,472,8,1125,5891
6000552,1727681937,190875801,69,59,0,0,59,0,0,59,0,0,14,2,10,214,79,1,4140,3927,2872,58,1210,25607
6000555,1727681973,103740468,6,1,0,0,1,0,0,1,0,0,6,4,8,39,14,1,4673,4635,88,1,2067,2945
6000558,1727682036,163232156,12,6,0,0,6,0,0,6,0,0,18,6,20,88,32,1,7404,7317,328,4,2198,6204
6000560,1727682078,0,0,0,0,0,0,0,0,0,0,0,0,6,6,17,6,1,4625,4609,0,0,0,0
6000561,1727682122,35287065,2,0,0,0,0,0,0,0,0,0,2,4,5,20,7,1,4372,4353,0,0,769,654
6000562,1727682175,69514191,7,5,0,0,5,0,0,5,0,0,11,2,13,55,20,1,5564,5510,280,4,875,2757
6000563,1727682249,63967814,31,31,0,0,31,0,0,31,0,0,2,2,4,96,35,1,6455,6360,1528,31,255,11469
6000566,1727682292,0,0,0,0,0,0,0,0,0,0,0,0,2,2,7,2,1,4215,4209,0,0,0,0
6000571,1727682351,60515712,18,18,0,0,18,0,0,18,0,0,2,6,6,66,24,1,4421,4356,904,18,189,7060
6000573,1727682386,50300411,4,2,0,0,2,0,0,2,0,0,5,10,9,36,13,1,4932,4897,136,1,809,1472
6000574,1727682424,81557666,8,4,0,0,4,0,0,4,0,0,13,4,13,58,21,1,5650,5593,232,2,952,3159
6000575,1727682466,98176591,7,3,0,0,3,0,0,3,0,0,10,2,10,47,17,1,7469,7423,184,2,1432,2993
6000577,1727682467,27428486,1,1,0,0,1,0,0,1,0,0,9,2,10,31,11,1,4521,4491,88,1,101,673
6000581,1727682549,37536833,2,1,0,0,1,0,0,1,0,0,2,4,6,23,8,1,4375,4353,88,1,754,654
6000584,1727682581,31160886,1,0,0,0,0,0,0,0,0,0,1,8,7,23,8,1,4493,4471,0,0,662,460
6000589,1727682634,355180222,200,200,0,0,200,0,0,200,0,0,7,6,12,573,212,1,6479,5907,9640,199,825,76256
6000595,1727682663,48642124,14,14,0,0,14,0,0,14,0,0,8,10,12,72,26,1,4433,4362,712,12,184,5376
6000598,1727682730,49132853,5,1,0,0,1,0,0,1,0,0,3,12,10,42,15,1,5957,5916,88,1,800,2296
6000600,1727682785,45079887,3,1,0,0,1,0,0,1,0,0,4,6,8,31,11,1,7379,7349,88,0,798,1078
6000605,1727682829,45869129,3,1,0,0,1,0,0,1,0,0,4,4,7,28,10,1,5338,5311,88,0,798,1088
6000607,1727682873,16014908,3,3,0,0,3,0,0,3,0,0,2,10,6,26,9,1,5656,5631,184,3,115,1197
6000609,1727682909,41756230,15,15,0,0,15,0,0,15,0,0,5,4,7,61,22,1,4131,4071,760,15,148,5750
6000611,1727682939,0,0,0,0,0,0,0,0,0,0,0,0,4,3,9,3,1,5497,5489,0,0,0,0
6000613,1727682987,121695178,6,1,0,0,1,0,0,1,0,0,7,4,10,44,16,1,4790,4747,88,1,2393,2494
6000616,1727683029,0,0,0,0,0,0,0,0,0,0,0,0,4,2,7,2,1,4471,4465,0,0,0,0
6000620,1727683076,1019191810,20,4,0,0,4,0,0,4,0,0,369,6,370,1055,390,1,5269,4215,232,3,2399,17686
6000621,1727683151,380062368,120,115,0,0,115,0,0,115,0,0,27,8,32,411,152,1,7983,7573,5560,112,2994,46191
6000623,1727683257,216713646,30,14,0,0,14,0,0,14,0,0,23,2,16,126,46,1,8705,8580,712,14,2944,12257
6000626,1727683288,55616869,3,1,0,0,1,0,0,1,0,0,8,4,11,39,14,1,4109,4071,88,0,944,1312
6000629,1727683348,130197548,8,3,0,0,3,0,0,3,0,0,8,6,12,55,20,1,5820,5766,184,2,2414,3140
6000632,1727683408,63607840,2,1,0,0,1,0,0,1,0,0,2,6,8,28,10,1,4419,4392,88,1,1341,1666
6000635,1727683435,84411243,6,1,0,0,1,0,0,1,0,0,7,6,11,47,17,1,3556,3510,88,1,1517,2425
6000639,1727683499,42321028,11,11,0,0,11,0,0,11,0,0,8,6,14,69,25,1,5241,5173,568,10,139,4433
6000642,1727683531,8124544,1,1,0,0,1,0,0,1,0,0,1,8,8,26,9,1,5089,5064,88,1,109,444
6000644,1727683578,45079887,3,1,0,0,1,0,0,1,0,0,4,6,9,34,12,1,5094,5061,88,0,881,1073
6000646,1727683619,57877873,8,6,0,0,6,0,0,6,0,0,4,4,8,44,16,1,3973,3930,328,6,867,2997
6000649,1727683671,0,0,0,0,0,0,0,0,0,0,0,0,4,3,9,3,1,4643,4635,0,0,0,0
6000654,1727683720,92550245,9,7,0,0,7,0,0,7,0,0,18,6,21,82,30,1,5706,5625,376,5,846,3723
6000656,1727683813,98661676,13,1,0,0,1,0,0,1,0,0,14,10,16,80,29,1,7402,7323,88,0,1253,4575
6000660,1727683908,592154050,6,2,0,0,2,0,0,2,0,0,232,4,236,654,242,1,7121,6468,136,0,955,7431
6000663,1727683949,0,0,0,0,0,0,0,0,0,0,0,0,8,7,20,7,1,4237,4218,0,0,0,0
6000665,1727683978,42436574,14,14,0,0,14,0,0,14,0,0,3,6,8,60,22,1,3233,3174,712,13,196,5656
6000667,1727684032,77463979,12,9,0,0,9,0,0,9,0,0,9,4,10,61,22,1,4836,4776,472,8,879,4769
6000669,1727684071,115411645,11,3,0,0,3,0,0,3,0,0,12,4,13,66,24,1,4841,4776,184,2,1695,4445
6000671,1727684130,17724760,4,4,0,0,4,0,0,4,0,0,2,4,6,28,10,1,4944,4917,232,4,124,1670
6000673,1727684177,0,0,0,0,0,0,0,0,0,0,0,0,4,3,9,3,1,4896,4888,0,0,0,0
6000676,1727684213,0,0,0,0,0,0,0,0,0,0,0,0,4,3,9,3,1,4361,4353,0,0,0,0
6000680,1727684284,117008438,30,30,0,0,30,0,0,30,0,0,23,6,26,152,56,1,4507,4356,1480,28,241,12130
6000685,1727684326,62362842,10,10,0,0,10,0,0,10,0,0,13,8,20,82,30,1,4299,4218,520,9,188,4524
6000687,1727684374,137988846,9,5,0,0,5,0,0,5,0,0,11,10,20,80,29,1,6104,6025,280,5,2150,5377
6000688,1727684433,99633376,6,5,0,0,5,0,0,5,0,0,12,4,15,58,21,1,5932,5875,280,3,1338,3635
6000690,1727684567,130363380,1,1,0,0,1,0,0,1,0,0,53,2,54,150,55,1,10312,10163,88,0,139,1676
6000692,1727684615,0,0,0,0,0,0,0,0,0,0,0,0,4,4,12,4,1,7748,7737,0,0,0,0
6000697,1727684699,33368594,7,7,0,0,7,0,0,7,0,0,7,4,11,50,18,1,4684,4635,376,6,143,2949
6000699,1727684752,132295320,11,0,0,0,0,0,0,0,0,0,11,10,14,69,25,1,7221,7153,0,0,2353,4863
6000702,1727684784,272107922,20,1,0,0,1,0,0,1,0,0,21,4,21,112,41,1,4746,4635,88,0,3733,21109
6000704,1727684823,0,0,0,0,0,0,0,0,0,0,0,0,6,5,15,5,1,4511,4497,0,0,0,0
6000708,1727684871,46490110,4,0,0,0,0,0,0,0,0,0,4,4,8,34,12,1,4216,4183,0,0,823,1307
6000711,1727684913,49593580,10,10,0,0,10,0,0,10,0,0,11,8,16,71,26,1,4682,4612,520,9,140,4179
6000713,1727684943,46142110,4,0,0,0,0,0,0,0,0,0,4,6,5,26,9,1,3974,3949,0,0,962,1361
6000717,1727684988,0,0,0,0,0,0,0,0,0,0,0,0,4,4,12,4,1,3800,3789,0,0,0,0
6000719,1727685138,496504252,114,5,0,0,5,0,0,5,0,0,110,8,35,403,149,1,11561,11159,280,4,3344,42122
6000721,1727685188,35696347,2,0,0,0,0,0,0,0,0,0,2,4,5,20,7,1,5818,5799,0,0,809,752
6000723,1727685234,99278246,6,2,0,0,2,0,0,2,0,0,23,4,27,90,33,1,5852,5763,136,1,817,2964
6000729,1727685272,77224069,13,11,0,0,11,0,0,11,0,0,10,4,14,74,27,1,5554,5481,568,10,879,4965
6000731,1727685320,67173977,7,1,0,0,1,0,0,1,0,0,8,12,14,58,21,1,4845,4788,88,1,1012,2455
6000734,1727685363,0,0,0,0,0,0,0,0,0,0,0,0,4,4,12,4,1,5322,5311,0,0,0,0
6000736,1727685407,146710616,10,5,0,0,5,0,0,5,0,0,13,6,17,74,27,1,4570,4497,280,4,2431,3989
6000737,1727685492,275676801,25,5,0,0,5,0,0,5,0,0,37,4,39,174,64,1,8594,8421,280,4,3274,12142
6000740,1727685539,0,0,0,0,0,0,0,0,0,0,0,0,2,1,4,1,1,3930,3927,0,0,0,0
6000743,1727685580,88088145,4,1,0,0,1,0,0,1,0,0,5,6,11,42,15,1,4538,4497,88,1,1740,1757
6000749,1727685642,272422808,26,10,0,0,10,0,0,10,0,0,36,6,41,182,67,1,4931,4750,520,8,2991,12480
6000751,1727685723,190500165,20,3,0,0,3,0,0,3,0,0,19,12,26,125,46,1,7027,6903,184,2,2899,6494
6000755,1727685788,83006770,5,4,0,0,4,0,0,4,0,0,7,4,10,42,15,1,6968,6927,232,3,1390,2842
6000757,1727685831,79079759,5,2,0,0,2,0,0,2,0,0,6,8,13,50,18,1,7058,7009,136,2,1424,2012
6000759,1727685875,109739450,11,11,0,0,11,0,0,11,0,0,34,4,35,126,46,1,5606,5481,568,10,195,4814
6000762,1727685911,0,0,0,0,0,0,0,0,0,0,0,0,4,4,12,4,1,4476,4465,0,0,0,0
6000764,1727686026,205546497,26,15,0,0,15,0,0,15,0,0,27,6,29,150,55,1,12824,12675,760,13,2586,11465
6000768,1727686057,43518099,3,1,0,0,1,0,0,1,0,0,3,4,7,28,10,1,3816,3789,88,1,890,1134
6000771,1727686103,97922225,11,9,0,0,9,0,0,9,0,0,18,8,23,93,34,1,4563,4471,472,7,944,4624
6000773,1727686134,95741141,11,1,0,0,1,0,0,1,0,0,13,6,12,63,23,1,5546,5484,88,1,1035,5422
6000776,1727686172,184218562,17,4,0,0,4,0,0,4,0,0,22,4,24,112,41,1,4472,4361,232,3,2549,7857
6000778,1727686269,209783718,17,5,0,0,5,0,0,5,0,0,32,6,35,142,52,1,8022,7881,280,3,2546,8581
6000779,1727686325,278762901,59,2,0,0,2,0,0,2,0,0,18,4,11,190,70,1,5923,5734,136,2,2070,25602
6000780,1727686368,45079887,3,1,0,0,1,0,0,1,0,0,4,2,4,20,7,1,5279,5260,88,0,832,1133
6000782,1727686369,53116878,6,2,0,0,2,0,0,2,0,0,6,2,6,34,12,1,5934,5901,136,2,858,2098
6000783,1727686465,165943696,14,1,0,0,1,0,0,1,0,0,16,4,17,85,31,1,4549,4465,88,1,2494,6946
6000785,1727686535,100974559,10,6,0,0,6,0,0,6,0,0,9,2,9,53,19,1,7363,7311,328,5,1482,3980
6000786,1727686569,11796224,2,2,0,0,2,0,0,2,0,0,2,4,6,23,8,1,6631,6609,136,1,113,771
6000787,1727686610,67886938,7,3,0,0,3,0,0,3,0,0,7,2,9,44,16,1,6508,6465,184,3,882,2717
6000791,1727686658,35287065,2,0,0,0,0,0,0,0,0,0,2,2,4,17,6,1,5747,5731,0,0,735,644
6000795,1727686699,245308297,13,11,0,0,11,0,0,11,0,0,80,8,86,269,99,1,5585,5317,568,9,863,6555
6000797,1727686782,56318932,5,1,0,0,1,0,0,1,0,0,6,8,9,39,14,1,10883,10845,88,0,920,1792
6000801,1727686815,0,0,0,0,0,0,0,0,0,0,0,0,4,3,10,3,1,3939,3930,0,0,0,0
6000805,1727686856,126672034,13,9,0,0,9,0,0,9,0,0,28,8,35,131,48,1,4630,4500,472,6,919,5271
6000807,1727686902,45079887,3,1,0,0,1,0,0,1,0,0,4,8,8,31,11,1,4953,4923,88,0,801,1076
6000810,1727686952,194082440,29,11,0,0,11,0,0,11,0,0,22,4,25,147,54,1,4043,3897,568,11,1959,12253
6000813,1727686989,106500184,20,19,0,0,19,0,0,19,0,0,4,6,7,74,27,1,4682,4609,952,18,1471,8268
6000816,1727687040,330464286,30,10,0,0,10,0,0,10,0,0,33,6,28,158,58,1,6346,6189,520,10,4077,19420
6000818,1727687127,215557244,29,6,0,0,6,0,0,6,0,0,25,6,27,152,56,1,11416,11265,328,4,2122,12286
6000821,1727687164,0,0,0,0,0,0,0,0,0,0,0,0,4,4,12,4,1,5210,5199,0,0,0,0
6000823,1727687211,92879859,19,17,0,0,17,0,0,17,0,0,11,6,16,96,35,1,6002,5907,856,15,884,7130
6000826,1727687257,382635647,142,129,0,0,129,0,0,129,0,0,20,4,23,446,165,1,5362,4917,6232,129,2471,53796
6000828,1727687309,106057984,6,4,0,0,4,0,0,4,0,0,16,6,22,76,28,1,5107,5032,232,3,1238,3095
6000832,1727687363,241911812,14,3,0,0,3,0,0,3,0,0,58,4,61,204,75,1,4668,4465,184,2,1761,7455
6000837,1727687422,199496496,19,3,0,0,3,0,0,3,0,0,25,8,25,120,44,1,4619,4500,184,1,2618,8780
6000838,1727687472,20568542,1,1,0,0,1,0,0,1,0,0,6,10,16,47,17,1,6523,6477,88,0,97,561
6000840,1727687516,0,0,0,0,0,0,0,0,0,0,0,0,2,2,7,2,1,4641,4635,0,0,0,0
6000843,1727687570,35287065,2,0,0,0,0,0,0,0,0,0,2,4,5,20,7,1,4766,4747,0,0,733,640
6000846,1727687623,389649150,42,3,0,0,3,0,0,3,0,0,54,6,34,206,76,1,6958,6753,184,3,4084,18147
6000853,1727687705,111211756,17,9,0,0,9,0,0,9,0,0,18,6,19,99,36,1,8543,8445,472,8,1038,6157
6000855,1727687796,241744373,41,11,0,0,11,0,0,11,0,0,18,14,31,195,72,1,10202,10008,568,11,1837,17365
6000858,1727687838,0,0,0,0,0,0,0,0,0,0,0,0,4,4,12,4,1,3800,3789,0,0,0,0
6000860,1727687875,80605095,8,2,0,0,2,0,0,2,0,0,6,6,12,55,20,1,6073,6019,136,1,907,3469
6000864,1727687912,64212838,3,2,0,0,2,0,0,2,0,0,12,4,15,50,18,1,4966,4917,136,2,686,1582
6000865,1727687957,533945330,111,71,0,0,71,0,0,71,0,0,76,8,57,455,168,1,5518,5064,3448,68,3433,43346
6000868,1727687992,662184593,28,5,0,0,5,0,0,5,0,0,222,2,217,662,245,1,5168,4507,280,4,2316,18708
6000869,1727688047,336360271,20,6,0,0,6,0,0,6,0,0,69,6,70,244,90,1,5980,5737,328,3,3335,8591
6000871,1727688154,434974211,59,17,0,0,17,0,0,17,0,0,55,2,47,287,106,1,6501,6215,856,17,4356,26829
6000874,1727688190,0,0,0,0,0,0,0,0,0,0,0,0,4,3,9,3,1,4220,4212,0,0,0,0
6000875,1727688244,409063425,54,6,0,0,6,0,0,6,0,0,31,6,35,241,89,1,7387,7147,328,5,4581,27565
6000877,1727688299,593596125,111,6,0,0,6,0,0,6,0,0,41,2,36,397,147,1,6691,6295,328,6,4182,71593
6000881,1727688343,225784746,20,10,0,0,10,0,0,10,0,0,21,4,20,109,40,1,6153,6045,520,9,5117,16250
6000884,1727688388,365156043,51,8,0,0,8,0,0,8,0,0,51,8,45,260,96,1,5746,5487,424,8,2949,22197
6000886,1727688429,62888476,23,23,0,0,23,0,0,23,0,0,5,6,10,90,33,1,6672,6583,1144,23,235,8770
6000889,1727688481,111792619,34,32,0,0,32,0,0,32,0,0,6,4,8,115,42,1,4890,4776,1576,32,1027,12601
6000890,1727688520,27428486,1,1,0,0,1,0,0,1,0,0,9,6,14,42,15,1,5807,5766,88,1,116,683
6000894,1727688576,223551595,51,43,0,0,43,0,0,43,0,0,23,2,24,204,75,1,4524,4321,2104,41,1878,20867
6000897,1727688600,8136544,1,1,0,0,1,0,0,1,0,0,1,8,7,23,8,1,4522,4500,88,1,105,414
6000900,1727688653,131413684,8,3,0,0,3,0,0,3,0,0,14,6,18,72,26,1,5808,5737,184,1,2124,3902
6000902,1727688692,56784174,5,1,0,0,1,0,0,1,0,0,6,6,10,42,15,1,6060,6019,88,0,875,1725
6000905,1727688742,92655433,7,2,0,0,2,0,0,2,0,0,9,4,11,50,18,1,4857,4808,136,1,1456,2632
6000907,1727688788,253063486,15,8,0,0,8,0,0,8,0,0,69,6,70,231,85,1,5327,5097,424,6,1614,6779
6000911,1727688829,141263067,14,1,0,0,1,0,0,1,0,0,16,4,18,88,32,1,4299,4212,88,0,1801,6450
6000913,1727688862,89216271,30,28,0,0,28,0,0,28,0,0,3,8,9,106,39,1,3730,3625,1384,28,923,10970
6000918,1727688905,119169478,10,3,0,0,3,0,0,3,0,0,16,4,18,77,28,1,4993,4917,184,2,1523,3769
6000919,1727688942,171252314,27,16,0,0,16,0,0,16,0,0,18,10,22,134,49,1,6469,6336,808,15,1766,11119
6000921,1727688979,37134689,2,1,0,0,1,0,0,1,0,0,2,2,4,17,6,1,5353,5337,88,1,692,907
6000924,1727689016,116523561,12,2,0,0,2,0,0,2,0,0,16,4,19,85,31,1,4296,4212,136,2,1162,5786
6000926,1727689050,57376289,4,2,0,0,2,0,0,2,0,0,8,6,13,47,17,1,5219,5173,136,2,747,1602
6000929,1727689091,44707887,3,1,0,0,1,0,0,1,0,0,4,4,4,20,7,1,3385,3366,88,0,834,1070
6000930,1727689129,141083332,61,61,0,0,61,0,0,61,0,0,12,6,18,214,79,1,5133,4920,2968,61,354,23000
6000934,1727689160,79624275,14,12,0,0,12,0,0,12,0,0,10,2,10,66,24,1,3428,3363,616,10,896,5366
6000937,1727689246,116877045,12,5,0,0,5,0,0,5,0,0,13,8,18,82,30,1,6244,6163,280,5,1573,4432
6000939,1727689280,112187513,15,10,0,0,10,0,0,10,0,0,16,6,18,90,33,1,4980,4891,520,8,1143,4827
6000942,1727689323,10476850,1,1,0,0,1,0,0,1,0,0,2,4,5,18,6,1,5078,5061,88,1,96,434
6000947,1727689374,189144377,7,3,0,0,3,0,0,3,0,0,48,6,50,155,57,1,5215,5061,184,2,1431,3661
6000949,1727689375,132305893,39,37,0,0,37,0,0,37,0,0,12,10,19,158,58,1,6352,6195,1816,36,968,14505
6000950,1727689471,67874938,7,3,0,0,3,0,0,3,0,0,7,4,10,47,17,1,4370,4324,184,3,843,2689
6000952,1727689551,0,0,0,0,0,0,0,0,0,0,0,0,2,1,4,1,1,7596,7593,0,0,0,0
6000954,1727689602,117604006,12,3,0,0,3,0,0,3,0,0,12,4,14,71,26,1,6679,6609,184,2,1711,3819
6000956,1727689636,0,0,0,0,0,0,0,0,0,0,0,0,4,3,9,3,1,4361,4353,0,0,0,0
6000958,1727689748,171864255,27,23,0,0,23,0,0,23,0,0,22,4,25,142,52,1,11544,11403,1144,21,1572,10681
6000960,1727689845,439999522,112,15,0,0,15,0,0,15,0,0,11,4,15,345,127,1,6389,6045,760,14,3576,46569
6000962,1727689898,65882006,5,4,0,0,4,0,0,4,0,0,11,4,15,55,20,1,8185,8131,232,3,814,2271
6000966,1727689937,78900580,5,2,0,0,2,0,0,2,0,0,7,4,9,39,14,1,5551,5513,136,1,1394,1701
6000970,1727689977,51109959,5,3,0,0,3,0,0,3,0,0,4,8,9,39,14,1,5243,5205,184,3,830,1804
6000972,1727690013,72716321,4,1,0,0,1,0,0,1,0,0,5,8,11,42,15,1,6486,6445,88,1,1355,1603
6000974,1727690060,75285962,12,8,0,0,8,0,0,8,0,0,8,4,9,58,21,1,5538,5481,424,7,911,4355
6000976,1727690102,121671174,6,1,0,0,1,0,0,1,0,0,7,4,11,47,17,1,4934,4888,88,1,2395,2475
6000981,1727690160,276341817,49,35,0,0,35,0,0,35,0,0,20,4,20,188,69,1,6232,6045,1720,35,3511,20814
6000983,1727690241,215046468,1,1,0,0,1,0,0,1,0,0,89,10,93,255,94,1,6167,5913,88,0,121,2344
6000986,1727690327,277322104,27,15,0,0,15,0,0,15,0,0,34,4,37,174,64,1,5766,5593,760,14,3742,11902
6000989,1727690362,0,0,0,0,0,0,0,0,0,0,0,0,6,3,9,3,1,5745,5737,0,0,0,0
6000991,1727690396,97713192,4,2,0,0,2,0,0,2,0,0,5,6,10,39,14,1,5099,5061,136,2,1908,2625
6000993,1727690433,97935403,18,12,0,0,12,0,0,12,0,0,15,4,14,88,32,1,6244,6157,616,11,961,6762
6000997,1727690475,335267170,42,7,0,0,7,0,0,7,0,0,43,4,21,171,63,1,4917,4747,376,7,3755,19314
6001001,1727690542,351285593,47,11,0,0,11,0,0,11,0,0,25,8,30,209,77,1,5977,5769,568,10,4079,18876
6001005,1727690567,378736872,137,69,0,0,69,0,0,69,0,0,71,8,12,403,149,1,3459,3057,3352,69,1988,48149
6001006,1727690615,163346305,10,3,0,0,3,0,0,3,0,0,10,8,14,66,24,1,8202,8137,184,3,2948,4171
6001008,1727690657,13482936,2,2,0,0,2,0,0,2,0,0,2,2,3,15,5,1,6027,6013,136,2,116,873
6001010,1727690720,212331182,15,3,0,0,3,0,0,3,0,0,18,4,19,93,34,1,7829,7737,184,3,3360,8358
6001012,1727690768,134318983,13,5,0,0,5,0,0,5,0,0,15,4,17,82,30,1,6520,6439,280,4,1805,6899
6001017,1727690841,1924280170,1021,1014,0,0,1014,0,0,1014,0,0,30,4,23,2817,1044,1,7169,4353,48712,1014,6691,381338
6001022,1727690902,2189593038,1207,1204,0,0,1204,0,0,1204,0,0,29,10,26,3329,1233,1,11497,8169,57832,1204,6661,458721
6001025,1727690938,2309131942,1302,1302,0,0,1302,0,0,1302,0,0,45,10,42,3628,1344,1,9652,6025,62536,1301,4854,589673
6001029,1727691003,2242766001,1223,1216,0,0,1216,0,0,1216,0,0,28,6,19,3355,1242,1,7992,4638,58408,1214,7211,460398
6001031,1727691030,2929856697,314,306,0,0,306,0,0,306,0,0,971,8,977,3487,1291,1,7816,4330,14728,304,3474,169091
6001033,1727691063,2463766243,20,2,0,0,2,0,0,2,0,0,984,4,982,2707,1002,1,7341,4635,136,2,3016,51403
6001035,1727691099,0,0,0,0,0,0,0,0,0,0,0,0,4,3,9,3,1,4755,4747,0,0,0,0
6001039,1727691152,550050548,9,2,0,0,2,0,0,2,0,0,192,4,194,549,203,1,6032,5484,136,1,1619,11326
6001040,1727691186,35287065,2,0,0,0,0,0,0,0,0,0,2,8,7,26,9,1,5660,5635,0,0,743,646
6001044,1727691257,163668576,24,10,0,0,10,0,0,10,0,0,13,2,12,98,36,1,4729,4632,520,10,1934,10045
6001048,1727691302,689018060,400,400,0,0,400,0,0,400,0,0,4,8,8,1103,408,1,6589,5487,19240,400,1585,151385
6001050,1727691335,2220729340,1300,1300,0,0,1300,0,0,1300,0,0,12,8,5,3525,1305,1,8447,4923,62440,1300,5268,530942
6001052,1727691369,1541287610,900,900,0,0,900,0,0,900,0,0,9,4,4,2443,904,1,6090,3648,43240,900,3495,346909
6001055,1727691406,2240008100,1303,1302,0,0,1302,0,0,1302,0,0,16,4,9,3545,1312,1,7756,4212,62536,1302,5194,493734
6001059,1727691494,2265167562,1311,1311,0,0,1311,0,0,1311,0,0,19,6,13,3573,1324,1,10466,6894,62968,1311,5093,495464
6001064,1727691565,1496847128,809,802,0,0,802,0,0,802,0,0,26,8,26,2256,835,1,8870,6615,38536,802,10802,562119
6001068,1727691640,741603816,42,38,0,0,38,0,0,38,0,0,269,10,275,859,317,1,8152,7294,1864,36,1136,21803
6001073,1727691678,0,0,0,0,0,0,0,0,0,0,0,0,8,6,17,6,1,4234,4218,0,0,0,0
6001076,1727691747,496681739,174,159,0,0,159,0,0,159,0,0,36,10,34,563,208,1,6337,5775,7672,157,3368,68376
6001077,1727691777,0,0,0,0,0,0,0,0,0,0,0,0,6,5,15,5,1,4377,4363,0,0,0,0
6001081,1727691866,129533620,13,3,0,0,3,0,0,3,0,0,15,2,14,74,27,1,8342,8269,184,1,1801,4893
6001083,1727691927,35287065,2,0,0,0,0,0,0,0,0,0,2,8,9,31,11,1,8619,8589,0,0,774,682
6001085,1727691968,45295992,4,0,0,0,0,0,0,0,0,0,2,4,5,26,9,1,4631,4606,0,0,810,1792
6001088,1727692028,50523088,13,13,0,0,13,0,0,13,0,0,8,4,11,66,24,1,5094,5029,664,12,173,5227
6001092,1727692094,30529416,9,9,0,0,9,0,0,9,0,0,3,6,8,47,17,1,6517,6471,472,8,159,3618
6001096,1727692136,35287065,2,0,0,0,0,0,0,0,0,0,2,8,8,28,10,1,5626,5599,0,0,765,658
6001100,1727692230,166407540,22,6,0,0,6,0,0,6,0,0,35,8,32,147,54,1,10539,10393,328,5,1386,8318
6001102,1727692272,35287065,2,0,0,0,0,0,0,0,0,0,2,8,5,20,7,1,6070,6051,0,0,734,641
6001105,1727692315,298498242,7,3,0,0,3,0,0,3,0,0,106,4,108,312,115,1,4523,4212,184,0,951,4688
6001108,1727692371,133785335,34,32,0,0,32,0,0,32,0,0,20,6,12,125,46,1,4093,3969,1576,29,962,12901
6001110,1727692428,43111589,3,1,0,0,1,0,0,1,0,0,3,6,7,28,10,1,5623,5596,88,1,800,1052
6001112,1727692490,41888232,15,15,0,0,15,0,0,15,0,0,5,4,6,58,21,1,5820,5763,760,15,163,5942
6001116,1727692596,95392202,8,3,0,0,3,0,0,3,0,0,9,4,11,52,19,1,9762,9711,184,2,1568,3161
6001118,1727692653,47154831,4,3,0,0,3,0,0,3,0,0,4,8,9,36,13,1,8624,8589,184,3,707,1671
6001123,1727692744,189606059,17,10,0,0,10,0,0,10,0,0,24,4,25,114,42,1,10388,10275,520,8,2545,6817
6001125,1727692797,0,0,0,0,0,0,0,0,0,0,0,0,10,8,23,8,1,5342,5320,0,0,0,0
6001126,1727692856,108025060,6,4,0,0,4,0,0,4,0,0,7,4,10,44,16,1,11276,11233,232,4,1867,3292
6001129,1727692932,101551371,5,2,0,0,2,0,0,2,0,0,9,2,10,42,15,1,7496,7455,136,2,1827,2270
6001133,1727692978,56754037,5,3,0,0,3,0,0,3,0,0,6,6,9,39,14,1,5381,5343,184,1,862,2005
6001137,1727693032,152055921,11,6,0,0,6,0,0,6,0,0,14,8,21,88,32,1,5686,5599,328,6,2061,5654
6001140,1727693124,295785490,33,12,0,0,12,0,0,12,0,0,29,8,31,174,64,1,10566,10393,616,11,4072,15276
6001143,1727693203,249998724,10,8,0,0,8,0,0,8,0,0,63,6,68,212,78,1,8938,8727,424,6,1967,5937
6001146,1727693270,46836449,3,1,0,0,1,0,0,1,0,0,4,6,10,36,13,1,6618,6583,88,0,882,1126
6001148,1727693289,0,0,0,0,0,0,0,0,0,0,0,0,6,4,12,4,1,4197,4186,0,0,0,0
6001153,1727693333,27428486,1,1,0,0,1,0,0,1,0,0,9,4,11,34,12,1,4668,4635,88,1,98,698
6001156,1727693368,217821925,28,11,0,0,11,0,0,11,0,0,26,10,25,144,53,1,5886,5743,568,10,2730,12093
6001158,1727693467,67149977,7,1,0,0,1,0,0,1,0,0,8,6,9,44,16,1,9334,9291,88,0,970,2404
6001162,1727693524,20568542,1,1,0,0,1,0,0,1,0,0,6,4,10,31,11,1,6110,6080,88,0,98,610
6001171,1727693575,46775167,3,1,0,0,1,0,0,1,0,0,4,8,10,36,13,1,4506,4471,88,0,802,1077
6001176,1727693613,32743794,11,11,0,0,11,0,0,11,0,0,4,18,12,63,23,1,5112,5050,568,11,133,4322
6001177,1727693649,37825276,2,1,0,0,1,0,0,1,0,0,3,10,8,28,10,1,4953,4926,88,1,764,974
6001180,1727693701,92543878,9,1,0,0,1,0,0,1,0,0,13,2,15,66,24,1,4415,4350,88,1,1022,4591
6001183,1727693744,0,0,0,0,0,0,0,0,0,0,0,0,6,5,15,5,1,4623,4609,0,0,0,0
6001186,1727693781,35287065,2,0,0,0,0,0,0,0,0,0,2,6,7,26,9,1,3535,3510,0,0,810,663
6001189,1727693868,362676785,98,81,0,0,81,0,0,81,0,0,38,6,39,371,137,1,7517,7147,3928,79,2385,38323
6001191,1727693905,885712509,96,95,0,0,95,0,0,95,0,0,297,6,300,1072,396,1,5398,4327,4600,93,659,45216
6001194,1727693949,0,0,0,0,0,0,0,0,0,0,0,0,4,3,9,3,1,3768,3760,0,0,0,0
6001196,1727693982,298197990,42,4,0,0,4,0,0,4,0,0,42,6,29,193,71,1,4942,4750,232,3,3186,23272
6001198,1727694028,185215094,15,2,0,0,2,0,0,2,0,0,22,4,23,104,38,1,4738,4635,136,1,2586,7637
6001201,1727694147,347679050,62,46,0,0,46,0,0,46,0,0,32,4,29,247,91,1,8973,8727,2248,44,3695,26997
6001204,1727694205,63607814,2,1,0,0,1,0,0,1,0,0,2,6,6,23,8,1,6775,6753,88,1,2268,2593
6001206,1727694252,77266662,9,5,0,0,5,0,0,5,0,0,10,6,11,55,20,1,3987,3933,280,2,1308,5312
6001209,1727694288,100623343,7,0,0,0,0,0,0,0,0,0,7,4,10,47,17,1,4511,4465,0,0,3161,14401
6001211,1727694326,70844038,4,2,0,0,2,0,0,2,0,0,4,6,9,37,13,1,5802,5766,136,2,3563,5460
6001214,1727694382,104862989,18,16,0,0,16,0,0,16,0,0,16,4,14,88,32,1,6414,6327,808,14,2311,12540
6001215,1727694427,45386538,3,1,0,0,1,0,0,1,0,0,3,6,8,31,11,1,6331,6301,88,1,836,1665
6001218,1727694460,182512504,25,12,0,0,12,0,0,12,0,0,12,2,12,101,37,1,4309,4209,616,12,3017,15565
6001221,1727694507,72025734,4,1,0,0,1,0,0,1,0,0,4,6,10,39,14,1,6509,6471,88,1,3886,4359
6001224,1727694566,108455832,7,2,0,0,2,0,0,2,0,0,16,6,21,77,28,1,5137,5061,136,2,4343,8545
6001227,1727694608,62424667,9,8,0,0,8,0,0,8,0,0,8,6,14,63,23,1,4389,4327,424,7,2158,9978
6001233,1727694654,45487899,3,1,0,0,1,0,0,1,0,0,4,6,9,34,12,1,4924,4891,88,0,2415,3237
6001234,1727694754,328631022,80,72,0,0,72,0,0,72,0,0,55,12,58,373,138,1,9324,8952,3496,66,4151,69123
6001237,1727694821,191482167,18,4,0,0,4,0,0,4,0,0,23,2,21,107,39,1,3722,3616,232,0,2727,9352
6001239,1727694836,0,0,0,0,0,0,0,0,0,0,0,0,6,4,12,4,1,4056,4045,0,0,0,0
6001244,1727694880,76450315,11,9,0,0,9,0,0,9,0,0,11,4,12,63,23,1,4415,4353,472,8,921,4593
6001248,1727694921,53384733,4,2,0,0,2,0,0,2,0,0,6,10,12,45,16,1,4970,4926,136,2,837,1589
6001249,1727694993,93964181,7,4,0,0,4,0,0,4,0,0,10,8,13,55,20,1,6499,6445,232,1,1552,3178
6001250,1727695035,89764233,10,5,0,0,5,0,0,5,0,0,11,2,12,61,22,1,5538,5478,280,5,1129,4939
6001254,1727695068,0,0,0,0,0,0,0,0,0,0,0,0,2,2,7,2,1,3933,3927,0,0,0,0
6001258,1727695161,179121069,49,47,0,0,47,0,0,47,0,0,27,8,26,203,75,1,9185,8983,2296,45,940,19566
6001259,1727695210,171080151,11,1,0,0,1,0,0,1,0,0,10,8,16,74,27,1,7223,7150,88,1,3271,5111
6001262,1727695290,175420146,12,3,0,0,3,0,0,3,0,0,15,2,15,74,27,1,8906,8833,184,3,2843,6003
6001265,1727695341,236662713,31,2,0,0,2,0,0,2,0,0,25,6,26,155,57,1,5247,5093,136,0,2577,16867
6001268,1727695407,87992129,4,1,0,0,1,0,0,1,0,0,5,6,10,39,14,1,5775,5737,88,1,1946,1883
6001270,1727695470,844961905,23,15,0,0,15,0,0,15,0,0,297,6,297,867,320,1,6603,5737,760,13,2469,17298
6001274,1727695503,38821372,2,1,0,0,1,0,0,1,0,0,3,4,4,17,6,1,4199,4183,88,1,693,963
6001277,1727695513,72716321,4,1,0,0,1,0,0,1,0,0,5,8,10,39,14,1,5807,5769,88,1,1375,1677
6001281,1727695581,120036826,6,2,0,0,2,0,0,2,0,0,8,6,13,53,19,1,4267,4215,136,2,2484,2406
6001282,1727695623,185089100,21,13,0,0,13,0,0,13,0,0,13,8,17,104,38,1,5308,5205,664,12,2673,7267
6001284,1727695674,97737196,4,2,0,0,2,0,0,2,0,0,5,2,7,31,11,1,4633,4603,136,2,1893,2533
6001286,1727695716,136246825,9,0,0,0,0,0,0,0,0,0,10,4,12,58,21,1,5538,5481,0,0,2574,6082
6001293,1727695750,41169131,3,2,0,0,2,0,0,2,0,0,3,4,7,28,10,1,4098,4071,136,1,753,1323
6001294,1727695826,105472043,15,13,0,0,13,0,0,13,0,0,18,14,27,115,42,1,8119,8005,664,11,1443,9331
6001296,1727695873,56343045,5,2,0,0,2,0,0,2,0,0,6,2,5,28,10,1,4800,4773,136,1,1155,2035
6001300,1727695904,78935005,2,0,0,0,0,0,0,0,0,0,2,4,6,23,8,1,4213,4191,0,0,2131,1657
6001304,1727695950,112393110,11,2,0,0,2,0,0,2,0,0,18,8,25,98,36,1,3013,2916,136,1,1134,5885
6001307,1727696033,175042495,22,6,0,0,6,0,0,6,0,0,23,8,26,131,48,1,6322,6192,328,5,2071,9420
6001310,1727696130,505624428,86,2,0,0,2,0,0,2,0,0,169,6,95,489,181,1,6959,6471,136,1,2939,76988
6001311,1727696211,0,0,0,0,0,0,0,0,0,0,0,0,6,6,18,6,1,5078,5061,0,0,0,0
6001313,1727696212,35287065,2,0,0,0,0,0,0,0,0,0,2,2,4,18,6,1,4197,4180,0,0,2251,1950
6001316,1727696239,77899848,38,38,0,0,38,0,0,38,0,0,2,4,3,112,41,1,4294,4183,1864,37,693,29534
6001317,1727696285,81077700,8,4,0,0,4,0,0,4,0,0,12,6,14,61,22,1,5515,5455,232,3,1259,4481
6001319,1727696318,27428486,1,1,0,0,1,0,0,1,0,0,9,2,10,31,11,1,4492,4462,88,1,147,998
6001322,1727696372,78397497,12,10,0,0,10,0,0,10,0,0,10,4,13,68,25,1,5407,5340,520,8,1276,6571
6001324,1727696417,183179974,17,2,0,0,2,0,0,2,0,0,19,6,19,99,36,1,4877,4779,136,1,2700,8484
6001327,1727696452,163083769,52,50,0,0,50,0,0,50,0,0,13,4,17,188,69,1,4258,4071,2440,48,1064,19867
6001328,1727696498,169165174,14,1,0,0,1,0,0,1,0,0,14,6,17,85,31,1,7965,7881,88,0,2725,7552
6001333,1727696531,55987468,26,26,0,0,26,0,0,26,0,0,2,2,4,82,30,1,3057,2976,1288,26,242,10221
6001336,1727696618,306250772,33,10,0,0,10,0,0,10,0,0,33,10,35,185,68,1,8747,8563,520,9,4031,18733
6001339,1727696688,107654983,37,35,0,0,35,0,0,35,0,0,4,6,7,119,44,1,10537,10419,1720,34,946,13826
6001342,1727696744,131820627,14,8,0,0,8,0,0,8,0,0,16,6,18,88,32,1,5994,5907,424,7,1746,7324
6001345,1727696779,141456964,69,69,0,0,69,0,0,69,0,0,6,6,8,209,77,1,4987,4779,3352,69,367,25659
6001347,1727696808,107719947,8,2,0,0,2,0,0,2,0,0,11,6,15,63,23,1,5969,5907,136,1,1659,4774
6001350,1727696945,758730827,24,12,0,0,12,0,0,12,0,0,260,4,260,769,284,1,13299,12531,616,10,2653,15486
6001354,1727696982,107719947,8,2,0,0,2,0,0,2,0,0,11,6,15,63,23,1,4812,4750,136,1,1655,4872
6001360,1727697039,159466859,13,3,0,0,3,0,0,3,0,0,17,8,21,93,34,1,4592,4500,184,1,6122,16646
6001363,1727697122,98352464,15,7,0,0,7,0,0,7,0,0,14,12,15,82,30,1,6734,6653,376,6,2660,13611
6001365,1727697165,201829227,17,6,0,0,6,0,0,6,0,0,25,6,29,126,46,1,4763,4638,328,4,6334,22081
6001368,1727697212,67182730,9,1,0,0,1,0,0,1,0,0,7,4,10,53,19,1,4235,4183,88,0,2337,6143
6001373,1727697289,186943437,23,2,0,0,2,0,0,2,0,0,22,6,20,117,43,1,4629,4513,136,2,5316,32234
6001376,1727697344,843330612,274,189,0,0,189,0,0,189,0,0,24,10,31,826,305,1,6315,5490,9112,187,13335,271429
6001378,1727697402,101818814,8,2,0,0,2,0,0,2,0,0,10,6,15,63,23,1,5264,5202,136,2,1506,3149
6001380,1727697448,67874938,7,3,0,0,3,0,0,3,0,0,7,4,11,50,18,1,4684,4635,184,3,853,2680
6001384,1727697516,31739146,5,5,0,0,5,0,0,5,0,0,6,4,9,39,14,1,4814,4776,280,4,135,1970
6001386,1727697556,62415531,3,1,0,0,1,0,0,1,0,0,11,8,18,58,21,1,4416,4359,88,1,835,1309
6001390,1727697599,56784174,5,1,0,0,1,0,0,1,0,0,6,4,8,36,13,1,4388,4353,88,0,887,1735
6001394,1727697635,1427697825,71,56,0,0,56,0,0,56,0,0,491,8,479,1487,550,1,5563,4077,2728,50,3823,36931
6001395,1727697675,364123290,53,37,0,0,37,0,0,37,0,0,98,8,93,395,146,1,5317,4923,1816,36,1336,20983
6001397,1727697730,127453251,6,3,0,0,3,0,0,3,0,0,13,2,15,58,21,1,5538,5481,184,2,1895,3583
6001399,1727697774,50471227,4,2,0,0,2,0,0,2,0,0,5,4,6,28,10,1,6954,6927,136,0,892,1461
6001404,1727697822,88016133,4,1,0,0,1,0,0,1,0,0,5,4,9,36,13,1,5910,5875,88,1,1763,1747
6001406,1727697857,8148546,1,1,0,0,1,0,0,1,0,0,1,10,7,23,8,1,5371,5349,88,1,94,412
6001408,1727697909,215971769,23,12,0,0,12,0,0,12,0,0,22,4,23,126,46,1,6282,6157,616,10,2830,9576
6001410,1727697939,129155241,13,4,0,0,4,0,0,4,0,0,11,4,8,58,21,1,4522,4465,232,3,1728,5482
6001412,1727697979,9612612,1,1,0,0,1,0,0,1,0,0,2,4,4,15,5,1,4508,4494,88,1,98,424
6001414,1727698025,10374394,2,2,0,0,2,0,0,2,0,0,1,4,4,18,6,1,4652,4635,136,2,101,780
6001415,1727698090,53966634,5,1,0,0,1,0,0,1,0,0,5,4,7,34,12,1,5937,5904,88,1,913,1731
6001420,1727698125,0,0,0,0,0,0,0,0,0,0,0,0,2,2,7,2,1,4327,4321,0,0,0,0
6001425,1727698174,73270576,5,1,0,0,1,0,0,1,0,0,13,10,20,69,25,1,4712,4644,88,1,898,1997
6001430,1727698260,216681044,27,14,0,0,14,0,0,14,0,0,21,10,25,141,52,1,7886,7746,712,14,3008,11160
6001434,1727698311,172107223,14,3,0,0,3,0,0,3,0,0,20,10,28,115,42,1,5434,5320,184,3,2473,6633
6001436,1727698393,412783309,6,3,0,0,3,0,0,3,0,0,147,8,151,425,157,1,7780,7356,184,1,1452,5395
6001439,1727698486,255025399,31,4,0,0,4,0,0,4,0,0,34,4,23,147,54,1,6755,6609,232,4,2787,15414
6001440,1727698520,388131478,201,201,0,0,201,0,0,201,0,0,8,6,11,573,212,1,5633,5061,9688,200,895,76399
6001444,1727698557,14992336,2,2,0,0,2,0,0,2,0,0,2,2,4,17,6,1,3520,3504,136,1,130,850
6001446,1727698607,107169666,19,15,0,0,15,0,0,15,0,0,16,8,21,109,40,1,5002,4894,760,14,970,7618
6001450,1727698644,183608154,22,2,0,0,2,0,0,2,0,0,25,4,13,96,35,1,4278,4183,136,2,1952,10807
6001452,1727698695,57345155,6,0,0,0,0,0,0,0,0,0,6,8,8,39,14,1,5525,5487,0,0,916,2031
6001455,1727698753,222277877,27,2,0,0,2,0,0,2,0,0,30,4,34,166,61,1,6069,5904,136,2,2172,13152
6001457,1727698823,113933800,26,22,0,0,22,0,0,22,0,0,11,6,12,104,38,1,10240,10137,1096,20,1062,9680
6001461,1727698863,112260261,9,0,0,0,0,0,0,0,0,0,10,4,12,58,21,1,4128,4071,0,0,1898,5359
6001467,1727698913,198895783,15,3,0,0,3,0,0,3,0,0,16,8,19,93,34,1,4595,4503,184,3,2853,9818
6001471,1727698955,46775167,3,1,0,0,1,0,0,1,0,0,4,12,12,42,15,1,5364,5323,88,0,803,1098
6001474,1727699021,74301905,12,10,0,0,10,0,0,10,0,0,9,8,15,74,27,1,9338,9265,520,8,840,4591
6001475,1727699068,0,0,0,0,0,0,0,0,0,0,0,0,6,3,10,3,1,7890,7881,0,0,0,0
6001477,1727699128,60154364,5,2,0,0,2,0,0,2,0,0,7,2,6,31,11,1,4521,4491,136,2,929,2163
6001481,1727699231,424559273,211,205,0,0,205,0,0,205,0,0,12,4,14,609,225,1,9585,8977,9880,204,1704,78098
6001484,1727699264,135786875,6,4,0,0,4,0,0,4,0,0,40,8,44,136,50,1,4763,4628,232,3,861,2927
6001487,1727699309,36129385,2,1,0,0,1,0,0,1,0,0,2,6,5,20,7,1,4628,4609,88,1,674,911
6001490,1727699352,109206949,21,15,0,0,15,0,0,15,0,0,14,6,14,96,35,1,5438,5343,760,14,1009,7682
6001492,1727699447,430610539,13,6,0,0,6,0,0,6,0,0,144,6,150,441,163,1,5924,5484,328,4,1716,7081
6001495,1727699477,0,0,0,0,0,0,0,0,0,0,0,0,4,3,9,3,1,3909,3901,0,0,0,0
6001498,1727699519,10362726,1,1,0,0,1,0,0,1,0,0,2,6,6,20,7,1,3988,3969,88,1,96,426
6001500,1727699520,70529023,4,0,0,0,0,0,0,0,0,0,3,6,6,28,10,1,5378,5351,0,0,1385,1516
6001502,1727699677,182883945,29,22,0,0,22,0,0,22,0,0,23,4,25,147,54,1,9998,9852,1096,21,1782,12669
6001504,1727699808,435368688,120,33,0,0,33,0,0,33,0,0,24,4,14,363,134,1,9791,9429,1624,33,3042,50215
6001507,1727699854,88731284,5,1,0,0,1,0,0,1,0,0,7,4,10,42,15,1,4394,4353,88,1,1486,2886
6001508,1727699886,214226056,14,1,0,0,1,0,0,1,0,0,17,6,21,95,35,1,6847,6753,88,1,3792,7231
6001513,1727699956,193474530,9,4,0,0,4,0,0,4,0,0,27,2,20,80,29,1,5416,5337,232,4,2672,5012
6001516,1727699994,0,0,0,0,0,0,0,0,0,0,0,0,10,9,26,9,1,6220,6195,0,0,0,0
6001517,1727700042,268652499,23,7,0,0,7,0,0,7,0,0,29,6,31,147,54,1,7745,7599,376,5,3901,10641
6001519,1727700084,18281894,1,1,0,0,1,0,0,1,0,0,5,2,7,23,8,1,5359,5337,88,1,98,527
6001523,1727700133,153534327,10,2,0,0,2,0,0,2,0,0,11,4,13,63,23,1,3366,3304,136,2,2625,4458
6001526,1727700165,44707887,3,1,0,0,1,0,0,1,0,0,4,8,6,25,9,1,4354,4330,88,0,799,1088
6001527,1727700212,77243195,5,0,0,0,0,0,0,0,0,0,5,6,9,39,14,1,5211,5173,0,0,1420,1742
6001529,1727700247,306923552,6,2,0,0,2,0,0,2,0,0,111,2,111,317,117,1,4355,4039,136,0,934,4524
6001532,1727700248,127726372,17,11,0,0,11,0,0,11,0,0,15,4,16,90,33,1,4724,4635,568,9,1540,6201
6001534,1727700323,0,0,0,0,0,0,0,0,0,0,0,0,6,3,9,3,1,4476,4468,0,0,0,0
6001537,1727700368,115750470,30,26,0,0,26,0,0,26,0,0,9,4,12,114,42,1,6270,6157,1288,25,1027,11463
6001544,1727700407,0,0,0,0,0,0,0,0,0,0,0,0,6,5,15,5,1,4793,4779,0,0,0,0
6001550,1727700454,186383339,20,13,0,0,13,0,0,13,0,0,20,14,31,138,51,1,5492,5355,664,12,2581,8660
6001552,1727700523,65903804,5,2,0,0,2,0,0,2,0,0,7,12,16,58,21,1,7242,7185,136,1,785,2399
6001556,1727700566,25141838,1,1,0,0,1,0,0,1,0,0,8,4,11,34,12,1,4780,4747,88,1,98,620
6001557,1727700606,0,0,0,0,0,0,0,0,0,0,0,0,8,2,7,2,1,6621,6615,0,0,0,0
6001558,1727700638,225945000,27,27,0,0,27,0,0,27,0,0,75,2,77,282,104,1,6746,6465,1336,26,205,12075
6001561,1727700689,156771717,21,15,0,0,15,0,0,15,0,0,13,2,13,93,34,1,4301,4209,760,14,2483,9771
6001564,1727700692,138806877,19,12,0,0,12,0,0,12,0,0,18,6,18,101,37,1,5197,5097,616,11,1754,7959
6001567,1727700819,83571366,6,1,0,0,1,0,0,1,0,0,7,6,12,50,18,1,6209,6160,88,1,1608,2492
6001568,1727700910,164893438,11,8,0,0,8,0,0,8,0,0,36,6,38,134,49,1,13484,13351,424,6,1610,5276
6001570,1727700960,0,0,0,0,0,0,0,0,0,0,0,0,2,1,4,1,1,4776,4773,0,0,0,0
6001574,1727701017,285683979,47,20,0,0,20,0,0,20,0,0,38,4,30,209,77,1,7381,7173,1000,17,3256,25040
6001577,1727701063,1492613439,13,4,0,0,4,0,0,4,0,0,555,8,562,1555,575,1,7605,6051,232,4,3281,31013
6001581,1727701120,441264409,16,11,0,0,11,0,0,11,0,0,147,6,152,454,168,1,5203,4750,568,10,1722,12700
6001584,1727701173,358514564,63,38,0,0,38,0,0,38,0,0,47,8,37,271,100,1,5052,4782,1864,35,3048,26286
6001586,1727701213,170835041,21,6,0,0,6,0,0,6,0,0,25,6,22,117,43,1,5007,4891,328,4,1934,10907
6001587,1727701248,35348347,2,0,0,0,0,0,0,0,0,0,2,4,3,15,5,1,4367,4353,0,0,745,704
6001590,1727701332,152222863,19,5,0,0,5,0,0,5,0,0,21,2,16,96,35,1,5959,5864,280,5,1895,9897
6001592,1727701395,67852200,8,0,0,0,0,0,0,0,0,0,8,6,11,53,19,1,5677,5625,0,0,972,2612
6001597,1727701463,318437844,100,93,0,0,93,0,0,93,0,0,29,4,32,357,132,1,4821,4465,4504,91,2111,39509
6001598,1727701571,547115706,98,7,0,0,7,0,0,7,0,0,129,10,56,417,154,1,13943,13527,376,6,4985,36260
6001601,1727701627,83922576,5,1,0,0,1,0,0,1,0,0,7,2,8,36,13,1,6330,6295,88,1,1489,2875
6001602,1727701676,367580624,34,2,0,0,2,0,0,2,0,0,34,6,38,195,72,1,8187,7993,136,2,5027,34613
6001603,1727701710,18281894,1,1,0,0,1,0,0,1,0,0,5,2,6,20,7,1,5074,5055,88,1,106,582
6001604,1727701744,0,0,0,0,0,0,0,0,0,0,0,0,2,2,7,2,1,6583,6577,0,0,0,0
6001606,1727701854,177961736,19,6,0,0,6,0,0,6,0,0,19,2,14,90,33,1,13322,13233,328,5,2596,8252
6001611,1727701885,0,0,0,0,0,0,0,0,0,0,0,0,4,4,12,4,1,4122,4111,0,0,0,0
6001616,1727701934,283527411,37,20,0,0,20,0,0,20,0,0,39,10,39,206,76,1,4462,4257,1000,18,2765,36648
6001617,1727701990,21571446,4,4,0,0,4,0,0,4,0,0,3,10,10,39,14,1,8912,8874,232,4,361,4719
6001619,1727702050,167313613,10,2,0,0,2,0,0,2,0,0,19,2,20,82,30,1,6094,6013,136,2,6549,21151
6001621,1727702127,93446533,5,2,0,0,2,0,0,2,0,0,6,4,9,39,14,1,11159,11121,136,2,5218,6506
6001623,1727702203,147250115,7,3,0,0,3,0,0,3,0,0,12,4,15,61,22,1,7909,7849,184,3,7591,11004
6001625,1727702258,0,0,0,0,0,0,0,0,0,0,0,0,4,3,10,3,1,5320,5311,0,0,0,0
6001629,1727702259,15723490,5,5,0,0,5,0,0,5,0,0,1,4,4,26,9,1,4942,4917,280,4,354,5575
6001630,1727702345,78357827,15,13,0,0,13,0,0,13,0,0,9,8,14,80,29,1,10078,9999,664,12,2549,16690
6001634,1727702428,256566705,11,5,0,0,5,0,0,5,0,0,84,2,84,257,95,1,8243,7987,280,3,1686,9349
6001636,1727702462,0,0,0,0,0,0,0,0,0,0,0,0,8,6,18,6,1,6350,6333,0,0,0,0
6001637,1727702546,51068421,4,2,0,0,2,0,0,2,0,0,5,4,8,34,12,1,8196,8163,136,1,812,1493
6001640,1727702629,35348347,2,0,0,0,0,0,0,0,0,0,2,2,3,15,5,1,5604,5590,0,0,751,681
6001644,1727702660,134399105,33,31,0,0,31,0,0,31,0,0,22,6,16,134,49,1,3925,3792,1528,30,935,12970
6001646,1727702718,92047537,18,16,0,0,16,0,0,16,0,0,11,8,13,85,31,1,5683,5599,808,15,876,6899
6001648,1727702782,137752203,8,2,0,0,2,0,0,2,0,0,14,4,14,61,22,1,5653,5593,136,2,2148,4116
6001650,1727702809,92189074,45,45,0,0,45,0,0,45,0,0,2,4,5,136,50,1,3613,3478,2200,44,278,16914
6001654,1727702862,70802490,15,14,0,0,14,0,0,14,0,0,5,4,8,64,23,1,5262,5199,712,14,771,6138
6001659,1727702946,159061825,26,20,0,0,20,0,0,20,0,0,18,8,23,133,49,1,6295,6163,1000,19,1622,9970
6001661,1727702974,114073844,10,3,0,0,3,0,0,3,0,0,10,10,16,72,26,1,5814,5743,184,3,1723,6010
6001662,1727703042,61598117,4,1,0,0,1,0,0,1,0,0,7,4,10,39,14,1,6224,6186,88,0,866,1900
6001665,1727703083,78285657,9,5,0,0,5,0,0,5,0,0,9,2,11,56,20,1,4437,4382,280,5,867,3453
6001668,1727703127,60013770,4,1,0,0,1,0,0,1,0,0,6,6,10,39,14,1,4365,4327,88,1,753,1876
6001670,1727703173,458743970,10,4,0,0,4,0,0,4,0,0,159,6,162,465,172,1,5243,4779,232,2,1569,7219
6001672,1727703205,150606221,9,2,0,0,2,0,0,2,0,0,13,4,15,66,24,1,3290,3225,136,2,2158,5559
6001673,1727703269,231732897,31,19,0,0,19,0,0,19,0,0,38,4,38,187,69,1,6202,6016,952,14,1946,12531
6001674,1727703341,65954387,4,0,0,0,0,0,0,0,0,0,8,2,6,28,10,1,7168,7141,0,0,804,1988
6001677,1727703397,370124554,100,96,0,0,96,0,0,96,0,0,15,2,15,312,115,1,5100,4789,4648,96,1794,40869
6001680,1727703452,111477497,9,1,0,0,1,0,0,1,0,0,9,6,13,61,22,1,4980,4920,88,0,1619,3875
6001682,1727703488,44395167,2,0,0,0,0,0,0,0,0,0,4,6,9,31,11,1,4498,4468,0,0,707,1007
6001684,1727703526,100897308,7,3,0,0,3,0,0,3,0,0,11,4,11,50,18,1,4684,4635,184,3,1429,2908
6001687,1727703578,108190472,11,7,0,0,7,0,0,7,0,0,12,4,16,74,27,1,5272,5199,376,6,1464,4495
6001690,1727703608,119651182,9,0,0,0,0,0,0,0,0,0,12,6,15,66,24,1,3575,3510,0,0,1934,5650
6001692,1727703679,392449235,98,87,0,0,87,0,0,87,0,0,27,6,26,336,124,1,5569,5234,4216,85,2093,38099
6001695,1727703750,97758644,6,1,0,0,1,0,0,1,0,0,10,4,11,47,17,1,6203,6157,88,0,2827,4997
6001699,1727703832,159255879,15,7,0,0,7,0,0,7,0,0,24,6,27,115,42,1,6585,6471,376,6,3327,12349
6001700,1727703871,75879026,6,2,0,0,2,0,0,2,0,0,9,8,14,55,20,1,6358,6304,136,2,1612,5551
6001704,1727703902,134096503,20,4,0,0,4,0,0,4,0,0,7,2,8,77,28,1,4285,4209,232,4,2456,15336
6001707,1727703950,122150388,5,1,0,0,1,0,0,1,0,0,34,8,40,123,45,1,5609,5487,88,0,1608,3301
6001710,1727704042,94838921,13,11,0,0,11,0,0,11,0,0,16,6,20,91,33,1,6843,6753,568,10,917,5454
6001711,1727704101,87357926,6,1,0,0,1,0,0,1,0,0,8,6,14,55,20,1,5679,5625,88,0,1576,2264
6001712,1727704143,35287065,2,0,0,0,0,0,0,0,0,0,2,2,4,17,6,1,4760,4744,0,0,758,691
6001714,1727704181,65844299,4,2,0,0,2,0,0,2,0,0,11,2,11,42,15,1,4644,4603,136,0,833,1733
6001717,1727704230,0,0,0,0,0,0,0,0,0,0,0,0,4,2,7,2,1,5487,5481,0,0,0,0
6001722,1727704273,120782810,6,2,0,0,2,0,0,2,0,0,7,6,12,50,18,1,4437,4388,136,2,2353,2774
6001726,1727704319,175686708,20,8,0,0,8,0,0,8,0,0,20,10,22,115,42,1,4447,4333,424,7,2554,8581
6001727,1727704367,97713192,4,2,0,0,2,0,0,2,0,0,5,8,10,39,14,1,6089,6051,136,2,1983,2675
6001729,1727704434,107672529,16,9,0,0,9,0,0,9,0,0,18,2,12,77,28,1,4567,4491,472,9,888,5421
6001732,1727704484,31486206,12,12,0,0,12,0,0,12,0,0,2,4,6,50,18,1,4937,4888,616,11,163,5233
6001734,1727704551,144310304,10,2,0,0,2,0,0,2,0,0,13,6,14,66,24,1,6084,6019,136,2,2874,5615
6001736,1727704597,51025953,5,3,0,0,3,0,0,3,0,0,4,4,7,33,12,1,4385,4353,184,3,950,2236
6001739,1727704678,170583014,20,20,0,0,20,0,0,20,0,0,54,4,56,207,76,1,5940,5734,1000,17,253,10086
6001743,1727704752,54113452,5,1,0,0,1,0,0,1,0,0,5,6,8,37,13,1,5520,5484,88,0,1021,2052
6001747,1727704793,0,0,0,0,0,0,0,0,0,0,0,0,8,6,18,6,1,4235,4218,0,0,0,0
6001749,1727704831,89235052,15,14,0,0,14,0,0,14,0,0,12,8,18,90,33,1,4307,4218,712,13,1019,6862
6001751,1727704867,278961521,85,75,0,0,75,0,0,75,0,0,18,4,17,277,102,1,5507,5231,3640,75,3050,37951
6001754,1727704901,116862556,12,8,0,0,8,0,0,8,0,0,15,4,16,77,28,1,4993,4917,424,7,1651,6210
6001758,1727704951,87665993,13,3,0,0,3,0,0,3,0,0,13,6,12,69,25,1,5241,5173,184,3,1154,5113
6001761,1727705014,137661385,11,1,0,0,1,0,0,1,0,0,13,8,13,66,24,1,5241,5176,88,1,2516,5317
6001765,1727705068,290482797,136,134,0,0,134,0,0,134,0,0,8,6,12,401,148,1,5602,5202,6472,133,1457,54488
6001768,1727705113,352779945,59,31,0,0,31,0,0,31,0,0,46,8,40,268,99,1,5331,5064,1528,27,3190,26513
6001771,1727705149,74518970,36,36,0,0,36,0,0,36,0,0,2,6,8,120,44,1,4869,4750,1768,36,719,31096
6001773,1727705197,8148546,1,1,0,0,1,0,0,1,0,0,1,6,2,9,3,1,4787,4779,88,1,114,495
6001775,1727705226,77284115,7,1,0,0,1,0,0,1,0,0,16,4,15,61,22,1,3961,3901,88,0,1485,7428
6001778,1727705273,78005022,9,1,0,0,1,0,0,1,0,0,10,4,9,50,18,1,4232,4183,88,0,2753,8912
6001780,1727705339,329682686,15,15,0,0,15,0,0,15,0,0,126,6,130,393,145,1,4748,4356,760,13,563,24186
6001782,1727705380,222592249,56,53,0,0,53,0,0,53,0,0,15,4,17,198,73,1,4409,4212,2584,51,6578,56920
6001785,1727705413,52676721,4,2,0,0,2,0,0,2,0,0,6,4,8,34,12,1,4668,4635,136,1,924,1704
6001789,1727705464,271784490,146,146,0,0,146,0,0,146,0,0,2,6,7,414,153,1,5365,4952,7048,145,646,55915
6001790,1727705498,35287065,2,0,0,0,0,0,0,0,0,0,2,8,9,31,11,1,5835,5805,0,0,762,676
6001792,1727705535,0,0,0,0,0,0,0,0,0,0,0,0,2,2,7,2,1,3933,3927,0,0,0,0
6001795,1727705568,17023228,3,3,0,0,3,0,0,3,0,0,3,4,7,28,10,1,4210,4183,184,3,107,1222
6001798,1727705632,426589042,191,185,0,0,185,0,0,185,0,0,9,6,12,549,203,1,4875,4327,8920,184,2289,71201
6001802,1727705673,103448486,8,3,0,0,3,0,0,3,0,0,11,6,13,58,21,1,5400,5343,184,2,1619,3935
6001803,1727705674,58731351,5,2,0,0,2,0,0,2,0,0,7,8,12,47,17,1,7789,7743,136,2,895,1557
6001806,1727705780,195073044,19,7,0,0,7,0,0,7,0,0,22,2,20,106,39,1,6006,5901,376,5,2314,9163
6001809,1727705864,254642140,65,58,0,0,58,0,0,58,0,0,18,6,23,239,88,1,5581,5343,2824,56,2661,61001
6001811,1727705902,8019362,1,1,0,0,1,0,0,1,0,0,1,6,7,23,8,1,4913,4891,88,1,287,1207
6001814,1727705951,51854579,4,1,0,0,1,0,0,1,0,0,5,4,6,28,10,1,5197,5170,88,0,2571,3347
6001815,1727705997,686362962,16,6,0,0,6,0,0,6,0,0,240,6,240,694,256,1,6289,5596,328,3,7146,34469
6001820,1727706049,102321184,7,2,0,0,2,0,0,2,0,0,11,2,11,50,18,1,4258,4209,136,1,1729,3545
6001822,1727706092,67852200,8,0,0,0,0,0,0,0,0,0,8,10,13,58,21,1,4737,4680,0,0,943,2601
6001824,1727706134,58838401,9,7,0,0,7,0,0,7,0,0,5,4,9,50,18,1,4402,4353,376,6,921,3387
6001827,1727706180,140525280,48,43,0,0,43,0,0,43,0,0,9,4,10,158,58,1,6202,6045,2104,42,1054,17441
6001829,1727706226,76596135,17,15,0,0,15,0,0,15,0,0,6,6,10,74,27,1,6826,6753,760,13,908,6484
6001832,1727706297,15918920,3,3,0,0,3,0,0,3,0,0,2,4,6,26,9,1,6746,6721,184,3,110,1164
6001835,1727706348,143729264,10,1,0,0,1,0,0,1,0,0,11,6,15,69,25,1,7949,7881,88,1,2576,3974
6001837,1727706378,27320370,4,4,0,0,4,0,0,4,0,0,6,6,12,45,16,1,4653,4609,232,3,118,1637
6001839,1727706432,97713192,4,2,0,0,2,0,0,2,0,0,5,4,7,31,11,1,6187,6157,136,2,1895,2588
6001840,1727706490,55919719,6,0,0,0,0,0,0,0,0,0,6,4,6,33,12,1,10025,9993,0,0,967,2107
6001841,1727706557,44707887,3,1,0,0,1,0,0,1,0,0,4,2,4,20,7,1,8288,8269,88,0,795,1148
6001843,1727706580,0,0,0,0,0,0,0,0,0,0,0,0,2,1,4,1,1,4324,4321,0,0,0,0
6001845,1727706616,210865402,112,112,0,0,112,0,0,112,0,0,2,4,4,314,116,1,4919,4606,5416,112,555,42586
6001846,1727706680,204489051,8,3,0,0,3,0,0,3,0,0,64,4,63,193,71,1,7820,7628,184,0,1146,4787
6001852,1727706720,56465426,5,2,0,0,2,0,0,2,0,0,5,2,7,34,12,1,3649,3616,136,1,919,1957
6001854,1727706783,461823294,205,196,0,0,196,0,0,196,0,0,20,12,22,613,227,1,6105,5493,9448,194,2181,78379
6001857,1727706814,0,0,0,0,0,0,0,0,0,0,0,0,4,4,12,4,1,3941,3930,0,0,0,0
6001860,1727706859,0,0,0,0,0,0,0,0,0,0,0,0,6,6,18,6,1,5360,5343,0,0,0,0
6001863,1727706910,928086498,503,503,0,0,503,0,0,503,0,0,6,6,9,1385,512,1,6727,5343,24184,503,1967,190204
6001865,1727706953,46490110,4,0,0,0,0,0,0,0,0,0,4,6,9,36,13,1,5490,5455,0,0,923,1330
6001868,1727707045,281661370,76,8,0,0,8,0,0,8,0,0,71,4,9,230,85,1,6697,6468,424,8,1931,26044
6001872,1727707150,90161657,5,2,0,0,2,0,0,2,0,0,5,6,11,45,16,1,4935,4891,136,0,1904,3229
6001873,1727707234,198195731,17,10,0,0,10,0,0,10,0,0,15,8,17,93,34,1,7271,7179,520,8,3513,8372
6001876,1727707277,10464848,1,1,0,0,1,0,0,1,0,0,2,2,4,15,5,1,5383,5369,88,1,98,448
6001880,1727707337,222999971,9,2,0,0,2,0,0,2,0,0,68,6,71,217,80,1,5953,5737,136,1,1234,4940
6001882,1727707374,61386470,19,19,0,0,19,0,0,19,0,0,8,8,14,90,33,1,4730,4641,952,18,210,7502
6001883,1727707456,253253708,33,17,0,0,17,0,0,17,0,0,32,4,32,177,65,1,11015,10839,856,15,2859,14211
6001886,1727707482,0,0,0,0,0,0,0,0,0,0,0,0,2,2,7,2,1,4186,4180,0,0,0,0
6001889,1727707520,222840902,23,3,0,0,3,0,0,3,0,0,28,6,28,139,51,1,5763,5625,184,2,2964,11392
6001893,1727707585,101760503,5,3,0,0,3,0,0,3,0,0,5,6,10,42,15,1,4820,4779,184,3,1900,3092
6001897,1727707626,163014602,17,8,0,0,8,0,0,8,0,0,17,8,22,107,39,1,4295,4189,424,7,2758,8608
6001901,1727707668,119657641,11,2,0,0,2,0,0,2,0,0,13,8,15,72,26,1,4430,4359,136,1,1662,4854
6001906,1727707720,200154112,21,5,0,0,5,0,0,5,0,0,23,8,27,131,48,1,5729,5599,280,4,2542,10211
6001907,1727707789,187892398,18,9,0,0,9,0,0,9,0,0,25,10,30,131,48,1,7424,7294,472,7,2359,8395
6001909,1727707838,27602573,1,0,0,0,0,0,0,0,0,0,1,2,2,9,3,1,5486,5478,0,0,700,588
6001915,1727707879,90636471,10,8,0,0,8,0,0,8,0,0,17,4,19,79,29,1,4995,4917,424,6,872,4009
6001919,1727707923,44707887,3,1,0,0,1,0,0,1,0,0,4,12,9,34,12,1,5562,5529,88,0,797,1069
6001922,1727707976,154826573,18,2,0,0,2,0,0,2,0,0,20,8,17,96,35,1,6710,6615,136,2,1822,8314
6001923,1727708079,436441765,9,2,0,0,2,0,0,2,0,0,150,6,155,444,164,1,16220,15777,136,1,1684,7648
6001925,1727708124,35287065,2,0,0,0,0,0,0,0,0,0,2,2,4,17,6,1,3632,3616,0,0,736,653
6001930,1727708155,0,0,0,0,0,0,0,0,0,0,0,0,4,3,9,3,1,3515,3507,0,0,0,0
6001934,1727708234,277168533,40,11,0,0,11,0,0,11,0,0,33,10,28,185,68,1,5786,5602,568,9,3244,18800
6001936,1727708263,57345155,6,0,0,0,0,0,0,0,0,0,6,8,7,36,13,1,4817,4782,0,0,912,2000
6001938,1727708304,22855190,1,1,0,0,1,0,0,1,0,0,7,4,11,34,12,1,5344,5311,88,0,119,630
6001942,1727708339,106287909,8,1,0,0,1,0,0,1,0,0,11,4,13,58,21,1,4099,4042,88,1,1784,4641
6001945,1727708420,326351126,44,23,0,0,23,0,0,23,0,0,50,8,47,247,91,1,8242,7996,1144,21,2883,20068
6001947,1727708454,208999507,16,4,0,0,4,0,0,4,0,0,22,6,23,107,39,1,4180,4074,232,3,3367,7611
6001949,1727708500,92087881,12,6,0,0,6,0,0,6,0,0,10,4,13,69,25,1,4457,4389,328,6,958,5488
6001953,1727708538,106287909,8,1,0,0,1,0,0,1,0,0,11,4,13,58,21,1,4410,4353,88,1,1762,4357
6001956,1727708584,205537136,16,4,0,0,4,0,0,4,0,0,18,8,23,107,39,1,6721,6615,232,3,3264,6995
6001958,1727708628,215198128,25,13,0,0,13,0,0,13,0,0,19,6,22,128,47,1,5470,5343,664,13,3144,11804
6001962,1727708683,209010532,23,17,0,0,17,0,0,17,0,0,29,4,31,147,54,1,5909,5763,856,16,2364,11508
6001964,1727708723,287342816,19,11,0,0,11,0,0,11,0,0,68,8,74,252,93,1,6132,5881,568,9,2343,10273
6001967,1727708782,0,0,0,0,0,0,0,0,0,0,0,0,4,3,9,3,1,6729,6721,0,0,0,0
6001971,1727708824,196149075,16,1,0,0,1,0,0,1,0,0,25,6,29,123,45,1,4619,4497,88,0,2604,8721
6001976,1727708898,201656414,27,13,0,0,13,0,0,13,0,0,21,8,21,131,48,1,5588,5458,664,11,2614,12066
6001979,1727708928,0,0,0,0,0,0,0,0,0,0,0,0,10,3,9,3,1,4229,4221,0,0,0,0
6001981,1727708975,291287778,155,155,0,0,155,0,0,155,0,0,2,6,8,441,163,1,7023,6583,7480,155,741,58359
6001984,1727709020,0,0,0,0,0,0,0,0,0,0,0,0,4,2,7,2,1,4218,4212,0,0,0,0
6001986,1727709064,171540412,29,21,0,0,21,0,0,21,0,0,11,6,14,118,43,1,5460,5343,1048,21,2392,12390
6001990,1727709101,0,0,0,0,0,0,0,0,0,0,0,0,4,2,7,2,1,4536,4530,0,0,0,0
6001993,1727709155,102003967,29,27,0,0,27,0,0,27,0,0,8,8,12,112,41,1,5316,5205,1336,26,1009,11273
6001996,1727709195,165612667,12,0,0,0,0,0,0,0,0,0,13,6,17,80,29,1,6098,6019,0,0,2789,10084
6001998,1727709235,35287065,2,0,0,0,0,0,0,0,0,0,2,6,4,17,6,1,4484,4468,0,0,778,638
6002000,1727709282,46490110,4,0,0,0,0,0,0,0,0,0,4,4,5,26,9,1,4801,4776,0,0,803,1356
6002002,1727709351,139772614,1,1,0,0,1,0,0,1,0,0,57,4,61,169,62,1,5761,5593,88,0,113,1774
6002005,1727709411,70301896,14,14,0,0,14,0,0,14,0,0,17,4,17,85,31,1,5565,5481,712,12,188,5740
6002007,1727709414,0,0,0,0,0,0,0,0,0,0,0,0,6,5,15,5,1,5075,5061,0,0,0,0
6002010,1727709543,155918049,18,13,0,0,13,0,0,13,0,0,8,4,11,79,29,1,7392,7314,664,12,2113,11050
6002013,1727709585,0,0,0,0,0,0,0,0,0,0,0,0,6,6,18,6,1,4908,4891,0,0,0,0
6002019,1727709621,0,0,0,0,0,0,0,0,0,0,0,0,6,4,12,4,1,4338,4327,0,0,0,0
6002022,1727709675,149248258,15,9,0,0,9,0,0,9,0,0,13,12,17,88,32,1,5016,4929,472,8,2290,6821
6002023,1727709714,35287065,2,0,0,0,0,0,0,0,0,0,2,6,7,26,9,1,4485,4460,0,0,777,645
6002029,1727709800,64681000,6,2,0,0,2,0,0,2,0,0,8,2,9,42,15,1,3516,3475,136,1,881,2208
6002030,1727709863,0,0,0,0,0,0,0,0,0,0,0,0,12,9,26,9,1,13526,13501,0,0,0,0
6002036,1727709914,48265001,6,0,0,0,0,0,0,0,0,0,6,2,3,25,9,1,4515,4491,0,0,897,2216
6002042,1727709948,77608128,13,9,0,0,9,0,0,9,0,0,9,12,15,77,28,1,5005,4929,472,8,952,5002
6002044,1727710004,68697280,5,1,0,0,1,0,0,1,0,0,11,12,21,71,26,1,7255,7185,88,0,1000,1998
6002048,1727710043,220004257,9,4,0,0,4,0,0,4,0,0,42,4,45,147,54,1,4752,4606,232,1,2175,7947
6002051,1727710087,0,0,0,0,0,0,0,0,0,0,0,0,8,3,9,3,1,4508,4500,0,0,0,0
6002052,1727710159,0,0,0,0,0,0,0,0,0,0,0,0,6,4,12,4,1,6594,6583,0,0,0,0
6002054,1727710182,0,0,0,0,0,0,0,0,0,0,0,0,2,1,4,1,1,4183,4180,0,0,0,0
6002056,1727710232,82074613,18,16,0,0,16,0,0,16,0,0,8,4,11,80,29,1,4432,4353,808,15,954,7271
6002057,1727710262,0,0,0,0,0,0,0,0,0,0,0,0,4,3,9,3,1,4896,4888,0,0,0,0
6002058,1727710311,153557274,11,3,0,0,3,0,0,3,0,0,14,2,11,60,22,1,6274,6215,184,1,2721,4171
6002060,1727710363,0,0,0,0,0,0,0,0,0,0,0,0,2,2,7,2,1,4363,4357,0,0,0,0
6002064,1727710412,0,0,0,0,0,0,0,0,0,0,0,0,4,3,9,3,1,4473,4465,0,0,0,0
6002067,1727710450,12540224,2,2,0,0,2,0,0,2,0,0,2,8,7,26,9,1,3679,3654,136,2,115,850
6002069,1727710517,119358143,19,12,0,0,12,0,0,12,0,0,17,6,20,107,39,1,6718,6612,616,10,1209,7813
6002071,1727710652,190752257,11,2,0,0,2,0,0,2,0,0,17,4,21,88,32,1,9234,9147,136,1,3191,5001
6002073,1727710697,13491876,2,2,0,0,2,0,0,2,0,0,2,4,5,20,7,1,4936,4917,136,2,109,823
6002077,1727710753,97737196,4,2,0,0,2,0,0,2,0,0,5,4,9,37,13,1,6363,6327,136,2,1872,2664
6002080,1727710797,0,0,0,0,0,0,0,0,0,0,0,0,8,5,15,5,1,5783,5769,0,0,0,0
6002082,1727710849,473203497,10,9,0,0,9,0,0,9,0,0,178,6,182,520,192,1,5157,4638,472,6,816,8172
6002083,1727710874,55874932,5,1,0,0,1,0,0,1,0,0,6,4,7,34,12,1,4527,4494,88,0,910,1890
6002085,1727710908,0,0,0,0,0,0,0,0,0,0,0,0,2,2,7,2,1,3687,3681,0,0,0,0
6002088,1727710990,253258887,50,4,0,0,4,0,0,4,0,0,51,4,20,190,70,1,10294,10105,232,4,2346,17274
6002090,1727711024,84366752,5,1,0,0,1,0,0,1,0,0,7,6,9,39,14,1,5381,5343,88,1,1493,2853
6002093,1727711073,0,0,0,0,0,0,0,0,0,0,0,0,4,4,12,4,1,4928,4917,0,0,0,0
6002096,1727711162,131741151,20,14,0,0,14,0,0,14,0,0,25,6,19,106,39,1,11482,11377,712,13,1079,7875
6002097,1727711244,29715134,1,1,0,0,1,0,0,1,0,0,10,6,15,45,16,1,9729,9685,88,0,128,723
6002098,1727711308,0,0,0,0,0,0,0,0,0,0,0,0,2,1,4,1,1,8272,8269,0,0,0,0
6002100,1727711337,0,0,0,0,0,0,0,0,0,0,0,0,2,1,4,1,1,4494,4491,0,0,0,0
6002101,1727711402,109811329,5,2,0,0,2,0,0,2,0,0,5,4,9,39,14,1,10143,10105,136,2,1831,3384
6002103,1727711465,138798899,10,2,0,0,2,0,0,2,0,0,14,2,11,58,21,1,5958,5901,136,1,2186,4258
6002104,1727711512,0,0,0,0,0,0,0,0,0,0,0,0,4,4,12,4,1,4439,4428,0,0,0,0
6002105,1727711583,48727898,3,0,0,0,0,0,0,0,0,0,3,2,4,20,7,1,5891,5872,0,0,868,1347
6002108,1727711617,46823171,3,1,0,0,1,0,0,1,0,0,4,2,5,23,8,1,4372,4350,88,1,804,1184
6002109,1727711693,252108953,29,12,0,0,12,0,0,12,0,0,36,6,31,163,60,1,7168,7006,616,10,3132,11694
6002110,1727711725,53425920,7,1,0,0,1,0,0,1,0,0,5,2,6,36,13,1,4808,4773,88,0,720,1739
6002111,1727711767,63607814,2,1,0,0,1,0,0,1,0,0,2,2,4,18,6,1,4367,4350,88,1,1308,1634
6002114,1727711803,71543680,1,1,0,0,1,0,0,1,0,0,28,2,30,85,31,1,4434,4350,88,0,110,1073
6002117,1727711842,44253066,2,2,0,0,2,0,0,2,0,0,15,6,20,61,22,1,4980,4920,136,1,115,1235
6002120,1727711924,153359496,10,3,0,0,3,0,0,3,0,0,11,6,14,66,24,1,4674,4609,184,3,2894,5131
6002123,1727711965,287814987,133,131,0,0,131,0,0,131,0,0,7,6,9,384,142,1,6008,5625,6328,130,1372,51766
6002129,1727712021,66648410,12,10,0,0,10,0,0,10,0,0,6,6,11,63,23,1,5405,5343,520,10,830,4280
6002134,1727712101,191992822,25,11,0,0,11,0,0,11,0,0,23,12,29,147,54,1,6235,6089,568,10,2427,9652
6002136,1727712138,208689056,69,64,0,0,64,0,0,64,0,0,16,10,20,241,89,1,6048,5808,3112,62,1204,26440
6002142,1727712177,28884857,1,0,0,0,0,0,0,0,0,0,1,4,4,15,5,1,4367,4353,0,0,609,686
6002145,1727712216,355926652,102,2,0,0,2,0,0,2,0,0,102,12,12,309,114,1,5237,4929,136,2,2231,36336
6002148,1727712272,160161209,23,14,0,0,14,0,0,14,0,0,21,6,22,123,45,1,5183,5061,712,11,1659,8652
6002149,1727712332,72025734,4,1,0,0,1,0,0,1,0,0,4,6,10,39,14,1,5945,5907,88,1,1482,1648
6002151,1727712396,396270261,111,9,0,0,9,0,0,9,0,0,107,2,11,330,122,1,8345,8016,472,7,2467,40413
6002152,1727712436,170145302,75,75,0,0,75,0,0,75,0,0,12,4,15,245,90,1,8093,7849,3640,74,445,28507
6002153,1727712496,515423697,109,3,0,0,3,0,0,3,0,0,139,2,50,431,159,1,8587,8157,184,2,3189,41115
6002154,1727712541,262021747,72,2,0,0,2,0,0,2,0,0,72,2,6,212,78,1,6506,6295,136,2,1816,24328
6002159,1727712599,178485938,17,3,0,0,3,0,0,3,0,0,18,2,16,90,33,1,7259,7170,184,3,2505,7905
6002160,1727712665,155642746,16,6,0,0,6,0,0,6,0,0,22,10,29,122,45,1,5470,5349,328,4,1680,7190
6002162,1727712720,228393757,102,98,0,0,98,0,0,98,0,0,6,2,8,297,110,1,6063,5767,4744,98,1281,37778
6002164,1727712765,121695178,6,1,0,0,1,0,0,1,0,0,7,4,10,45,16,1,4791,4747,88,1,2492,2488
6002166,1727712824,379035206,162,158,0,0,158,0,0,158,0,0,7,4,10,465,172,1,7637,7173,7624,157,2808,62431
6002169,1727712850,38821372,2,1,0,0,1,0,0,1,0,0,3,4,6,23,8,1,5221,5199,88,1,712,928
6002171,1727712894,65359474,3,1,0,0,1,0,0,1,0,0,3,6,8,31,11,1,6219,6189,88,1,1239,1535
6002173,1727712926,136190590,19,10,0,0,10,0,0,10,0,0,20,4,21,110,40,1,4856,4747,520,9,1124,8548
6002176,1727712974,90405541,7,2,0,0,2,0,0,2,0,0,8,4,9,44,16,1,4790,4747,136,1,1524,2574
6002177,1727713030,108599192,15,11,0,0,11,0,0,11,0,0,19,6,20,96,35,1,7130,7035,568,9,927,5859
6002180,1727713100,284586437,46,15,0,0,15,0,0,15,0,0,35,2,34,217,80,1,10065,9849,760,15,2424,20393
6002182,1727713186,35287065,2,0,0,0,0,0,0,0,0,0,2,6,7,26,9,1,6214,6189,0,0,791,701
6002184,1727713230,45545129,3,1,0,0,1,0,0,1,0,0,4,4,6,25,9,1,4659,4635,88,0,821,1153
6002187,1727713291,204221673,12,10,0,0,10,0,0,10,0,0,64,4,66,211,78,1,5723,5513,520,8,896,5948
6002190,1727713330,190883460,11,1,0,0,1,0,0,1,0,0,12,6,18,80,29,1,4858,4779,88,1,3381,6158
6002191,1727713365,176650786,86,85,0,0,85,0,0,85,0,0,5,6,8,255,94,1,5286,5032,4120,84,514,32232
6002194,1727713425,42741684,3,2,0,0,2,0,0,2,0,0,4,2,5,23,8,1,4513,4491,136,2,680,1259
6002197,1727713450,67886938,7,3,0,0,3,0,0,3,0,0,7,6,12,52,19,1,5365,5314,184,3,847,2679
6002198,1727713493,186251021,26,13,0,0,13,0,0,13,0,0,23,6,23,134,49,1,8126,7993,664,13,1973,10948
6002199,1727713537,0,0,0,0,0,0,0,0,0,0,0,0,2,1,4,1,1,7032,7029,0,0,0,0
6002202,1727713638,106312940,15,14,0,0,14,0,0,14,0,0,19,2,20,96,35,1,11748,11653,712,11,854,6488
6002203,1727713676,35287065,2,0,0,0,0,0,0,0,0,0,2,6,7,26,9,1,6214,6189,0,0,733,643
6002206,1727713736,46551716,2,2,0,0,2,0,0,2,0,0,16,2,18,55,20,1,7195,7141,136,0,123,1230
6002208,1727713815,44581045,3,2,0,0,2,0,0,2,0,0,4,6,8,31,11,1,10279,10249,136,2,689,1279
6002211,1727713857,188279159,51,48,0,0,48,0,0,48,0,0,6,4,7,158,58,1,3917,3760,2344,48,2333,20858
6002213,1727713894,50566390,10,10,0,0,10,0,0,10,0,0,11,6,15,69,25,1,3093,3025,520,8,158,4297
6002215,1727713907,98572603,7,3,0,0,3,0,0,3,0,0,10,4,13,55,20,1,5253,5199,184,3,1569,3187
6002218,1727713977,28248712,12,12,0,0,12,0,0,12,0,0,1,4,5,47,17,1,4258,4212,616,11,149,4799
6002219,1727714040,66039914,3,0,0,0,0,0,0,0,0,0,3,6,9,34,12,1,10282,10249,0,0,1474,1196
6002222,1727714097,127139209,5,2,0,0,2,0,0,2,0,0,27,2,28,90,33,1,6384,6295,136,1,1449,2565
6002223,1727714136,219006010,57,1,0,0,1,0,0,1,0,0,58,6,8,177,65,1,6647,6471,88,0,1696,19876
6002226,1727714191,371920172,48,18,0,0,18,0,0,18,0,0,49,2,35,225,83,1,7365,7141,904,16,4130,18611
6002227,1727714242,71023788,5,1,0,0,1,0,0,1,0,0,14,6,16,58,21,1,6358,6301,88,0,846,2063
6002229,1727714277,24380458,4,4,0,0,4,0,0,4,0,0,4,2,5,26,9,1,4064,4039,232,3,116,1626
6002232,1727714320,41506679,2,0,0,0,0,0,0,0,0,0,2,4,5,20,7,1,4654,4635,0,0,689,1224
6002235,1727714386,71421707,12,10,0,0,10,0,0,10,0,0,6,6,11,63,23,1,6815,6753,520,9,847,4560
6002238,1727714439,38989679,2,1,0,0,1,0,0,1,0,0,3,6,9,31,11,1,5203,5173,88,1,689,1102
6002241,1727714476,93159294,13,9,0,0,9,0,0,9,0,0,14,6,13,72,26,1,3476,3405,472,7,946,4896
6002242,1727714514,115721150,10,1,0,0,1,0,0,1,0,0,10,6,7,47,17,1,4409,4363,88,1,2114,4385
6002245,1727714580,274673880,93,90,0,0,90,0,0,90,0,0,9,2,9,277,102,1,6600,6324,4360,88,2364,35992
6002246,1727714627,107420494,58,58,0,0,58,0,0,58,0,0,2,6,7,177,65,1,5913,5737,2824,58,340,22270
6002247,1727714705,84047963,19,18,0,0,18,0,0,18,0,0,7,2,8,74,27,1,7666,7593,904,18,760,7379
6002250,1727714740,0,0,0,0,0,0,0,0,0,0,0,0,2,2,7,2,1,4327,4321,0,0,0,0
6002256,1727714822,892854380,33,19,0,0,19,0,0,19,0,0,288,6,288,869,321,1,7169,6301,952,16,3919,20196
6002259,1727714857,138623768,15,4,0,0,4,0,0,4,0,0,14,12,21,98,36,1,4574,4477,232,4,1857,7406
6002262,1727714902,326336104,123,121,0,0,121,0,0,121,0,0,8,6,13,368,136,1,4723,4356,5848,120,2503,77318
6002266,1727714941,70287482,7,3,0,0,3,0,0,3,0,0,8,6,12,52,19,1,4378,4327,184,3,870,3232
6002267,1727714978,0,0,0,0,0,0,0,0,0,0,0,0,8,5,15,5,1,4937,4923,0,0,0,0
6002270,1727715028,88237247,19,17,0,0,17,0,0,17,0,0,8,2,9,77,28,1,4285,4209,856,15,936,7555
6002272,1727715074,46142110,4,0,0,0,0,0,0,0,0,0,4,6,7,31,11,1,5969,5939,0,0,805,1271
6002273,1727715141,58986080,5,3,0,0,3,0,0,3,0,0,18,4,21,72,26,1,9366,9295,184,2,161,1955
6002275,1727715184,175224147,41,32,0,0,32,0,0,32,0,0,11,2,11,142,52,1,6324,6183,1576,31,1855,17411
6002277,1727715247,80197891,6,3,0,0,3,0,0,3,0,0,6,4,9,42,15,1,8624,8583,184,3,1443,2367
6002280,1727715313,82045066,11,7,0,0,7,0,0,7,0,0,10,4,12,63,23,1,5655,5593,376,6,978,4004
6002281,1727715328,155155507,14,6,0,0,6,0,0,6,0,0,16,6,19,90,33,1,5714,5625,328,6,2154,6973
6002284,1727715422,160254783,18,11,0,0,11,0,0,11,0,0,25,2,27,123,45,1,5007,4885,568,10,1641,7608
6002288,1727715485,103656228,7,3,0,0,3,0,0,3,0,0,22,6,25,87,32,1,5823,5737,184,2,998,3724
6002292,1727715536,178818441,43,1,0,0,1,0,0,1,0,0,44,8,9,142,52,1,6163,6022,88,1,1483,14608
6002299,1727715572,358735217,17,7,0,0,7,0,0,7,0,0,89,8,95,303,112,1,4520,4218,376,5,2872,9459
6002301,1727715628,2368720794,23,20,0,0,20,0,0,20,0,0,94,14,104,344,127,1,7510,7167,1000,18,3216,12619
6002305,1727715675,228229701,49,35,0,0,35,0,0,35,0,0,15,4,16,177,65,1,5905,5729,1720,34,2900,21274
6002307,1727715717,48610933,4,2,0,0,2,0,0,2,0,0,4,8,9,37,13,1,5353,5317,136,2,883,1564
6002308,1727715766,213468458,32,3,0,0,3,0,0,3,0,0,18,4,19,139,51,1,7141,7003,184,2,2476,16149
6002310,1727715795,48997490,21,21,0,0,21,0,0,21,0,0,2,2,3,66,24,1,5684,5619,1048,21,196,8162
6002315,1727715843,126669866,13,1,0,0,1,0,0,1,0,0,14,4,15,77,28,1,3836,3760,88,1,1839,5207
6002317,1727715888,230562021,26,11,0,0,11,0,0,11,0,0,32,10,35,166,61,1,6642,6477,568,9,2713,13166
6002320,1727715945,187778581,41,28,0,0,28,0,0,28,0,0,14,4,18,160,59,1,6486,6327,1384,28,1982,17083
6002323,1727715979,0,0,0,0,0,0,0,0,0,0,0,0,6,5,15,5,1,3806,3792,0,0,0,0
6002326,1727716017,153275162,16,2,0,0,2,0,0,2,0,0,17,6,15,85,31,1,4581,4497,136,2,1941,8792
6002329,1727716095,164999328,26,17,0,0,17,0,0,17,0,0,18,6,22,130,48,1,11394,11265,856,16,1810,9835
6002330,1727716144,36575078,1,1,0,0,1,0,0,1,0,0,13,6,18,53,19,1,5395,5343,88,0,99,782
6002331,1727716177,320782110,59,2,0,0,2,0,0,2,0,0,15,2,15,201,74,1,5085,4885,136,2,3434,28332
6002332,1727716216,65053976,6,2,0,0,2,0,0,2,0,0,7,2,6,34,12,1,4806,4773,136,1,974,2162
6002333,1727716276,233841420,10,3,0,0,3,0,0,3,0,0,65,2,66,206,76,1,5082,4877,184,1,1557,5419
6002335,1727716322,39796334,2,1,0,0,1,0,0,1,0,0,3,2,5,20,7,1,5468,5449,88,1,676,939
6002338,1727716387,349763774,22,4,0,0,4,0,0,4,0,0,21,4,23,123,45,1,4475,4353,232,4,3842,21276
6002341,1727716424,0,0,0,0,0,0,0,0,0,0,0,0,6,5,15,5,1,5046,5032,0,0,0,0
6002342,1727716462,26107664,7,7,0,0,7,0,0,7,0,0,4,6,9,45,16,1,6515,6471,376,6,135,2660
6002344,1727716548,56997155,6,0,0,0,0,0,0,0,0,0,6,2,6,34,12,1,9882,9849,0,0,1433,2061
6002346,1727716589,0,0,0,0,0,0,0,0,0,0,0,0,4,4,12,4,1,6732,6721,0,0,0,0
6002347,1727716639,412110432,188,187,0,0,187,0,0,187,0,0,17,4,18,558,206,1,8294,7737,9016,185,1486,72371
6002349,1727716699,0,0,0,0,0,0,0,0,0,0,0,0,2,2,7,2,1,5173,5167,0,0,0,0
6002352,1727716738,45545129,3,1,0,0,1,0,0,1,0,0,4,4,6,25,9,1,3672,3648,88,0,845,1096
6002354,1727716785,58622403,9,7,0,0,7,0,0,7,0,0,5,6,9,50,18,1,4687,4638,376,7,885,3503
6002358,1727716887,156796937,25,14,0,0,14,0,0,14,0,0,19,4,20,123,45,1,7157,7035,712,14,1167,10080
6002361,1727716930,0,0,0,0,0,0,0,0,0,0,0,0,8,6,17,6,1,5221,5205,0,0,0,0
6002362,1727716999,35287065,2,0,0,0,0,0,0,0,0,0,2,6,7,25,9,1,9597,9573,0,0,734,641
6002364,1727717030,0,0,0,0,0,0,0,0,0,0,0,0,2,2,7,2,1,5173,5167,0,0,0,0
6002367,1727717085,236296306,23,19,0,0,19,0,0,19,0,0,67,4,68,247,91,1,4740,4494,952,18,976,9718
6002372,1727717127,264437318,115,114,0,0,114,0,0,114,0,0,12,6,15,352,130,1,5694,5343,5512,112,1696,71110
6002373,1727717166,139205150,15,5,0,0,5,0,0,5,0,0,18,10,24,107,39,1,11095,10989,280,4,1664,5425
6002376,1727717276,83705832,5,3,0,0,3,0,0,3,0,0,16,2,18,64,23,1,7938,7875,184,2,796,2844
6002378,1727717306,44647887,3,1,0,0,1,0,0,1,0,0,4,6,7,28,10,1,5370,5343,88,1,800,1173
6002380,1727717344,0,0,0,0,0,0,0,0,0,0,0,0,4,4,12,4,1,5040,5029,0,0,0,0
6002383,1727717408,477214892,55,52,0,0,52,0,0,52,0,0,136,4,136,517,191,1,5263,4747,2536,50,1703,23429
6002385,1727717478,75153972,12,8,0,0,8,0,0,8,0,0,8,6,11,63,23,1,5553,5491,424,7,936,4526
6002387,1727717523,0,0,0,0,0,0,0,0,0,0,0,0,4,3,9,3,1,7575,7567,0,0,0,0
6002390,1727717596,87107275,5,3,0,0,3,0,0,3,0,0,19,4,20,69,25,1,7382,7314,184,2,901,2494
6002394,1727717630,0,0,0,0,0,0,0,0,0,0,0,0,6,4,12,4,1,4508,4497,0,0,0,0
6002397,1727717678,46490110,4,0,0,0,0,0,0,0,0,0,4,8,11,42,15,1,5358,5317,0,0,890,1354
6002399,1727717734,168603080,20,11,0,0,11,0,0,11,0,0,28,6,31,139,51,1,5170,5032,568,9,1760,8129
6002401,1727717770,0,0,0,0,0,0,0,0,0,0,0,0,4,2,7,2,1,4753,4747,0,0,0,0
6002403,1727717836,0,0,0,0,0,0,0,0,0,0,0,0,4,3,9,3,1,5207,5199,0,0,0,0
6002404,1727717882,109168606,1,1,0,0,1,0,0,1,0,0,44,4,48,134,49,1,5444,5311,88,0,109,1443
6002408,1727717929,0,0,0,0,0,0,0,0,0,0,0,0,2,1,4,1,1,4353,4350,0,0,0,0
6002410,1727717972,348281312,78,3,0,0,3,0,0,3,0,0,89,8,25,279,103,1,5031,4753,184,2,2707,28729
6002415,1727718004,0,0,0,0,0,0,0,0,0,0,0,0,4,1,4,1,1,4074,4071,0,0,0,0
6002417,1727718057,596988535,258,252,0,0,252,0,0,252,0,0,23,10,31,783,289,1,5321,4539,12136,250,2399,96583
6002419,1727718089,69275475,3,1,0,0,1,0,0,1,0,0,14,4,17,55,20,1,4407,4353,88,0,969,1510
6002423,1727718142,83067626,33,32,0,0,32,0,0,32,0,0,6,4,9,114,42,1,4325,4212,1576,30,285,12314
6002424,1727718187,0,0,0,0,0,0,0,0,0,0,0,0,8,5,15,5,1,5360,5346,0,0,0,0
6002426,1727718271,182738717,54,51,0,0,51,0,0,51,0,0,9,2,11,177,65,1,8163,7987,2488,50,1726,21009
6002429,1727718312,8124544,1,1,0,0,1,0,0,1,0,0,1,4,2,9,3,1,4361,4353,88,1,101,472
6002431,1727718384,127783478,22,18,0,0,18,0,0,18,0,0,12,6,16,104,38,1,9394,9291,904,17,1399,9175
6002433,1727718453,28836849,1,0,0,0,0,0,0,0,0,0,1,4,4,15,5,1,6059,6045,0,0,570,752
6002437,1727718489,130839190,5,2,0,0,2,0,0,2,0,0,17,4,20,69,25,1,3716,3648,136,0,1998,3027
6002439,1727718550,321972288,11,1,0,0,1,0,0,1,0,0,79,8,84,258,95,1,6026,5769,88,0,2723,10454
6002443,1727718657,688972226,95,20,0,0,20,0,0,20,0,0,102,4,62,424,157,1,6931,6508,1000,19,5735,43070
6002444,1727718748,101320347,5,0,0,0,0,0,0,0,0,0,5,8,11,45,16,1,8040,7996,0,0,1762,6078
6002448,1727718777,53912335,5,2,0,0,2,0,0,2,0,0,5,2,6,31,11,1,3957,3927,136,2,793,2115
6002450,1727718859,180723556,9,3,0,0,3,0,0,3,0,0,24,8,28,101,37,1,7138,7038,184,1,2798,4846
6002455,1727718890,0,0,0,0,0,0,0,0,0,0,0,0,4,2,7,2,1,3766,3760,0,0,0,0
6002459,1727718927,57233687,1,0,0,0,0,0,0,0,0,0,1,10,7,23,8,1,5371,5349,0,0,1480,1258
6002461,1727718965,106477692,8,5,0,0,5,0,0,5,0,0,5,8,12,55,20,1,5541,5487,280,4,2031,4082
6002463,1727719011,309143721,109,103,0,0,103,0,0,103,0,0,11,4,11,324,120,1,6480,6157,4984,102,2172,43079
6002464,1727719058,35287065,2,0,0,0,0,0,0,0,0,0,2,4,5,20,7,1,7756,7737,0,0,951,861
6002467,1727719099,0,0,0,0,0,0,0,0,0,0,0,0,2,2,7,2,1,4779,4773,0,0,0,0
6002468,1727719145,15862186,3,3,0,0,3,0,0,3,0,0,2,6,7,28,10,1,5652,5625,184,3,124,1290
6002471,1727719209,41407158,2,1,0,0,1,0,0,1,0,0,4,2,6,23,8,1,6349,6327,88,0,767,981
6002474,1727719283,729822374,51,30,0,0,30,0,0,30,0,0,241,6,229,759,280,1,6947,6189,1480,27,2193,23782
6002475,1727719335,0,0,0,0,0,0,0,0,0,0,0,0,6,4,12,4,1,6030,6019,0,0,0,0
6002480,1727719395,2656155192,109,103,0,0,103,0,0,103,0,0,1023,2,1024,3060,1133,1,8960,5901,4984,101,2353,110396
6002486,1727719431,55562932,5,1,0,0,1,0,0,1,0,0,6,10,10,42,15,1,4233,4192,88,0,1402,2776
6002496,1727719473,530498264,40,40,0,0,40,0,0,40,0,0,194,12,201,652,241,1,5269,4618,1960,38,319,19888
6002498,1727719522,27085422,9,9,0,0,9,0,0,9,0,0,3,20,12,58,21,1,6661,6604,472,9,137,3484
6002501,1727719555,48403844,3,0,0,0,0,0,0,0,0,0,3,4,4,20,7,1,4766,4747,0,0,933,1397
6002503,1727719641,104040262,19,17,0,0,17,0,0,17,0,0,12,6,14,90,33,1,12764,12675,856,16,919,8008
6002507,1727719708,2724724934,154,133,0,0,133,0,0,133,0,0,1005,4,1005,3132,1159,1,9176,6045,6424,130,2835,81692
6002512,1727719735,49586112,21,21,0,0,21,0,0,21,0,0,4,8,9,82,30,1,5850,5769,1048,21,187,7859
6002517,1727719807,105936939,5,2,0,0,2,0,0,2,0,0,6,10,13,50,18,1,4866,4817,136,1,2652,3543
6002522,1727719844,232147108,24,4,0,0,4,0,0,4,0,0,17,10,24,130,48,1,4216,4087,232,3,3960,14105
6002524,1727719882,47883027,4,2,0,0,2,0,0,2,0,0,4,10,10,39,14,1,4935,4897,136,2,724,1873
6002525,1727719926,505311909,168,166,0,0,166,0,0,166,0,0,68,4,70,644,238,1,5560,4917,8008,163,1558,65102
6002526,1727719964,136083911,13,3,0,0,3,0,0,3,0,0,15,2,15,77,28,1,4144,4068,184,2,1744,5695
6002527,1727720017,125596265,6,2,0,0,2,0,0,2,0,0,8,2,10,44,16,1,5944,5901,136,0,2017,4539
6002529,1727720055,42278505,3,1,0,0,1,0,0,1,0,0,3,2,5,23,8,1,4202,4180,88,0,730,1380
6002533,1727720123,178979429,22,2,0,0,2,0,0,2,0,0,21,4,20,115,42,1,6271,6157,136,1,1977,8788
6002537,1727720162,38861726,1,1,0,0,1,0,0,1,0,0,14,8,21,61,22,1,4390,4330,88,0,99,872
6002539,1727720198,75867822,13,9,0,0,9,0,0,9,0,0,8,8,14,74,27,1,3868,3795,472,8,902,4673
6002540,1727720277,244990888,35,2,0,0,2,0,0,2,0,0,25,4,26,166,61,1,7902,7737,136,2,2289,16265
6002542,1727720312,0,0,0,0,0,0,0,0,0,0,0,0,2,2,7,2,1,4356,4350,0,0,0,0
6002545,1727720367,10536858,1,1,0,0,1,0,0,1,0,0,2,4,6,20,7,1,4936,4917,88,1,113,449
6002550,1727720417,62370498,5,1,0,0,1,0,0,1,0,0,7,6,11,44,16,1,3871,3828,88,1,1105,3194
6002553,1727720494,299570652,65,49,0,0,49,0,0,49,0,0,42,10,42,290,107,1,6173,5884,2392,46,2204,24895
6002557,1727720556,178864741,73,71,0,0,71,0,0,71,0,0,6,6,9,223,82,1,5706,5484,3448,69,1095,27035
6002564,1727720614,241426601,26,6,0,0,6,0,0,6,0,0,38,8,45,193,71,1,6243,6051,328,5,2089,12604
6002567,1727720681,355047650,26,12,0,0,12,0,0,12,0,0,84,14,92,319,118,1,5814,5496,616,10,2664,13482
6002571,1727720751,459485052,3,3,0,0,3,0,0,3,0,0,191,6,196,537,199,1,7683,7147,184,2,178,5512
6002574,1727720792,0,0,0,0,0,0,0,0,0,0,0,0,8,6,17,6,1,6631,6615,0,0,0,0
6002576,1727720862,277694830,30,13,0,0,13,0,0,13,0,0,26,6,30,163,60,1,7591,7429,664,12,4010,14165
6002578,1727720894,167487948,26,1,0,0,1,0,0,1,0,0,15,4,17,118,43,1,4300,4183,88,1,1449,12374
6002583,1727720947,210777965,29,21,0,0,21,0,0,21,0,0,19,4,19,131,48,1,4060,3930,1048,19,2957,12659
6002585,1727720977,143086059,17,4,0,0,4,0,0,4,0,0,18,10,21,104,38,1,4042,3939,232,3,1951,7290
6002588,1727721035,0,0,0,0,0,0,0,0,0,0,0,0,4,4,12,4,1,2892,2881,0,0,0,0
6002590,1727721070,371471066,48,5,0,0,5,0,0,5,0,0,37,6,36,228,84,1,5118,4891,280,5,4463,20584
6002594,1727721112,129502575,27,24,0,0,24,0,0,24,0,0,8,4,11,104,38,1,4427,4324,1192,23,2611,28845
6002597,1727721233,246332515,24,15,0,0,15,0,0,15,0,0,34,8,38,168,62,1,9320,9153,760,13,8308,30691
6002600,1727721279,0,0,0,0,0,0,0,0,0,0,0,0,6,5,15,5,1,3665,3651,0,0,0,0
6002601,1727721370,194016545,21,3,0,0,3,0,0,3,0,0,27,6,29,136,50,1,9256,9121,184,2,4891,26638
6002604,1727721428,16164456,4,4,0,0,4,0,0,4,0,0,1,2,2,17,6,1,4619,4603,232,4,372,4056
6002607,1727721471,211451195,30,3,0,0,3,0,0,3,0,0,19,6,24,146,54,1,7462,7317,184,2,3958,23103
6002611,1727721503,0,0,0,0,0,0,0,0,0,0,0,0,6,5,15,5,1,4793,4779,0,0,0,0
6002613,1727721547,168615062,39,34,0,0,34,0,0,34,0,0,15,8,21,163,60,1,5367,5205,1672,33,1631,15077
6002615,1727721587,0,0,0,0,0,0,0,0,0,0,0,0,4,3,10,3,1,3910,3901,0,0,0,0
6002619,1727721627,35287065,2,0,0,0,0,0,0,0,0,0,2,4,3,15,5,1,4092,4078,0,0,904,886
6002621,1727721720,564233216,203,189,0,0,189,0,0,189,0,0,24,8,30,630,233,1,7920,7291,9112,189,3969,81766
6002624,1727721760,139688621,21,1,0,0,1,0,0,1,0,0,13,4,14,96,35,1,4307,4212,88,1,1403,9981
6002629,1727721802,109562612,8,2,0,0,2,0,0,2,0,0,21,6,25,90,33,1,3458,3369,136,1,1014,4124
6002630,1727721850,147720620,26,18,0,0,18,0,0,18,0,0,14,10,21,128,47,1,5447,5320,904,17,1653,9857
6002634,1727721900,59320907,9,7,0,0,7,0,0,7,0,0,4,2,5,39,14,1,4500,4462,376,7,919,3412
6002636,1727721901,152688276,19,3,0,0,3,0,0,3,0,0,13,8,18,101,37,1,4882,4782,184,2,1851,9146
6002642,1727721971,0,0,0,0,0,0,0,0,0,0,0,0,4,3,9,3,1,3768,3760,0,0,0,0
6002648,1727722031,35174254,10,10,0,0,10,0,0,10,0,0,5,12,9,53,19,1,4811,4759,520,10,139,3799
6002652,1727722068,179397672,6,2,0,0,2,0,0,2,0,0,57,12,65,193,71,1,5544,5352,136,0,994,3294
6002653,1727722103,46880553,4,2,0,0,2,0,0,2,0,0,4,8,9,36,13,1,5070,5035,136,1,902,1508
6002655,1727722138,141427939,10,2,0,0,2,0,0,2,0,0,14,2,14,66,24,1,5402,5337,136,2,2173,5649
6002656,1727722176,41942503,3,1,0,0,1,0,0,1,0,0,3,4,7,28,10,1,6466,6439,88,1,800,1466
6002660,1727722220,0,0,0,0,0,0,0,0,0,0,0,0,2,1,4,1,1,2979,2976,0,0,0,0
6002662,1727722307,302180950,45,19,0,0,19,0,0,19,0,0,47,8,50,257,95,1,10508,10252,952,17,2248,21204
6002667,1727722355,21070340,3,3,0,0,3,0,0,3,0,0,4,4,7,28,10,1,5508,5481,184,2,116,1191
6002670,1727722415,320212675,7,1,0,0,1,0,0,1,0,0,107,10,111,319,118,1,5920,5602,88,1,2163,2148
6002674,1727722473,372760557,63,2,0,0,2,0,0,2,0,0,62,6,15,212,78,1,6682,6471,136,2,2239,31669
6002677,1727722532,199679416,29,18,0,0,18,0,0,18,0,0,20,8,22,139,51,1,8275,8137,904,17,2505,12319
6002679,1727722578,283835361,31,4,0,0,4,0,0,4,0,0,29,6,27,158,58,1,5628,5471,232,3,3408,15215
6002680,1727722625,108190762,8,0,0,0,0,0,0,0,0,0,10,4,11,52,19,1,7336,7285,0,0,1728,4984
6002682,1727722674,362858308,41,4,0,0,4,0,0,4,0,0,43,2,22,171,63,1,8327,8157,232,4,4322,22215
6002685,1727722746,956895000,184,3,0,0,3,0,0,3,0,0,45,4,42,610,226,1,6654,6045,184,2,7014,84520
6002688,1727722809,279565484,21,16,0,0,16,0,0,16,0,0,78,6,82,279,103,1,8505,8227,808,15,1517,9471
6002691,1727722845,876106208,183,4,0,0,4,0,0,4,0,0,18,6,18,544,201,1,5886,5343,232,3,6259,77995
6002692,1727722887,858563281,184,2,0,0,2,0,0,2,0,0,22,6,23,560,207,1,7988,7429,136,2,5895,82537
6002694,1727722953,90630927,3,1,0,0,1,0,0,1,0,0,4,2,5,23,8,1,8855,8833,88,1,2009,2431
6002698,1727723008,163284313,31,28,0,0,28,0,0,28,0,0,9,4,12,117,43,1,4892,4776,1384,27,2118,13276
6002700,1727723051,73433303,13,11,0,0,11,0,0,11,0,0,7,8,13,72,26,1,4853,4782,568,10,928,4794
6002702,1727723087,133584884,19,14,0,0,14,0,0,14,0,0,16,4,19,104,38,1,6430,6327,712,12,1495,7428
6002706,1727723131,54359057,8,6,0,0,6,0,0,6,0,0,4,4,7,42,15,1,4224,4183,328,5,825,2893
6002712,1727723174,35456006,12,12,0,0,12,0,0,12,0,0,4,8,7,53,19,1,4129,4077,616,11,139,4791
6002717,1727723261,270037457,42,28,0,0,28,0,0,28,0,0,28,12,38,217,80,1,4834,4618,1384,23,3061,20812
6002720,1727723296,76424662,8,4,0,0,4,0,0,4,0,0,9,10,14,60,22,1,4985,4926,232,2,991,2964
6002723,1727723352,36575078,1,1,0,0,1,0,0,1,0,0,13,6,18,52,19,1,5958,5907,88,0,99,781
6002725,1727723397,35287065,2,0,0,0,0,0,0,0,0,0,2,6,7,26,9,1,5541,5516,0,0,734,640
6002726,1727723436,335777593,93,3,0,0,3,0,0,3,0,0,92,4,10,278,103,1,4666,4389,184,3,2095,31488
6002730,1727723479,16746328,3,3,0,0,3,0,0,3,0,0,3,2,5,23,8,1,4372,4350,184,2,110,1152
6002734,1727723527,266833444,13,5,0,0,5,0,0,5,0,0,85,8,86,269,99,1,5021,4753,280,3,1055,6358
6002738,1727723571,0,0,0,0,0,0,0,0,0,0,0,0,8,4,12,4,1,4229,4218,0,0,0,0
6002739,1727723623,0,0,0,0,0,0,0,0,0,0,0,0,8,7,20,7,1,5477,5458,0,0,0,0
6002740,1727723655,132526219,8,1,0,0,1,0,0,1,0,0,9,2,9,47,17,1,4790,4744,88,1,2566,3091
6002743,1727723698,0,0,0,0,0,0,0,0,0,0,0,0,2,1,4,1,1,4071,4068,0,0,0,0
6002744,1727723765,97713192,4,2,0,0,2,0,0,2,0,0,5,6,11,42,15,1,6794,6753,136,2,1867,2506
6002747,1727723813,106515175,8,1,0,0,1,0,0,1,0,0,11,2,12,55,20,1,4122,4068,88,1,1726,4520
6002751,1727723858,166522365,20,14,0,0,14,0,0,14,0,0,11,6,15,96,35,1,5015,4920,712,14,2579,8412
6002753,1727723940,275764337,20,5,0,0,5,0,0,5,0,0,37,8,39,161,59,1,5647,5487,280,3,3639,11108
6002756,1727723986,109328683,8,0,0,0,0,0,0,0,0,0,10,4,12,55,20,1,4096,4042,0,0,1741,5117
6002757,1727724008,62986322,31,31,0,0,31,0,0,31,0,0,1,6,6,101,37,1,5172,5072,1528,30,214,11593
6002760,1727724058,0,0,0,0,0,0,0,0,0,0,0,0,2,1,4,1,1,3337,3334,0,0,0,0
6002762,1727724089,149007301,12,1,0,0,1,0,0,1,0,0,13,6,13,69,25,1,4847,4779,88,0,2415,6352
6002766,1727724119,32875792,11,11,0,0,11,0,0,11,0,0,4,4,6,47,17,1,3835,3789,568,11,134,4156
6002771,1727724160,162448295,14,2,0,0,2,0,0,2,0,0,16,8,19,90,33,1,4025,3936,136,1,2457,7095
6002772,1727724219,230303445,15,9,0,0,9,0,0,9,0,0,69,10,75,244,90,1,6438,6195,472,6,1010,6589
6002776,1727724289,200134691,17,5,0,0,5,0,0,5,0,0,21,2,20,101,37,1,5267,5167,280,5,2764,9517
6002782,1727724364,149517395,18,12,0,0,12,0,0,12,0,0,13,8,16,93,34,1,5438,5346,616,10,2245,8274
6002784,1727724404,56294930,5,1,0,0,1,0,0,1,0,0,6,12,14,52,19,1,5403,5352,88,0,910,1702
6002787,1727724441,56997155,6,0,0,0,0,0,0,0,0,0,6,4,8,39,14,1,4362,4324,0,0,872,1894
6002789,1727724509,211919492,13,4,0,0,4,0,0,4,0,0,29,6,30,117,43,1,6558,6442,232,4,2949,7230
6002791,1727724615,504669175,93,4,0,0,4,0,0,4,0,0,33,4,31,336,124,1,6069,5734,232,3,4313,40888
6002792,1727724689,0,0,0,0,0,0,0,0,0,0,0,0,4,3,10,3,1,6932,6923,0,0,0,0
6002795,1727724761,123007550,20,16,0,0,16,0,0,16,0,0,20,2,22,115,42,1,5592,5478,808,15,992,8048
6002799,1727724799,46490110,4,0,0,0,0,0,0,0,0,0,4,6,7,31,11,1,5373,5343,0,0,825,1281
6002800,1727724837,72716321,4,1,0,0,1,0,0,1,0,0,5,8,13,47,17,1,5222,5176,88,1,1379,1641
6002801,1727724877,36448713,2,1,0,0,1,0,0,1,0,0,3,2,4,17,6,1,5635,5619,88,1,682,634
6002806,1727724912,0,0,0,0,0,0,0,0,0,0,0,0,2,2,7,2,1,4497,4491,0,0,0,0
6002808,1727724948,123294456,1,1,0,0,1,0,0,1,0,0,50,10,57,158,58,1,5618,5461,88,0,127,1732
6002810,1727725015,84305493,10,4,0,0,4,0,0,4,0,0,12,4,11,58,21,1,5679,5622,232,3,999,3536
6002812,1727725068,35287065,2,0,0,0,0,0,0,0,0,0,2,4,6,23,8,1,4628,4606,0,0,775,639
6002817,1727725128,45055885,3,1,0,0,1,0,0,1,0,0,4,4,5,23,8,1,6067,6045,88,0,890,1135
6002820,1727725166,50294966,1,1,0,0,1,0,0,1,0,0,19,10,26,74,27,1,4153,4080,88,0,103,996
6002825,1727725224,140885825,18,15,0,0,15,0,0,15,0,0,11,6,15,91,33,1,5404,5314,760,13,2087,7591
6002830,1727725273,79893147,5,2,0,0,2,0,0,2,0,0,7,10,13,50,18,1,4165,4116,136,1,1407,2112
6002831,1727725322,115702665,6,2,0,0,2,0,0,2,0,0,6,10,12,50,18,1,5933,5884,136,2,2112,3780
6002835,1727725358,45451893,3,1,0,0,1,0,0,1,0,0,4,2,5,23,8,1,4231,4209,88,1,800,1071
6002839,1727725418,0,0,0,0,0,0,0,0,0,0,0,0,8,4,12,4,1,7020,7009,0,0,0,0
6002842,1727725476,80956332,14,10,0,0,10,0,0,10,0,0,9,8,13,74,27,1,6688,6615,520,9,1003,5072
6002844,1727725519,73467463,9,3,0,0,3,0,0,3,0,0,9,6,12,58,21,1,6528,6471,184,2,994,3115
6002845,1727725586,288198772,35,5,0,0,5,0,0,5,0,0,22,4,20,150,55,1,9126,8977,280,4,3729,16841
6002847,1727725629,11527138,1,1,0,0,1,0,0,1,0,0,2,2,3,12,4,1,5348,5337,88,0,96,444
6002850,1727725702,249348706,5,3,0,0,3,0,0,3,0,0,87,4,90,258,95,1,5738,5481,184,2,818,4054
6002853,1727725778,129098029,17,14,0,0,14,0,0,14,0,0,26,6,28,123,45,1,9243,9121,712,12,933,7312
6002857,1727725816,60116153,8,2,0,0,2,0,0,2,0,0,8,6,6,39,14,1,3689,3651,136,0,897,3022
6002859,1727725856,117316731,7,1,0,0,1,0,0,1,0,0,9,8,15,61,22,1,5792,5732,88,1,2135,3486
6002861,1727725896,41416388,18,18,0,0,18,0,0,18,0,0,2,4,5,63,23,1,4527,4465,904,17,160,6738
6002865,1727725951,117707083,5,1,0,0,1,0,0,1,0,0,5,4,7,34,12,1,5937,5904,88,1,2353,2381
6002870,1727726018,396482210,87,10,0,0,10,0,0,10,0,0,14,8,14,274,101,1,5449,5176,520,10,3350,37583
6002873,1727726062,118043083,5,1,0,0,1,0,0,1,0,0,5,10,13,50,18,1,6920,6871,88,1,2389,2408
6002875,1727726122,45055885,3,1,0,0,1,0,0,1,0,0,4,6,7,28,10,1,5370,5343,88,0,805,1176
6002878,1727726166,44368000,21,21,0,0,21,0,0,21,0,0,1,4,4,69,25,1,4533,4465,1048,21,184,8080
6002880,1727726214,214507782,26,3,0,0,3,0,0,3,0,0,17,6,20,125,46,1,5467,5343,184,3,2783,12362
6002883,1727726251,0,0,0,0,0,0,0,0,0,0,0,0,4,3,9,3,1,5037,5029,0,0,0,0
6002885,1727726310,150997656,21,17,0,0,17,0,0,17,0,0,33,6,36,155,57,1,5468,5314,856,15,949,8428
6002889,1727726391,333944635,40,34,0,0,34,0,0,34,0,0,59,4,61,274,101,1,10096,9823,1672,32,3079,16466
6002895,1727726425,50779504,7,6,0,0,6,0,0,6,0,0,4,8,7,39,14,1,4964,4926,328,6,713,2976
6002898,1727726500,306457558,54,36,0,0,36,0,0,36,0,0,37,12,36,244,90,1,6412,6169,1768,33,3214,21490
6002901,1727726539,7935358,1,1,0,0,1,0,0,1,0,0,1,6,3,12,4,1,4056,4045,88,1,96,399
6002905,1727726587,88112149,4,1,0,0,1,0,0,1,0,0,5,6,10,39,14,1,4958,4920,88,1,1739,1754
6002907,1727726651,227396691,22,11,0,0,11,0,0,11,0,0,21,8,24,126,46,1,5865,5740,568,11,2916,12075
6002910,1727726697,0,0,0,0,0,0,0,0,0,0,0,0,4,2,7,2,1,4612,4606,0,0,0,0
6002914,1727726739,33841548,13,13,0,0,13,0,0,13,0,0,3,6,5,50,18,1,5110,5061,664,13,142,4837
6002916,1727726771,46142110,4,0,0,0,0,0,0,0,0,0,4,8,8,34,12,1,4786,4753,0,0,803,1346
6002918,1727726825,0,0,0,0,0,0,0,0,0,0,0,0,4,3,10,3,1,5179,5170,0,0,0,0
6002919,1727726878,78422067,3,1,0,0,1,0,0,1,0,0,18,4,21,66,24,1,4841,4776,88,0,805,1510
6002921,1727726911,0,0,0,0,0,0,0,0,0,0,0,0,2,2,7,2,1,4186,4180,0,0,0,0
6002924,1727726946,0,0,0,0,0,0,0,0,0,0,0,0,4,2,7,2,1,4048,4042,0,0,0,0
6002927,1727726994,0,0,0,0,0,0,0,0,0,0,0,0,6,4,12,4,1,5748,5737,0,0,0,0
6002930,1727727040,147462716,18,13,0,0,13,0,0,13,0,0,13,6,17,96,35,1,5192,5097,664,12,2174,7509
6002931,1727727083,0,0,0,0,0,0,0,0,0,0,0,0,6,5,15,5,1,6069,6055,0,0,0,0
6002932,1727727114,0,0,0,0,0,0,0,0,0,0,0,0,2,1,4,1,1,6588,6585,0,0,0,0
6002937,1727727182,0,0,0,0,0,0,0,0,0,0,0,0,2,1,4,1,1,6468,6465,0,0,0,0
6002941,1727727259,35287065,2,0,0,0,0,0,0,0,0,0,2,10,8,28,10,1,7462,7435,0,0,754,643
6002943,1727727300,64797573,7,5,0,0,5,0,0,5,0,0,9,8,14,58,21,1,6220,6163,280,5,825,2639
6002946,1727727352,67874938,7,3,0,0,3,0,0,3,0,0,7,4,10,47,17,1,6091,6045,184,3,845,2770
6002947,1727727387,0,0,0,0,0,0,0,0,0,0,0,0,6,4,12,4,1,4931,4920,0,0,0,0
6002949,1727727448,43435022,1,1,0,0,1,0,0,1,0,0,16,2,18,53,19,1,5530,5478,88,0,127,919
6002953,1727727484,50294966,1,1,0,0,1,0,0,1,0,0,19,4,23,66,24,1,4389,4324,88,0,114,1000
6002956,1727727522,18211224,3,3,0,0,3,0,0,3,0,0,3,8,8,31,11,1,4389,4359,184,3,116,1218
6002959,1727727564,430329203,213,208,0,0,208,0,0,208,0,0,13,6,18,625,231,1,6390,5766,10024,207,1794,78534
6002961,1727727614,47857480,4,3,0,0,3,0,0,3,0,0,5,6,10,39,14,1,6509,6471,184,3,693,1784
6002963,1727727666,35287065,2,0,0,0,0,0,0,0,0,0,2,4,5,20,7,1,3464,3445,0,0,773,641
6002965,1727727685,0,0,0,0,0,0,0,0,0,0,0,0,4,2,7,2,1,4189,4183,0,0,0,0
6002967,1727727713,0,0,0,0,0,0,0,0,0,0,0,0,4,3,9,3,1,4925,4917,0,0,0,0
6002970,1727727781,35287065,2,0,0,0,0,0,0,0,0,0,2,4,6,23,8,1,5221,5199,0,0,754,673
6002973,1727727814,0,0,0,0,0,0,0,0,0,0,0,0,6,3,9,3,1,4899,4891,0,0,0,0
6002974,1727727851,87841377,17,15,0,0,15,0,0,15,0,0,10,6,13,82,30,1,6270,6189,760,13,964,6536
6002976,1727727906,203123976,7,4,0,0,4,0,0,4,0,0,56,2,58,177,65,1,7769,7593,232,3,1418,3823
6002978,1727727921,63583810,2,1,0,0,1,0,0,1,0,0,2,4,6,23,8,1,3529,3507,88,1,1309,1588
6002981,1727727989,0,0,0,0,0,0,0,0,0,0,0,0,4,2,7,2,1,4641,4635,0,0,0,0
6002983,1727728029,13314704,2,2,0,0,2,0,0,2,0,0,2,6,7,26,9,1,4352,4327,136,2,105,780
6002988,1727728155,314883103,32,20,0,0,20,0,0,20,0,0,45,4,45,209,77,1,8509,8301,1000,17,3061,14878
6002990,1727728199,62504396,3,2,0,0,2,0,0,2,0,0,14,10,11,39,14,1,5217,5179,136,1,706,1259
6002992,1727728232,35348347,2,0,0,0,0,0,0,0,0,0,2,4,5,20,7,1,3815,3796,0,0,754,679
6002997,1727728271,53038839,7,5,0,0,5,0,0,5,0,0,4,4,7,39,14,1,4080,4042,280,5,887,2512
6003001,1727728321,47975492,3,2,0,0,2,0,0,2,0,0,5,10,10,36,13,1,6230,6195,136,1,714,1361
6003005,1727728361,100255371,11,8,0,0,8,0,0,8,0,0,10,8,15,71,26,1,4711,4641,424,7,1411,4266
6003007,1727728427,91233607,7,2,0,0,2,0,0,2,0,0,8,8,16,63,23,1,7523,7461,136,2,1641,2654
6003008,1727728467,43111589,3,1,0,0,1,0,0,1,0,0,3,4,6,26,9,1,5618,5593,88,1,863,1050
6003009,1727728529,47125482,4,3,0,0,3,0,0,3,0,0,5,2,6,29,10,1,8579,8551,184,3,782,1797
6003011,1727728596,223528916,3,2,0,0,2,0,0,2,0,0,81,2,82,230,85,1,5960,5731,136,1,788,2803
6003014,1727728647,0,0,0,0,0,0,0,0,0,0,0,0,4,2,7,2,1,4500,4494,0,0,0,0
6003015,1727728669,43435022,1,1,0,0,1,0,0,1,0,0,16,6,19,55,20,1,5961,5907,88,0,101,880
6003018,1727728766,191638449,29,19,0,0,19,0,0,19,0,0,21,2,20,133,49,1,6286,6154,952,17,2432,11871
6003021,1727728796,46142110,4,0,0,0,0,0,0,0,0,0,4,6,5,26,9,1,4099,4074,0,0,817,1319
6003025,1727728864,144902421,11,4,0,0,4,0,0,4,0,0,15,6,19,82,30,1,4614,4533,232,3,2294,4921
6003027,1727728920,396534113,91,5,0,0,5,0,0,5,0,0,93,8,21,304,112,1,5790,5487,280,4,3426,31850
6003029,1727728967,0,0,0,0,0,0,0,0,0,0,0,0,4,4,12,4,1,4899,4888,0,0,0,0
6003032,1727729019,74887145,12,10,0,0,10,0,0,10,0,0,9,4,8,56,20,1,4972,4917,520,8,848,4496
6003034,1727729054,83757916,5,1,0,0,1,0,0,1,0,0,7,6,11,44,16,1,4117,4074,88,1,1463,2853
6003041,1727729087,83757916,5,1,0,0,1,0,0,1,0,0,7,4,10,42,15,1,4394,4353,88,1,1461,2884
6003045,1727729167,190967704,22,10,0,0,10,0,0,10,0,0,24,14,24,125,46,1,8411,8287,520,7,2473,8993
6003046,1727729217,0,0,0,0,0,0,0,0,0,0,0,0,8,4,12,4,1,8036,8025,0,0,0,0
6003049,1727729272,163539921,14,3,0,0,3,0,0,3,0,0,19,2,16,82,30,1,5812,5731,184,3,2205,7617
6003050,1727729321,265644362,6,2,0,0,2,0,0,2,0,0,83,6,86,250,92,1,8130,7881,136,1,1503,4830
6003053,1727729355,107781398,6,4,0,0,4,0,0,4,0,0,7,2,9,42,15,1,4109,4068,232,3,1890,3247
6003055,1727729406,35287065,2,0,0,0,0,0,0,0,0,0,2,6,5,20,7,1,4942,4923,0,0,761,717
6003058,1727729461,250741094,51,42,0,0,42,0,0,42,0,0,19,4,21,195,72,1,5393,5199,2056,40,2828,20358
6003059,1727729495,101796007,20,18,0,0,18,0,0,18,0,0,15,6,16,99,36,1,6963,6865,904,16,926,7624
6003060,1727729549,97809208,4,2,0,0,2,0,0,2,0,0,5,2,6,28,10,1,6351,6324,136,2,1897,2496
6003061,1727729587,0,0,0,0,0,0,0,0,0,0,0,0,2,2,7,2,1,4750,4744,0,0,0,0
6003064,1727729636,93826122,7,3,0,0,3,0,0,3,0,0,9,2,9,45,16,1,4083,4039,184,3,1480,3664
6003069,1727729667,117871812,10,2,0,0,2,0,0,2,0,0,14,6,10,55,20,1,5397,5343,136,2,1657,5677
6003071,1727729745,189546030,14,3,0,0,3,0,0,3,0,0,18,10,26,109,40,1,6303,6195,184,3,2909,7058
6003077,1727729812,196708152,30,21,0,0,21,0,0,21,0,0,25,4,24,147,54,1,4752,4606,1048,19,1904,14197
6003081,1727729845,39880490,2,1,0,0,1,0,0,1,0,0,3,12,10,34,12,1,5215,5182,88,1,674,940
6003082,1727729904,304322284,28,15,0,0,15,0,0,15,0,0,42,8,44,195,72,1,9065,8871,760,12,3149,14987
6003084,1727729944,141779430,33,29,0,0,29,0,0,29,0,0,9,2,10,118,43,1,4185,4068,1432,29,1588,13235
6003087,1727729986,106318594,8,4,0,0,4,0,0,4,0,0,22,4,26,93,34,1,4557,4465,232,3,866,3369
6003090,1727730023,145226962,18,1,0,0,1,0,0,1,0,0,50,6,26,120,44,1,4229,4110,88,0,901,1747
6003095,1727730060,134877533,14,11,0,0,11,0,0,11,0,0,16,6,18,87,32,1,5711,5625,568,10,1780,5660
6003096,1727730112,0,0,0,0,0,0,0,0,0,0,0,0,10,7,20,7,1,7454,7435,0,0,0,0
6003098,1727730180,177098516,16,4,0,0,4,0,0,4,0,0,21,2,17,90,33,1,8528,8439,232,4,2394,7875
6003102,1727730220,0,0,0,0,0,0,0,0,0,0,0,0,4,4,12,4,1,4335,4324,0,0,0,0
6003104,1727730261,19731784,4,4,0,0,4,0,0,4,0,0,3,8,8,34,12,1,4674,4641,232,4,114,1523
6003108,1727730298,35287065,2,0,0,0,0,0,0,0,0,0,2,4,5,20,7,1,3497,3478,0,0,744,641
6003109,1727730349,208587621,28,19,0,0,19,0,0,19,0,0,19,8,19,128,47,1,6008,5881,952,17,2774,11685
6003112,1727730390,81294464,3,1,0,0,1,0,0,1,0,0,3,2,4,20,7,1,4095,4076,88,0,1786,1953
6003116,1727730435,85671094,6,3,0,0,3,0,0,3,0,0,7,6,12,50,18,1,4235,4186,184,2,1383,2593
6003118,1727730479,375979888,28,1,0,0,1,0,0,1,0,0,28,8,30,158,58,1,4798,4641,88,1,4306,26422
6003122,1727730526,0,0,0,0,0,0,0,0,0,0,0,0,4,4,12,4,1,4795,4784,0,0,0,0
6003126,1727730566,80313343,19,17,0,0,17,0,0,17,0,0,7,8,14,90,33,1,4842,4753,856,17,861,6966
6003128,1727730614,151704475,4,2,0,0,2,0,0,2,0,0,48,8,53,155,57,1,5250,5096,136,0,846,2379
6003130,1727730662,123147208,36,36,0,0,36,0,0,36,0,0,21,4,25,166,61,1,6210,6045,1768,35,271,13780
6003134,1727730697,46490110,4,0,0,0,0,0,0,0,0,0,4,4,7,31,11,1,4383,4353,0,0,856,1307
6003138,1727730747,64935078,6,1,0,0,1,0,0,1,0,0,8,8,15,58,21,1,4669,4612,88,0,945,1934
6003140,1727730791,35287065,2,0,0,0,0,0,0,0,0,0,2,8,8,28,10,1,4668,4641,0,0,735,637
6003141,1727730851,650951852,22,16,0,0,16,0,0,16,0,0,208,4,210,627,232,1,11183,10557,808,14,2746,14619
6003144,1727730905,119286868,43,43,0,0,43,0,0,43,0,0,16,2,9,141,52,1,4349,4209,2104,43,318,16228
6003147,1727730962,270642185,137,135,0,0,135,0,0,135,0,0,4,6,9,395,146,1,4891,4497,6520,135,1310,50749
6003148,1727730998,28797986,11,11,0,0,11,0,0,11,0,0,2,6,6,47,17,1,5078,5032,568,10,133,4132
6003151,1727731097,66302654,7,1,0,0,1,0,0,1,0,0,8,2,6,37,13,1,10449,10413,88,1,939,2453
6003156,1727731150,56831928,8,8,0,0,8,0,0,8,0,0,17,6,14,60,22,1,5796,5737,424,8,132,3400
6003158,1727731184,55181335,5,3,0,0,3,0,0,3,0,0,6,10,13,50,18,1,4975,4926,184,2,826,1830
6003161,1727731230,211455656,13,1,0,0,1,0,0,1,0,0,32,4,30,118,43,1,5561,5444,88,0,2930,6151
6003162,1727731285,45391887,3,1,0,0,1,0,0,1,0,0,4,6,8,31,11,1,9039,9009,88,1,814,1072
6003164,1727731342,294407740,25,7,0,0,7,0,0,7,0,0,85,2,72,264,97,1,4190,3927,376,6,1168,10329
6003165,1727731365,0,0,0,0,0,0,0,0,0,0,0,0,4,4,12,4,1,6620,6609,0,0,0,0
6003166,1727731404,129882189,16,10,0,0,10,0,0,10,0,0,13,2,14,82,30,1,6376,6295,520,8,1703,7997
6003168,1727731465,46490110,4,0,0,0,0,0,0,0,0,0,4,2,5,26,9,1,8182,8157,0,0,807,1282
6003172,1727731497,59122958,9,9,0,0,9,0,0,9,0,0,16,4,19,77,28,1,5275,5199,472,8,135,3908
6003173,1727731561,223569969,73,71,0,0,71,0,0,71,0,0,23,8,27,271,100,1,10663,10393,3448,70,1138,27783
6003176,1727731619,44683885,3,1,0,0,1,0,0,1,0,0,4,2,3,18,6,1,4479,4462,88,0,832,1144
6003179,1727731700,56318936,5,1,0,0,1,0,0,1,0,0,6,6,9,39,14,1,5381,5343,88,0,873,1698
6003182,1727731783,0,0,0,0,0,0,0,0,0,0,0,0,6,6,18,6,1,7869,7852,0,0,0,0
6003186,1727731834,71623405,3,1,0,0,1,0,0,1,0,0,15,6,20,64,23,1,3891,3828,88,0,813,1472
6003189,1727731903,248301350,23,8,0,0,8,0,0,8,0,0,29,8,34,155,57,1,7615,7461,424,7,3325,10572
6003193,1727731947,0,0,0,0,0,0,0,0,0,0,0,0,6,5,15,5,1,5357,5343,0,0,0,0
6003196,1727731988,259128965,72,68,0,0,68,0,0,68,0,0,9,8,16,239,88,1,6007,5769,3304,68,2987,28816
6003198,1727732105,197330227,13,6,0,0,6,0,0,6,0,0,30,6,34,128,47,1,11392,11265,328,3,2607,5846
6003201,1727732140,0,0,0,0,0,0,0,0,0,0,0,0,4,4,12,4,1,4646,4635,0,0,0,0
6003205,1727732179,199641332,22,16,0,0,16,0,0,16,0,0,21,6,23,123,45,1,4872,4750,808,14,2833,9409
6003212,1727732260,67852200,8,0,0,0,0,0,0,0,0,0,8,8,7,42,15,1,7896,7855,0,0,985,2594
6003215,1727732295,174386191,31,24,0,0,24,0,0,24,0,0,9,14,17,131,48,1,5174,5044,1192,24,1992,17728
6003219,1727732328,140627922,9,1,0,0,1,0,0,1,0,0,11,6,15,66,24,1,4392,4327,88,1,2417,7145
6003221,1727732384,269897911,34,16,0,0,16,0,0,16,0,0,27,8,26,163,60,1,5902,5740,808,16,3365,20596
6003225,1727732473,77461671,3,2,0,0,2,0,0,2,0,0,18,4,20,63,23,1,5973,5911,136,1,750,1762
6003229,1727732513,51002520,4,3,0,0,3,0,0,3,0,0,5,8,12,45,16,1,4975,4931,184,3,785,1836
6003232,1727732579,69870259,11,9,0,0,9,0,0,9,0,0,7,8,11,61,22,1,6957,6897,472,8,842,4138
6003236,1727732642,39328372,2,1,0,0,1,0,0,1,0,0,3,6,7,26,9,1,4522,4497,88,1,674,930
6003238,1727732697,53912335,5,2,0,0,2,0,0,2,0,0,5,8,9,39,14,1,5778,5740,136,2,793,1980
6003244,1727732763,259672332,14,11,0,0,11,0,0,11,0,0,75,4,76,244,90,1,7528,7285,568,10,1671,7139
6003246,1727732832,64845681,7,1,0,0,1,0,0,1,0,0,7,12,13,55,20,1,7098,7044,88,1,937,2478
6003247,1727732870,72091594,30,30,0,0,30,0,0,30,0,0,11,4,5,96,35,1,5294,5199,1480,30,242,12257
6003252,1727732936,35287065,2,0,0,0,0,0,0,0,0,0,2,2,4,17,6,1,5494,5478,0,0,818,689
6003257,1727732964,103965235,13,5,0,0,5,0,0,5,0,0,14,10,24,101,37,1,4744,4644,280,4,1056,6546
6003260,1727733022,121037329,12,10,0,0,10,0,0,10,0,0,26,10,36,130,48,1,6399,6270,520,6,982,5303
6003262,1727733073,35287065,2,0,0,0,0,0,0,0,0,0,2,6,6,23,8,1,5759,5737,0,0,778,708
6003267,1727733115,63607814,2,1,0,0,1,0,0,1,0,0,2,4,5,20,7,1,5330,5311,88,1,1368,1665
6003269,1727733215,203479857,21,3,0,0,3,0,0,3,0,0,26,10,26,128,47,1,7168,7041,184,2,2657,9917
6003272,1727733273,81987636,4,2,0,0,2,0,0,2,0,0,4,4,6,28,10,1,5056,5029,136,2,1487,3280
6003275,1727733340,208687642,25,9,0,0,9,0,0,9,0,0,26,6,26,139,51,1,5593,5455,472,8,2647,11632
6003277,1727733393,52700725,4,2,0,0,2,0,0,2,0,0,6,6,9,36,13,1,6083,6048,136,1,848,1547
6003283,1727733443,83757916,5,1,0,0,1,0,0,1,0,0,7,4,9,39,14,1,4250,4212,88,1,1525,3066
6003286,1727733485,220430746,10,2,0,0,2,0,0,2,0,0,49,12,53,171,63,1,5381,5211,136,1,2348,5496
6003288,1727733536,66291384,9,5,0,0,5,0,0,5,0,0,7,6,9,50,18,1,5786,5737,280,5,927,3282
6003294,1727733577,117028961,7,1,0,0,1,0,0,1,0,0,9,4,11,50,18,1,4232,4183,88,1,2225,3580
6003296,1727733648,227036179,29,11,0,0,11,0,0,11,0,0,33,12,26,149,55,1,7369,7221,568,11,3195,9768
6003298,1727733699,33621808,15,15,0,0,15,0,0,15,0,0,1,4,5,55,20,1,6099,6045,760,15,170,5771
6003303,1727733731,35287065,2,0,0,0,0,0,0,0,0,0,2,4,5,20,7,1,4654,4635,0,0,837,793
6003306,1727733772,110831624,14,10,0,0,10,0,0,10,0,0,11,10,14,77,28,1,5707,5631,520,9,1749,7083
6003309,1727733821,163488487,9,3,0,0,3,0,0,3,0,0,26,6,30,106,39,1,4602,4497,184,2,2382,5273
6003311,1727733864,67149975,7,1,0,0,1,0,0,1,0,0,8,6,11,50,18,1,4940,4891,88,1,1709,3115
6003314,1727733913,36190414,2,1,0,0,1,0,0,1,0,0,2,4,5,20,7,1,6346,6327,88,1,681,1095
6003317,1727734002,640673157,80,14,0,0,14,0,0,14,0,0,113,6,75,418,155,1,9426,9009,712,12,5165,34923
6003320,1727734050,35287065,2,0,0,0,0,0,0,0,0,0,2,6,7,25,9,1,5197,5173,0,0,899,749
6003322,1727734085,0,0,0,0,0,0,0,0,0,0,0,0,6,5,15,5,1,4623,4609,0,0,0,0
6003324,1727734133,141839347,3,1,0,0,1,0,0,1,0,0,45,4,48,139,51,1,5619,5481,88,0,907,2195
6003326,1727734197,0,0,0,0,0,0,0,0,0,0,0,0,4,3,9,3,1,8623,8615,0,0,0,0
6003328,1727734236,48008318,1,1,0,0,1,0,0,1,0,0,18,4,22,63,23,1,4809,4747,88,0,111,1066
6003331,1727734305,88112149,4,1,0,0,1,0,0,1,0,0,5,4,8,34,12,1,6783,6750,88,1,1968,1935
6003333,1727734343,127884006,9,1,0,0,1,0,0,1,0,0,11,6,15,66,24,1,4703,4638,88,1,2389,4492
6003334,1727734386,438308999,92,4,0,0,4,0,0,4,0,0,95,4,20,304,112,1,5755,5452,232,4,4300,36333
6003337,1727734456,155197197,20,13,0,0,13,0,0,13,0,0,14,2,13,90,33,1,6836,6747,664,13,2240,9450
6003339,1727734519,63703856,2,1,0,0,1,0,0,1,0,0,2,6,7,26,9,1,6073,6048,88,1,3910,4760
6003342,1727734564,119645556,8,2,0,0,2,0,0,2,0,0,9,4,11,52,19,1,4263,4212,136,2,6015,12533
6003343,1727734632,35287065,2,0,0,0,0,0,0,0,0,0,2,6,7,25,9,1,7030,7006,0,0,2240,1925
6003345,1727734680,143665650,11,3,0,0,3,0,0,3,0,0,15,2,14,69,25,1,6533,6465,184,2,6679,15053
6003352,1727734717,35287065,2,0,0,0,0,0,0,0,0,0,2,4,6,23,8,1,4205,4183,0,0,848,754
6003355,1727734752,44625332,11,11,0,0,11,0,0,11,0,0,9,14,15,72,26,1,4692,4621,568,10,135,4501
6003357,1727734813,136103733,15,1,0,0,1,0,0,1,0,0,37,6,24,106,39,1,3582,3477,88,0,1205,3203
6003359,1727734878,91563760,5,1,0,0,1,0,0,1,0,0,21,4,24,80,29,1,6236,6157,88,0,973,2278
6003361,1727734910,35287065,2,0,0,0,0,0,0,0,0,0,2,4,5,20,7,1,4231,4212,0,0,757,661
6003362,1727735009,231564976,8,3,0,0,3,0,0,3,0,0,62,4,65,198,73,1,7793,7596,184,2,1645,6179
6003364,1727735041,28389890,1,0,0,0,0,0,0,0,0,0,1,2,3,12,4,1,3797,3786,0,0,560,656
6003366,1727735079,0,0,0,0,0,0,0,0,0,0,0,0,4,3,9,3,1,3938,3930,0,0,0,0
6003367,1727735139,79179581,17,15,0,0,15,0,0,15,0,0,8,4,11,77,28,1,5810,5734,760,14,851,6469
6003371,1727735170,35287065,2,0,0,0,0,0,0,0,0,0,2,2,3,15,5,1,4082,4068,0,0,736,642
6003374,1727735207,0,0,0,0,0,0,0,0,0,0,0,0,8,7,20,7,1,4096,4077,0,0,0,0
6003375,1727735266,315648727,22,1,0,0,1,0,0,1,0,0,22,6,27,133,49,1,6321,6189,88,1,4117,22148
6003377,1727735300,20485056,3,3,0,0,3,0,0,3,0,0,4,2,6,26,9,1,4064,4039,184,3,123,1391
6003380,1727735343,35287065,2,0,0,0,0,0,0,0,0,0,2,4,3,15,5,1,4085,4071,0,0,755,738
6003382,1727735381,32258836,5,5,0,0,5,0,0,5,0,0,8,6,12,47,17,1,4969,4923,280,5,118,2894
6003384,1727735438,205847556,17,5,0,0,5,0,0,5,0,0,32,4,29,126,46,1,5078,4953,280,4,2693,7479
6003388,1727735459,62988036,8,4,0,0,4,0,0,4,0,0,6,4,8,45,16,1,4397,4353,232,4,889,3661
6003391,1727735550,66777975,7,1,0,0,1,0,0,1,0,0,8,8,9,44,16,1,5360,5317,88,0,991,2346
6003392,1727735591,87470209,4,1,0,0,1,0,0,1,0,0,5,6,9,37,13,1,4815,4779,88,0,1730,1780
6003393,1727735649,81514884,39,39,0,0,39,0,0,39,0,0,2,2,4,117,43,1,5453,5337,1912,39,307,15507
6003397,1727735714,259973835,18,12,0,0,12,0,0,12,0,0,81,2,82,271,100,1,4338,4068,616,10,1042,8195
6003400,1727735758,0,0,0,0,0,0,0,0,0,0,0,0,8,8,23,8,1,5903,5881,0,0,0,0
6003406,1727735792,0,0,0,0,0,0,0,0,0,0,0,0,6,4,12,4,1,4620,4609,0,0,0,0
6003410,1727735858,67874938,7,3,0,0,3,0,0,3,0,0,7,12,17,66,24,1,7926,7861,184,3,929,2840
6003413,1727735903,66825569,7,5,0,0,5,0,0,5,0,0,9,8,13,55,20,1,5935,5881,280,4,1127,3353
6003415,1727735978,91635608,11,3,0,0,3,0,0,3,0,0,13,6,14,69,25,1,7638,7570,184,1,1040,3906
6003419,1727736013,9148798,1,0,0,0,0,0,0,0,0,0,2,4,5,17,6,1,2785,2769,0,0,153,31
6003422,1727736048,86426935,4,2,0,0,2,0,0,2,0,0,20,8,25,79,29,1,5847,5769,136,1,901,2246
6003428,1727736100,98783422,6,3,0,0,3,0,0,3,0,0,6,6,9,42,15,1,4538,4497,184,3,1620,5001
6003432,1727736136,211142749,30,16,0,0,16,0,0,16,0,0,23,12,26,152,56,1,4939,4788,808,15,3116,13872
6003438,1727736209,28536799,1,0,0,0,0,0,0,0,0,0,1,8,9,28,10,1,6472,6445,0,0,1175,729
6003440,1727736256,0,0,0,0,0,0,0,0,0,0,0,0,12,8,23,8,1,6361,6339,0,0,0,0
6003442,1727736312,99783376,1,1,0,0,1,0,0,1,0,0,40,4,43,120,44,1,7856,7737,88,0,102,1228
6003443,1727736368,32767792,11,11,0,0,11,0,0,11,0,0,4,4,7,50,18,1,6488,6439,568,10,135,4228
6003445,1727736423,35287065,2,0,0,0,0,0,0,0,0,0,2,2,3,15,5,1,9863,9849,0,0,786,683
6003447,1727736459,46478212,3,1,0,0,1,0,0,1,0,0,4,4,7,28,10,1,3534,3507,88,1,1048,1070
6003451,1727736516,50902489,4,1,0,0,1,0,0,1,0,0,5,4,9,36,13,1,4529,4494,88,1,855,1252
6003452,1727736562,66777975,7,1,0,0,1,0,0,1,0,0,8,8,13,55,20,1,5118,5064,88,0,958,2446
6003456,1727736597,0,0,0,0,0,0,0,0,0,0,0,0,2,2,7,2,1,4327,4321,0,0,0,0
6003458,1727736651,103438647,5,3,0,0,3,0,0,3,0,0,26,8,27,88,32,1,5328,5241,184,0,874,2486
6003462,1727736692,35287065,2,0,0,0,0,0,0,0,0,0,2,4,6,23,8,1,4064,4042,0,0,751,677
6003465,1727736733,83102786,6,3,0,0,3,0,0,3,0,0,6,8,11,47,17,1,4828,4782,184,3,1396,2327
6003470,1727736769,56997155,6,0,0,0,0,0,0,0,0,0,6,6,9,42,15,1,4368,4327,0,0,874,1898
6003479,1727736832,101514967,14,8,0,0,8,0,0,8,0,0,17,10,20,93,34,1,5835,5743,424,6,1013,5908
6003480,1727736876,56997155,6,0,0,0,0,0,0,0,0,0,6,18,18,66,24,1,6131,6066,0,0,873,1935
6003483,1727736909,0,0,0,0,0,0,0,0,0,0,0,0,2,2,7,2,1,4497,4491,0,0,0,0
6003488,1727736965,35287065,2,0,0,0,0,0,0,0,0,0,2,6,6,23,8,1,5929,5907,0,0,734,638
6003492,1727737004,0,0,0,0,0,0,0,0,0,0,0,0,10,9,25,9,1,4921,4897,0,0,0,0
6003496,1727737043,131152242,21,9,0,0,9,0,0,9,0,0,18,8,22,117,43,1,5039,4923,472,7,1270,8337
6003500,1727737082,207891165,17,14,0,0,14,0,0,14,0,0,44,8,52,188,69,1,5786,5599,712,12,1847,7424
6003501,1727737144,127829813,9,2,0,0,2,0,0,2,0,0,10,8,17,71,26,1,6515,6445,136,2,2219,4105
6003504,1727737225,152161765,38,34,0,0,34,0,0,34,0,0,9,2,10,131,48,1,6457,6327,1672,33,1577,15239
6003509,1727737286,135401733,7,4,0,0,4,0,0,4,0,0,21,6,25,87,32,1,6387,6301,232,3,1872,3502
6003515,1727737336,240023977,30,19,0,0,19,0,0,19,0,0,37,10,34,174,64,1,5916,5743,952,16,2349,12181
6003517,1727737358,91323304,7,3,0,0,3,0,0,3,0,0,7,12,13,55,20,1,6957,6903,184,3,4308,10268
6003519,1727737452,128236442,7,2,0,0,2,0,0,2,0,0,9,4,12,53,19,1,6661,6609,136,2,6796,9763
6003521,1727737494,0,0,0,0,0,0,0,0,0,0,0,0,4,3,10,3,1,4926,4917,0,0,0,0
6003525,1727737527,114830736,7,3,0,0,3,0,0,3,0,0,8,4,12,53,19,1,4517,4465,184,2,5716,11441
6003527,1727737571,42934405,3,1,0,0,1,0,0,1,0,0,3,8,8,31,11,1,3937,3907,88,0,2419,3135
6003530,1727737643,51128664,19,19,0,0,19,0,0,19,0,0,6,4,8,74,27,1,5525,5452,952,18,818,21729
6003534,1727737685,35287065,2,0,0,0,0,0,0,0,0,0,2,6,3,15,5,1,4793,4779,0,0,2210,1953
6003536,1727737728,35287065,2,0,0,0,0,0,0,0,0,0,2,8,10,34,12,1,4251,4218,0,0,2118,3087
6003537,1727737806,205649144,6,1,0,0,1,0,0,1,0,0,65,4,69,204,75,1,7488,7285,88,0,2910,12623
6003539,1727737908,3047113886,7,1,0,0,1,0,0,1,0,0,1251,2,1252,3401,1259,1,16951,13551,88,0,4266,149460
6003545,1727737962,2249604256,11,1,0,0,1,0,0,1,0,0,917,4,921,2518,932,1,7998,5481,88,0,2075,43623
6003546,1727738009,43262784,13,13,0,0,13,0,0,13,0,0,7,12,13,71,26,1,7255,7185,664,12,160,5110
6003550,1727738076,245899766,10,2,0,0,2,0,0,2,0,0,82,2,84,255,94,1,6155,5901,136,2,949,7442
6003554,1727738108,522288785,6,0,0,0,0,0,0,0,0,0,186,8,191,533,197,1,5144,4612,0,0,1570,10236
6003557,1727738147,0,0,0,0,0,0,0,0,0,0,0,0,8,6,18,6,1,4094,4077,0,0,0,0
6003558,1727738192,66639237,10,8,0,0,8,0,0,8,0,0,7,6,11,58,21,1,6246,6189,424,8,834,3752
6003561,1727738228,0,0,0,0,0,0,0,0,0,0,0,0,2,2,7,2,1,4045,4039,0,0,0,0
6003566,1727738327,100374504,15,7,0,0,7,0,0,7,0,0,13,6,12,74,27,1,7531,7458,376,5,1053,5390
6003572,1727738360,0,0,0,0,0,0,0,0,0,0,0,0,10,5,15,5,1,4770,4756,0,0,0,0
6003575,1727738410,114516571,24,18,0,0,18,0,0,18,0,0,14,12,22,125,46,1,5931,5807,904,17,1020,8760
6003576,1727738448,67886938,7,3,0,0,3,0,0,3,0,0,7,6,11,50,18,1,4864,4815,184,3,843,2775
6003580,1727738492,351408122,3,2,0,0,2,0,0,2,0,0,123,2,125,346,128,1,5230,4885,136,1,1347,4894
6003581,1727738536,121466335,7,3,0,0,3,0,0,3,0,0,8,8,12,53,19,1,8189,8137,184,3,2330,4297
6003587,1727738587,103594696,8,4,0,0,4,0,0,4,0,0,22,2,22,82,30,1,4120,4039,232,3,906,3340
6003589,1727738625,83422500,15,11,0,0,11,0,0,11,0,0,10,12,16,85,31,1,5689,5605,568,10,929,5524
6003590,1727738678,0,0,0,0,0,0,0,0,0,0,0,0,4,2,7,2,1,4923,4917,0,0,0,0
6003594,1727738750,235823598,48,33,0,0,33,0,0,33,0,0,33,2,20,185,68,1,6085,5901,1624,32,1995,21649
6003596,1727738830,8019362,1,1,0,0,1,0,0,1,0,0,1,8,8,25,9,1,6357,6333,88,1,95,467
6003599,1727738885,193646913,50,0,0,0,0,0,0,0,0,0,50,4,8,158,58,1,5215,5058,0,0,1572,16995
6003604,1727738911,12937068,2,2,0,0,2,0,0,2,0,0,2,6,4,18,6,1,4514,4497,136,2,106,880
6003607,1727738985,247896774,63,7,0,0,7,0,0,7,0,0,64,10,21,228,84,1,6252,6025,376,6,1760,21736
6003611,1727739079,209082800,22,2,0,0,2,0,0,2,0,0,23,6,21,117,43,1,9443,9327,136,1,2939,9669
6003614,1727739120,35287065,2,0,0,0,0,0,0,0,0,0,2,8,9,31,11,1,4671,4641,0,0,766,661
6003616,1727739153,215057439,5,2,0,0,2,0,0,2,0,0,72,6,77,222,82,1,5825,5604,136,0,884,3575
6003620,1727739201,74485952,5,2,0,0,2,0,0,2,0,0,4,4,7,34,12,1,5626,5593,136,2,1491,1980
6003623,1727739257,216727955,32,13,0,0,13,0,0,13,0,0,25,8,25,155,57,1,5923,5769,664,12,2790,13031
6003627,1727739306,129682228,11,3,0,0,3,0,0,3,0,0,15,6,20,85,31,1,4693,4609,184,3,1898,5950
6003631,1727739357,79252873,10,4,0,0,4,0,0,4,0,0,10,8,9,53,19,1,4975,4923,232,4,1039,3641
6003635,1727739395,0,0,0,0,0,0,0,0,0,0,0,0,8,7,20,7,1,5618,5599,0,0,0,0
6003638,1727739457,106035815,19,13,0,0,13,0,0,13,0,0,14,8,18,101,37,1,4994,4894,664,10,1005,7016
6003639,1727739518,194398748,36,31,0,0,31,0,0,31,0,0,18,6,14,137,50,1,6437,6301,1528,31,2576,13725
6003643,1727739562,103208104,46,46,0,0,46,0,0,46,0,0,2,2,3,134,49,1,4201,4068,2248,45,361,17590
6003645,1727739569,97713192,4,2,0,0,2,0,0,2,0,0,5,8,11,42,15,1,4541,4500,136,2,1891,2708
6003646,1727739665,35287065,2,0,0,0,0,0,0,0,0,0,2,4,6,23,8,1,5817,5795,0,0,773,698
6003650,1727739718,143630095,10,3,0,0,3,0,0,3,0,0,11,2,12,61,22,1,6355,6295,184,3,2591,3868
6003651,1727739767,569237046,15,14,0,0,14,0,0,14,0,0,205,8,208,603,223,1,6089,5487,712,12,1493,11178
6003654,1727739790,258404750,3,2,0,0,2,0,0,2,0,0,95,2,97,271,100,1,5325,5055,136,1,747,3313
6003657,1727739863,447210898,108,7,0,0,7,0,0,7,0,0,106,6,15,333,123,1,5675,5343,376,7,4738,40520
6003660,1727739928,97538905,4,1,0,0,1,0,0,1,0,0,4,6,10,39,14,1,6198,6160,88,1,2221,2494
6003663,1727739931,38821372,2,1,0,0,1,0,0,1,0,0,3,6,6,23,8,1,4237,4215,88,1,757,1037
6003667,1727740022,76354102,10,6,0,0,6,0,0,6,0,0,10,6,14,66,24,1,6254,6189,328,5,1013,4046
6003670,1727740023,0,0,0,0,0,0,0,0,0,0,0,0,8,8,23,8,1,4945,4923,0,0,0,0
6003673,1727740104,76701019,8,2,0,0,2,0,0,2,0,0,9,6,13,58,21,1,6076,6019,136,1,1168,3148
6003675,1727740144,51596852,4,2,0,0,2,0,0,2,0,0,6,6,9,36,13,1,4673,4638,136,1,940,1113
6003679,1727740189,35696347,2,0,0,0,0,0,0,0,0,0,2,4,6,23,8,1,3923,3901,0,0,841,772
6003681,1727740238,67199885,9,7,0,0,7,0,0,7,0,0,6,8,10,53,19,1,5430,5378,376,5,971,3740
6003685,1727740292,677857007,90,12,0,0,12,0,0,12,0,0,110,4,63,414,153,1,4907,4494,616,10,5813,39125
6003688,1727740337,0,0,0,0,0,0,0,0,0,0,0,0,8,4,12,4,1,6062,6051,0,0,0,0
6003689,1727740390,641923517,79,1,0,0,1,0,0,1,0,0,104,6,60,376,139,1,8538,8163,88,1,5728,34307
6003692,1727740463,35287065,2,0,0,0,0,0,0,0,0,0,2,2,4,17,6,1,8737,8721,0,0,816,682
6003694,1727740506,207479419,5,2,0,0,2,0,0,2,0,0,55,6,60,177,65,1,5913,5737,136,1,1894,3409
6003698,1727740554,662819240,89,13,0,0,13,0,0,13,0,0,115,4,68,425,157,1,7145,6721,664,11,4849,35128
6003702,1727740615,59464212,5,1,0,0,1,0,0,1,0,0,6,8,12,47,17,1,6914,6868,88,0,1007,1782
6003708,1727740657,18303826,4,4,0,0,4,0,0,4,0,0,2,8,8,34,12,1,4251,4218,232,4,119,1522
6003709,1727740786,711136519,94,12,0,0,12,0,0,12,0,0,116,12,74,454,168,1,11727,11274,616,10,7640,39112
6003710,1727740856,0,0,0,0,0,0,0,0,0,0,0,0,2,2,7,2,1,4854,4848,0,0,0,0
6003712,1727740890,659395147,56,33,0,0,33,0,0,33,0,0,191,2,169,608,225,1,5351,4744,1624,29,2298,25145
6003716,1727740929,164142231,23,12,0,0,12,0,0,12,0,0,15,4,16,106,39,1,4147,4042,616,9,1650,10138
6003717,1727740969,677787388,83,7,0,0,7,0,0,7,0,0,111,8,62,393,145,1,5033,4641,376,5,5118,32952
6003718,1727741010,125983200,16,11,0,0,11,0,0,11,0,0,19,2,16,87,32,1,4859,4773,568,7,891,6547
6003720,1727741072,102197026,15,6,0,0,6,0,0,6,0,0,9,2,11,71,26,1,4955,4885,328,3,1122,5870
6003722,1727741110,54590813,4,2,0,0,2,0,0,2,0,0,6,4,9,36,13,1,4388,4353,136,2,821,1487
6003723,1727741163,117387951,24,19,0,0,19,0,0,19,0,0,13,4,12,99,36,1,5832,5734,952,16,1063,9099
6003725,1727741260,442948844,16,4,0,0,4,0,0,4,0,0,140,2,140,422,156,1,7168,6747,232,1,1920,10068
6003726,1727741298,13557549,2,1,0,0,1,0,0,1,0,0,1,4,5,20,7,1,4795,4776,88,0,522,2149
6003728,1727741338,33291598,1,0,0,0,0,0,0,0,0,0,2,2,4,15,5,1,4476,4462,0,0,1987,1527
6003732,1727741375,1026175205,97,4,0,0,4,0,0,4,0,0,250,4,253,948,350,1,5018,4071,232,4,9629,134891
6003734,1727741408,13557549,2,1,0,0,1,0,0,1,0,0,1,8,6,23,8,1,4807,4785,88,1,175,717
6003737,1727741469,79756383,13,11,0,0,11,0,0,11,0,0,11,4,12,69,25,1,4880,4812,568,10,907,5118
6003740,1727741494,55685414,5,2,0,0,2,0,0,2,0,0,5,6,9,39,14,1,4253,4215,136,2,904,1891
6003742,1727741551,13557549,2,1,0,0,1,0,0,1,0,0,1,6,5,20,7,1,5756,5737,88,1,172,710
6003743,1727741622,61649938,6,3,0,0,3,0,0,3,0,0,6,4,8,39,14,1,9326,9288,184,3,1789,4246
6003749,1727741656,117693416,3,1,0,0,1,0,0,1,0,0,33,2,35,104,38,1,3889,3786,88,1,810,2560
6003751,1727741700,13557549,2,1,0,0,1,0,0,1,0,0,1,12,12,39,14,1,5108,5070,88,0,174,722
6003753,1727741744,76788913,11,6,0,0,6,0,0,6,0,0,8,4,9,55,20,1,4378,4324,328,6,1013,4054
6003757,1727741797,110094957,34,32,0,0,32,0,0,32,0,0,6,4,7,112,41,1,4858,4747,1576,32,936,12926
6003763,1727741832,48532598,4,1,0,0,1,0,0,1,0,0,3,8,8,34,12,1,4110,4077,88,1,909,1414
6003765,1727741881,75921521,15,13,0,0,13,0,0,13,0,0,8,12,15,82,30,1,5715,5634,664,12,844,5664
6003766,1727741940,162467187,7,4,0,0,4,0,0,4,0,0,32,4,36,117,43,1,6696,6580,232,1,1810,3534
6003769,1727741987,126718061,6,3,0,0,3,0,0,3,0,0,32,2,33,106,39,1,4173,4068,184,3,780,3797
6003772,1727742036,152226119,7,3,0,0,3,0,0,3,0,0,14,6,19,71,26,1,4675,4605,184,2,2753,3974
6003774,1727742102,88016133,4,1,0,0,1,0,0,1,0,0,5,6,10,39,14,1,9723,9685,88,1,1813,1882
6003776,1727742154,86475523,6,4,0,0,4,0,0,4,0,0,5,4,8,39,14,1,5942,5904,232,4,1480,3342
6003779,1727742194,130818902,14,11,0,0,11,0,0,11,0,0,26,4,28,115,42,1,4861,4747,568,9,881,6529
6003782,1727742229,115935238,3,1,0,0,1,0,0,1,0,0,32,6,37,109,40,1,4887,4779,88,1,825,2608
6003784,1727742311,52166505,4,2,0,0,2,0,0,2,0,0,5,6,8,34,12,1,8590,8557,136,2,865,1512
6003786,1727742365,0,0,0,0,0,0,0,0,0,0,0,0,4,1,4,1,1,5878,5875,0,0,0,0
6003787,1727742397,57345155,6,0,0,0,0,0,0,0,0,0,6,4,8,39,14,1,7775,7737,0,0,933,2152
6003790,1727742436,0,0,0,0,0,0,0,0,0,0,0,0,2,2,7,2,1,5061,5055,0,0,0,0
6003793,1727742495,89083986,15,11,0,0,11,0,0,11,0,0,11,6,13,77,28,1,5278,5202,568,11,920,5697
6003796,1727742546,35287065,2,0,0,0,0,0,0,0,0,0,2,6,8,28,10,1,4524,4497,0,0,762,659
6003798,1727742602,45358715,3,1,0,0,1,0,0,1,0,0,4,6,10,36,13,1,6538,6503,88,1,846,1106
6003800,1727742640,219070562,2,2,0,0,2,0,0,2,0,0,89,4,92,255,94,1,4361,4107,136,0,136,2824
6003805,1727742676,0,0,0,0,0,0,0,0,0,0,0,0,4,3,9,3,1,4050,4042,0,0,0,0
6003810,1727742716,169696192,17,9,0,0,9,0,0,9,0,0,20,10,21,104,38,1,4577,4474,472,8,2313,7356
6003811,1727742757,67116807,7,1,0,0,1,0,0,1,0,0,8,10,9,44,16,1,7196,7153,88,0,942,2424
6003812,1727742804,0,0,0,0,0,0,0,0,0,0,0,0,2,1,4,1,1,8442,8439,0,0,0,0
6003815,1727742872,35287065,2,0,0,0,0,0,0,0,0,0,2,2,4,18,6,1,7046,7029,0,0,752,640
6003818,1727742919,0,0,0,0,0,0,0,0,0,0,0,0,6,3,9,3,1,4787,4779,0,0,0,0
6003822,1727742954,0,0,0,0,0,0,0,0,0,0,0,0,6,5,15,5,1,3918,3904,0,0,0,0
6003828,1727742993,0,0,0,0,0,0,0,0,0,0,0,0,8,7,20,7,1,5083,5064,0,0,0,0
6003831,1727743079,55172486,23,23,0,0,23,0,0,23,0,0,5,12,13,98,36,1,9650,9553,1144,22,184,8607
6003832,1727743151,97862875,4,1,0,0,1,0,0,1,0,0,4,6,9,36,13,1,6083,6048,88,1,2021,2309
6003834,1727743220,180628381,5,2,0,0,2,0,0,2,0,0,38,2,40,123,45,1,7465,7343,136,1,2030,3321
6003839,1727743253,23257898,1,1,0,0,1,0,0,1,0,0,7,4,11,34,12,1,4498,4465,88,0,99,623
6003842,1727743312,56997155,6,0,0,0,0,0,0,0,0,0,6,10,10,45,16,1,8777,8733,0,0,872,1963
6003844,1727743365,101662277,12,6,0,0,6,0,0,6,0,0,17,6,18,82,30,1,6664,6583,328,5,986,4643
6003845,1727743444,241064249,38,19,0,0,19,0,0,19,0,0,29,4,25,171,63,1,11291,11121,952,17,2863,18475
6003846,1727743555,7947360,1,1,0,0,1,0,0,1,0,0,1,2,3,12,4,1,15500,15489,88,1,107,474
6003848,1727743593,0,0,0,0,0,0,0,0,0,0,0,0,2,2,7,2,1,5737,5731,0,0,0,0
6003850,1727743636,53912335,5,2,0,0,2,0,0,2,0,0,5,4,6,31,11,1,5059,5029,136,2,864,1950
6003851,1727743727,82868713,6,1,0,0,1,0,0,1,0,0,6,4,8,39,14,1,10313,10275,88,1,1572,2379
6003852,1727743765,0,0,0,0,0,0,0,0,0,0,0,0,2,2,7,2,1,5202,5196,0,0,0,0
6003854,1727743809,0,0,0,0,0,0,0,0,0,0,0,0,2,2,7,2,1,2772,2766,0,0,0,0
6003855,1727743855,70718767,4,2,0,0,2,0,0,2,0,0,13,4,16,55,20,1,5535,5481,136,1,892,2036
6003858,1727743897,66448966,14,14,0,0,14,0,0,14,0,0,15,2,17,85,31,1,3277,3193,712,12,166,5766
6003860,1727743935,44683885,3,1,0,0,1,0,0,1,0,0,4,6,5,23,8,1,6323,6301,88,0,832,1072
6003863,1727743979,35287065,2,0,0,0,0,0,0,0,0,0,2,4,5,20,7,1,6064,6045,0,0,741,638
6003867,1727744019,16722328,3,3,0,0,3,0,0,3,0,0,3,6,8,31,11,1,4809,4779,184,3,107,1119
6003871,1727744068,131825873,7,5,0,0,5,0,0,5,0,0,36,8,41,131,48,1,4742,4612,280,3,881,3221
6003872,1727744120,95198460,16,12,0,0,12,0,0,12,0,0,13,8,18,93,34,1,5550,5458,616,11,925,6071
6003873,1727744170,0,0,0,0,0,0,0,0,0,0,0,0,2,1,4,1,1,6016,6013,0,0,0,0
6003874,1727744238,88112149,4,1,0,0,1,0,0,1,0,0,5,2,6,28,10,1,8325,8298,88,1,1819,1839
6003876,1727744269,0,0,0,0,0,0,0,0,0,0,0,0,2,2,7,2,1,5907,5901,0,0,0,0
6003881,1727744340,97857218,4,2,0,0,2,0,0,2,0,0,5,4,9,36,13,1,5375,5340,136,2,1832,2641
6003883,1727744397,45055885,3,1,0,0,1,0,0,1,0,0,4,10,11,39,14,1,6406,6368,88,0,837,1069
6003884,1727744437,251526422,29,23,0,0,23,0,0,23,0,0,31,4,35,174,64,1,6254,6081,1144,21,3052,11917
6003885,1727744507,108735892,6,4,0,0,4,0,0,4,0,0,7,2,9,42,15,1,9890,9849,232,4,1870,3331
6003888,1727744598,45055885,3,1,0,0,1,0,0,1,0,0,4,2,5,23,8,1,9419,9397,88,0,798,1069
6003889,1727744675,0,0,0,0,0,0,0,0,0,0,0,0,6,1,4,1,1,12226,12223,0,0,0,0
6003891,1727744730,0,0,0,0,0,0,0,0,0,0,0,0,2,1,4,1,1,5904,5901,0,0,0,0
6003892,1727744782,39205317,2,1,0,0,1,0,0,1,0,0,3,4,7,26,9,1,6352,6327,88,1,673,923
6003894,1727744849,99094384,10,3,0,0,3,0,0,3,0,0,13,2,14,66,24,1,8222,8157,184,3,1028,4665
6003897,1727744888,0,0,0,0,0,0,0,0,0,0,0,0,4,3,9,3,1,5207,5199,0,0,0,0
6003899,1727744923,73887865,12,11,0,0,11,0,0,11,0,0,9,6,15,74,27,1,5698,5625,568,11,744,4886
6003903,1727745005,498936980,135,105,0,0,105,0,0,105,0,0,49,4,27,439,162,1,7755,7317,5080,105,3396,55554
6003906,1727745049,32477998,2,2,0,0,2,0,0,2,0,0,9,8,15,47,17,1,4969,4923,136,1,114,1098
6003912,1727745093,103440205,8,1,0,0,1,0,0,1,0,0,10,6,14,60,22,1,5684,5625,88,1,1723,4477
6003914,1727745132,75084790,12,8,0,0,8,0,0,8,0,0,8,12,14,71,26,1,5845,5775,424,7,947,4611
6003916,1727745205,228054141,26,3,0,0,3,0,0,3,0,0,25,4,22,130,48,1,5610,5481,184,3,2717,12909
6003917,1727745256,0,0,0,0,0,0,0,0,0,0,0,0,4,4,12,4,1,5492,5481,0,0,0,0
6003919,1727745287,55919719,6,0,0,0,0,0,0,0,0,0,6,2,6,34,12,1,5088,5055,0,0,965,2042
6003923,1727745344,367555792,81,4,0,0,4,0,0,4,0,0,82,4,19,270,100,1,4875,4606,232,4,3265,29333
6003924,1727745389,57345155,6,0,0,0,0,0,0,0,0,0,6,8,8,39,14,1,7499,7461,0,0,874,1952
6003926,1727745431,397974928,122,88,0,0,88,0,0,88,0,0,36,2,18,379,140,1,5151,4773,4264,88,2717,49122
6003929,1727745478,175534276,18,12,0,0,12,0,0,12,0,0,19,4,21,107,39,1,4882,4776,616,10,2217,8581
6003931,1727745514,110522456,9,1,0,0,1,0,0,1,0,0,10,6,13,61,22,1,4134,4074,88,1,1906,5248
6003936,1727745553,67149975,7,1,0,0,1,0,0,1,0,0,8,4,10,47,17,1,4963,4917,88,0,946,2401
6003939,1727745588,180070750,19,3,0,0,3,0,0,3,0,0,22,10,25,120,44,1,3884,3765,184,3,2580,9972
6003941,1727745634,200714701,20,9,0,0,9,0,0,9,0,0,28,6,30,136,50,1,4914,4779,472,7,2478,9130
6003942,1727745670,76662326,30,30,0,0,30,0,0,30,0,0,7,4,11,112,41,1,5028,4917,1480,29,220,11144
6003943,1727745712,35348347,2,0,0,0,0,0,0,0,0,0,2,2,4,18,6,1,4508,4491,0,0,745,681
6003944,1727745763,198790767,22,3,0,0,3,0,0,3,0,0,30,2,29,139,51,1,7731,7593,184,1,1979,10140
6003946,1727745830,11106394,2,2,0,0,2,0,0,2,0,0,1,2,3,15,5,1,4646,4632,136,1,105,797
6003949,1727745866,0,0,0,0,0,0,0,0,0,0,0,0,4,3,10,3,1,4221,4212,0,0,0,0
6003952,1727745926,414437043,9,3,0,0,3,0,0,3,0,0,151,6,156,446,165,1,5365,4920,184,1,1079,6383
6003954,1727745964,270831111,70,4,0,0,4,0,0,4,0,0,72,6,13,225,83,1,5003,4779,232,2,1792,24306
6003958,1727746002,191807318,20,3,0,0,3,0,0,3,0,0,30,4,30,137,50,1,4178,4042,184,1,2010,8557
6003961,1727746053,512382725,61,1,0,0,1,0,0,1,0,0,80,8,46,290,107,1,5324,5035,88,1,4474,23929
6003965,1727746096,334145996,68,5,0,0,5,0,0,5,0,0,71,6,30,266,98,1,4762,4497,280,5,2579,24850
6003969,1727746134,87989419,13,7,0,0,7,0,0,7,0,0,12,8,15,77,28,1,4265,4189,376,7,995,4678
6003971,1727746178,54866567,5,3,0,0,3,0,0,3,0,0,6,8,9,39,14,1,6233,6195,184,2,854,1920
6003973,1727746213,126619085,11,1,0,0,1,0,0,1,0,0,15,4,18,79,29,1,5841,5763,88,1,1700,5089
6003976,1727746277,0,0,0,0,0,0,0,0,0,0,0,0,4,3,9,3,1,4896,4888,0,0,0,0
6003979,1727746325,73095095,4,2,0,0,2,0,0,2,0,0,14,6,18,61,22,1,6954,6894,136,0,814,1802
6003982,1727746372,19938830,6,6,0,0,6,0,0,6,0,0,2,6,7,37,13,1,6789,6753,328,5,115,2400
6003985,1727746425,78321033,19,17,0,0,17,0,0,17,0,0,6,6,12,85,31,1,4975,4891,856,17,859,7116
6003987,1727746476,129805244,7,2,0,0,2,0,0,2,0,0,9,6,11,50,18,1,5392,5343,136,2,2411,2837
6003989,1727746523,207329784,39,28,0,0,28,0,0,28,0,0,22,4,24,171,63,1,6609,6439,1384,25,1850,15584
6003990,1727746583,191746832,9,7,0,0,7,0,0,7,0,0,39,4,41,136,50,1,9000,8865,376,4,1871,5174
6003994,1727746625,0,0,0,0,0,0,0,0,0,0,0,0,2,2,7,2,1,4186,4180,0,0,0,0
6003995,1727746674,375641127,40,6,0,0,6,0,0,6,0,0,51,8,37,209,77,1,5836,5628,328,4,4209,19762
6003997,1727746721,190015512,27,14,0,0,14,0,0,14,0,0,17,2,17,121,44,1,5428,5308,712,14,2494,11872
6003999,1727746753,109771342,6,4,0,0,4,0,0,4,0,0,7,4,10,44,16,1,4005,3962,232,4,1867,3361
6004003,1727746801,108601999,10,6,0,0,6,0,0,6,0,0,11,4,12,61,22,1,4131,4071,328,5,1492,4231
6004006,1727746871,32428982,1,1,0,0,1,0,0,1,0,0,11,8,18,53,19,1,9205,9153,88,0,112,773
6004010,1727746909,129615853,9,2,0,0,2,0,0,2,0,0,21,6,16,69,25,1,4254,4186,136,2,1704,5257
6004015,1727746960,295794341,54,14,0,0,14,0,0,14,0,0,52,8,29,226,83,1,4584,4359,712,14,2942,23158
6004020,1727747045,113922530,57,57,0,0,57,0,0,57,0,0,4,10,11,185,68,1,7619,7435,2776,56,344,22031
6004024,1727747111,191211793,52,27,0,0,27,0,0,27,0,0,27,10,17,187,69,1,5506,5320,1336,26,1589,18572
6004026,1727747163,11776120,1,1,0,0,1,0,0,1,0,0,2,8,7,23,8,1,5198,5176,88,0,111,441
6004031,1727747170,157662182,49,46,0,0,46,0,0,46,0,0,12,4,14,171,63,1,4241,4071,2248,45,1078,18089
6004032,1727747275,191098859,82,80,0,0,80,0,0,80,0,0,6,10,13,257,95,1,7156,6900,3880,79,1114,30486
6004035,1727747344,0,0,0,0,0,0,0,0,0,0,0,0,2,2,7,2,1,5061,5055,0,0,0,0
6004038,1727747387,283263402,1,1,0,0,1,0,0,1,0,0,118,6,124,338,125,1,3391,3054,88,0,144,3129
6004042,1727747438,139678020,10,3,0,0,3,0,0,3,0,0,22,6,26,98,36,1,5017,4920,184,1,1701,5848
6004044,1727747475,34286346,9,9,0,0,9,0,0,9,0,0,6,8,14,64,23,1,6114,6051,472,9,140,3633
6004046,1727747505,119222772,61,61,0,0,61,0,0,61,0,0,2,4,6,181,67,1,4815,4635,2968,60,346,22963
6004050,1727747551,46490110,4,0,0,0,0,0,0,0,0,0,4,4,8,34,12,1,3822,3789,0,0,807,1280
6004052,1727747610,67497975,7,1,0,0,1,0,0,1,0,0,8,8,13,55,20,1,9319,9265,88,0,941,2327
6004057,1727747667,0,0,0,0,0,0,0,0,0,0,0,0,4,3,9,3,1,6165,6157,0,0,0,0
6004061,1727747729,203369080,19,9,0,0,9,0,0,9,0,0,28,10,25,120,44,1,4622,4503,472,6,2378,8768
6004065,1727747766,8148546,1,1,0,0,1,0,0,1,0,0,1,8,6,20,7,1,4913,4894,88,1,95,413
6004068,1727747846,45055885,3,1,0,0,1,0,0,1,0,0,4,8,8,31,11,1,9013,8983,88,1,813,1156
6004072,1727747900,35287065,2,0,0,0,0,0,0,0,0,0,2,6,7,26,9,1,5762,5737,0,0,867,685
6004075,1727747960,38570166,13,13,0,0,13,0,0,13,0,0,5,8,10,63,23,1,5863,5801,664,12,154,5116
6004080,1727747961,362546022,50,20,0,0,20,0,0,20,0,0,70,6,65,312,115,1,10842,10531,1000,18,2444,20935
6004086,1727748126,10440846,1,1,0,0,1,0,0,1,0,0,2,10,8,26,9,1,4528,4503,88,1,96,435
6004090,1727748161,35287065,2,0,0,0,0,0,0,0,0,0,2,12,11,36,13,1,4259,4224,0,0,763,672
6004094,1727748201,61395507,5,3,0,0,3,0,0,3,0,0,9,8,11,45,16,1,4544,4500,184,2,831,2105
6004095,1727748241,46142110,4,0,0,0,0,0,0,0,0,0,4,8,10,39,14,1,5102,5064,0,0,897,1425
6004096,1727748287,44683885,3,1,0,0,1,0,0,1,0,0,4,2,4,20,7,1,4904,4885,88,0,859,1105
6004100,1727748331,120144276,8,2,0,0,2,0,0,2,0,0,9,2,9,47,17,1,5383,5337,136,2,2254,3954
6004105,1727748408,103253983,21,15,0,0,15,0,0,15,0,0,13,8,16,101,37,1,8407,8307,760,14,1008,8075
6004108,1727748441,0,0,0,0,0,0,0,0,0,0,0,0,10,9,26,9,1,4810,4785,0,0,0,0
6004110,1727748480,56306940,5,1,0,0,1,0,0,1,0,0,6,6,11,45,16,1,5781,5737,88,0,1027,1719
6004112,1727748511,44683885,3,1,0,0,1,0,0,1,0,0,4,4,5,23,8,1,4657,4635,88,0,822,1084
6004114,1727748593,45521127,3,1,0,0,1,0,0,1,0,0,4,4,6,26,9,1,4764,4739,88,0,928,1167
6004115,1727748626,64474754,1,1,0,0,1,0,0,1,0,0,25,4,29,83,30,1,4294,4212,88,0,99,921
6004116,1727748682,107604265,11,9,0,0,9,0,0,9,0,0,23,2,23,93,34,1,6105,6013,472,6,860,4588
6004120,1727748719,87992129,4,1,0,0,1,0,0,1,0,0,5,2,6,28,10,1,3925,3898,88,1,1871,1947
6004123,1727748754,68917426,4,1,0,0,1,0,0,1,0,0,3,8,9,37,13,1,5494,5458,88,1,1423,1585
6004125,1727748814,171638194,13,3,0,0,3,0,0,3,0,0,15,6,16,80,29,1,8242,8163,184,2,2907,5899
6004128,1727748857,35287065,2,0,0,0,0,0,0,0,0,0,2,4,6,23,8,1,4939,4917,0,0,789,700
6004131,1727748903,153155803,13,6,0,0,6,0,0,6,0,0,13,6,17,82,30,1,5706,5625,328,5,2777,5542
6004135,1727749018,166439476,11,4,0,0,4,0,0,4,0,0,12,6,17,77,28,1,9649,9573,232,4,2944,5646
6004138,1727749059,72910309,14,0,0,0,0,0,0,0,0,0,14,8,9,63,23,1,5267,5205,0,0,991,5144
6004143,1727749129,44707887,3,1,0,0,1,0,0,1,0,0,4,6,8,31,11,1,5655,5625,88,1,889,1203
6004146,1727749184,60068953,7,5,0,0,5,0,0,5,0,0,7,10,14,58,21,1,5792,5735,280,4,917,2827
6004149,1727749220,0,0,0,0,0,0,0,0,0,0,0,0,6,5,15,5,1,4623,4609,0,0,0,0
6004150,1727749272,143001990,12,4,0,0,4,0,0,4,0,0,22,6,26,104,38,1,5728,5625,232,3,1608,4964
6004153,1727749307,80964914,1,1,0,0,1,0,0,1,0,0,32,2,34,96,35,1,4557,4462,88,0,121,1098
6004158,1727749351,0,0,0,0,0,0,0,0,0,0,0,0,6,3,9,3,1,5181,5173,0,0,0,0
6004162,1727749435,122096957,18,8,0,0,8,0,0,8,0,0,20,10,24,115,42,1,8959,8845,424,6,1140,6831
6004166,1727749475,175318195,75,73,0,0,73,0,0,73,0,0,4,8,10,231,85,1,5153,4923,3544,72,1209,28718
6004169,1727749527,0,0,0,0,0,0,0,0,0,0,0,0,8,5,15,5,1,6629,6615,0,0,0,0
6004171,1727749559,16884754,4,4,0,0,4,0,0,4,0,0,2,6,5,26,9,1,6214,6189,232,4,130,1611
6004177,1727749608,102329420,23,19,0,0,19,0,0,19,0,0,11,4,12,96,35,1,4448,4353,952,18,1007,9000
6004178,1727749651,0,0,0,0,0,0,0,0,0,0,0,0,12,9,26,9,1,5489,5464,0,0,0,0
6004181,1727749726,0,0,0,0,0,0,0,0,0,0,0,0,2,1,4,1,1,5904,5901,0,0,0,0
6004186,1727749784,68560200,8,0,0,0,0,0,0,0,0,0,8,6,13,58,21,1,3111,3054,0,0,1055,2606
6004187,1727749825,7947360,1,1,0,0,1,0,0,1,0,0,1,10,5,18,6,1,5366,5349,88,1,119,427
6004190,1727749857,0,0,0,0,0,0,0,0,0,0,0,0,2,2,7,2,1,3622,3616,0,0,0,0
6004193,1727749910,248769154,28,14,0,0,14,0,0,14,0,0,33,6,36,174,64,1,5798,5625,712,12,2829,16217
6004196,1727749945,63583810,2,1,0,0,1,0,0,1,0,0,2,6,7,26,9,1,4211,4186,88,1,1482,1728
6004199,1727749984,116225530,1,1,0,0,1,0,0,1,0,0,47,6,52,144,53,1,3935,3792,88,0,110,1520
6004202,1727750038,137628300,10,0,0,0,0,0,0,0,0,0,9,6,13,63,23,1,4700,4638,0,0,2586,6255
6004204,1727750074,165938787,13,2,0,0,2,0,0,2,0,0,16,6,19,88,32,1,4414,4327,136,1,2590,7408
6004206,1727750115,53584906,7,7,0,0,7,0,0,7,0,0,14,4,14,58,21,1,3705,3648,376,5,164,2998
6004208,1727750151,35287065,2,0,0,0,0,0,0,0,0,0,2,4,5,20,7,1,4343,4324,0,0,744,645
6004211,1727750190,46490110,4,0,0,0,0,0,0,0,0,0,4,4,7,31,11,1,3819,3789,0,0,837,1345
6004214,1727750222,35287065,2,0,0,0,0,0,0,0,0,0,2,6,5,20,7,1,4093,4074,0,0,765,658
6004215,1727750270,65400802,6,1,0,0,1,0,0,1,0,0,7,6,11,47,17,1,5219,5173,88,1,954,2317
6004219,1727750309,0,0,0,0,0,0,0,0,0,0,0,0,2,1,4,1,1,4071,4068,0,0,0,0
6004220,1727750351,81556241,15,13,0,0,13,0,0,13,0,0,9,8,15,82,30,1,5286,5205,664,11,958,5866
6004222,1727750393,94932586,10,1,0,0,1,0,0,1,0,0,12,2,14,66,24,1,5720,5655,88,1,1061,5472
6004225,1727750431,0,0,0,0,0,0,0,0,0,0,0,0,4,3,10,3,1,4333,4324,0,0,0,0
6004227,1727750480,349238382,91,1,0,0,1,0,0,1,0,0,10,6,14,284,105,1,5174,4891,88,0,2944,38708
6004228,1727750598,116595711,12,6,0,0,6,0,0,6,0,0,22,4,23,96,35,1,10059,9964,328,4,1077,5062
6004229,1727750638,30725682,1,0,0,0,0,0,0,0,0,0,1,2,2,9,3,1,6303,6295,0,0,761,518
6004231,1727750677,162998119,3,1,0,0,1,0,0,1,0,0,54,2,55,158,58,1,5324,5167,88,0,862,2303
6004233,1727750736,102096172,19,15,0,0,15,0,0,15,0,0,15,4,16,96,35,1,7662,7567,760,14,952,7442
6004235,1727750781,632291819,176,0,0,0,0,0,0,0,0,0,7,4,8,497,184,1,4538,4042,0,0,6562,77311
6004239,1727750809,7947360,1,1,0,0,1,0,0,1,0,0,1,4,4,15,5,1,4931,4917,88,1,109,402
6004241,1727750873,470432553,115,3,0,0,3,0,0,3,0,0,119,8,26,382,141,1,6432,6051,184,3,3197,40320
6004242,1727750902,181215004,12,3,0,0,3,0,0,3,0,0,16,4,19,85,31,1,5113,5029,184,2,3040,6691
6004243,1727750994,103128534,5,3,0,0,3,0,0,3,0,0,6,2,7,34,12,1,6972,6939,184,3,1837,3044
6004245,1727751079,160026784,21,11,0,0,11,0,0,11,0,0,30,2,30,139,51,1,4065,3927,568,9,1150,10085
6004250,1727751103,46142110,4,0,0,0,0,0,0,0,0,0,4,4,6,28,10,1,4492,4465,0,0,905,1432
6004252,1727751148,0,0,0,0,0,0,0,0,0,0,0,0,10,6,18,6,1,4209,4192,0,0,0,0
6004254,1727751196,48526929,4,2,0,0,2,0,0,2,0,0,4,4,7,31,11,1,5905,5875,136,2,909,1565
6004257,1727751257,12153426,3,3,0,0,3,0,0,3,0,0,1,4,4,20,7,1,4936,4917,184,3,112,1234
6004259,1727751307,41531346,13,13,0,0,13,0,0,13,0,0,5,6,9,61,22,1,6502,6442,664,12,172,5269
6004260,1727751365,0,0,0,0,0,0,0,0,0,0,0,0,4,3,9,3,1,5771,5763,0,0,0,0
6004261,1727751408,7947360,1,1,0,0,1,0,0,1,0,0,1,2,3,12,4,1,5460,5449,88,1,100,419
6004265,1727751440,35287065,2,0,0,0,0,0,0,0,0,0,2,2,3,15,5,1,3771,3757,0,0,822,657
6004266,1727751486,0,0,0,0,0,0,0,0,0,0,0,0,8,4,12,4,1,5780,5769,0,0,0,0
6004268,1727751533,59723639,6,1,0,0,1,0,0,1,0,0,5,2,7,36,13,1,3680,3645,88,0,969,2044
6004273,1727751566,13557549,2,1,0,0,1,0,0,1,0,0,1,4,4,17,6,1,3946,3930,88,0,202,834
6004275,1727751624,721646114,95,15,0,0,15,0,0,15,0,0,114,10,74,457,169,1,6683,6227,760,13,5865,38641
6004279,1727751674,68251831,4,2,0,0,2,0,0,2,0,0,12,4,15,52,19,1,5391,5340,136,1,869,1866
6004280,1727751751,76795725,5,0,0,0,0,0,0,0,0,0,5,8,11,44,16,1,7363,7320,0,0,1461,1730
6004284,1727751791,11788122,1,1,0,0,1,0,0,1,0,0,2,2,4,15,5,1,4758,4744,88,1,95,453
6004286,1727751871,279609266,31,9,0,0,9,0,0,9,0,0,34,8,28,161,59,1,5929,5769,472,9,3334,12170
6004289,1727751928,94209785,6,3,0,0,3,0,0,3,0,0,12,4,16,60,22,1,5117,5058,184,2,1380,2405
6004293,1727751981,85972058,7,3,0,0,3,0,0,3,0,0,6,6,9,45,16,1,5217,5173,184,3,1448,2716
6004295,1727752047,95732432,8,0,0,0,0,0,0,0,0,0,8,8,13,58,21,1,5544,5487,0,0,1629,2877
6004297,1727752109,108400392,21,1,0,0,1,0,0,1,0,0,4,4,8,79,29,1,5841,5763,88,1,1309,8936
6004298,1727752154,99933673,31,29,0,0,29,0,0,29,0,0,4,4,7,104,38,1,5302,5199,1432,29,822,11606
6004300,1727752192,0,0,0,0,0,0,0,0,0,0,0,0,2,2,7,2,1,2884,2878,0,0,0,0
6004305,1727752243,652160102,55,6,0,0,6,0,0,6,0,0,64,4,66,328,121,1,4680,4353,328,5,6202,59823
6004308,1727752302,1190500474,269,199,0,0,199,0,0,199,0,0,71,10,78,939,347,1,8120,7182,9592,199,9456,157122
6004310,1727752354,56997155,6,0,0,0,0,0,0,0,0,0,6,6,9,42,15,1,6230,6189,0,0,928,1937
6004315,1727752393,0,0,0,0,0,0,0,0,0,0,0,0,4,3,9,3,1,4079,4071,0,0,0,0
6004318,1727752442,76185574,15,11,0,0,11,0,0,11,0,0,7,10,13,77,28,1,4861,4785,568,10,942,5574
6004319,1727752496,121539090,12,4,0,0,4,0,0,4,0,0,13,6,18,82,30,1,6100,6019,232,3,1597,4405
6004321,1727752628,167509716,53,45,0,0,45,0,0,45,0,0,12,2,11,174,64,1,9993,9820,2200,45,1314,19669
6004322,1727752676,365323333,4,2,0,0,2,0,0,2,0,0,139,4,142,395,146,1,5734,5340,136,1,831,4443
6004325,1727752719,0,0,0,0,0,0,0,0,0,0,0,0,2,2,7,2,1,4356,4350,0,0,0,0
6004326,1727752763,7959362,1,1,0,0,1,0,0,1,0,0,1,6,6,20,7,1,5394,5375,88,1,96,400
6004328,1727752798,0,0,0,0,0,0,0,0,0,0,0,0,2,2,7,2,1,4609,4603,0,0,0,0
6004332,1727752863,35576900,7,7,0,0,7,0,0,7,0,0,8,4,8,42,15,1,6480,6439,376,6,119,2804
6004336,1727752910,132033641,10,3,0,0,3,0,0,3,0,0,21,8,25,96,35,1,4877,4782,184,1,1555,4070
6004339,1727752950,0,0,0,0,0,0,0,0,0,0,0,0,8,7,20,7,1,4631,4612,0,0,0,0
6004343,1727752989,0,0,0,0,0,0,0,0,0,0,0,0,6,5,15,5,1,4482,4468,0,0,0,0
6004345,1727753020,119759526,32,28,0,0,28,0,0,28,0,0,11,8,12,120,44,1,4449,4330,1384,26,1068,12046
6004346,1727753059,54327404,14,14,0,0,14,0,0,14,0,0,9,4,12,72,26,1,5805,5734,712,12,167,5487
6004349,1727753103,41608674,4,0,0,0,0,0,0,0,0,0,4,2,3,20,7,1,4510,4491,0,0,814,1382
6004350,1727753137,67821977,7,1,0,0,1,0,0,1,0,0,8,6,14,58,21,1,6246,6189,88,0,965,2336
6004353,1727753174,35287065,2,0,0,0,0,0,0,0,0,0,2,2,4,18,6,1,4508,4491,0,0,748,637
6004354,1727753224,17145948,4,4,0,0,4,0,0,4,0,0,2,6,7,31,11,1,7347,7317,232,4,111,1524
6004356,1727753251,0,0,0,0,0,0,0,0,0,0,0,0,2,2,7,2,1,3792,3786,0,0,0,0
6004359,1727753297,33308590,7,7,0,0,7,0,0,7,0,0,7,4,10,47,17,1,3835,3789,376,7,123,2876
6004363,1727753327,28575666,1,1,0,0,1,0,0,1,0,0,11,6,5,18,6,1,4091,4074,88,1,98,624
6004364,1727753424,145082194,7,3,0,0,3,0,0,3,0,0,41,8,46,144,53,1,8764,8621,184,0,908,3278
6004368,1727753469,165914071,16,3,0,0,3,0,0,3,0,0,21,2,20,98,36,1,4165,4068,184,2,1649,6742
6004370,1727753511,72771982,12,9,0,0,9,0,0,9,0,0,5,8,12,66,24,1,4818,4753,472,9,850,4506
6004372,1727753544,55946932,5,1,0,0,1,0,0,1,0,0,6,4,6,31,11,1,4354,4324,88,0,937,1747
6004373,1727753591,68127637,9,7,0,0,7,0,0,7,0,0,9,4,12,58,21,1,4804,4747,376,6,853,3544
6004376,1727753627,337400730,122,112,0,0,112,0,0,112,0,0,18,2,15,372,137,1,4833,4462,5416,112,2239,46687
6004380,1727753765,88884807,13,3,0,0,3,0,0,3,0,0,12,6,13,71,26,1,16805,16735,184,3,1123,4460
6004381,1727753804,0,0,0,0,0,0,0,0,0,0,0,0,8,5,15,5,1,7023,7009,0,0,0,0
6004385,1727753903,273781075,37,22,0,0,22,0,0,22,0,0,31,2,27,174,64,1,6045,5872,1096,20,2730,18712
6004387,1727753961,44707887,3,1,0,0,1,0,0,1,0,0,4,8,7,28,10,1,6786,6759,88,0,800,1114
6004390,1727753990,35287065,2,0,0,0,0,0,0,0,0,0,2,4,4,17,6,1,4058,4042,0,0,800,657
6004392,1727754064,62836491,3,1,0,0,1,0,0,1,0,0,11,6,14,47,17,1,9055,9009,88,0,799,1439
6004393,1727754099,0,0,0,0,0,0,0,0,0,0,0,0,4,3,9,3,1,5771,5763,0,0,0,0
6004394,1727754147,10440846,1,1,0,0,1,0,0,1,0,0,2,2,4,15,5,1,7325,7311,88,1,95,433
6004395,1727754203,225277336,4,3,0,0,3,0,0,3,0,0,79,2,81,230,85,1,6976,6747,184,2,710,3424
6004398,1727754264,39376376,2,1,0,0,1,0,0,1,0,0,3,2,5,20,7,1,4622,4603,88,1,675,963
6004400,1727754305,91657995,17,15,0,0,15,0,0,15,0,0,12,6,14,85,31,1,4722,4638,760,14,887,6603
6004403,1727754338,0,0,0,0,0,0,0,0,0,0,0,0,4,4,12,4,1,5886,5875,0,0,0,0
6004405,1727754378,48941880,4,1,0,0,1,0,0,1,0,0,3,6,6,28,10,1,5652,5625,88,0,947,1468
6004407,1727754415,0,0,0,0,0,0,0,0,0,0,0,0,4,4,12,4,1,5492,5481,0,0,0,0
6004408,1727754464,11764118,1,1,0,0,1,0,0,1,0,0,2,4,6,20,7,1,8320,8301,88,0,99,452
6004409,1727754504,13557549,2,1,0,0,1,0,0,1,0,0,1,2,3,15,5,1,6591,6577,88,0,178,771
6004410,1727754553,0,0,0,0,0,0,0,0,0,0,0,0,2,1,4,1,1,6077,6074,0,0,0,0
6004413,1727754589,0,0,0,0,0,0,0,0,0,0,0,0,2,2,7,2,1,3792,3786,0,0,0,0
6004414,1727754595,170268169,18,11,0,0,11,0,0,11,0,0,29,6,34,142,52,1,5202,5061,568,10,1825,9041
6004416,1727754677,11764118,1,1,0,0,1,0,0,1,0,0,2,2,4,15,5,1,4617,4603,88,1,107,483
6004419,1727754716,36765453,2,1,0,0,1,0,0,1,0,0,2,4,5,20,7,1,4090,4071,88,1,691,943
6004421,1727754756,35287065,2,0,0,0,0,0,0,0,0,0,2,6,8,28,10,1,4665,4638,0,0,755,658
6004423,1727754810,55946932,5,1,0,0,1,0,0,1,0,0,6,4,8,36,13,1,4782,4747,88,0,992,1846
6004425,1727754900,124501045,14,7,0,0,7,0,0,7,0,0,12,4,14,77,28,1,6797,6721,376,6,1688,5961
6004426,1727754943,85196585,7,1,0,0,1,0,0,1,0,0,5,4,5,34,12,1,6613,6580,88,0,1511,3601
6004433,1727755006,59794140,1,1,0,0,1,0,0,1,0,0,23,2,24,69,25,1,4248,4180,88,0,103,866
6004434,1727755045,109808819,10,2,0,0,2,0,0,2,0,0,11,14,17,74,27,1,5851,5778,136,1,1587,3761
6004438,1727755087,524195252,114,1,0,0,1,0,0,1,0,0,13,2,15,349,129,1,6249,5901,88,1,5556,56133
6004439,1727755123,81531152,11,8,0,0,8,0,0,8,0,0,10,8,17,77,28,1,5252,5176,424,7,921,4503
6004442,1727755195,0,0,0,0,0,0,0,0,0,0,0,0,2,1,4,1,1,4812,4809,0,0,0,0
6004446,1727755235,128172312,22,21,0,0,21,0,0,21,0,0,21,6,24,126,46,1,4199,4074,1048,20,808,9561
6004448,1727755294,125142483,18,10,0,0,10,0,0,10,0,0,12,8,13,85,31,1,6106,6022,520,9,1634,6967
6004449,1727755303,70037187,4,0,0,0,0,0,0,0,0,0,3,4,4,23,8,1,6067,6045,0,0,2065,1557
6004452,1727755382,59080566,29,29,0,0,29,0,0,29,0,0,2,2,4,90,33,1,3593,3504,1432,29,203,10758
6004454,1727755431,115357718,20,12,0,0,12,0,0,12,0,0,17,6,19,106,39,1,5701,5596,616,11,1105,8076
6004458,1727755489,110180045,10,4,0,0,4,0,0,4,0,0,11,4,12,61,22,1,4243,4183,232,3,1648,3807
6004462,1727755532,188372337,18,3,0,0,3,0,0,3,0,0,21,8,22,109,40,1,5425,5317,184,3,3301,8189
6004466,1727755592,0,0,0,0,0,0,0,0,0,0,0,0,8,6,18,6,1,5334,5317,0,0,0,0
6004467,1727755642,79594735,11,5,0,0,5,0,0,5,0,0,10,8,12,63,23,1,9045,8983,280,5,954,4428
6004468,1727755684,484543860,26,2,0,0,2,0,0,2,0,0,182,2,161,506,187,1,5560,5055,136,0,1175,12933
6004470,1727755686,104211944,24,0,0,0,0,0,0,0,0,0,24,2,4,77,28,1,5695,5619,0,0,1035,8741
6004475,1727755764,28413894,1,0,0,0,0,0,0,0,0,0,1,4,5,17,6,1,4687,4671,0,0,557,588
6004478,1727755838,493297959,219,217,0,0,217,0,0,217,0,0,25,10,33,681,252,1,6987,6307,10456,215,1720,85336
6004480,1727755890,61058713,9,7,0,0,7,0,0,7,0,0,6,6,11,55,20,1,5397,5343,376,6,1093,3856
6004483,1727755928,26904714,12,12,0,0,12,0,0,12,0,0,1,4,4,45,16,1,3974,3930,616,12,157,5143
6004484,1727755964,35287065,2,0,0,0,0,0,0,0,0,0,2,6,8,28,10,1,5088,5061,0,0,852,758
6004487,1727755995,0,0,0,0,0,0,0,0,0,0,0,0,2,2,7,2,1,4609,4603,0,0,0,0
6004491,1727756040,222196572,1,1,0,0,1,0,0,1,0,0,92,6,95,261,96,1,4616,4356,88,0,131,2740
6004495,1727756088,97617733,12,6,0,0,6,0,0,6,0,0,16,8,19,85,31,1,4978,4894,328,6,1186,5188
6004499,1727756127,0,0,0,0,0,0,0,0,0,0,0,0,8,7,20,7,1,4942,4923,0,0,0,0
6004502,1727756170,509164794,6,2,0,0,2,0,0,2,0,0,198,8,204,567,210,1,5207,4641,136,1,1073,7174
6004504,1727756212,136616075,10,1,0,0,1,0,0,1,0,0,12,6,14,66,24,1,6536,6471,88,1,2648,5856
6004510,1727756263,0,0,0,0,0,0,0,0,0,0,0,0,4,4,12,4,1,4364,4353,0,0,0,0
6004512,1727756333,499863607,103,15,0,0,15,0,0,15,0,0,133,12,63,449,166,1,6819,6371,760,12,3289,41911
6004517,1727756374,139346426,15,5,0,0,5,0,0,5,0,0,17,4,15,82,30,1,3729,3648,280,5,2044,8101
6004521,1727756431,58731351,5,2,0,0,2,0,0,2,0,0,7,10,12,47,17,1,5959,5913,136,1,994,1793
6004529,1727756490,81252358,6,2,0,0,2,0,0,2,0,0,15,8,19,69,25,1,4680,4612,136,0,1035,2773
6004531,1727756571,229130813,30,16,0,0,16,0,0,16,0,0,24,16,31,166,61,1,8202,8037,808,14,3084,15685
6004532,1727756626,105556204,9,2,0,0,2,0,0,2,0,0,10,4,12,58,21,1,5932,5875,136,2,1931,5457
6004534,1727756664,61107452,6,2,0,0,2,0,0,2,0,0,7,2,5,31,11,1,4633,4603,136,1,1022,2450
6004535,1727756716,0,0,0,0,0,0,0,0,0,0,0,0,4,2,7,2,1,5769,5763,0,0,0,0
6004536,1727756761,35287065,2,0,0,0,0,0,0,0,0,0,2,2,4,17,6,1,7157,7141,0,0,853,753
6004537,1727756802,0,0,0,0,0,0,0,0,0,0,0,0,2,1,4,1,1,5904,5901,0,0,0,0
6004538,1727756852,13723362,2,2,0,0,2,0,0,2,0,0,2,2,4,18,6,1,5918,5901,136,2,116,957
6004541,1727756925,30889632,10,10,0,0,10,0,0,10,0,0,3,2,5,42,15,1,4532,4491,520,10,157,4355
6004543,1727757022,212824415,19,12,0,0,12,0,0,12,0,0,58,6,61,217,80,1,7851,7635,616,9,1197,8814
6004548,1727757060,32428982,1,1,0,0,1,0,0,1,0,0,11,4,15,45,16,1,3945,3901,88,0,116,900
6004552,1727757103,50087913,6,0,0,0,0,0,0,0,0,0,4,10,11,47,17,1,5225,5179,0,0,910,1536
6004556,1727757158,35287065,2,0,0,0,0,0,0,0,0,0,2,8,5,20,7,1,4801,4782,0,0,852,745
6004558,1727757198,71115839,10,8,0,0,8,0,0,8,0,0,9,8,16,71,26,1,5951,5881,424,6,974,4362
6004561,1727757262,195056363,21,7,0,0,7,0,0,7,0,0,22,4,20,112,41,1,7960,7849,376,5,2938,11219
6004562,1727757296,141864092,10,0,0,0,0,0,0,0,0,0,12,6,12,61,22,1,6079,6019,0,0,2720,6415
6004566,1727757342,21541888,3,3,0,0,3,0,0,3,0,0,4,2,5,23,8,1,5077,5055,184,3,134,1443
6004568,1727757399,151199632,11,1,0,0,1,0,0,1,0,0,15,8,19,82,30,1,7654,7573,88,0,2736,6861
6004571,1727757456,120611660,23,20,0,0,20,0,0,20,0,0,10,4,12,96,35,1,7268,7173,1000,19,1697,10052
6004573,1727757492,35287065,2,0,0,0,0,0,0,0,0,0,2,6,7,26,9,1,4240,4215,0,0,883,748
6004575,1727757523,52771811,6,4,0,0,4,0,0,4,0,0,4,4,7,36,13,1,4532,4497,232,4,965,2514
6004577,1727757561,31172929,1,0,0,0,0,0,0,0,0,0,1,4,4,15,5,1,3810,3796,0,0,768,533
6004583,1727757633,239400285,13,4,0,0,4,0,0,4,0,0,60,4,61,201,74,1,4976,4776,232,1,1886,7193
6004586,1727757680,167202336,17,8,0,0,8,0,0,8,0,0,19,12,24,112,41,1,4617,4506,424,7,2690,9012
6004587,1727757729,56843051,8,6,0,0,6,0,0,6,0,0,4,6,9,47,17,1,6235,6189,328,6,977,3371
6004590,1727757757,245812856,23,11,0,0,11,0,0,11,0,0,24,2,18,112,41,1,4602,4491,568,11,3190,18609
6004593,1727757821,176273578,14,8,0,0,8,0,0,8,0,0,15,6,16,82,30,1,4267,4186,424,8,2609,11090
6004597,1727757861,182214673,12,5,0,0,5,0,0,5,0,0,13,6,14,72,26,1,5132,5061,280,5,3219,9069
6004599,1727757900,145678892,12,6,0,0,6,0,0,6,0,0,12,8,15,74,27,1,4996,4923,328,6,2076,10942
6004601,1727757954,285794413,27,14,0,0,14,0,0,14,0,0,31,4,28,150,55,1,6165,6016,712,13,3816,17259
6004604,1727758021,314268558,32,17,0,0,17,0,0,17,0,0,34,4,24,153,56,1,6628,6476,856,16,2940,22203
6004607,1727758082,260756535,22,10,0,0,10,0,0,10,0,0,23,6,21,118,43,1,5572,5455,520,10,3428,15648
6004609,1727758118,139599278,12,7,0,0,7,0,0,7,0,0,12,6,10,61,22,1,4275,4215,376,7,1751,8740
6004613,1727758169,311840961,67,55,0,0,55,0,0,55,0,0,21,4,17,228,84,1,4193,3966,2680,55,3002,31160
6004615,1727758218,585646231,225,212,0,0,212,0,0,212,0,0,28,8,27,681,252,1,5321,4641,10216,211,3609,91905
6004617,1727758266,191687656,15,8,0,0,8,0,0,8,0,0,25,4,23,104,38,1,4568,4465,424,7,2000,11779
6004618,1727758304,129567078,10,5,0,0,5,0,0,5,0,0,10,4,8,50,18,1,4966,4917,280,5,1739,7886
6004621,1727758338,288850811,15,7,0,0,7,0,0,7,0,0,61,2,59,201,74,1,4239,4039,376,6,2475,10577
6004626,1727758377,390419701,52,8,0,0,8,0,0,8,0,0,25,6,23,204,75,1,4136,3933,424,7,4517,28309
6004629,1727758497,1006183235,286,223,0,0,223,0,0,223,0,0,70,10,53,918,339,1,9650,8733,10744,219,6566,124223
6004633,1727758565,219658395,19,9,0,0,9,0,0,9,0,0,20,6,19,104,38,1,4882,4779,472,9,2662,13775
6004637,1727758601,35287065,2,0,0,0,0,0,0,0,0,0,2,8,6,23,8,1,3958,3936,0,0,794,642
6004642,1727758646,149474025,11,2,0,0,2,0,0,2,0,0,14,8,17,77,28,1,4688,4612,136,0,2345,6302
6004646,1727758699,62469267,7,5,0,0,5,0,0,5,0,0,8,10,14,58,21,1,5124,5067,280,4,816,2811
6004649,1727758749,53156021,7,5,0,0,5,0,0,5,0,0,4,8,9,44,16,1,4058,4015,280,4,836,2549
6004652,1727758786,45557131,3,1,0,0,1,0,0,1,0,0,4,6,8,31,11,1,4809,4779,88,1,815,1165
6004654,1727758847,33603512,1,0,0,0,0,0,0,0,0,0,2,6,7,23,8,1,5083,5061,0,0,690,499
6004655,1727758888,0,0,0,0,0,0,0,0,0,0,0,0,4,4,12,4,1,5745,5734,0,0,0,0
6004659,1727758930,0,0,0,0,0,0,0,0,0,0,0,0,2,1,4,1,1,3507,3504,0,0,0,0
6004660,1727758996,110299452,46,46,0,0,46,0,0,46,0,0,9,8,14,163,60,1,7030,6868,2248,44,284,17064
6004661,1727759045,506756666,1,1,0,0,1,0,0,1,0,0,213,2,214,581,215,1,7439,6859,88,0,135,4914
6004664,1727759131,35287065,2,0,0,0,0,0,0,0,0,0,2,2,3,15,5,1,8171,8157,0,0,807,656
6004666,1727759173,45463895,3,1,0,0,1,0,0,1,0,0,4,6,8,31,11,1,6613,6583,88,0,836,1187
6004670,1727759226,46142110,4,0,0,0,0,0,0,0,0,0,4,4,5,26,9,1,5788,5763,0,0,803,1280
6004672,1727759295,36614654,9,9,0,0,9,0,0,9,0,0,7,8,10,53,19,1,6074,6022,472,8,127,3585
6004674,1727759337,0,0,0,0,0,0,0,0,0,0,0,0,4,2,7,2,1,3379,3373,0,0,0,0
6004679,1727759374,0,0,0,0,0,0,0,0,0,0,0,0,4,4,12,4,1,3912,3901,0,0,0,0
6004680,1727759414,49659392,4,0,0,0,0,0,0,0,0,0,4,10,12,44,16,1,5533,5490,0,0,888,1340
6004682,1727759459,45521127,3,1,0,0,1,0,0,1,0,0,4,2,5,23,8,1,5641,5619,88,0,797,1083
6004683,1727759513,0,0,0,0,0,0,0,0,0,0,0,0,4,4,12,4,1,8706,8695,0,0,0,0
6004689,1727759602,37614174,6,6,0,0,6,0,0,6,0,0,9,2,9,42,15,1,7916,7875,328,5,122,2416
6004691,1727759628,0,0,0,0,0,0,0,0,0,0,0,0,12,8,23,8,1,5909,5887,0,0,0,0
6004694,1727759818,240253128,38,31,0,0,31,0,0,31,0,0,46,4,45,225,83,1,11739,11515,1528,30,1663,14796
6004696,1727759891,522057537,72,2,0,0,2,0,0,2,0,0,109,6,112,497,184,1,10633,10137,136,2,2315,33593
6004699,1727759956,4012778901,32,31,0,0,31,0,0,31,0,0,1614,4,1618,4452,1650,1,9621,5170,1528,30,1355,92150
6004704,1727760038,4048771094,19,16,0,0,16,0,0,16,0,0,1626,6,1626,4441,1645,1,10213,5773,808,13,1991,89654
6004705,1727760073,4043117848,11,6,0,0,6,0,0,6,0,0,1627,10,1632,4434,1643,1,9077,4644,328,5,2087,75878
6004706,1727760113,3952588306,2,1,0,0,1,0,0,1,0,0,1612,2,1614,4362,1616,1,9557,5196,88,1,1202,71498
6004708,1727760147,4001733949,3,2,0,0,2,0,0,2,0,0,1623,2,1625,4392,1628,1,8712,4321,136,1,1235,72435
6004710,1727760218,4013118618,6,1,0,0,1,0,0,1,0,0,1616,4,1617,4385,1623,1,12121,7737,88,1,2132,75144
6004713,1727760255,4030568401,12,5,0,0,5,0,0,5,0,0,1620,4,1623,4415,1635,1,8767,4353,280,4,3275,89448
6004716,1727760339,81658047,16,14,0,0,14,0,0,14,0,0,9,6,11,74,27,1,6797,6724,712,13,905,6121
6004718,1727760432,76747731,11,9,0,0,9,0,0,9,0,0,8,6,11,61,22,1,9069,9009,472,8,827,4671
6004722,1727760519,121299071,13,1,0,0,1,0,0,1,0,0,7,4,10,64,23,1,5685,5622,88,1,1848,5378
6004724,1727760554,35287065,2,0,0,0,0,0,0,0,0,0,2,8,9,31,11,1,4562,4532,0,0,735,642
6004726,1727760602,0,0,0,0,0,0,0,0,0,0,0,0,4,3,9,3,1,4368,4360,0,0,0,0
6004728,1727760648,183001890,6,2,0,0,2,0,0,2,0,0,58,4,60,179,66,1,4925,4747,136,0,903,3349
6004729,1727760688,35264102,11,11,0,0,11,0,0,11,0,0,5,4,7,50,18,1,4655,4606,568,10,141,4373
6004731,1727760734,141102570,33,9,0,0,9,0,0,9,0,0,26,2,7,109,40,1,4458,4350,472,8,1362,12271
6004733,1727760782,536726863,5,1,0,0,1,0,0,1,0,0,204,4,208,575,213,1,5885,5311,88,1,824,11402
6004735,1727760829,1057425174,5,3,0,0,3,0,0,3,0,0,410,4,412,1130,417,1,6046,4917,184,2,1027,19684
6004738,1727760878,1637177921,13,5,0,0,5,0,0,5,0,0,619,4,620,1711,633,1,5611,3901,280,4,2102,31605
6004745,1727760919,533916956,3,2,0,0,2,0,0,2,0,0,205,6,209,573,212,1,6197,5625,136,2,853,10316
6004747,1727760977,96398604,16,12,0,0,12,0,0,12,0,0,12,14,18,93,34,1,7421,7329,616,12,1006,5920
6004751,1727761008,48544602,4,1,0,0,1,0,0,1,0,0,3,4,6,28,10,1,3816,3789,88,1,922,1376
6004754,1727761063,45079887,3,1,0,0,1,0,0,1,0,0,4,8,8,31,11,1,4953,4923,88,0,848,1498
6004755,1727761129,0,0,0,0,0,0,0,0,0,0,0,0,6,5,15,5,1,7049,7035,0,0,0,0
6004759,1727761170,57233687,1,0,0,0,0,0,0,0,0,0,1,2,3,12,4,1,3410,3399,0,0,3873,3446
6004765,1727761217,261097984,29,13,0,0,13,0,0,13,0,0,29,8,30,160,59,1,5928,5769,664,11,9405,43989
6004769,1727761400,4679367035,49,24,0,0,24,0,0,24,0,0,1779,12,1783,4944,1832,1,16922,11979,1192,20,5233,108327
6004771,1727761446,4218411691,9,3,0,0,3,0,0,3,0,0,1694,8,1697,4608,1706,1,8966,4359,184,3,2388,81620
6004773,1727761492,4277143844,9,4,0,0,4,0,0,4,0,0,1695,4,1696,4602,1705,1,10646,6045,232,4,3376,80381
6004776,1727761557,121261832,36,33,0,0,33,0,0,33,0,0,9,4,12,131,48,1,6457,6327,1624,31,1075,13467
6004779,1727761615,131324649,11,8,0,0,8,0,0,8,0,0,11,6,16,74,27,1,5105,5032,424,7,2654,6970
6004783,1727761694,106245017,14,4,0,0,4,0,0,4,0,0,14,6,17,85,31,1,5709,5625,232,3,1169,4734
6004786,1727761739,319448198,105,96,0,0,96,0,0,96,0,0,12,8,15,326,120,1,5389,5064,4648,95,3225,39625
6004790,1727761792,287766866,81,1,0,0,1,0,0,1,0,0,81,6,7,239,88,1,4207,3969,88,1,1895,27700
6004792,1727761836,196250937,13,9,0,0,9,0,0,9,0,0,25,8,31,120,44,1,4590,4471,472,8,2603,6425
6004794,1727761865,10383672,1,1,0,0,1,0,0,1,0,0,2,4,3,12,4,1,4364,4353,88,1,98,447
6004796,1727761937,757094534,112,28,0,0,28,0,0,28,0,0,116,4,70,493,182,1,6537,6045,1384,27,6012,44034
6004801,1727761969,0,0,0,0,0,0,0,0,0,0,0,0,4,3,9,3,1,4220,4212,0,0,0,0
6004802,1727762040,131620263,6,2,0,0,2,0,0,2,0,0,7,10,16,61,22,1,9075,9015,136,2,7477,9512
6004805,1727762078,8148546,1,1,0,0,1,0,0,1,0,0,1,2,3,12,4,1,4332,4321,88,1,286,1235
6004807,1727762121,271498852,20,15,0,0,15,0,0,15,0,0,59,6,62,222,82,1,5676,5455,760,13,6282,25521
6004810,1727762202,369597862,79,59,0,0,59,0,0,59,0,0,32,4,31,298,110,1,7018,6721,2872,57,10856,97209
6004814,1727762247,109394878,9,2,0,0,2,0,0,2,0,0,11,6,14,63,23,1,5799,5737,136,2,9309,17451
6004816,1727762287,132646239,8,1,0,0,1,0,0,1,0,0,9,8,14,61,22,1,4842,4782,88,1,2871,3037
6004819,1727762325,55562932,5,1,0,0,1,0,0,1,0,0,6,4,6,31,11,1,3537,3507,88,0,933,1718
6004823,1727762397,122855414,9,7,0,0,7,0,0,7,0,0,11,6,16,69,25,1,4499,4431,376,7,1940,4603
6004825,1727762445,984916746,87,51,0,0,51,0,0,51,0,0,323,8,297,1039,384,1,8611,7573,2488,47,2987,38181
6004830,1727762491,140418892,11,2,0,0,2,0,0,2,0,0,12,4,10,58,21,1,5086,5029,136,2,2545,4548
6004832,1727762522,83228779,6,1,0,0,1,0,0,1,0,0,6,10,11,47,17,1,6635,6589,88,1,1434,2251
6004833,1727762600,249691696,19,11,0,0,11,0,0,11,0,0,34,4,37,153,56,1,7043,6891,568,9,2794,9067
6004834,1727762640,0,0,0,0,0,0,0,0,0,0,0,0,2,2,7,2,1,5907,5901,0,0,0,0
6004837,1727762668,158291524,17,13,0,0,13,0,0,13,0,0,14,2,16,90,33,1,4410,4321,664,12,2367,6944
6004840,1727762718,100709255,7,3,0,0,3,0,0,3,0,0,10,6,14,58,21,1,5400,5343,184,2,1460,3250
6004842,1727762782,123206414,7,4,0,0,4,0,0,4,0,0,10,6,16,63,23,1,9183,9121,232,4,1899,3911
6004844,1727762817,73883986,1,1,0,0,1,0,0,1,0,0,29,4,32,91,33,1,4978,4888,88,0,101,1002
6004848,1727762837,129796032,7,2,0,0,2,0,0,2,0,0,9,4,11,50,18,1,4261,4212,136,2,2526,2861
6004851,1727762926,126782348,11,9,0,0,9,0,0,9,0,0,10,8,16,74,27,1,5278,5205,472,8,1955,5306
6004855,1727763027,121669597,11,8,0,0,8,0,0,8,0,0,11,6,15,72,26,1,6408,6337,424,8,1816,4656
6004857,1727763072,99966618,33,33,0,0,33,0,0,33,0,0,13,8,20,144,53,1,4784,4641,1624,32,256,12887
6004859,1727763120,388323612,155,153,0,0,153,0,0,153,0,0,11,4,13,454,168,1,6046,5593,7384,151,2466,59278
6004860,1727763194,168608630,10,4,0,0,4,0,0,4,0,0,13,4,14,66,24,1,6081,6016,232,4,2958,4127
6004863,1727763218,0,0,0,0,0,0,0,0,0,0,0,0,2,1,4,1,1,4353,4350,0,0,0,0
6004865,1727763288,207953419,20,12,0,0,12,0,0,12,0,0,24,6,27,128,47,1,4906,4779,616,10,2716,8772
6004866,1727763346,107512227,11,7,0,0,7,0,0,7,0,0,10,4,13,66,24,1,6533,6468,376,6,1481,4342
6004868,1727763387,106710787,6,2,0,0,2,0,0,2,0,0,7,2,9,42,15,1,4532,4491,136,2,1986,2294
6004871,1727763421,0,0,0,0,0,0,0,0,0,0,0,0,4,4,12,4,1,4476,4465,0,0,0,0
6004873,1727763479,66015910,3,0,0,0,0,0,0,0,0,0,3,6,8,31,11,1,5232,5202,0,0,1401,1196
6004878,1727763516,0,0,0,0,0,0,0,0,0,0,0,0,4,4,12,4,1,4646,4635,0,0,0,0
6004882,1727763578,375937005,57,7,0,0,7,0,0,7,0,0,119,10,77,362,134,1,5532,5171,376,5,1592,21075
6004886,1727763665,129325091,13,3,0,0,3,0,0,3,0,0,26,8,27,109,40,1,8809,8701,184,1,1119,4880
6004889,1727763721,30139214,1,1,0,0,1,0,0,1,0,0,10,8,16,47,17,1,5927,5881,88,0,101,849
6004895,1727763793,68061056,13,12,0,0,12,0,0,12,0,0,7,6,9,61,22,1,7659,7599,616,11,814,5482
6004896,1727763843,36472756,2,1,0,0,1,0,0,1,0,0,3,12,13,42,15,1,8184,8143,88,1,743,695
6004900,1727763902,205695950,6,2,0,0,2,0,0,2,0,0,58,2,58,174,64,1,5058,4885,136,2,1871,4202
6004903,1727763930,0,0,0,0,0,0,0,0,0,0,0,0,8,3,9,3,1,4508,4500,0,0,0,0
6004906,1727764006,48834120,14,14,0,0,14,0,0,14,0,0,8,6,11,69,25,1,8061,7993,712,12,159,5663
6004908,1727764046,129319573,11,9,0,0,9,0,0,9,0,0,32,6,36,128,47,1,6598,6471,472,8,901,4953
6004910,1727764088,59303675,6,3,0,0,3,0,0,3,0,0,6,4,9,42,15,1,4817,4776,184,2,909,2458
6004912,1727764120,78096708,5,2,0,0,2,0,0,2,0,0,5,4,8,36,13,1,4077,4042,136,2,1509,2182
6004915,1727764198,61007675,8,6,0,0,6,0,0,6,0,0,6,4,9,47,17,1,5111,5065,328,6,906,3010
6004917,1727764228,118577838,1,1,0,0,1,0,0,1,0,0,48,6,51,141,52,1,4496,4356,88,0,107,1399
6004920,1727764278,34718750,1,1,0,0,1,0,0,1,0,0,12,4,16,47,17,1,5809,5763,88,0,106,861
6004922,1727764352,116209565,21,15,0,0,15,0,0,15,0,0,17,6,21,114,42,1,7994,7881,760,12,1081,7943
6004923,1727764429,53771301,5,2,0,0,2,0,0,2,0,0,6,4,9,39,14,1,11441,11403,136,2,791,1917
6004926,1727764479,0,0,0,0,0,0,0,0,0,0,0,0,2,2,7,2,1,6019,6013,0,0,0,0
6004927,1727764514,0,0,0,0,0,0,0,0,0,0,0,0,6,3,9,3,1,6761,6753,0,0,0,0
6004931,1727764548,37536833,2,1,0,0,1,0,0,1,0,0,2,2,4,17,6,1,4337,4321,88,1,730,647
6004934,1727764613,92100177,12,6,0,0,6,0,0,6,0,0,14,8,18,82,30,1,5850,5769,328,5,1068,4494
6004937,1727764671,252149730,57,44,0,0,44,0,0,44,0,0,21,6,21,212,78,1,6512,6301,2152,44,2681,22978
6004938,1727764734,64158925,11,9,0,0,9,0,0,9,0,0,5,6,9,55,20,1,6355,6301,472,8,848,4131
6004942,1727764773,0,0,0,0,0,0,0,0,0,0,0,0,2,1,4,1,1,4642,4639,0,0,0,0
6004944,1727764822,0,0,0,0,0,0,0,0,0,0,0,0,8,4,12,4,1,6626,6615,0,0,0,0
6004946,1727764889,141967022,18,11,0,0,11,0,0,11,0,0,25,4,29,129,47,1,7865,7737,568,8,1135,7373
6004947,1727764935,89358568,36,36,0,0,36,0,0,36,0,0,6,4,10,125,46,1,6563,6439,1768,36,266,13756
6004951,1727764995,217770063,25,23,0,0,23,0,0,23,0,0,58,2,59,228,84,1,6692,6465,1144,20,923,11177
6004954,1727765116,163398760,18,7,0,0,7,0,0,7,0,0,13,8,17,96,35,1,14888,14793,376,7,2464,8887
6004959,1727765155,17028764,4,4,0,0,4,0,0,4,0,0,2,6,8,34,12,1,3684,3651,232,4,120,1592
6004961,1727765190,95049725,12,6,0,0,6,0,0,6,0,0,15,10,20,88,32,1,4731,4644,328,4,1042,4462
6004965,1727765224,0,0,0,0,0,0,0,0,0,0,0,0,4,4,12,4,1,4194,4183,0,0,0,0
6004967,1727765334,143851211,11,1,0,0,1,0,0,1,0,0,12,8,17,77,28,1,9543,9467,88,1,2395,5944
6004971,1727765374,0,0,0,0,0,0,0,0,0,0,0,0,4,4,12,4,1,4505,4494,0,0,0,0
6004975,1727765446,167289583,22,14,0,0,14,0,0,14,0,0,26,8,32,147,54,1,6761,6615,712,12,1733,8824
6004979,1727765482,8124544,1,1,0,0,1,0,0,1,0,0,1,8,8,26,9,1,4666,4641,88,1,124,447
6004983,1727765521,0,0,0,0,0,0,0,0,0,0,0,0,8,4,12,4,1,4793,4782,0,0,0,0
6004987,1727765571,89159846,10,3,0,0,3,0,0,3,0,0,12,8,18,77,28,1,6691,6615,184,3,1148,2628
6004989,1727765631,74020363,9,3,0,0,3,0,0,3,0,0,9,8,13,61,22,1,5265,5205,184,3,1070,3485
6004991,1727765672,0,0,0,0,0,0,0,0,0,0,0,0,4,4,12,4,1,5604,5593,0,0,0,0
6004997,1727765708,9918432,1,1,0,0,1,0,0,1,0,0,2,4,4,15,5,1,4056,4042,88,1,107,452
6004999,1727765763,129975208,6,2,0,0,2,0,0,2,0,0,36,12,46,142,52,1,5916,5775,136,0,994,3067
