height,timestamp,cost,removals,eligible,multi_groups,largest_group,groups_emitted,dropped_single,dropped_multi,tweaks,tweaks_from_multi,dup_removed,additions_tx,reward_coins,distinct_ph_all,filter_bytes,filter_n,filter_hash_ok,header_with_filter,header_no_filter,tweak_resp_bytes,ct_omitted,gen_us,group_us
9361303,1790699416,10739014039,24,22,0,0,22,0,0,22,0,0,4624,2,4626,12547,4650,1,16162,3616,1096,,2731,109795
9361306,1790699449,9248714910,7,6,0,0,6,0,0,6,0,0,4008,8,4014,10850,4021,1,16025,5176,328,,1797,90714
9361307,1790699498,0,0,0,0,0,0,0,0,0,0,0,0,6,2,7,2,1,5743,5737,0,,0,0
9361309,1790699537,0,0,0,0,0,0,0,0,0,0,0,0,2,1,4,1,1,4183,4180,0,,0,0
9361314,1790699572,0,0,0,0,0,0,0,0,0,0,0,0,4,2,7,2,1,4189,4183,0,,0,0
9361316,1790699604,10897391601,23,15,0,0,15,0,0,15,0,0,4666,10,4670,12664,4693,1,17166,4503,760,,5162,308709
9361318,1790699701,0,0,0,0,0,0,0,0,0,0,0,0,4,3,9,3,1,6479,6471,0,,0,0
9361319,1790699737,10369902413,28,14,0,0,14,0,0,14,0,0,4431,4,4428,12029,4456,1,16240,4212,712,,11779,249150
9361324,1790699802,9713520601,11,9,0,0,9,0,0,9,0,0,4212,2,4212,11394,4223,1,17294,5901,472,,3620,204547
9361329,1790699869,0,0,0,0,0,0,0,0,0,0,0,0,10,6,18,6,1,4350,4333,0,,0,0
9361330,1790699894,0,0,0,0,0,0,0,0,0,0,0,0,10,5,15,5,1,5898,5884,0,,0,0
9361332,1790699933,75050190,39,39,0,0,39,0,0,39,0,0,2,2,2,112,41,1,4150,4039,1912,,505,28733
9361334,1790699970,0,0,0,0,0,0,0,0,0,0,0,0,4,2,7,2,1,4189,4183,0,,0,0
9361336,1790700027,0,0,0,0,0,0,0,0,0,0,0,0,4,2,7,2,1,5599,5593,0,,0,0
9361337,1790700109,10782540379,19,12,0,0,12,0,0,12,0,0,4620,4,4621,12522,4640,1,20266,7745,616,,4085,106454
9361340,1790700176,0,0,0,0,0,0,0,0,0,0,0,0,2,2,7,2,1,4891,4885,0,,0,0
9361343,1790700192,9568889180,66,13,0,0,13,0,0,13,0,0,3621,6,3622,9952,3688,1,13320,3369,664,,28345,106155
9361346,1790700231,0,0,0,0,0,0,0,0,0,0,0,0,6,5,15,5,1,4200,4186,0,,0,0
9361350,1790700269,10301080214,32,26,0,0,26,0,0,26,0,0,4421,6,4421,12017,4453,1,15956,3940,1288,,3482,111060
9361352,1790700343,10215465509,48,8,0,0,8,0,0,8,0,0,4250,8,4233,11549,4281,1,15491,3943,424,,10701,109396
9361354,1790700367,9742293523,10,7,0,0,7,0,0,7,0,0,4211,4,4214,11397,4224,1,15297,3901,376,,2653,92935
9361358,1790700422,0,0,0,0,0,0,0,0,0,0,0,0,4,2,7,2,1,4189,4183,0,,0,0
9361362,1790700493,10773811289,32,27,0,0,27,0,0,27,0,0,4624,8,4625,12563,4657,1,17456,4894,1336,,3492,109054
9361365,1790700521,9730290874,14,13,0,0,13,0,0,13,0,0,4211,8,4216,11418,4230,1,15494,4077,664,,1821,94694
9361368,1790700558,10979766575,289,284,1,2,285,0,0,285,1,0,4418,6,4422,12711,4711,1,17066,4356,13720,,4159,213213
9361374,1790700596,10997592092,441,58,3,10,61,0,0,61,3,0,3527,6,3259,9988,3700,1,14484,4497,2968,,44740,295807
9361378,1790700655,10754296677,26,20,0,0,20,0,0,20,0,0,4628,12,4636,12582,4662,1,17228,4647,1000,,2895,109056
9361379,1790700685,0,0,0,0,0,0,0,0,0,0,0,0,8,8,23,8,1,5339,5317,0,,0,0
9361380,1790700718,0,0,0,0,0,0,0,0,0,0,0,0,2,1,4,1,1,4606,4603,0,,0,0
9361382,1790700755,10724339386,23,20,0,0,20,0,0,20,0,0,4615,2,4615,12516,4638,1,16865,4350,1000,,2954,110136
9361384,1790700792,9694291205,8,7,0,0,7,0,0,7,0,0,4208,4,4211,11388,4219,1,15881,4494,376,,1440,91646
9361385,1790700847,10611958960,12,12,0,0,12,0,0,12,0,0,4613,4,4617,12492,4629,1,16139,3648,616,,1122,101995
9361390,1790700910,10706458876,23,22,0,0,22,0,0,22,0,0,4624,2,4626,12547,4649,1,17000,4454,1096,,2257,107646
9361394,1790700975,9949776962,44,16,0,0,16,0,0,16,0,0,4221,10,4227,11527,4271,1,17016,5490,808,,4691,109092
9361397,1790701038,9291584959,9,7,0,0,7,0,0,7,0,0,4009,8,4014,10855,4023,1,16200,5346,376,,2697,88858
9361402,1790701077,10628336235,11,10,0,0,10,0,0,10,0,0,4612,6,4616,12484,4627,1,16246,3763,520,,1549,102179
9361406,1790701135,9269983912,25,25,1,11,26,0,0,26,1,0,4014,10,4020,10918,4045,1,15955,5038,1288,,1024,94359
9361412,1790701163,10652816294,15,13,0,0,13,0,0,13,0,0,4615,8,4619,12508,4634,1,16725,4218,664,,1767,102730
9361414,1790701212,0,0,0,0,0,0,0,0,0,0,0,0,12,9,26,9,1,4502,4477,0,,0,0
9361417,1790701237,0,0,0,0,0,0,0,0,0,0,0,0,4,2,7,2,1,4753,4747,0,,0,0
9361422,1790701302,10473928042,59,39,0,0,39,0,0,39,0,0,4477,6,4471,12225,4530,1,16833,4609,1912,,3447,115704
9361425,1790701329,9659868596,6,6,0,0,6,0,0,6,0,0,4206,10,4212,11385,4218,1,15605,4221,328,,839,93797
9361427,1790701372,9354730647,14,9,0,0,9,0,0,9,0,0,4015,6,4021,10889,4035,1,15385,4497,472,,3483,93025
9361432,1790701421,10653259973,16,15,0,0,15,0,0,15,0,0,4616,4,4620,12508,4636,1,16578,4071,760,,1656,103817
9361433,1790701472,9263029685,13,12,0,0,12,0,0,12,0,0,4013,10,4018,10876,4031,1,16929,6054,616,,1624,88780
9361436,1790701528,10205066047,17,11,0,0,11,0,0,11,0,0,4418,2,4417,11966,4434,1,16782,4817,568,,2103,99296
9361437,1790701617,10262495524,39,36,0,0,36,0,0,36,0,0,4416,6,4421,12039,4460,1,20060,8022,1768,,2466,109750
9361439,1790701679,10194824202,10,8,0,0,8,0,0,8,0,0,4411,2,4413,11935,4423,1,17553,5619,424,,2125,103175
9361441,1790701743,0,0,0,0,0,0,0,0,0,0,0,0,4,3,9,3,1,5319,5311,0,,0,0
9361444,1790701782,0,0,0,0,0,0,0,0,0,0,0,0,4,1,4,1,1,4045,4042,0,,0,0
9361448,1790701842,10267284968,22,14,0,0,14,0,0,14,0,0,4423,6,4424,11997,4446,1,16493,4497,712,,2960,104931
9361449,1790701888,9278692593,14,12,0,0,12,0,0,12,0,0,4012,8,4019,10882,4033,1,15381,4500,616,,2099,91309
9361453,1790701920,9694291205,8,7,0,0,7,0,0,7,0,0,4208,2,4210,11378,4218,1,15163,3786,376,,1443,91891
9361455,1790701978,0,0,0,0,0,0,0,0,0,0,0,0,8,6,18,6,1,5475,5458,0,,0,0
9361456,1790702026,0,0,0,0,0,0,0,0,0,0,0,0,4,2,7,2,1,5035,5029,0,,0,0
9361460,1790702048,0,0,0,0,0,0,0,0,0,0,0,0,2,1,4,1,1,3760,3757,0,,0,0
9361463,1790702142,10888947767,24,16,0,0,16,0,0,16,0,0,4627,8,4632,12564,4656,1,18658,6095,808,,2988,111571
9361465,1790702181,9247958910,7,6,0,0,6,0,0,6,0,0,4008,6,4010,10837,4017,1,15304,4468,328,,1821,88569
9361466,1790702230,31483356,13,13,0,0,13,0,0,13,0,0,2,4,3,44,16,1,5636,5593,664,,163,4941
9361468,1790702261,9869711328,186,184,1,2,185,0,0,185,1,0,4026,2,4027,11366,4213,1,15686,4321,8920,,2899,155170
9361470,1790702313,9747061371,17,16,0,0,16,0,0,16,0,0,4218,4,4221,11433,4238,1,15926,4494,808,,1757,96875
9361473,1790702333,0,0,0,0,0,0,0,0,0,0,0,0,4,3,10,3,1,4615,4606,0,,0,0
9361477,1790702370,0,0,0,0,0,0,0,0,0,0,0,0,6,3,10,3,1,4336,4327,0,,0,0
9361480,1790702415,0,0,0,0,0,0,0,0,0,0,0,0,8,5,15,5,1,4767,4753,0,,0,0
9361484,1790702451,0,0,0,0,0,0,0,0,0,0,0,0,6,3,9,3,1,4194,4186,0,,0,0
9361490,1790702503,10715295184,20,15,0,0,15,0,0,15,0,0,4625,8,4627,12542,4647,1,16900,4359,760,,2494,106590
9361496,1790702573,9870092918,42,26,0,0,26,0,0,26,0,0,4215,12,4222,11508,4264,1,16718,5211,1288,,3639,106247
9361497,1790702614,0,0,0,0,0,0,0,0,0,0,0,0,12,7,20,7,1,5342,5323,0,,0,0
9361499,1790702643,9769490730,12,8,0,0,8,0,0,8,0,0,4212,2,4212,11398,4224,1,15436,4039,424,,2403,95269
9361505,1790702696,10920999982,604,588,2,290,590,0,0,590,2,0,4058,4,4060,12587,4664,1,15637,3051,28360,,6143,315557
9361509,1790702749,9422509624,27,10,0,0,10,0,0,10,0,0,4028,12,4030,10949,4057,1,15425,4477,520,,3696,95652
9361513,1790702793,0,0,0,0,0,0,0,0,0,0,0,0,8,7,20,7,1,4490,4471,0,,0,0
9361515,1790702827,36218092,13,13,0,0,13,0,0,13,0,0,4,8,5,50,18,1,4661,4612,664,,146,4980
9361518,1790702861,0,0,0,0,0,0,0,0,0,0,0,0,4,1,4,1,1,4468,4465,0,,0,0
9361520,1790702937,10252483110,21,18,0,0,18,0,0,18,0,0,4422,6,4424,11994,4445,1,19028,7035,904,,2677,100709
9361521,1790702977,9230845109,7,6,0,0,6,0,0,6,0,0,4007,4,4011,10844,4018,1,15760,4917,328,,1501,87811
9361525,1790703024,0,0,0,0,0,0,0,0,0,0,0,0,2,2,7,2,1,4186,4180,0,,0,0
9361529,1790703067,10290962973,38,33,0,0,33,0,0,33,0,0,4424,8,4424,12041,4462,1,16822,4782,1624,,2838,107906
9361530,1790703118,10185112580,13,9,0,0,9,0,0,9,0,0,4415,8,4419,11961,4432,1,18293,6333,472,,1745,97318
9361532,1790703168,0,0,0,0,0,0,0,0,0,0,0,0,2,2,7,2,1,4186,4180,0,,0,0
9361535,1790703182,10688048549,22,21,0,0,21,0,0,21,0,0,4622,4,4623,12533,4645,1,16715,4183,1048,,1930,105216
9361538,1790703248,0,0,0,0,0,0,0,0,0,0,0,0,6,3,10,3,1,4759,4750,0,,0,0
9361542,1790703282,0,0,0,0,0,0,0,0,0,0,0,0,6,2,7,2,1,4397,4391,0,,0,0
9361544,1790703348,10394436513,45,35,0,0,35,0,0,35,0,0,4434,8,4437,12095,4482,1,17158,5064,1720,,3814,113122
9361547,1790703377,9196470500,5,5,0,0,5,0,0,5,0,0,4005,4,4008,10832,4013,1,15014,4183,280,,867,86135
9361548,1790703415,9428964938,20,14,0,0,14,0,0,14,0,0,4017,6,4016,10893,4036,1,15671,4779,712,,4123,101760
9361553,1790703470,10586664788,8,8,0,0,8,0,0,8,0,0,4608,2,4610,12463,4618,1,17629,5167,424,,964,99446
9361555,1790703535,9896589079,19,13,0,0,13,0,0,13,0,0,4219,10,4225,11451,4244,1,16629,5179,664,,4451,101883
9361556,1790703574,9275776854,16,15,0,0,15,0,0,15,0,0,4012,4,4015,10880,4031,1,15655,4776,760,,1793,93336
9361559,1790703655,9305407725,51,22,0,0,22,0,0,22,0,0,3828,2,3829,10469,3880,1,17497,7029,1096,,11314,102867
9361562,1790703697,9726939615,10,8,0,0,8,0,0,8,0,0,4211,6,4216,11406,4226,1,16155,4750,424,,2013,98362
9361565,1790703740,9195714500,5,5,0,0,5,0,0,5,0,0,4005,6,4008,10832,4013,1,15046,4215,280,,876,90631
9361567,1790703797,0,0,0,0,0,0,0,0,0,0,0,0,6,6,18,6,1,5049,5032,0,,0,0
9361571,1790703838,0,0,0,0,0,0,0,0,0,0,0,0,4,3,10,3,1,4474,4465,0,,0,0
9361573,1790703877,10221647722,23,21,0,0,21,0,0,21,0,0,4419,8,4422,11991,4445,1,17086,5096,1048,,1716,212596
9361576,1790703962,9166702623,135,121,0,0,121,0,0,121,0,0,3836,4,3832,10702,3967,1,17310,6609,5848,,11567,340580
9361577,1790704007,9883487322,18,13,0,0,13,0,0,13,0,0,4218,6,4220,11439,4238,1,16499,5061,664,,4138,103692
9361578,1790704126,9756140357,20,19,0,0,19,0,0,19,0,0,4220,2,4222,11450,4242,1,14953,3504,952,,2139,148835
9361581,1790704127,9260210006,12,10,0,0,10,0,0,10,0,0,4012,2,4014,10867,4026,1,15075,4209,520,,1721,92677
9361585,1790704137,9262471248,9,8,0,0,8,0,0,8,0,0,4009,6,4015,10859,4024,1,14509,3651,424,,1707,91938
9361587,1790704184,10887763096,29,21,0,0,21,0,0,21,0,0,4630,8,4630,12570,4659,1,17492,4923,1048,,13323,331687
9361588,1790704272,9795865037,17,13,0,0,13,0,0,13,0,0,4218,4,4220,11435,4237,1,19453,8019,664,,2746,97539
9361592,1790704321,0,0,0,0,0,0,0,0,0,0,0,0,2,2,7,2,1,4186,4180,0,,0,0
9361594,1790704374,10141380202,9,8,0,0,8,0,0,8,0,0,4410,8,4415,11942,4424,1,16864,4923,424,,1179,97252
9361597,1790704445,9723056423,12,9,0,0,9,0,0,9,0,0,4212,4,4215,11407,4227,1,16323,4917,472,,1542,95032
9361600,1790704468,0,0,0,0,0,0,0,0,0,0,0,0,6,6,18,6,1,3534,3517,0,,0,0
9361601,1790704532,9815348015,23,12,0,0,12,0,0,12,0,0,4225,6,4222,11451,4245,1,15278,3828,616,,2750,100432
9361602,1790704591,9726939615,10,8,0,0,8,0,0,8,0,0,4211,2,4213,11397,4223,1,17297,5901,424,,1939,93820
9361604,1790704662,0,0,0,0,0,0,0,0,0,0,0,0,2,2,7,2,1,6583,6577,0,,0,0
9361606,1790704724,9763764569,17,11,0,0,11,0,0,11,0,0,4217,4,4220,11432,4237,1,17588,6157,568,,2233,95103
9361608,1790704768,9941308590,146,146,1,28,147,0,0,147,1,0,4212,4,4214,11762,4360,1,16678,4917,7096,,1492,143687
9361610,1790704821,10280958647,23,18,0,0,18,0,0,18,0,0,4419,4,4422,11991,4445,1,16907,4917,904,,2900,103566
9361612,1790704873,52165676,23,23,0,0,23,0,0,23,0,0,2,4,6,80,29,1,4967,4888,1144,,277,8668
9361614,1790704907,10995778407,40,25,0,0,25,0,0,25,0,0,4710,4,4706,12807,4746,1,17441,4635,1240,,3748,113056
9361616,1790704955,9819534345,23,19,0,0,19,0,0,19,0,0,4215,4,4219,11446,4242,1,16333,4888,952,,3141,102244
9361618,1790705013,9269943362,20,17,0,0,17,0,0,17,0,0,4019,4,4021,10903,4041,1,15545,4643,856,,1098,95726
9361619,1790705057,9726939615,10,8,0,0,8,0,0,8,0,0,4211,4,4215,11398,4225,1,16317,4920,424,,2033,97933
9361625,1790705134,9171133405,24,23,0,0,23,0,0,23,0,0,3896,2,3897,10581,3921,1,15606,5026,1144,,2095,104609
9361629,1790705168,0,0,0,0,0,0,0,0,0,0,0,0,12,7,20,7,1,4637,4618,0,,0,0
9361633,1790705219,0,0,0,0,0,0,0,0,0,0,0,0,8,4,12,4,1,4341,4330,0,,0,0
9361636,1790705274,0,0,0,0,0,0,0,0,0,0,0,0,8,6,18,6,1,5334,5317,0,,0,0
9361637,1790705303,10572013543,186,180,0,0,180,0,0,180,0,0,4417,6,4419,12427,4605,1,17317,4891,8680,,4047,193499
9361640,1790705369,0,0,0,0,0,0,0,0,0,0,0,0,2,1,4,1,1,5029,5026,0,,0,0
9361643,1790705459,9398154713,30,25,0,0,25,0,0,25,0,0,4027,6,4031,10960,4061,1,17542,6583,1240,,1750,99352
9361644,1790705509,9298353370,8,6,0,0,6,0,0,6,0,0,4009,6,4013,10852,4021,1,17322,6471,328,,2633,89515
9361648,1790705547,9229817522,10,10,0,0,10,0,0,10,0,0,4012,2,4014,10859,4024,1,14785,3927,520,,948,89893
9361656,1790705596,9783409892,22,21,0,0,21,0,0,21,0,0,4220,8,4225,11460,4247,1,15536,4077,1048,,1970,98788
9361659,1790705625,10496426587,116,115,0,0,115,0,0,115,0,0,4411,16,4419,12240,4535,1,16863,4624,5560,,3627,137662
9361663,1790705674,10193988443,19,18,0,0,18,0,0,18,0,0,4413,6,4417,11967,4436,1,15512,3546,904,,1813,100007
9361666,1790705711,9313191656,11,9,0,0,9,0,0,9,0,0,4012,8,4019,10875,4030,1,15627,4753,472,,2636,94042
9361671,1790705754,9850840647,30,9,0,0,9,0,0,9,0,0,4232,6,4225,11484,4255,1,14993,3510,472,,3131,125792
9361674,1790705802,9221047380,11,11,0,0,11,0,0,11,0,0,4009,10,4016,10866,4027,1,16073,5208,568,,892,91184
9361677,1790705839,9734992457,11,9,0,0,9,0,0,9,0,0,4213,6,4218,11411,4229,1,15878,4468,472,,1931,112897
9361680,1790705894,9335828115,20,18,0,0,18,0,0,18,0,0,4018,6,4022,10912,4042,1,14421,3510,904,,6691,272413
9361682,1790705925,9702911539,9,7,0,0,7,0,0,7,0,0,4210,6,4215,11396,4224,1,16286,4891,376,,1684,90670
9361685,1790705964,9230845109,7,6,0,0,6,0,0,6,0,0,4007,4,4010,10837,4017,1,14737,3901,328,,1386,85253
9361689,1790706008,0,0,0,0,0,0,0,0,0,0,0,0,6,3,9,3,1,4617,4609,0,,0,0
9361692,1790706054,0,0,0,0,0,0,0,0,0,0,0,0,8,4,12,4,1,4764,4753,0,,0,0
9361694,1790706106,9408869450,33,22,0,0,22,0,0,22,0,0,4032,6,4030,10963,4063,1,16446,5484,1096,,3367,95299
9361698,1790706155,0,0,0,0,0,0,0,0,0,0,0,0,4,3,10,3,1,4756,4747,0,,0,0
9361699,1790706198,9407159337,59,56,0,0,56,0,0,56,0,0,4019,8,4023,11015,4082,1,16501,5487,2728,,2652,105453
9361702,1790706273,0,0,0,0,0,0,0,0,0,0,0,0,2,2,7,2,1,4713,4707,0,,0,0
9361703,1790706333,9896561516,30,20,1,6,21,0,0,21,1,0,4227,6,4229,11498,4259,1,17234,5737,1048,,3951,101758
9361704,1790706363,9248714910,7,6,0,0,6,0,0,6,0,0,4008,2,4009,10839,4016,1,16175,5337,328,,1742,88791
9361707,1790706439,0,0,0,0,0,0,0,0,0,0,0,0,2,2,7,2,1,4891,4885,0,,0,0
9361708,1790706470,0,0,0,0,0,0,0,0,0,0,0,0,6,2,7,2,1,4756,4750,0,,0,0
9361715,1790706536,9369255155,32,29,0,0,29,0,0,29,0,0,4017,2,4017,10925,4049,1,15527,4603,1432,,2835,98113
9361716,1790706559,9711235054,7,6,0,0,6,0,0,6,0,0,4207,14,4216,11398,4223,1,16723,5326,328,,1664,89839
9361719,1790706624,10866167278,38,28,0,0,28,0,0,28,0,0,4635,2,4636,12614,4674,1,17104,4491,1384,,4348,110914
9361721,1790706656,9322772717,24,18,0,0,18,0,0,18,0,0,4025,6,4027,10931,4051,1,15116,4186,904,,1931,92948
9361723,1790706721,10294939018,22,19,0,0,19,0,0,19,0,0,4422,4,4424,11999,4446,1,16745,4747,952,,3013,103332
9361725,1790706764,9758221918,16,15,0,0,15,0,0,15,0,0,4216,4,4219,11429,4235,1,15922,4494,760,,1891,96710
9361728,1790706818,0,0,0,0,0,0,0,0,0,0,0,0,4,3,9,3,1,4614,4606,0,,0,0
9361730,1790706849,0,0,0,0,0,0,0,0,0,0,0,0,6,5,15,5,1,5078,5064,0,,0,0
9361733,1790706877,9771038645,23,22,0,0,22,0,0,22,0,0,4223,4,4226,11466,4249,1,15431,3966,1096,,1695,98530
9361736,1790706929,9419074736,22,9,0,0,9,0,0,9,0,0,4021,6,4024,10921,4046,1,15388,4468,472,,3977,94620
9361742,1790706954,9693547205,8,7,0,0,7,0,0,7,0,0,4208,6,4211,11384,4219,1,15598,4215,376,,1468,90524
9361744,1790707002,9900779200,18,13,0,0,13,0,0,13,0,0,4219,12,4227,11454,4245,1,16776,5323,664,,4714,100003
9361747,1790707065,38107486,17,17,0,0,17,0,0,17,0,0,2,4,5,61,22,1,5089,5029,856,,164,6309
9361751,1790707113,9743256806,16,12,0,0,12,0,0,12,0,0,4216,6,4221,11432,4237,1,16069,4638,616,,1703,92487
9361759,1790707158,9308085883,15,11,0,0,11,0,0,11,0,0,4016,8,4021,10892,4036,1,15362,4471,568,,2425,91127
9361760,1790707220,9718534021,13,11,0,0,11,0,0,11,0,0,4212,16,4222,11427,4235,1,18194,6768,568,,1623,93074
9361761,1790707254,0,0,0,0,0,0,0,0,0,0,0,0,2,2,7,2,1,4891,4885,0,,0,0
9361763,1790707364,10814380563,31,17,0,0,17,0,0,17,0,0,4633,2,4628,12571,4659,1,17061,4491,856,,3830,107794
9361766,1790707365,9255769798,7,6,0,0,6,0,0,6,0,0,4008,4,4012,10846,4019,1,15762,4917,328,,1732,91809
9361770,1790707410,9783826169,18,13,0,0,13,0,0,13,0,0,4219,6,4223,11447,4241,1,16225,4779,664,,2508,101797
9361773,1790707446,0,0,0,0,0,0,0,0,0,0,0,0,8,4,12,4,1,4796,4785,0,,0,0
9361776,1790707492,9392330043,27,21,1,2,22,0,0,22,1,0,4020,6,4022,10925,4049,1,14434,3510,1096,,3620,107065
9361781,1790707546,9956414042,22,12,0,0,12,0,0,12,0,0,4223,6,4223,11456,4245,1,16798,5343,616,,5637,110919
9361784,1790707591,10206888892,21,19,1,8,20,0,0,20,1,0,4415,10,4420,11985,4441,1,16769,4785,1000,,1626,105128
9361785,1790707676,10733440811,20,16,0,0,16,0,0,16,0,0,4621,6,4625,12529,4645,1,20268,7740,808,,2949,108118
9361788,1790707739,0,0,0,0,0,0,0,0,0,0,0,0,2,2,7,2,1,4891,4885,0,,0,0
9361791,1790707801,9836790669,17,13,0,0,13,0,0,13,0,0,4217,6,4221,11438,4238,1,16498,5061,664,,3641,99269
9361795,1790707848,0,0,0,0,0,0,0,0,0,0,0,0,6,3,10,3,1,4195,4186,0,,0,0
9361796,1790707874,0,0,0,0,0,0,0,0,0,0,0,0,8,5,15,5,1,5049,5035,0,,0,0
9361797,1790707924,9858882804,45,42,0,0,42,0,0,42,0,0,4229,2,4228,11532,4273,1,16727,5196,2056,,2686,105832
9361799,1790707988,9479462125,28,22,0,0,22,0,0,22,0,0,4028,2,4026,10941,4054,1,16559,5619,1096,,4308,104479
9361800,1790708051,0,0,0,0,0,0,0,0,0,0,0,0,4,3,9,3,1,6479,6471,0,,0,0
9361806,1790708130,0,0,0,0,0,0,0,0,0,0,0,0,2,1,4,1,1,5593,5590,0,,0,0
9361807,1790708161,9584374316,38,21,0,0,21,0,0,21,0,0,4040,12,4038,11000,4076,1,16351,5352,1048,,5876,106182
9361813,1790708225,9195714500,5,5,0,0,5,0,0,5,0,0,4005,2,4006,10826,4011,1,15034,4209,280,,795,85330
9361815,1790708252,10299492729,29,24,0,0,24,0,0,24,0,0,4419,12,4426,12022,4455,1,16668,4647,1192,,2960,106070
9361816,1790708253,9674694884,9,9,0,0,9,0,0,9,0,0,4209,4,4211,11383,4220,1,16017,4635,472,,894,92101
9361820,1790708337,9278075415,17,15,0,0,15,0,0,15,0,0,4015,2,4017,10883,4034,1,15344,4462,760,,1726,92156
9361824,1790708422,0,0,0,0,0,0,0,0,0,0,0,0,8,6,18,6,1,6744,6727,0,,0,0
9361826,1790708461,9879664861,27,19,0,0,19,0,0,19,0,0,4228,8,4230,11488,4257,1,16410,4923,952,,3617,100675
9361832,1790708506,0,0,0,0,0,0,0,0,0,0,0,0,4,3,9,3,1,4191,4183,0,,0,0
9361833,1790708558,0,0,0,0,0,0,0,0,0,0,0,0,12,7,20,7,1,5201,5182,0,,0,0
9361837,1790708604,9282339585,23,22,0,0,22,0,0,22,0,0,4014,2,4014,10894,4037,1,15666,4773,1096,,1745,94344
9361839,1790708652,0,0,0,0,0,0,0,0,0,0,0,0,8,7,20,7,1,3680,3661,0,,0,0
9361841,1790708717,10730261606,25,12,0,0,12,0,0,12,0,0,4621,4,4623,12545,4648,1,17884,5340,616,,3166,107254
9361843,1790708759,9260887565,12,6,0,0,6,0,0,6,0,0,4013,4,4013,10861,4025,1,15495,4635,328,,1739,93912
9361845,1790708833,9777698239,15,13,0,0,13,0,0,13,0,0,4215,4,4218,11419,4233,1,16447,5029,664,,2587,98411
9361848,1790708853,9195714500,5,5,0,0,5,0,0,5,0,0,4005,4,4007,10826,4012,1,14614,3789,280,,807,87133
9361854,1790708929,9828021564,22,17,0,0,17,0,0,17,0,0,4219,6,4223,11454,4245,1,16397,4944,856,,3274,99587
9361857,1790708982,0,0,0,0,0,0,0,0,0,0,0,0,12,9,26,9,1,5066,5041,0,,0,0
9361860,1790709029,10852854261,38,24,0,0,24,0,0,24,0,0,4641,6,4641,12625,4679,1,17233,4609,1192,,3905,114018
9361868,1790709055,9196470500,5,5,0,0,5,0,0,5,0,0,4005,6,4008,10830,4013,1,14629,3800,280,,817,100256
9361870,1790709097,9263729845,15,14,0,0,14,0,0,14,0,0,4013,16,4027,10906,4042,1,15981,5076,712,,1680,93098
9361872,1790709152,0,0,0,0,0,0,0,0,0,0,0,0,4,4,12,4,1,5181,5170,0,,0,0
9361875,1790709184,10199892244,12,9,0,0,9,0,0,9,0,0,4413,4,4414,11945,4426,1,15986,4042,472,,2226,97810
9361877,1790709245,9196470500,5,5,0,0,5,0,0,5,0,0,4005,6,4007,10824,4012,1,16621,5798,280,,923,209481
9361880,1790709290,9701142701,9,7,0,0,7,0,0,7,0,0,4209,4,4213,11393,4222,1,15886,4494,376,,4312,195448
9361883,1790709342,24727230,9,9,0,0,9,0,0,9,0,0,2,6,6,42,15,1,4368,4327,472,,144,3625
9361888,1790709382,10256456721,21,16,0,0,16,0,0,16,0,0,4423,6,4425,11996,4446,1,16604,4609,808,,2743,105329
9361890,1790709440,9247752958,6,5,0,0,5,0,0,5,0,0,4006,10,4014,10849,4020,1,15745,4897,280,,1904,91131
9361893,1790709462,9659868596,6,6,0,0,6,0,0,6,0,0,4206,4,4209,11372,4215,1,15724,4353,328,,925,91765
9361895,1790709540,10014690985,31,22,0,0,22,0,0,22,0,0,4232,6,4234,11508,4265,1,17132,5625,1096,,5700,108769
9361899,1790709620,0,0,0,0,0,0,0,0,0,0,0,0,4,3,9,3,1,5601,5593,0,,0,0
9361900,1790709672,9961206800,40,17,0,0,17,0,0,17,0,0,4242,8,4236,11542,4276,1,17281,5740,856,,3966,105908
9361901,1790709711,9267700054,14,13,0,0,13,0,0,13,0,0,4010,2,4011,10861,4025,1,16761,5901,664,,2012,93067
9361902,1790709754,10343990824,18,12,0,0,12,0,0,12,0,0,4418,2,4416,11965,4434,1,16596,4632,616,,4130,109726
9361904,1790709823,10296429283,27,22,0,0,22,0,0,22,0,0,4429,2,4430,12028,4457,1,17678,5651,1096,,2904,102871
9361907,1790709899,9781534077,11,8,0,0,8,0,0,8,0,0,4212,4,4216,11407,4227,1,16999,5593,424,,2869,94489
9361910,1790709949,0,0,0,0,0,0,0,0,0,0,0,0,6,2,7,2,1,4615,4609,0,,0,0
9361913,1790709982,0,0,0,0,0,0,0,0,0,0,0,0,6,3,10,3,1,4618,4609,0,,0,0
9361915,1790710026,0,0,0,0,0,0,0,0,0,0,0,0,6,2,7,2,1,4051,4045,0,,0,0
9361918,1790710069,10749633058,30,23,0,0,23,0,0,23,0,0,4624,4,4622,12552,4652,1,17016,4465,1144,,2975,111977
9361920,1790710120,9247692960,6,5,0,0,5,0,0,5,0,0,4006,6,4010,10838,4016,1,16292,5455,280,,1828,90190
9361921,1790710160,9743086226,12,9,0,0,9,0,0,9,0,0,4213,4,4215,11404,4227,1,16855,5452,472,,2042,93702
9361923,1790710228,9747769269,13,8,0,0,8,0,0,8,0,0,4214,2,4213,11404,4226,1,16599,5196,424,,2315,93327
9361924,1790710273,9659868596,6,6,0,0,6,0,0,6,0,0,4206,4,4210,11381,4216,1,16861,5481,328,,845,92140
9361926,1790710327,0,0,0,0,0,0,0,0,0,0,0,0,2,2,7,2,1,4609,4603,0,,0,0
9361931,1790710425,0,0,0,0,0,0,0,0,0,0,0,0,4,3,9,3,1,7357,7349,0,,0,0
9361932,1790710481,10825827914,45,41,0,0,41,0,0,41,0,0,4634,10,4636,12634,4681,1,19146,6513,2008,,3192,120325
9361933,1790710552,10731585775,21,16,1,4,17,0,0,17,1,0,4620,2,4621,12527,4642,1,18145,5619,856,,3219,219902
9361937,1790710586,0,0,0,0,0,0,0,0,0,0,0,0,2,2,7,2,1,4045,4039,0,,0,0
9361939,1790710643,10709090752,16,13,0,0,13,0,0,13,0,0,4616,8,4620,12509,4636,1,17713,5205,664,,7992,276828
9361940,1790710669,9196470500,5,5,0,0,5,0,0,5,0,0,4005,4,4009,10830,4014,1,15464,4635,280,,1934,200461
9361941,1790710712,0,0,0,0,0,0,0,0,0,0,0,0,2,2,7,2,1,4609,4603,0,,0,0
9361942,1790710746,10653259973,16,15,0,0,15,0,0,15,0,0,4616,2,4617,12500,4633,1,17554,5055,760,,1767,103417
9361944,1790710800,10224535346,34,34,0,0,34,0,0,34,0,0,4424,2,4426,12036,4460,1,17774,5739,1672,,1297,106269
9361946,1790710863,0,0,0,0,0,0,0,0,0,0,0,0,4,2,7,2,1,4471,4465,0,,0,0
9361949,1790710907,0,0,0,0,0,0,0,0,0,0,0,0,4,1,4,1,1,5032,5029,0,,0,0
9361953,1790710949,10470995170,38,24,1,4,25,0,0,25,1,0,4438,6,4436,12071,4474,1,16820,4750,1240,,5759,109676
9361957,1790710990,9412872027,15,10,0,0,10,0,0,10,0,0,4015,8,4017,10881,4032,1,14989,4109,520,,4001,98475
9361960,1790711039,9339983290,24,20,0,0,20,0,0,20,0,0,4016,8,4020,10911,4044,1,15558,4648,1000,,2514,95002
9361961,1790711087,9880465210,17,11,0,0,11,0,0,11,0,0,4217,6,4217,11425,4234,1,16033,4609,568,,4091,103643
9361962,1790711112,0,0,0,0,0,0,0,0,0,0,0,0,2,1,4,1,1,4747,4744,0,,0,0
9361965,1790711113,9305456462,17,10,0,0,10,0,0,10,0,0,4018,2,4015,10882,4032,1,15231,4350,520,,2314,89964
9361967,1790711184,0,0,0,0,0,0,0,0,0,0,0,0,6,3,10,3,1,4477,4468,0,,0,0
9361970,1790711243,0,0,0,0,0,0,0,0,0,0,0,0,4,2,7,2,1,5458,5452,0,,0,0
9361973,1790711281,10015349791,44,36,0,0,36,0,0,36,0,0,4234,6,4235,11546,4279,1,16042,4497,1768,,4912,111994
9361976,1790711330,0,0,0,0,0,0,0,0,0,0,0,0,6,5,15,5,1,4482,4468,0,,0,0
9361979,1790711374,0,0,0,0,0,0,0,0,0,0,0,0,6,5,15,5,1,4482,4468,0,,0,0
9361981,1790711403,10698522637,18,14,0,0,14,0,0,14,0,0,4617,6,4621,12520,4639,1,16705,4186,712,,2606,102551
9361986,1790711456,9302216914,12,7,0,0,7,0,0,7,0,0,4014,4,4014,10864,4026,1,15187,4324,376,,2517,97740
9361989,1790711501,9730251405,21,20,0,0,20,0,0,20,0,0,4212,10,4217,11434,4238,1,16359,4926,1000,,1809,107882
9361991,1790711547,0,0,0,0,0,0,0,0,0,0,0,0,6,6,18,6,1,4626,4609,0,,0,0
9361994,1790711578,10234436741,24,23,0,0,23,0,0,23,0,0,4424,4,4427,12010,4451,1,16676,4667,1144,,1988,107429
9361997,1790711627,9317902178,16,14,0,0,14,0,0,14,0,0,4010,6,4014,10870,4030,1,14697,3828,712,,2704,95034
9362001,1790711688,10669740486,17,15,0,0,15,0,0,15,0,0,4620,6,4625,12527,4642,1,17587,5061,760,,1832,104765
9362003,1790711751,24799228,9,9,0,0,9,0,0,9,0,0,2,8,7,45,16,1,5361,5317,472,,132,3435
9362009,1790711827,9861917148,24,12,0,0,12,0,0,12,0,0,4225,4,4223,11460,4247,1,17645,6186,616,,3431,100139
9362013,1790711869,0,0,0,0,0,0,0,0,0,0,0,0,12,9,26,9,1,4643,4618,0,,0,0
9362016,1790711896,9808267132,16,12,0,0,12,0,0,12,0,0,4216,8,4221,11433,4237,1,16326,4894,616,,3271,96297
9362018,1790711949,9780940608,16,14,0,0,14,0,0,14,0,0,4212,6,4214,11418,4230,1,15491,4074,712,,2745,97516
9362021,1790711983,0,0,0,0,0,0,0,0,0,0,0,0,4,4,12,4,1,4194,4183,0,,0,0
9362023,1790712023,0,0,0,0,0,0,0,0,0,0,0,0,6,1,4,1,1,3766,3763,0,,0,0
9362025,1790712118,0,0,0,0,0,0,0,0,0,0,0,0,4,2,7,2,1,8137,8131,0,,0,0
9362027,1790712178,10852878307,39,32,0,0,32,0,0,32,0,0,4639,4,4640,12627,4679,1,18110,5484,1576,,4037,114493
9362031,1790712212,10192881392,12,11,0,0,11,0,0,11,0,0,4413,4,4416,11946,4428,1,15347,3402,568,,2018,99996
9362034,1790712250,10206283833,27,25,0,0,25,0,0,25,0,0,4415,8,4416,11986,4443,1,15892,3907,1240,,1852,107680
9362035,1790712295,9734582790,11,8,0,0,8,0,0,8,0,0,4211,6,4215,11406,4226,1,17142,5737,424,,2189,94274
9362038,1790712335,0,0,0,0,0,0,0,0,0,0,0,0,2,1,4,1,1,4042,4039,0,,0,0
9362041,1790712388,0,0,0,0,0,0,0,0,0,0,0,0,6,3,9,3,1,5181,5173,0,,0,0
9362042,1790712421,10320231800,24,14,0,0,14,0,0,14,0,0,4426,6,4426,12006,4450,1,16933,4928,712,,3603,105395
9362045,1790712469,9733982174,11,10,0,0,10,0,0,10,0,0,4212,2,4214,11402,4225,1,15892,4491,520,,1855,96629
9362046,1790712518,10208863759,10,8,0,0,8,0,0,8,0,0,4410,6,4414,11944,4424,1,17427,5484,424,,2370,98300
9362048,1790712592,10923667135,32,24,0,0,24,0,0,24,0,0,4633,2,4632,12589,4664,1,18912,6324,1192,,5599,118383
9362054,1790712627,10230390248,17,10,0,0,10,0,0,10,0,0,4419,4,4421,11974,4438,1,15480,3507,520,,2335,101415
9362057,1790712678,0,0,0,0,0,0,0,0,0,0,0,0,12,9,26,9,1,5066,5041,0,,0,0
9362063,1790712712,9552338590,32,20,0,0,20,0,0,20,0,0,4032,6,4030,10964,4062,1,15037,4074,1000,,5451,108798
9362065,1790712774,9239477443,8,6,0,0,6,0,0,6,0,0,4009,12,4018,10868,4026,1,16674,5807,328,,1595,88094
9362069,1790712811,10410859312,39,32,0,0,32,0,0,32,0,0,4421,4,4424,12044,4463,1,15691,3648,1576,,5150,116932
9362072,1790712984,10742459029,26,15,0,0,15,0,0,15,0,0,4627,8,4628,12562,4654,1,22278,9717,760,,2765,108457
9362073,1790713047,9764681851,14,7,0,0,7,0,0,7,0,0,4214,6,4216,11415,4230,1,15459,4045,376,,2504,94196
9362075,1790713114,10234095499,15,12,0,0,12,0,0,12,0,0,4416,2,4417,11959,4432,1,18987,7029,616,,7299,248324
9362076,1790713162,9659868596,6,6,0,0,6,0,0,6,0,0,4206,4,4209,11375,4215,1,16573,5199,328,,2123,113224
9362077,1790713207,0,0,0,0,0,0,0,0,0,0,0,0,2,2,7,2,1,4609,4603,0,,0,0
9362079,1790713245,9694291205,8,7,0,0,7,0,0,7,0,0,4208,2,4209,11378,4217,1,16121,4744,376,,1481,92553
9362080,1790713281,9256722472,9,8,0,0,8,0,0,8,0,0,4009,4,4012,10853,4021,1,15628,4776,424,,1816,90438
9362084,1790713326,9289891090,26,25,0,0,25,0,0,25,0,0,4021,2,4023,10924,4049,1,14850,3927,1240,,1339,95439
9362087,1790713386,0,0,0,0,0,0,0,0,0,0,0,0,8,7,20,7,1,4772,4753,0,,0,0
9362089,1790713418,9749514639,13,9,0,0,9,0,0,9,0,0,4213,6,4215,11407,4228,1,14529,3123,472,,2283,93052
9362092,1790713466,9841228162,64,62,0,0,62,0,0,62,0,0,4210,4,4213,11543,4277,1,16036,4494,3016,,2032,115016
9362095,1790713558,18163100,5,5,0,0,5,0,0,5,0,0,2,6,7,34,12,1,6757,6724,280,,119,1944
9362096,1790713595,9811972529,21,10,0,0,10,0,0,10,0,0,4222,6,4219,11443,4240,1,16221,4779,520,,2701,97180
9362098,1790713645,0,0,0,0,0,0,0,0,0,0,0,0,2,2,7,2,1,5173,5167,0,,0,0
9362102,1790713711,9852556384,31,25,0,0,25,0,0,25,0,0,4233,4,4232,11505,4263,1,15998,4494,1240,,2839,101589
9362106,1790713750,9954034755,92,91,0,0,91,0,0,91,0,0,4210,8,4217,11630,4309,1,15959,4330,4408,,2834,124630
9362107,1790713806,0,0,0,0,0,0,0,0,0,0,0,0,8,5,15,5,1,6036,6022,0,,0,0
9362114,1790713868,9896885126,36,24,0,0,24,0,0,24,0,0,4232,2,4227,11505,4263,1,15966,4462,1192,,3764,105767
9362116,1790713909,9196470500,5,5,0,0,5,0,0,5,0,0,4005,14,4015,10847,4020,1,15890,5044,280,,825,85562
9362122,1790713944,9694291205,8,7,0,0,7,0,0,7,0,0,4208,4,4211,11384,4219,1,14608,3225,376,,1432,93578
9362126,1790714002,9799319774,19,15,0,0,15,0,0,15,0,0,4220,12,4226,11453,4245,1,17371,5919,760,,2957,102470
9362129,1790714063,0,0,0,0,0,0,0,0,0,0,0,0,8,4,12,4,1,4800,4789,0,,0,0
9362132,1790714096,9790461254,25,23,0,0,23,0,0,23,0,0,4225,6,4227,11476,4252,1,15943,4468,1144,,1982,101511
9362134,1790714171,9393405805,19,13,0,0,13,0,0,13,0,0,4021,6,4025,10915,4044,1,17667,6753,664,,3792,98216
9362137,1790714243,9806476966,37,30,0,0,30,0,0,30,0,0,4217,4,4219,11482,4256,1,17779,6298,1480,,2236,103098
9362140,1790714281,9659868596,6,6,0,0,6,0,0,6,0,0,4206,6,4210,11378,4216,1,15733,4356,328,,871,189947
9362142,1790714321,9238688989,8,6,0,0,6,0,0,6,0,0,4008,6,4013,10854,4021,1,15374,4521,328,,4385,223188
9362145,1790714370,0,0,0,0,0,0,0,0,0,0,0,0,4,3,9,3,1,4755,4747,0,,0,0
9362149,1790714411,9807852772,22,13,0,0,13,0,0,13,0,0,4223,6,4223,11452,4245,1,15807,4356,664,,2576,96507
9362152,1790714452,9772391069,16,9,0,0,9,0,0,9,0,0,4217,8,4223,11439,4239,1,15233,3795,472,,2380,93939
9362155,1790714507,9774481574,15,12,0,0,12,0,0,12,0,0,4212,6,4216,11418,4231,1,15209,3792,616,,2463,94761
9362161,1790714574,0,0,0,0,0,0,0,0,0,0,0,0,6,3,9,3,1,5604,5596,0,,0,0
9362164,1790714644,0,0,0,0,0,0,0,0,0,0,0,0,12,8,23,8,1,6646,6624,0,,0,0
9362167,1790714672,9811839564,23,14,0,0,14,0,0,14,0,0,4223,6,4223,11454,4246,1,15083,3630,712,,2491,96552
9362170,1790714724,10227227360,16,9,0,0,9,0,0,9,0,0,4417,6,4420,11970,4436,1,16325,4356,472,,2384,98030
9362174,1790714774,0,0,0,0,0,0,0,0,0,0,0,0,6,5,15,5,1,5046,5032,0,,0,0
9362176,1790714820,9367437866,18,11,0,0,11,0,0,11,0,0,4020,8,4022,10906,4040,1,16251,5346,568,,3214,91683
9362178,1790714867,0,0,0,0,0,0,0,0,0,0,0,0,4,4,12,4,1,5040,5029,0,,0,0
9362182,1790714913,87962060,35,35,0,0,35,0,0,35,0,0,2,4,3,104,38,1,4286,4183,1720,,622,13191
9362184,1790714969,0,0,0,0,0,0,0,0,0,0,0,0,8,7,20,7,1,5900,5881,0,,0,0
9362186,1790715001,9379681577,25,13,0,0,13,0,0,13,0,0,4021,4,4021,10921,4046,1,15273,4353,664,,2458,96031
9362187,1790715035,9311966023,13,6,0,0,6,0,0,6,0,0,4014,4,4015,10870,4028,1,15645,4776,328,,2486,89370
9362192,1790715075,9327192027,187,183,0,0,183,0,0,183,0,0,3814,2,3815,10801,4002,1,14586,3786,8824,,4156,151367
9362196,1790715116,9196470500,5,5,0,0,5,0,0,5,0,0,4005,10,4011,10835,4016,1,15055,4221,280,,813,85806
9362199,1790715153,9374437945,24,23,0,0,23,0,0,23,0,0,4052,8,4055,11008,4079,1,15225,4218,1144,,1562,95109
9362203,1790715195,10636483246,9,8,0,0,8,0,0,8,0,0,4609,6,4613,12471,4622,1,16121,3651,424,,2003,100762
9362205,1790715244,0,0,0,0,0,0,0,0,0,0,0,0,8,5,15,5,1,4380,4366,0,,0,0
9362208,1790715273,0,0,0,0,0,0,0,0,0,0,0,0,4,1,4,1,1,4327,4324,0,,0,0
9362212,1790715377,9467376415,49,43,1,11,44,0,0,44,1,0,4026,6,4029,11002,4078,1,18318,7317,2152,,3790,105662
9362214,1790715467,10739219890,19,11,0,0,11,0,0,11,0,0,4619,8,4621,12521,4640,1,19840,7320,568,,3311,104333
9362217,1790715504,0,0,0,0,0,0,0,0,0,0,0,0,4,4,12,4,1,4617,4606,0,,0,0
9362219,1790715575,10015217787,30,17,0,0,17,0,0,17,0,0,4232,6,4231,11499,4261,1,17235,5737,856,,5614,109312
9362223,1790715644,0,0,0,0,0,0,0,0,0,0,0,0,4,2,7,2,1,4330,4324,0,,0,0
9362226,1790715672,10734150509,30,21,0,0,21,0,0,21,0,0,4626,8,4628,12571,4658,1,16647,4077,1048,,2590,108997
9362230,1790715751,10289397991,13,10,0,0,10,0,0,10,0,0,4414,6,4418,11959,4431,1,16878,4920,520,,3918,101496
9362231,1790715788,9834859474,21,17,0,0,17,0,0,17,0,0,4222,8,4228,11467,4249,1,16783,5317,856,,3389,98608
9362233,1790715833,0,0,0,0,0,0,0,0,0,0,0,0,2,1,4,1,1,3655,3652,0,,0,0
9362237,1790715904,10771343770,27,23,0,0,23,0,0,23,0,0,4623,4,4622,12545,4649,1,18025,5481,1144,,3470,109622
9362241,1790715950,9724285661,13,7,0,0,7,0,0,7,0,0,4214,8,4218,11415,4231,1,16055,4641,376,,1698,97942
9362243,1790716026,10880539042,29,22,0,0,22,0,0,22,0,0,4628,8,4627,12562,4656,1,19022,6461,1096,,4856,118445
9362245,1790716067,0,0,0,0,0,0,0,0,0,0,0,0,4,3,9,3,1,3909,3901,0,,0,0
9362249,1790716165,10704927760,15,11,0,0,11,0,0,11,0,0,4616,4,4617,12503,4632,1,19534,7032,568,,2587,104650
9362251,1790716213,0,0,0,0,0,0,0,0,0,0,0,0,8,6,18,6,1,5475,5458,0,,0,0
9362254,1790716277,9866697526,30,22,0,0,22,0,0,22,0,0,4220,4,4217,11463,4247,1,15251,3789,1096,,4160,106630
9362256,1790716350,10635518006,12,10,0,0,10,0,0,10,0,0,4612,6,4617,12491,4629,1,19666,7176,520,,1605,103188
9362259,1790716402,0,0,0,0,0,0,0,0,0,0,0,0,4,3,9,3,1,4787,4779,0,,0,0
9362267,1790716441,0,0,0,0,0,0,0,0,0,0,0,0,6,3,9,3,1,4053,4045,0,,0,0
9362272,1790716472,9247302224,21,21,0,0,21,0,0,21,0,0,4013,16,4023,10916,4044,1,15709,4794,1048,,925,93694
9362274,1790716515,9328942828,42,38,0,0,38,0,0,38,0,0,4012,10,4015,10947,4057,1,15702,4756,1864,,1832,100643
9362279,1790716608,10307477408,22,9,0,0,9,0,0,9,0,0,4423,4,4420,11987,4442,1,18313,6327,472,,3590,102190
9362280,1790716679,0,0,0,0,0,0,0,0,0,0,0,0,10,4,12,4,1,6882,6871,0,,0,0
9362283,1790716735,9244951397,10,9,0,0,9,0,0,9,0,0,4010,2,4010,10849,4020,1,15621,4773,472,,1423,86879
9362284,1790716798,0,0,0,0,0,0,0,0,0,0,0,0,6,5,15,5,1,6879,6865,0,,0,0
9362287,1790716866,10290289909,19,12,0,0,12,0,0,12,0,0,4418,2,4417,11972,4436,1,16715,4744,616,,3413,101006
9362290,1790716905,9674694884,9,9,0,0,9,0,0,9,0,0,4209,6,4214,11398,4223,1,15865,4468,472,,1026,93018
9362292,1790716947,10201016924,36,36,0,0,36,0,0,36,0,0,4415,6,4418,12016,4454,1,17076,5061,1768,,1133,106261
9362294,1790716994,0,0,0,0,0,0,0,0,0,0,0,0,4,3,10,3,1,4333,4324,0,,0,0
9362296,1790717023,10867693996,25,19,0,0,19,0,0,19,0,0,4625,4,4624,12543,4649,1,15311,2769,952,,4839,114963
9362297,1790717090,9310334675,9,7,0,0,7,0,0,7,0,0,4009,4,4011,10846,4020,1,18018,7173,376,,3015,94120
9362300,1790717141,9264846792,13,9,0,0,9,0,0,9,0,0,4014,2,4014,10866,4027,1,15074,4209,472,,1904,99517
9362304,1790717186,10699814605,15,12,0,0,12,0,0,12,0,0,4615,6,4620,12507,4635,1,16692,4186,616,,2862,113980
9362309,1790717241,9196470500,5,5,0,0,5,0,0,5,0,0,4005,8,4010,10835,4015,1,15757,4923,280,,913,90972
9362312,1790717277,10872159617,26,18,0,0,18,0,0,18,0,0,4626,10,4627,12556,4653,1,17481,4926,904,,5170,119899
9362314,1790717392,10611958960,12,12,0,0,12,0,0,12,0,0,4613,6,4617,12493,4629,1,20485,7993,616,,1067,103821
9362321,1790717435,0,0,0,0,0,0,0,0,0,0,0,0,4,2,7,2,1,4330,4324,0,,0,0
9362325,1790717474,9833492594,36,27,0,0,27,0,0,27,0,0,4221,14,4226,11500,4262,1,16149,4650,1336,,2879,107246
9362326,1790717512,10702594267,13,10,0,0,10,0,0,10,0,0,4614,8,4618,12499,4631,1,18267,5769,520,,3041,108739
9362327,1790717558,9245731397,10,9,0,0,9,0,0,9,0,0,4010,2,4012,10854,4022,1,15203,4350,472,,1560,91288
9362329,1790717584,9211284788,8,8,0,0,8,0,0,8,0,0,4008,2,4010,10842,4018,1,15255,4414,424,,947,92691
9362331,1790717633,10638933200,10,9,0,0,9,0,0,9,0,0,4611,4,4615,12480,4625,1,16304,3825,472,,2129,106132
9362334,1790717668,9228643076,11,11,0,0,11,0,0,11,0,0,4011,4,4014,10864,4025,1,15216,4353,568,,1135,92632
9362336,1790717750,10719144331,29,24,0,0,24,0,0,24,0,0,4622,6,4623,12558,4652,1,18605,6048,1192,,2559,109211
9362337,1790717806,9711115056,7,6,0,0,6,0,0,6,0,0,4207,4,4211,11384,4218,1,17428,6045,328,,1745,94292
9362340,1790717869,0,0,0,0,0,0,0,0,0,0,0,0,2,2,7,2,1,4468,4462,0,,0,0
9362343,1790717918,10685912466,13,10,0,0,10,0,0,10,0,0,4613,6,4615,12488,4628,1,17407,4920,520,,2634,107091
9362345,1790717950,9239477443,8,6,0,0,6,0,0,6,0,0,4009,6,4015,10855,4023,1,15069,4215,328,,1532,89942
9362348,1790718004,0,0,0,0,0,0,0,0,0,0,0,0,4,4,12,4,1,4476,4465,0,,0,0
9362349,1790718048,10697918883,27,17,0,0,17,0,0,17,0,0,4623,6,4622,12544,4649,1,17604,5061,856,,2449,109494
9362351,1790718082,9659868596,6,6,0,0,6,0,0,6,0,0,4206,2,4208,11372,4214,1,15298,3927,328,,873,92303
9362353,1790718113,9195714500,5,5,0,0,5,0,0,5,0,0,4005,4,4008,10829,4013,1,15322,4494,280,,784,88097
9362357,1790718179,10221644014,17,16,0,0,16,0,0,16,0,0,4417,4,4420,11974,4437,1,18162,6189,808,,1990,102513
9362360,1790718226,9263384040,11,10,0,0,10,0,0,10,0,0,4008,8,4013,10858,4024,1,15534,4677,520,,1684,89196
9362363,1790718266,0,0,0,0,0,0,0,0,0,0,0,0,6,5,15,5,1,4200,4186,0,,0,0
9362366,1790718310,0,0,0,0,0,0,0,0,0,0,0,0,6,5,15,5,1,4059,4045,0,,0,0
9362370,1790718335,0,0,0,0,0,0,0,0,0,0,0,0,6,3,10,3,1,4054,4045,0,,0,0
9362372,1790718379,10716373494,31,19,0,0,19,0,0,19,0,0,4627,8,4625,12567,4656,1,16502,3936,952,,2187,107847
9362375,1790718414,10220085076,16,11,0,0,11,0,0,11,0,0,4417,4,4419,11968,4435,1,16179,4212,568,,2057,101121
9362380,1790718465,9255163372,7,6,0,0,6,0,0,6,0,0,4008,6,4014,10853,4021,1,14926,4074,328,,1847,88758
9362381,1790718510,10678656071,12,9,0,0,9,0,0,9,0,0,4612,10,4617,12488,4629,1,17272,4785,472,,2627,105742
9362384,1790718555,0,0,0,0,0,0,0,0,0,0,0,0,2,2,7,2,1,3904,3898,0,,0,0
9362387,1790718590,28153294,11,11,0,0,11,0,0,11,0,0,2,6,4,42,15,1,4650,4609,568,,170,4396
9362390,1790718649,10640226792,13,9,0,0,9,0,0,9,0,0,4614,6,4616,12489,4629,1,18129,5641,472,,1794,103110
9362391,1790718712,9325696326,16,11,0,0,11,0,0,11,0,0,4019,6,4022,10897,4038,1,16633,5737,568,,2653,90860
9362394,1790718754,0,0,0,0,0,0,0,0,0,0,0,0,2,1,4,1,1,3901,3898,0,,0,0
9362396,1790718784,0,0,0,0,0,0,0,0,0,0,0,0,6,3,9,3,1,5213,5205,0,,0,0
9362398,1790718833,10706563052,29,28,0,0,28,0,0,28,0,0,4619,4,4618,12543,4647,1,17777,5235,1384,,2096,110199
9362403,1790718892,0,0,0,0,0,0,0,0,0,0,0,0,4,3,9,3,1,4614,4606,0,,0,0
9362408,1790718930,9430231770,35,22,0,0,22,0,0,22,0,0,4037,10,4039,10993,4074,1,15495,4503,1096,,3012,98948
9362410,1790719048,9770970084,25,21,0,0,21,0,0,21,0,0,4221,10,4225,11470,4250,1,19920,8451,1048,,2106,97699
9362415,1790719083,9731514454,13,9,0,0,9,0,0,9,0,0,4213,4,4216,11409,4229,1,15338,3930,472,,1940,93153
9362417,1790719132,10238044497,11,9,0,0,9,0,0,9,0,0,4411,10,4419,11956,4430,1,16881,4926,472,,2947,101356
9362419,1790719183,9290251992,13,11,0,0,11,0,0,11,0,0,4013,4,4016,10874,4029,1,15761,4888,568,,1939,92241
9362424,1790719274,10361792707,26,24,0,0,24,0,0,24,0,0,4474,4,4475,12144,4501,1,17342,5199,1192,,1982,103719
9362425,1790719313,9694842669,8,7,0,0,7,0,0,7,0,0,4209,10,4216,11398,4224,1,17310,5913,376,,1464,91037
9362426,1790719354,0,0,0,0,0,0,0,0,0,0,0,0,2,2,7,2,1,4468,4462,0,,0,0
9362429,1790719393,0,0,0,0,0,0,0,0,0,0,0,0,2,1,4,1,1,3163,3160,0,,0,0
9362432,1790719422,10676281238,20,8,0,0,8,0,0,8,0,0,4620,6,4617,12511,4637,1,17007,4497,424,,2088,102418
9362434,1790719471,9237544776,9,9,0,0,9,0,0,9,0,0,4018,6,4024,10880,4033,1,15799,4920,472,,874,91754
9362435,1790719569,10706815875,96,93,1,69,94,0,0,94,1,0,4458,4,4421,12190,4517,1,17077,4888,4552,,7628,137796
9362437,1790719623,0,0,0,0,0,0,0,0,0,0,0,0,2,1,4,1,1,4888,4885,0,,0,0
9362441,1790719657,10637995246,9,8,0,0,8,0,0,8,0,0,4609,4,4611,12469,4620,1,16539,4071,424,,1916,104998
9362445,1790719703,9499142109,22,11,0,0,11,0,0,11,0,0,4024,8,4024,10917,4046,1,15246,4330,568,,5771,105271
9362447,1790719769,10651786624,15,11,0,0,11,0,0,11,0,0,4613,8,4617,12501,4632,1,19932,7432,568,,2067,107171
9362449,1790719829,9352009055,21,18,0,0,18,0,0,18,0,0,4022,4,4023,10913,4044,1,14531,3619,904,,2889,96154
9362451,1790719851,0,0,0,0,0,0,0,0,0,0,0,0,4,3,10,3,1,4333,4324,0,,0,0
9362454,1790719889,10740925745,24,22,0,0,22,0,0,22,0,0,4617,4,4617,12525,4641,1,17159,4635,1096,,3183,110683
9362455,1790719929,0,0,0,0,0,0,0,0,0,0,0,0,6,6,18,6,1,4908,4891,0,,0,0
9362457,1790719967,9751787881,10,7,0,0,7,0,0,7,0,0,4210,2,4210,11388,4220,1,16445,5058,376,,2480,92633
9362461,1790720053,10668110261,19,18,0,0,18,0,0,18,0,0,4619,4,4621,12528,4640,1,18890,6363,904,,1734,104182
9362466,1790720105,9196470500,5,5,0,0,5,0,0,5,0,0,4005,8,4010,10840,4015,1,15496,4657,280,,861,85567
9362469,1790720167,10367556674,22,16,0,0,16,0,0,16,0,0,4422,10,4427,12007,4449,1,17355,5349,808,,4170,111242
9362473,1790720217,10597855954,10,10,0,0,10,0,0,10,0,0,4610,6,4615,12479,4625,1,16411,3933,520,,980,101045
9362477,1790720252,9279104298,19,18,0,0,18,0,0,18,0,0,4008,8,4010,10871,4029,1,15370,4500,904,,1937,93329
9362480,1790720312,10707850900,12,11,0,0,11,0,0,11,0,0,4635,8,4641,12554,4653,1,18181,5628,568,,1980,109442
9362484,1790720358,9699440183,9,7,0,0,7,0,0,7,0,0,4209,6,4212,11393,4221,1,15607,4215,376,,1729,94816
9362485,1790720400,9659868596,6,6,0,0,6,0,0,6,0,0,4206,8,4211,11378,4217,1,16441,5064,328,,1015,92017
9362486,1790720463,10710768649,18,15,0,0,15,0,0,15,0,0,4618,2,4619,12514,4637,1,16158,3645,760,,2722,110624
9362490,1790720494,9801389586,113,6,0,0,6,0,0,6,0,0,3214,2,3213,8975,3326,1,12619,3645,328,,60710,124190
9362491,1790720527,9286206930,31,31,0,0,31,0,0,31,0,0,4019,8,4025,10946,4056,1,15868,4923,1528,,1167,105400
9362492,1790720556,9659112596,6,6,0,0,6,0,0,6,0,0,4206,2,4207,11367,4213,1,15969,4603,328,,861,92449
9362494,1790720600,10190361390,12,11,0,0,11,0,0,11,0,0,4413,2,4414,11945,4426,1,15104,3160,568,,2077,102883
9362498,1790720667,9773827941,10,8,0,0,8,0,0,8,0,0,4210,4,4210,11388,4220,1,15881,4494,424,,3010,105297
9362501,1790720717,10720311033,16,11,0,0,11,0,0,11,0,0,4617,8,4623,12519,4639,1,17582,5064,568,,3280,114785
9362505,1790720758,9294854166,14,7,0,0,7,0,0,7,0,0,4015,6,4017,10876,4031,1,15625,4750,376,,2496,93886
9362508,1790720795,9707672252,17,17,0,0,17,0,0,17,0,0,4214,8,4217,11425,4234,1,15360,3936,856,,1066,100482
9362514,1790720860,0,0,0,0,0,0,0,0,0,0,0,0,6,5,15,5,1,4623,4609,0,,0,0
9362515,1790720935,10247803831,17,14,0,0,14,0,0,14,0,0,4417,12,4426,11988,4443,1,20130,8143,712,,2705,113186
9362518,1790720986,9712113006,8,7,0,0,7,0,0,7,0,0,4209,2,4210,11384,4218,1,16015,4632,376,,2210,108174
9362521,1790721027,10274006285,22,11,0,0,11,0,0,11,0,0,4422,6,4423,11995,4445,1,16462,4468,568,,3289,118982
9362524,1790721087,9274475279,18,16,0,0,16,0,0,16,0,0,4015,6,4020,10898,4038,1,15394,4497,808,,1951,95551
9362525,1790721097,10413774245,24,18,0,0,18,0,0,18,0,0,4425,6,4426,12007,4450,1,16785,4779,904,,5276,115886
9362527,1790721160,0,0,0,0,0,0,0,0,0,0,0,0,2,2,7,2,1,4186,4180,0,,0,0
9362531,1790721214,10659714189,17,15,0,0,15,0,0,15,0,0,4617,4,4619,12502,4636,1,16608,4107,760,,1984,106159
9362535,1790721296,10776409287,19,15,0,0,15,0,0,15,0,0,4617,8,4622,12523,4641,1,17586,5064,760,,4212,251767
9362536,1790721318,9211284788,8,8,0,0,8,0,0,8,0,0,4008,8,4015,10860,4023,1,15923,5064,424,,985,103635
9362537,1790721351,10176816696,12,8,0,0,8,0,0,8,0,0,4413,2,4413,11941,4425,1,16713,4773,424,,1918,208011
9362541,1790721408,10361816481,21,15,0,0,15,0,0,15,0,0,4421,2,4419,11977,4440,1,16608,4632,760,,11585,215365
9362543,1790721466,0,0,0,0,0,0,0,0,0,0,0,0,8,7,20,7,1,5336,5317,0,,0,0
9362544,1790721507,10184659612,9,7,0,0,7,0,0,7,0,0,4409,4,4410,11925,4419,1,17235,5311,376,,1918,99271
9362545,1790721559,0,0,0,0,0,0,0,0,0,0,0,0,2,1,4,1,1,4606,4603,0,,0,0
9362547,1790721581,9659868596,6,6,0,0,6,0,0,6,0,0,4206,2,4207,11370,4213,1,15155,3786,328,,875,90909
9362549,1790721669,9849383088,41,29,0,0,29,0,0,29,0,0,4236,4,4233,11537,4274,1,18970,7434,1432,,2262,102404
9362551,1790721712,9674694884,9,9,0,0,9,0,0,9,0,0,4209,4,4212,11390,4221,1,16024,4635,472,,874,95945
9362553,1790721753,0,0,0,0,0,0,0,0,0,0,0,0,4,4,12,4,1,4790,4779,0,,0,0
9362557,1790721826,10227011206,22,18,0,0,18,0,0,18,0,0,4422,4,4420,11985,4442,1,17154,5170,904,,2021,101340
9362559,1790721885,0,0,0,0,0,0,0,0,0,0,0,0,8,7,20,7,1,5336,5317,0,,0,0
9362563,1790721975,10364683307,32,25,0,0,25,0,0,25,0,0,4433,4,4434,12057,4466,1,19370,7314,1240,,3925,112084
9362565,1790722014,9196470500,5,5,0,0,5,0,0,5,0,0,4005,8,4013,10844,4018,1,16048,5205,280,,888,87582
9362569,1790722054,9659868596,6,6,0,0,6,0,0,6,0,0,4206,4,4210,11379,4216,1,15872,4494,328,,862,96896
9362571,1790722114,10894721968,156,6,0,0,6,0,0,6,0,0,4642,8,4361,12188,4517,1,17222,5035,328,,6532,118520
9362573,1790722155,0,0,0,0,0,0,0,0,0,0,0,0,4,2,7,2,1,3625,3619,0,,0,0
9362575,1790722206,9407249464,30,20,0,0,20,0,0,20,0,0,4026,4,4027,10950,4057,1,15837,4888,1000,,9405,110855
9362577,1790722245,0,0,0,0,0,0,0,0,0,0,0,0,4,3,9,3,1,4614,4606,0,,0,0
9362579,1790722280,9518785061,26,17,0,0,17,0,0,17,0,0,4026,4,4025,10933,4051,1,15003,4071,856,,5634,103783
9362583,1790722361,0,0,0,0,0,0,0,0,0,0,0,0,4,4,12,4,1,5636,5625,0,,0,0
9362588,1790722395,9739659214,25,23,0,0,23,0,0,23,0,0,4212,8,4213,11436,4238,1,15914,4479,1144,,1580,101552
9362594,1790722448,9694291205,8,7,0,0,7,0,0,7,0,0,4208,10,4216,11397,4224,1,15588,4192,376,,4319,261283
9362596,1790722480,9196470500,5,5,0,0,5,0,0,5,0,0,4005,12,4008,10831,4013,1,15336,4506,280,,2394,212771
9362600,1790722593,34777420,15,15,0,0,15,0,0,15,0,0,2,4,5,55,20,1,7339,7285,760,,182,6852
9362604,1790722624,9562237654,39,23,0,0,23,0,0,23,0,0,4038,8,4031,10981,4070,1,15057,4077,1144,,6933,164120
9362607,1790722667,0,0,0,0,0,0,0,0,0,0,0,0,8,5,15,5,1,4344,4330,0,,0,0
9362609,1790722842,9807379225,15,8,0,0,8,0,0,8,0,0,4216,6,4217,11422,4232,1,24660,13239,424,,3522,101182
9362615,1790722887,9659868596,6,6,0,0,6,0,0,6,0,0,4206,4,4209,11378,4215,1,15307,3930,328,,975,94974
9362616,1790722950,10205855854,21,20,0,0,20,0,0,20,0,0,4411,12,4421,11990,4442,1,18158,6169,1000,,1928,108201
9362620,1790722995,10174441152,8,7,0,0,7,0,0,7,0,0,4408,2,4409,11918,4417,1,15880,3963,376,,2015,110238
9362624,1790723043,9228643076,11,11,0,0,11,0,0,11,0,0,4011,8,4017,10870,4028,1,15087,4218,568,,1143,100898
9362625,1790723082,9692053172,12,12,0,0,12,0,0,12,0,0,4212,8,4218,11417,4230,1,17044,5628,616,,1164,106385
9362626,1790723131,9253979731,11,9,0,0,9,0,0,9,0,0,4012,2,4013,10857,4024,1,16052,5196,472,,1783,96589
9362627,1790723169,9732117549,11,9,0,0,9,0,0,9,0,0,4213,2,4214,11403,4225,1,16034,4632,472,,2171,95475
9362633,1790723209,9682111804,15,15,0,0,15,0,0,15,0,0,4208,2,4210,11401,4225,1,15327,3927,760,,967,93933
9362635,1790723253,9752797833,11,8,0,0,8,0,0,8,0,0,4212,12,4219,11416,4230,1,16626,5211,424,,2593,95328
9362638,1790723306,10633723652,17,17,0,0,17,0,0,17,0,0,4617,4,4621,12510,4638,1,17538,5029,856,,1215,102798
9362640,1790723372,10791954041,20,16,0,0,16,0,0,16,0,0,4620,6,4621,12525,4641,1,16428,3904,808,,4036,111510
9362643,1790723401,9702911539,9,7,0,0,7,0,0,7,0,0,4210,4,4212,11390,4221,1,16165,4776,376,,1568,91605
9362644,1790723446,10695530696,17,11,0,0,11,0,0,11,0,0,4619,6,4622,12516,4639,1,17576,5061,568,,2576,105148
9362645,1790723488,10138873774,12,12,0,0,12,0,0,12,0,0,4409,2,4411,11938,4423,1,16146,4209,616,,907,97436
9362648,1790723557,9791978022,18,13,0,0,13,0,0,13,0,0,4216,2,4218,11433,4236,1,16801,5369,664,,2593,95478
9362650,1790723616,0,0,0,0,0,0,0,0,0,0,0,0,6,5,15,5,1,4659,4645,0,,0,0
9362652,1790723660,9257995094,12,10,0,0,10,0,0,10,0,0,4012,4,4013,10856,4025,1,15208,4353,520,,1454,88432
9362654,1790723701,0,0,0,0,0,0,0,0,0,0,0,0,4,4,12,4,1,4194,4183,0,,0,0
9362656,1790723757,0,0,0,0,0,0,0,0,0,0,0,0,4,3,10,3,1,3769,3760,0,,0,0
9362660,1790723787,0,0,0,0,0,0,0,0,0,0,0,0,4,2,7,2,1,4753,4747,0,,0,0
9362664,1790723842,0,0,0,0,0,0,0,0,0,0,0,0,8,5,15,5,1,4908,4894,0,,0,0
9362666,1790723883,9488779765,34,21,0,0,21,0,0,21,0,0,4030,8,4030,10968,4064,1,16172,5205,1048,,4882,100361
9362668,1790723928,0,0,0,0,0,0,0,0,0,0,0,0,4,3,9,3,1,4050,4042,0,,0,0
9362670,1790723962,9211284788,8,8,0,0,8,0,0,8,0,0,4008,4,4011,10846,4019,1,15198,4353,424,,986,87771
9362671,1790723999,9309674110,18,17,0,0,17,0,0,17,0,0,4018,4,4021,10901,4039,1,15817,4917,856,,1891,92940
9362674,1790724048,9811567922,21,16,0,0,16,0,0,16,0,0,4222,2,4222,11447,4243,1,15232,3786,808,,3030,108924
9362677,1790724114,10733240391,39,37,0,0,37,0,0,37,0,0,4628,6,4630,12602,4669,1,18056,5455,1816,,2162,120706
9362678,1790724180,0,0,0,0,0,0,0,0,0,0,0,0,6,5,15,5,1,5291,5277,0,,0,0
9362679,1790724268,0,0,0,0,0,0,0,0,0,0,0,0,2,1,4,1,1,7708,7705,0,,0,0
9362681,1790724289,10738369780,28,25,0,0,25,0,0,25,0,0,4629,2,4630,12566,4658,1,16471,3906,1240,,2469,108474
9362684,1790724347,9820641422,27,20,0,0,20,0,0,20,0,0,4228,4,4228,11488,4255,1,15276,3789,1000,,2600,98617
9362687,1790724386,9196470500,5,5,0,0,5,0,0,5,0,0,4005,6,4009,10834,4014,1,15724,4891,280,,882,88173
9362691,1790724443,10992116252,126,99,0,0,99,0,0,99,0,0,4621,6,4621,12808,4747,1,17304,4497,4792,,3199,151722
9362692,1790724481,9674694884,9,9,0,0,9,0,0,9,0,0,4209,8,4213,11391,4222,1,16425,5035,472,,994,95998
9362695,1790724519,0,0,0,0,0,0,0,0,0,0,0,0,2,1,4,1,1,4465,4462,0,,0,0
9362697,1790724557,0,0,0,0,0,0,0,0,0,0,0,0,6,3,9,3,1,4617,4609,0,,0,0
9362701,1790724610,0,0,0,0,0,0,0,0,0,0,0,0,4,3,10,3,1,5038,5029,0,,0,0
9362705,1790724676,9338949591,16,11,0,0,11,0,0,11,0,0,4016,8,4022,10897,4038,1,16117,5221,568,,2627,98677
9362706,1790724778,0,0,0,0,0,0,0,0,0,0,0,0,8,6,18,6,1,6175,6158,0,,0,0
9362708,1790724819,10328128644,15,11,0,0,11,0,0,11,0,0,4416,2,4415,11956,4430,1,16869,4914,568,,4021,108440
9362710,1790724880,0,0,0,0,0,0,0,0,0,0,0,0,4,3,9,3,1,6024,6016,0,,0,0
9362711,1790724928,0,0,0,0,0,0,0,0,0,0,0,0,4,3,9,3,1,5601,5593,0,,0,0
9362713,1790724976,38095484,17,17,0,0,17,0,0,17,0,0,2,2,2,53,19,1,5783,5731,856,,161,6746
9362717,1790725040,0,0,0,0,0,0,0,0,0,0,0,0,4,3,9,3,1,4755,4747,0,,0,0
9362720,1790725089,0,0,0,0,0,0,0,0,0,0,0,0,8,5,15,5,1,4767,4753,0,,0,0
9362722,1790725145,10437997952,30,13,0,0,13,0,0,13,0,0,4433,6,4428,12029,4458,1,17342,5314,664,,5831,111571
9362725,1790725196,9315796390,28,25,0,0,25,0,0,25,0,0,4014,4,4014,10905,4042,1,15398,4494,1240,,2291,96791
9362728,1790725298,10454762971,29,16,0,0,16,0,0,16,0,0,4429,6,4427,12021,4456,1,20465,8445,808,,5927,122879
9362732,1790725347,9243624493,10,9,0,0,9,0,0,9,0,0,4010,6,4016,10864,4026,1,15504,4641,472,,1577,88801
9362733,1790725379,0,0,0,0,0,0,0,0,0,0,0,0,8,6,17,6,1,4664,4648,0,,0,0
9362737,1790725416,9844062089,19,14,0,0,14,0,0,14,0,0,4220,2,4220,11438,4239,1,15505,4068,712,,3682,99132
9362741,1790725459,10364894882,19,14,0,0,14,0,0,14,0,0,4418,8,4421,11981,4440,1,16355,4375,712,,4366,156213
9362744,1790725535,0,0,0,0,0,0,0,0,0,0,0,0,8,6,18,6,1,5193,5176,0,,0,0
9362747,1790725616,0,0,0,0,0,0,0,0,0,0,0,0,6,5,15,5,1,7302,7288,0,,0,0
9362751,1790725673,10740745460,23,19,0,0,19,0,0,19,0,0,4625,6,4622,12537,4645,1,17709,5173,952,,7370,285891
9362752,1790725737,9980922819,40,33,0,0,33,0,0,33,0,0,4230,8,4226,11511,4266,1,18266,6756,1624,,5672,156650
9362754,1790725777,9196470500,5,5,0,0,5,0,0,5,0,0,4005,2,4007,10827,4012,1,15458,4632,280,,1913,159884
9362756,1790725832,9753641999,10,7,0,0,7,0,0,7,0,0,4211,4,4214,11396,4224,1,16030,4635,376,,4575,170815
9362759,1790725901,0,0,0,0,0,0,0,0,0,0,0,0,4,3,9,3,1,5601,5593,0,,0,0
9362763,1790726035,9987818770,33,25,0,0,25,0,0,25,0,0,4232,6,4229,11500,4262,1,19951,8452,1240,,9381,176674
9362765,1790726078,0,0,0,0,0,0,0,0,0,0,0,0,8,4,12,4,1,5046,5035,0,,0,0
9362773,1790726110,10321216062,30,24,0,0,24,0,0,24,0,0,4431,4,4430,12037,4460,1,15796,3760,1192,,4462,157091
9362776,1790726159,9372855035,33,22,0,0,22,0,0,22,0,0,4026,16,4034,10974,4067,1,16331,5358,1096,,3610,127331
9362779,1790726197,9230377101,7,6,0,0,6,0,0,6,0,0,4007,6,4013,10850,4020,1,15205,4356,328,,1848,110221
9362784,1790726252,9712305341,11,8,0,0,8,0,0,8,0,0,4211,6,4214,11407,4225,1,16044,4638,424,,2049,118694
9362790,1790726289,10163525064,14,14,0,0,14,0,0,14,0,0,4415,10,4422,11970,4436,1,16584,4615,712,,1481,105925
9362791,1790726335,9195714500,5,5,0,0,5,0,0,5,0,0,4005,12,4013,10846,4018,1,16620,5775,280,,790,98415
9362793,1790726390,0,0,0,0,0,0,0,0,0,0,0,0,2,2,7,2,1,3904,3898,0,,0,0
9362795,1790726443,0,0,0,0,0,0,0,0,0,0,0,0,4,3,10,3,1,5038,5029,0,,0,0
9362797,1790726513,10404921470,54,43,0,0,43,0,0,43,0,0,4430,4,4430,12098,4484,1,17722,5625,2104,,4188,119925
9362799,1790726556,9711235054,7,6,0,0,6,0,0,6,0,0,4207,4,4210,11381,4217,1,16015,4635,328,,1834,94327
9362801,1790726630,0,0,0,0,0,0,0,0,0,0,0,0,4,3,10,3,1,5602,5593,0,,0,0
9362804,1790726661,10157641301,9,8,0,0,8,0,0,8,0,0,4409,4,4410,11924,4419,1,15853,3930,424,,1493,96209
9362808,1790726702,9196470500,5,5,0,0,5,0,0,5,0,0,4005,6,4010,10838,4015,1,14770,3933,280,,957,86345
9362809,1790726751,0,0,0,0,0,0,0,0,0,0,0,0,8,6,17,6,1,6320,6304,0,,0,0
9362810,1790726793,48763614,21,21,0,0,21,0,0,21,0,0,2,2,2,63,23,1,4947,4885,1048,,258,7813
9362814,1790726844,10295815166,19,10,0,0,10,0,0,10,0,0,4421,2,4420,11977,4439,1,16185,4209,520,,3470,102256
9362816,1790726896,10325495136,15,11,0,0,11,0,0,11,0,0,4415,8,4418,11964,4433,1,17035,5072,568,,3909,106422
9362819,1790726944,9230845109,7,6,0,0,6,0,0,6,0,0,4007,4,4010,10839,4017,1,14627,3789,328,,1470,88906
9362821,1790726984,9711589493,11,10,0,0,10,0,0,10,0,0,4211,6,4215,11404,4226,1,16182,4779,520,,1737,98846
9362822,1790727023,0,0,0,0,0,0,0,0,0,0,0,0,4,4,12,4,1,4758,4747,0,,0,1
9362824,1790727091,9987158136,30,21,0,0,21,0,0,21,0,0,4229,2,4224,11481,4254,1,16817,5337,1048,,15184,129823
9362825,1790727154,9244553740,9,7,0,0,7,0,0,7,0,0,4010,4,4013,10854,4022,1,17353,6500,376,,1573,87962
9362828,1790727196,10066034086,18,10,0,0,10,0,0,10,0,0,4284,2,4284,11607,4302,1,15674,4068,520,,6049,151270
9362829,1790727229,9659868596,6,6,0,0,6,0,0,6,0,0,4206,6,4209,11375,4215,1,16435,5061,328,,2019,243646
9362831,1790727268,10122510692,7,7,0,0,7,0,0,7,0,0,4407,2,4408,11913,4415,1,16233,4321,376,,2108,223005
9362836,1790727303,0,0,0,0,0,0,0,0,0,0,0,0,4,2,7,2,1,3907,3901,0,,0,0
9362839,1790727355,9526765616,104,100,0,0,100,0,0,100,0,0,4020,10,4025,11142,4129,1,16179,5038,4840,,3191,124922
9362843,1790727410,9743781194,18,17,0,0,17,0,0,17,0,0,4211,6,4215,11424,4233,1,16625,5202,856,,1730,95968
9362848,1790727510,10288123603,18,13,0,0,13,0,0,13,0,0,4419,8,4424,11985,4442,1,18147,6163,664,,3421,105133
9362851,1790727547,0,0,0,0,0,0,0,0,0,0,0,0,10,8,23,8,1,4496,4474,0,,0,0
9362852,1790727590,9750938390,16,14,0,0,14,0,0,14,0,0,4216,6,4217,11420,4233,1,17297,5878,712,,2945,107233
9362854,1790727629,0,0,0,0,0,0,0,0,0,0,0,0,2,1,4,1,1,4324,4321,0,,0,0
9362858,1790727668,9753647888,27,23,0,0,23,0,0,23,0,0,4216,4,4214,11449,4241,1,15772,4324,1144,,2011,104198
9362860,1790727715,0,0,0,0,0,0,0,0,0,0,0,0,8,7,20,7,1,5368,5349,0,,0,0
9362864,1790727762,10174946056,12,11,0,0,11,0,0,11,0,0,4413,4,4414,11945,4426,1,16579,4635,568,,1739,98823
9362866,1790727818,0,0,0,0,0,0,0,0,0,0,0,0,8,6,18,6,1,5334,5317,0,,0,0
9362868,1790727851,10211359759,10,8,0,0,8,0,0,8,0,0,4410,4,4411,11928,4421,1,16280,4353,424,,2470,98664
9362869,1790727892,0,0,0,0,0,0,0,0,0,0,0,0,4,3,9,3,1,4896,4888,0,,0,0
9362874,1790727919,0,0,0,0,0,0,0,0,0,0,0,0,2,1,4,1,1,3760,3757,0,,0,0
9362876,1790727965,31459356,13,13,0,0,13,0,0,13,0,0,2,10,8,58,21,1,5377,5320,664,,162,5130
9362878,1790728058,0,0,0,0,0,0,0,0,0,0,0,0,4,1,4,1,1,6724,6721,0,,0,0
9362881,1790728084,10076493687,38,31,0,0,31,0,0,31,0,0,4304,4,4305,11723,4343,1,15793,4071,1528,,3467,109447
9362883,1790728130,9247752958,6,5,0,0,5,0,0,5,0,0,4006,6,4011,10839,4017,1,16293,5455,280,,1812,91371
9362885,1790728174,9751370043,13,9,0,0,9,0,0,9,0,0,4214,4,4215,11408,4228,1,16042,4635,472,,2309,96407
9362888,1790728249,0,0,0,0,0,0,0,0,0,0,0,0,4,4,12,4,1,5886,5875,0,,0,0
9362890,1790728302,9747427771,27,26,0,0,26,0,0,26,0,0,4215,6,4217,11452,4244,1,16685,5234,1288,,1547,102221
9362892,1790728366,0,0,0,0,0,0,0,0,0,0,0,0,4,3,9,3,1,5778,5770,0,,0,0
9362894,1790728403,0,0,0,0,0,0,0,0,0,0,0,0,4,3,10,3,1,4333,4324,0,,0,0
9362897,1790728441,10663839516,13,10,0,0,10,0,0,10,0,0,4614,4,4615,12488,4628,1,16981,4494,520,,2322,102898
9362900,1790728527,0,0,0,0,0,0,0,0,0,0,0,0,6,5,15,5,1,5328,5314,0,,0,0
9362902,1790728611,40964822,13,13,0,0,13,0,0,13,0,0,6,6,8,58,21,1,6781,6724,664,,147,5425
9362905,1790728643,0,0,0,0,0,0,0,0,0,0,0,0,4,3,9,3,1,3909,3901,0,,0,0
9362906,1790728713,9979228337,43,27,0,0,27,0,0,27,0,0,4246,6,4245,11569,4288,1,18885,7317,1336,,4309,108508
9362909,1790728764,0,0,0,0,0,0,0,0,0,0,0,0,2,2,7,2,1,4750,4744,0,,0,0
9362911,1790728789,9764160455,11,7,0,0,7,0,0,7,0,0,4212,6,4213,11401,4224,1,15727,4327,376,,2741,94840
9362913,1790728829,9308278848,12,7,0,0,7,0,0,7,0,0,4014,4,4014,10862,4026,1,15214,4353,376,,2595,91846
9362915,1790728874,9251075686,23,23,0,0,23,0,0,23,0,0,4011,4,4014,10893,4037,1,15136,4244,1144,,1139,92863
9362918,1790728917,0,0,0,0,0,0,0,0,0,0,0,0,4,4,12,4,1,3948,3937,0,,1,0
9362919,1790729011,0,0,0,0,0,0,0,0,0,0,0,0,6,4,12,4,1,8004,7993,0,,0,0
9362923,1790729060,10808817414,40,33,0,0,33,0,0,33,0,0,4641,2,4636,12620,4676,1,17081,4462,1624,,3005,114378
9362926,1790729094,9240985364,14,14,0,0,14,0,0,14,0,0,4014,8,4018,10881,4032,1,14957,4077,712,,892,89029
9362932,1790729153,0,0,0,0,0,0,0,0,0,0,0,0,6,5,15,5,1,4200,4186,0,,0,0
9362935,1790729174,10313980787,29,23,0,0,23,0,0,23,0,0,4431,12,4428,12027,4457,1,16391,4365,1144,,2866,105618
9362937,1790729250,10196688162,32,32,0,0,32,0,0,32,0,0,4416,6,4420,12021,4452,1,18603,6583,1576,,1165,105296
9362941,1790729294,9248726912,7,6,0,0,6,0,0,6,0,0,4008,4,4011,10843,4018,1,14490,3648,328,,1774,88012
9362944,1790729336,10241144335,16,14,0,0,14,0,0,14,0,0,4416,8,4423,11983,4439,1,16200,4218,712,,2595,128815
9362946,1790729393,10181727815,14,13,0,0,13,0,0,13,0,0,4414,6,4418,11959,4432,1,16285,4327,664,,1679,97980
9362949,1790729423,0,0,0,0,0,0,0,0,0,0,0,0,4,3,10,3,1,4333,4324,0,,0,0
9362953,1790729509,9893858799,27,11,0,0,11,0,0,11,0,0,4229,6,4228,11485,4255,1,16338,4854,568,,3905,102118
9362955,1790729532,0,0,0,0,0,0,0,0,0,0,0,0,8,7,20,7,1,4631,4612,0,,0,0
9362959,1790729594,0,0,0,0,0,0,0,0,0,0,0,0,4,3,9,3,1,4755,4747,0,,0,0
9362961,1790729637,10230822703,18,10,0,0,10,0,0,10,0,0,4418,8,4418,11969,4436,1,16891,4923,520,,2544,100346
9362964,1790729679,9659124596,6,6,0,0,6,0,0,6,0,0,4206,4,4208,11370,4214,1,15834,4465,328,,843,208520
9362966,1790729721,9196470500,5,5,0,0,5,0,0,5,0,0,4005,6,4009,10834,4014,1,14907,4074,280,,820,86655
9362968,1790729763,0,0,0,0,0,0,0,0,0,0,0,0,4,3,9,3,1,4473,4465,0,,0,0
9362971,1790729808,0,0,0,0,0,0,0,0,0,0,0,0,4,2,7,2,1,4330,4324,0,,0,0
9362972,1790729856,9874639899,35,16,0,0,16,0,0,16,0,0,4236,6,4229,11505,4264,1,18087,6583,808,,3340,104832
9362977,1790729904,0,0,0,0,0,0,0,0,0,0,0,0,2,1,4,1,1,4183,4180,0,,0,0
9362979,1790729945,10633723652,17,17,0,0,17,0,0,17,0,0,4617,10,4625,12527,4642,1,17593,5067,856,,1198,108226
9362982,1790729981,10635375357,13,12,0,0,12,0,0,12,0,0,4613,4,4615,12491,4628,1,16843,4353,616,,1644,103451
9362984,1790730050,10557900204,157,144,0,0,144,0,0,144,0,0,4428,6,4425,12364,4582,1,17706,5343,6952,,3888,236570
9362985,1790730088,9745585663,9,7,0,0,7,0,0,7,0,0,4209,4,4212,11391,4221,1,16621,5231,376,,2356,94644
9362989,1790730130,9262615246,9,8,0,0,8,0,0,8,0,0,4009,2,4011,10845,4020,1,15476,4632,424,,1693,94101
9362991,1790730172,10174999589,12,11,0,0,11,0,0,11,0,0,4412,8,4419,11953,4431,1,16170,4218,568,,1742,106442
9362993,1790730224,0,0,0,0,0,0,0,0,0,0,0,0,4,4,12,4,1,4617,4606,0,,0,0
9362996,1790730266,10678656071,12,9,0,0,9,0,0,9,0,0,4612,4,4613,12483,4625,1,17117,4635,472,,2623,112101
9362997,1790730317,9674694884,9,9,0,0,9,0,0,9,0,0,4209,6,4214,11399,4223,1,16177,4779,472,,1043,99413
9363001,1790730360,0,0,0,0,0,0,0,0,0,0,0,0,2,2,7,2,1,4750,4744,0,,0,0
9363004,1790730402,0,0,0,0,0,0,0,0,0,0,0,0,8,5,15,5,1,4908,4894,0,,0,0
9363007,1790730435,0,0,0,0,0,0,0,0,0,0,0,0,6,4,12,4,1,4056,4045,0,,0,0
9363009,1790730468,10315364870,24,13,0,0,13,0,0,13,0,0,4428,6,4427,12007,4451,1,16221,4215,664,,3343,107230
9363011,1790730505,0,0,0,0,0,0,0,0,0,0,0,0,4,4,12,4,1,4335,4324,0,,0,0
9363014,1790730576,9697958126,25,25,0,0,25,0,0,25,0,0,4208,4,4209,11427,4234,1,16737,5311,1240,,953,99508
9363016,1790730623,9196470500,5,5,0,0,5,0,0,5,0,0,4005,6,4007,10830,4012,1,14903,4074,280,,842,88146
9363019,1790730668,9260887565,12,6,0,0,6,0,0,6,0,0,4013,4,4013,10864,4025,1,15953,5090,328,,1733,90770
9363020,1790730734,9721297512,8,6,0,0,6,0,0,6,0,0,4208,6,4214,11389,4222,1,17613,6225,328,,1906,92877
9363021,1790730798,9258831238,13,9,0,0,9,0,0,9,0,0,4013,2,4013,10863,4026,1,17045,6183,472,,1590,88055
9363022,1790730845,9879211889,33,14,0,0,14,0,0,14,0,0,4234,2,4222,11484,4255,1,16256,4773,712,,3510,103798
9363024,1790730896,9263541198,10,9,0,0,9,0,0,9,0,0,4011,2,4013,10857,4023,1,15347,4491,472,,1803,89659
9363027,1790730961,23908534,7,7,0,0,7,0,0,7,0,0,3,4,7,39,14,1,4926,4888,376,,122,2815
9363028,1790731003,0,0,0,0,0,0,0,0,0,0,0,0,6,4,12,4,1,5607,5596,0,,0,0
9363030,1790731046,0,0,0,0,0,0,0,0,0,0,0,0,2,1,4,1,1,4324,4321,0,,0,0
9363036,1790731103,0,0,0,0,0,0,0,0,0,0,0,0,4,2,7,2,1,4894,4888,0,,0,0
9363040,1790731137,10302693916,26,13,0,0,13,0,0,13,0,0,4429,12,4433,12033,4459,1,16397,4365,664,,3365,105145
9363042,1790731183,10157641301,9,8,0,0,8,0,0,8,0,0,4409,8,4415,11939,4424,1,16832,4894,424,,1463,99836
9363045,1790731269,0,0,0,0,0,0,0,0,0,0,0,0,4,2,7,2,1,7323,7317,0,,0,0
9363046,1790731321,0,0,0,0,0,0,0,0,0,0,0,0,6,1,4,1,1,5353,5350,0,,0,0
9363048,1790731366,0,0,0,0,0,0,0,0,0,0,0,0,2,1,4,1,1,5311,5308,0,,0,0
9363051,1790731395,0,0,0,0,0,0,0,0,0,0,0,0,4,1,4,1,1,4468,4465,0,,0,0
9363054,1790731442,0,0,0,0,0,0,0,0,0,0,0,0,6,3,10,3,1,5041,5032,0,,0,0
9363056,1790731508,0,0,0,0,0,0,0,0,0,0,0,0,6,5,15,5,1,4764,4750,0,,0,0
9363059,1790731544,9843905945,37,23,0,0,23,0,0,23,0,0,4229,4,4224,11502,4261,1,15572,4071,1144,,3258,123301
9363064,1790731586,10668147082,13,10,0,0,10,0,0,10,0,0,4613,6,4617,12494,4630,1,16567,4074,520,,2367,127365
9363065,1790731624,9246996958,6,5,0,0,5,0,0,5,0,0,4006,10,4010,10837,4016,1,15733,4897,280,,2008,91557
9363067,1790731672,10998517954,497,478,1,49,479,0,0,479,1,0,4235,2,4235,12771,4732,1,17120,4350,23032,,5117,284979
9363071,1790731775,10711291886,49,49,0,0,49,0,0,49,0,0,4625,4,4629,12625,4678,1,20079,7455,2392,,1269,115707
9363074,1790731826,9723529661,13,7,0,0,7,0,0,7,0,0,4214,8,4217,11415,4230,1,16542,5128,376,,1725,94152
9363076,1790731867,9659868596,6,6,0,0,6,0,0,6,0,0,4206,6,4211,11380,4217,1,15565,4186,328,,858,88845
9363079,1790731932,9228643076,11,11,0,0,11,0,0,11,0,0,4011,4,4014,10859,4025,1,15211,4353,568,,1041,101613
9363081,1790731982,9659868596,6,6,0,0,6,0,0,6,0,0,4206,6,4209,11371,4215,1,15303,3933,328,,1033,97446
9363084,1790732014,0,0,0,0,0,0,0,0,0,0,0,0,4,3,9,3,1,4050,4042,0,,0,0
9363086,1790732047,9244274158,16,16,0,0,16,0,0,16,0,0,4013,6,4015,10880,4031,1,15347,4468,808,,1078,94206
9363093,1790732098,10712819540,21,15,0,0,15,0,0,15,0,0,4622,4,4623,12530,4644,1,16741,4212,760,,2680,105098
9363096,1790732155,10198550818,16,8,0,0,8,0,0,8,0,0,4417,14,4421,11973,4437,1,17439,5467,424,,1868,102456
9363099,1790732229,10701375722,25,22,0,0,22,0,0,22,0,0,4616,6,4619,12532,4644,1,18579,6048,1096,,2353,118264
9363102,1790732267,0,0,0,0,0,0,0,0,0,0,0,0,6,5,15,5,1,3777,3763,0,,0,0
9363105,1790732335,9286224309,17,15,0,0,15,0,0,15,0,0,4018,6,4022,10898,4039,1,16352,5455,760,,2012,207892
9363108,1790732368,9246996958,6,5,0,0,5,0,0,5,0,0,4006,6,4009,10836,4015,1,15332,4497,280,,3703,171246
9363111,1790732431,10198801755,17,11,0,0,11,0,0,11,0,0,4417,6,4419,11969,4436,1,16638,4670,568,,1945,98773
9363113,1790732506,10586664788,8,8,0,0,8,0,0,8,0,0,4608,6,4613,12470,4621,1,18235,5766,424,,922,100231
9363114,1790732543,9659868596,6,6,0,0,6,0,0,6,0,0,4206,4,4209,11377,4215,1,16293,4917,328,,950,93037
9363115,1790732587,0,0,0,0,0,0,0,0,0,0,0,0,2,2,7,2,1,4468,4462,0,,0,0
9363117,1790732614,9211284788,8,8,0,0,8,0,0,8,0,0,4008,2,4009,10840,4017,1,15442,4603,424,,1501,89470
9363121,1790732671,9225868686,6,6,0,0,6,0,0,6,0,0,4016,4,4018,10860,4024,1,14366,3507,328,,874,86498
9363122,1790732700,9245239718,9,7,0,0,7,0,0,7,0,0,4009,8,4016,10860,4025,1,16740,5881,376,,1439,87732
9363123,1790732742,9281294373,16,10,0,0,10,0,0,10,0,0,4017,2,4016,10884,4032,1,16220,5337,520,,1860,91210
9363125,1790732789,9227857836,18,18,0,0,18,0,0,18,0,0,4007,2,4009,10870,4027,1,15078,4209,904,,969,90758
9363128,1790732877,9310986831,15,11,0,0,11,0,0,11,0,0,4015,4,4017,10882,4032,1,17216,6335,568,,2454,89919
9363131,1790732916,9291518025,9,6,0,0,6,0,0,6,0,0,4009,6,4013,10855,4022,1,15351,4497,328,,2526,90700
9363133,1790732981,10211347819,10,8,0,0,8,0,0,8,0,0,4410,6,4414,11941,4424,1,16578,4638,424,,2485,98990
9363137,1790733034,25253204,5,5,0,0,5,0,0,5,0,0,5,4,9,39,14,1,4817,4779,280,,122,2046
9363142,1790733070,9332387893,17,10,0,0,10,0,0,10,0,0,4018,8,4020,10892,4037,1,15644,4753,520,,2706,91802
9363143,1790733120,0,0,0,0,0,0,0,0,0,0,0,0,10,6,17,6,1,5195,5179,0,,0,0
9363149,1790733154,0,0,0,0,0,0,0,0,0,0,0,0,2,1,4,1,1,3760,3757,0,,0,0
9363150,1790733208,9250258038,16,15,0,0,15,0,0,15,0,0,4009,12,4015,10880,4031,1,16795,5916,760,,1680,92289
9363152,1790733248,0,0,0,0,0,0,0,0,0,0,0,0,2,2,7,2,1,4186,4180,0,,0,0
9363157,1790733291,9251325526,11,9,0,0,9,0,0,9,0,0,4012,4,4013,10859,4024,1,14647,3789,472,,1552,89335
9363160,1790733325,9282621687,16,6,0,0,6,0,0,6,0,0,4017,10,4021,10897,4037,1,16075,5179,328,,1785,91165
9363162,1790733391,0,0,0,0,0,0,0,0,0,0,0,0,6,3,9,3,1,5322,5314,0,,0,0
9363165,1790733440,10618873364,14,14,0,0,14,0,0,14,0,0,4614,4,4615,12494,4629,1,17128,4635,712,,1099,103371
9363168,1790733520,9211284788,8,8,0,0,8,0,0,8,0,0,4008,6,4014,10855,4022,1,16620,5766,424,,857,88604
9363171,1790733563,9825999015,17,13,0,0,13,0,0,13,0,0,4217,6,4222,11439,4239,1,16196,4758,664,,3590,97238
9363172,1790733610,0,0,0,0,0,0,0,0,0,0,0,0,6,4,12,4,1,5216,5205,0,,0,0
9363174,1790733641,10029788765,143,135,0,0,135,0,0,135,0,0,4222,2,4217,11763,4360,1,15302,3540,6520,,3280,143499
9363177,1790733715,9491657791,85,82,0,0,82,0,0,82,0,0,4036,4,4031,11108,4116,1,16588,5481,3976,,3167,118862
9363179,1790733762,0,0,0,0,0,0,0,0,0,0,0,0,6,3,10,3,1,5182,5173,0,,0,0
9363180,1790733822,10337387506,90,89,0,0,89,0,0,89,0,0,4419,4,4412,12147,4502,1,16358,4212,4312,,2035,126853
9363183,1790733912,0,0,0,0,0,0,0,0,0,0,0,0,2,2,7,2,1,5596,5590,0,,0,0
9363187,1790733967,10483173469,143,137,0,0,137,0,0,137,0,0,4433,6,4423,12317,4566,1,16954,4638,6616,,2562,149179
9363190,1790734016,0,0,0,0,0,0,0,0,0,0,0,0,8,4,12,4,1,4482,4471,0,,0,0
9363193,1790734078,10371147459,91,89,0,0,89,0,0,89,0,0,4419,6,4414,12156,4505,1,18908,6753,4312,,2562,132376
9363196,1790734120,9268860252,41,41,0,0,41,0,0,41,0,0,4009,6,4012,10937,4053,1,15433,4497,2008,,1188,103410
9363200,1790734146,10621809664,26,26,0,0,26,0,0,26,0,0,4610,6,4615,12527,4641,1,16882,4356,1288,,1045,107480
9363204,1790734201,10295998312,61,59,0,0,59,0,0,59,0,0,4417,8,4419,12088,4480,1,16135,4048,2872,,2148,118102
9363205,1790734265,10777982287,44,41,0,0,41,0,0,41,0,0,4622,8,4624,12594,4668,1,18958,6365,2008,,3285,117995
9363208,1790734322,9204960186,8,8,0,0,8,0,0,8,0,0,4006,2,4008,10836,4016,1,15156,4321,424,,923,86398
9363211,1790734361,0,0,0,0,0,0,0,0,0,0,0,0,6,5,15,5,1,4623,4609,0,,0,0
9363214,1790734394,9228239436,16,16,0,0,16,0,0,16,0,0,4009,6,4014,10876,4030,1,14949,4074,808,,914,92222
9363216,1790734456,10708312644,27,26,0,0,26,0,0,26,0,0,4619,6,4622,12551,4649,1,17723,5173,1288,,2302,109954
9363221,1790734503,9272869704,10,8,0,0,8,0,0,8,0,0,4010,4,4013,10858,4023,1,14928,4071,424,,1866,90705
9363222,1790734622,9331053391,29,23,0,0,23,0,0,23,0,0,4022,10,4025,10943,4054,1,21226,10284,1144,,2198,96001
9363226,1790734694,9698709444,20,20,0,0,20,0,0,20,0,0,4212,2,4210,11412,4230,1,16748,5337,1000,,964,94498
9363230,1790734747,9209153562,11,11,0,0,11,0,0,11,0,0,4006,8,4012,10857,4023,1,15186,4330,568,,826,86921
9363232,1790734779,9265057771,15,14,0,0,14,0,0,14,0,0,4015,8,4016,10880,4031,1,15520,4641,712,,1438,89450
9363233,1790734828,0,0,0,0,0,0,0,0,0,0,0,0,4,3,10,3,1,4788,4779,0,,0,0
9363236,1790734908,0,0,0,0,0,0,0,0,0,0,0,0,2,1,4,1,1,5734,5731,0,,0,0
9363239,1790734954,0,0,0,0,0,0,0,0,0,0,0,0,6,3,9,3,1,4899,4891,0,,0,0
9363241,1790735001,0,0,0,0,0,0,0,0,0,0,0,0,6,3,9,3,1,4335,4327,0,,0,0
9363244,1790735026,9443810907,38,28,0,0,28,0,0,28,0,0,4033,4,4028,10973,4066,1,15184,4212,1384,,3434,99281
9363246,1790735072,9247752958,6,5,0,0,5,0,0,5,0,0,4006,6,4012,10844,4018,1,16016,5173,280,,1695,86442
9363249,1790735140,10477027371,33,19,0,0,19,0,0,19,0,0,4434,4,4428,12040,4461,1,18084,6045,952,,5717,113803
9363251,1790735183,9237878092,26,26,0,0,26,0,0,26,0,0,4007,6,4012,10896,4038,1,15392,4497,1288,,873,93273
9363254,1790735236,9257827420,7,5,0,0,5,0,0,5,0,0,4007,4,4010,10839,4017,1,16008,5170,280,,1716,88016
9363257,1790735277,9694098675,8,7,0,0,7,0,0,7,0,0,4209,6,4211,11385,4219,1,15458,4074,376,,1454,90855
9363259,1790735320,9806625769,16,14,0,0,14,0,0,14,0,0,4216,6,4220,11429,4236,1,16207,4779,712,,3185,97690
9363262,1790735360,10123266692,7,7,0,0,7,0,0,7,0,0,4407,4,4410,11917,4417,1,15846,3930,376,,887,96768
9363264,1790735401,9205164186,8,8,0,0,8,0,0,8,0,0,4006,6,4012,10847,4020,1,15343,4497,424,,813,88030
9363269,1790735453,9517404272,30,14,0,0,14,0,0,14,0,0,4031,4,4025,10941,4055,1,15470,4530,712,,5059,107052
9363273,1790735530,10656941511,20,17,0,0,17,0,0,17,0,0,4615,10,4624,12527,4644,1,18157,5631,856,,1844,107396
9363278,1790735587,9711115056,7,6,0,0,6,0,0,6,0,0,4207,8,4212,11384,4219,1,16165,4782,328,,1702,93208
9363281,1790735656,10632406479,12,10,0,0,10,0,0,10,0,0,4612,10,4617,12492,4629,1,19250,6759,520,,1712,102137
9363282,1790735699,9196470500,5,5,0,0,5,0,0,5,0,0,4005,6,4011,10839,4016,1,15899,5061,280,,791,89797
9363283,1790735738,0,0,0,0,0,0,0,0,0,0,0,0,2,2,7,2,1,4186,4180,0,,0,0
9363287,1790735770,27190596,9,9,0,0,9,0,0,9,0,0,3,2,3,33,12,1,3930,3898,472,,138,3647
9363289,1790735838,10789690814,33,24,0,0,24,0,0,24,0,0,4634,8,4636,12598,4669,1,18938,6341,1192,,3203,116431
9363292,1790735902,9247692960,6,5,0,0,5,0,0,5,0,0,4006,4,4009,10837,4015,1,16192,5356,280,,1847,113102
9363297,1790735992,0,0,0,0,0,0,0,0,0,0,0,0,6,5,15,5,1,5751,5737,0,,0,0
9363299,1790736030,10764295067,28,13,0,0,13,0,0,13,0,0,4628,10,4626,12566,4654,1,16793,4228,664,,9002,224981
9363304,1790736074,9195726500,5,5,0,0,5,0,0,5,0,0,4005,4,4006,10823,4011,1,14864,4042,280,,1894,196643
9363307,1790736116,9688891934,19,19,0,0,19,0,0,19,0,0,4208,10,4212,11418,4231,1,15779,4362,952,,2142,197948
9363308,1790736166,10122510692,7,7,0,0,7,0,0,7,0,0,4407,6,4412,11926,4419,1,17803,5878,376,,1066,168394
9363310,1790736218,0,0,0,0,0,0,0,0,0,0,0,0,2,1,4,1,1,4606,4603,0,,0,0
9363311,1790736269,10633723652,17,17,0,0,17,0,0,17,0,0,4617,4,4620,12513,4637,1,16301,3789,856,,2122,202235
9363314,1790736302,9196470500,5,5,0,0,5,0,0,5,0,0,4005,2,4007,10827,4012,1,14612,3786,280,,1299,130623
9363319,1790736365,10695985271,17,14,0,0,14,0,0,14,0,0,4615,6,4620,12506,4637,1,17707,5202,712,,2657,106645
9363322,1790736415,9702332781,9,7,0,0,7,0,0,7,0,0,4210,10,4215,11396,4224,1,16321,4926,376,,1689,92130
9363323,1790736461,9263615000,8,6,0,0,6,0,0,6,0,0,4008,6,4014,10853,4022,1,16477,5625,328,,1754,89024
9363329,1790736511,9513768354,22,14,0,0,14,0,0,14,0,0,4024,2,4023,10918,4045,1,15267,4350,712,,5535,102489
9363333,1790736577,0,0,0,0,0,0,0,0,0,0,0,0,12,11,31,11,1,5353,5323,0,,0,0
9363334,1790736654,10759103483,20,14,0,0,14,0,0,14,0,0,4620,8,4622,12528,4642,1,19738,7211,712,,3670,108677
9363336,1790736722,9960241150,27,16,0,0,16,0,0,16,0,0,4228,2,4224,11471,4251,1,16355,4885,808,,5093,107712
9363340,1790736800,10633723652,17,17,0,0,17,0,0,17,0,0,4617,4,4619,12509,4636,1,18665,6157,856,,1084,105222
9363342,1790736831,0,0,0,0,0,0,0,0,0,0,0,0,8,6,18,6,1,5052,5035,0,,0,0
9363344,1790736871,9196470500,5,5,0,0,5,0,0,5,0,0,4005,4,4008,10829,4013,1,14899,4071,280,,834,85904
9363347,1790736957,10686766186,28,20,0,0,20,0,0,20,0,0,4620,4,4617,12534,4645,1,17985,5452,1000,,1998,106919
9363350,1790737005,0,0,0,0,0,0,0,0,0,0,0,0,6,3,9,3,1,5463,5455,0,,0,0
9363352,1790737037,10637851248,9,8,0,0,8,0,0,8,0,0,4609,6,4612,12470,4621,1,16543,4074,424,,1837,102891
9363356,1790737080,9700196183,9,7,0,0,7,0,0,7,0,0,4209,4,4212,11387,4221,1,14752,3366,376,,1642,90821
9363358,1790737140,10757101631,27,24,0,0,24,0,0,24,0,0,4628,8,4630,12567,4657,1,17630,5064,1192,,2790,111777
9363363,1790737182,9349608305,21,19,0,0,19,0,0,19,0,0,4021,4,4025,10919,4046,1,15383,4465,952,,2582,96350
9363364,1790737229,9275523627,20,18,1,12,19,0,0,19,1,0,4011,10,4016,10888,4036,1,17114,6227,952,,1768,95137
9363366,1790737277,10978633496,344,269,0,0,269,0,0,269,0,0,4230,2,4228,12338,4572,1,16405,4068,12952,,9764,238690
9363367,1790737311,10981723087,106,5,0,0,5,0,0,5,0,0,4495,4,4499,12424,4605,1,17340,4917,280,,4163,165332
9363370,1790737358,10997335400,91,11,0,0,11,0,0,11,0,0,4689,2,4645,12780,4736,1,16847,4068,568,,4703,128229
9363374,1790737429,10975651035,125,5,0,0,5,0,0,5,0,0,4005,6,3904,10873,4029,1,15904,5032,280,,36172,152423
9363377,1790737478,0,0,0,0,0,0,0,0,0,0,0,0,8,6,17,6,1,4205,4189,0,,0,0
9363378,1790737529,41401548,19,19,0,0,19,0,0,19,0,0,2,6,6,69,25,1,5664,5596,952,,184,7323
9363380,1790737636,10496794971,41,25,0,0,25,0,0,25,0,0,4442,2,4434,12075,4475,1,17693,5619,1240,,5888,118980
9363382,1790737637,9204367326,6,6,0,0,6,0,0,6,0,0,4007,4,4010,10837,4016,1,15724,4888,328,,822,87024
9363385,1790737683,10652708080,11,10,0,0,10,0,0,10,0,0,4613,4,4615,12478,4626,1,16830,4353,520,,1779,102139
9363387,1790737728,9720221827,12,10,0,0,10,0,0,10,0,0,4213,6,4218,11412,4230,1,16866,5455,520,,1784,92832
9363389,1790737784,9723294570,13,9,0,0,9,0,0,9,0,0,4213,4,4214,11407,4227,1,16073,4667,472,,1596,93561
9363392,1790737841,10199219726,17,16,0,0,16,0,0,16,0,0,4411,4,4415,11960,4432,1,17476,5517,808,,2000,101932
9363395,1790737900,0,0,0,0,0,0,0,0,0,0,0,0,6,5,15,5,1,4905,4891,0,,0,0
9363397,1790737953,0,0,0,0,0,0,0,0,0,0,0,0,6,5,15,5,1,5046,5032,0,,0,0
9363400,1790737981,10680618191,12,9,0,0,9,0,0,9,0,0,4613,4,4614,12484,4626,1,16272,3789,472,,2534,101208
9363402,1790738020,9247692960,6,5,0,0,5,0,0,5,0,0,4006,6,4009,10838,4015,1,15869,5032,280,,1704,86306
9363405,1790738060,9694549889,8,7,0,0,7,0,0,7,0,0,4209,4,4211,11383,4219,1,15312,3930,376,,1426,92778
9363407,1790738129,10779305350,40,25,0,0,25,0,0,25,0,0,4631,6,4629,12597,4669,1,17657,5061,1240,,3162,111209
9363410,1790738161,9219422052,8,8,0,0,8,0,0,8,0,0,4012,4,4015,10859,4023,1,14522,3664,424,,874,86427
9363413,1790738234,10641134066,18,18,0,0,18,0,0,18,0,0,4619,6,4625,12526,4643,1,18432,5907,904,,1113,102111
9363418,1790738275,9196470500,5,5,0,0,5,0,0,5,0,0,4005,6,4009,10830,4014,1,15044,4215,280,,789,84599
9363421,1790738317,10698973131,16,13,0,0,13,0,0,13,0,0,4619,10,4622,12514,4638,1,17298,4785,664,,2605,102710
9363424,1790738393,10215161975,11,8,0,0,8,0,0,8,0,0,4411,6,4416,11945,4427,1,16686,4742,424,,2440,96682
9363426,1790738439,9776458073,15,8,0,0,8,0,0,8,0,0,4217,6,4218,11423,4233,1,16342,4920,424,,2622,94504
9363429,1790738477,9195714500,5,5,0,0,5,0,0,5,0,0,4005,4,4008,10829,4013,1,14617,3789,280,,838,85151
9363431,1790738551,0,0,0,0,0,0,0,0,0,0,0,0,6,4,12,4,1,6876,6865,0,,0,0
9363434,1790738604,10773252188,30,27,0,0,27,0,0,27,0,0,4624,4,4625,12563,4655,1,17338,4776,1336,,3287,111586
9363436,1790738665,9196470500,5,5,0,0,5,0,0,5,0,0,4005,6,4010,10836,4015,1,16149,5314,280,,816,85455
9363438,1790738701,10225089558,10,8,0,0,8,0,0,8,0,0,4411,4,4413,11935,4423,1,16992,5058,424,,2754,100466
9363439,1790738777,10794276931,24,18,0,0,18,0,0,18,0,0,4626,4,4626,12547,4650,1,17011,4465,904,,4103,113447
9363442,1790738807,9257971416,7,5,0,0,5,0,0,5,0,0,4007,2,4008,10837,4015,1,15016,4180,280,,1750,90051
9363444,1790738880,0,0,0,0,0,0,0,0,0,0,0,0,6,4,12,4,1,5889,5878,0,,0,0
9363447,1790738941,21481164,7,7,0,0,7,0,0,7,0,0,2,4,4,31,11,1,4354,4324,376,,123,2803
9363452,1790738979,10360773671,17,11,0,0,11,0,0,11,0,0,4417,6,4419,11969,4436,1,17077,5109,568,,4944,106249
9363453,1790739041,9270694072,14,10,0,0,10,0,0,10,0,0,4014,10,4017,10880,4031,1,14572,3693,520,,1689,89529
9363456,1790739071,9711115056,7,6,0,0,6,0,0,6,0,0,4207,2,4209,11376,4216,1,15443,4068,328,,1746,91110
9363460,1790739117,10278710686,14,10,0,0,10,0,0,10,0,0,4414,6,4415,11952,4429,1,16589,4638,520,,3683,101076
9363465,1790739183,23077836,5,5,0,0,5,0,0,5,0,0,4,8,9,39,14,1,4650,4612,280,,119,2031
9363466,1790739244,9692053172,12,12,0,0,12,0,0,12,0,0,4212,10,4215,11404,4227,1,18444,7041,616,,1040,91511
9363468,1790739286,0,0,0,0,0,0,0,0,0,0,0,0,2,2,7,2,1,4468,4462,0,,0,0
9363470,1790739330,9564422512,39,27,0,0,27,0,0,27,0,0,4040,4,4034,10994,4073,1,16192,5199,1336,,5073,107428
9363472,1790739401,9196470500,5,5,0,0,5,0,0,5,0,0,4005,4,4009,10834,4014,1,16737,5904,280,,817,85863
9363476,1790739440,9710359056,7,6,0,0,6,0,0,6,0,0,4207,4,4209,11377,4216,1,15306,3930,328,,1695,91105
9363478,1790739480,9294753224,25,24,0,0,24,0,0,24,0,0,4010,8,4016,10908,4041,1,14955,4048,1192,,1807,94917
9363481,1790739524,10174441152,8,7,0,0,7,0,0,7,0,0,4408,4,4410,11923,4418,1,16839,4917,376,,1760,99178
9363486,1790739585,9211284788,8,8,0,0,8,0,0,8,0,0,4008,6,4011,10846,4019,1,15212,4367,424,,944,97280
9363487,1790739636,0,0,0,0,0,0,0,0,0,0,0,0,10,7,20,7,1,5057,5038,0,,0,0
9363491,1790739668,0,0,0,0,0,0,0,0,0,0,0,0,2,1,4,1,1,4042,4039,0,,0,0
9363494,1790739732,0,0,0,0,0,0,0,0,0,0,0,0,8,2,7,2,1,5887,5881,0,,0,0
9363496,1790739827,9825452974,31,26,0,0,26,0,0,26,0,0,4221,6,4221,11473,4252,1,15405,3933,1288,,8004,236945
9363497,1790739863,0,0,0,0,0,0,0,0,0,0,0,0,4,3,10,3,1,6166,6157,0,,0,0
9363499,1790739931,10702363799,25,23,0,0,23,0,0,23,0,0,4626,2,4626,12552,4651,1,18000,5449,1144,,5201,252771
9363501,1790740006,0,0,0,0,0,0,0,0,0,0,0,0,4,2,7,2,1,6727,6721,0,,0,0
9363502,1790740051,0,0,0,0,0,0,0,0,0,0,0,0,4,3,10,3,1,4897,4888,0,,0,0
9363508,1790740082,9711577553,11,10,0,0,10,0,0,10,0,0,4211,2,4212,11395,4223,1,15151,3757,520,,1874,108861
9363510,1790740135,0,0,0,0,0,0,0,0,0,0,0,0,12,6,18,6,1,5622,5605,0,,0,0
9363511,1790740190,9880625615,32,27,0,0,27,0,0,27,0,0,4215,4,4215,11456,4247,1,18506,7051,1336,,4618,122287
9363515,1790740234,10638921198,10,9,0,0,9,0,0,9,0,0,4611,2,4612,12472,4622,1,16116,3645,472,,2328,114640
9363521,1790740281,0,0,0,0,0,0,0,0,0,0,0,0,8,5,15,5,1,4203,4189,0,,0,0
9363522,1790740324,10712092300,22,22,0,0,22,0,0,22,0,0,4649,12,4652,12611,4674,1,18667,6057,1096,,1172,116745
9363523,1790740377,10679164787,13,10,0,0,10,0,0,10,0,0,4614,2,4615,12485,4628,1,18385,5901,520,,3029,112766
9363526,1790740452,0,0,0,0,0,0,0,0,0,0,0,0,2,2,7,2,1,5314,5308,0,,0,0
9363527,1790740501,10226390047,13,11,0,0,11,0,0,11,0,0,4413,6,4416,11952,4429,1,18007,6056,568,,2696,183488
9363529,1790740582,0,0,0,0,0,0,0,0,0,0,0,0,2,2,7,2,1,4750,4744,0,,0,0
9363533,1790740664,9303361920,19,11,0,0,11,0,0,11,0,0,4022,4,4020,10901,4039,1,18608,7708,568,,3352,201483
9363537,1790740724,10123266692,7,7,0,0,7,0,0,7,0,0,4407,8,4413,11926,4420,1,17130,5205,376,,1766,186335
9363539,1790740781,0,0,0,0,0,0,0,0,0,0,0,0,8,5,15,5,1,5363,5349,0,,0,0
9363540,1790740811,10215161975,11,8,0,0,8,0,0,8,0,0,4411,4,4411,11933,4422,1,16292,4360,424,,4627,190566
9363542,1790740866,9297055368,19,15,0,0,15,0,0,15,0,0,4020,2,4019,10896,4038,1,15921,5026,760,,3390,177457
9363548,1790740905,10268227557,20,15,0,0,15,0,0,15,0,0,4420,4,4423,11986,4443,1,15915,3930,760,,5020,199424
9363554,1790741016,0,0,0,0,0,0,0,0,0,0,0,0,12,11,31,11,1,8173,8143,0,,0,7
9363556,1790741064,10670399459,164,161,0,0,161,0,0,161,0,0,4431,12,4439,12422,4603,1,16898,4477,7768,,8010,314440
9363557,1790741086,10123266692,7,7,0,0,7,0,0,7,0,0,4407,4,4409,11916,4416,1,16691,4776,376,,1023,101303
9363561,1790741147,9753895951,11,8,0,0,8,0,0,8,0,0,4213,2,4213,11401,4224,1,16032,4632,424,,2765,99686
9363563,1790741217,0,0,0,0,0,0,0,0,0,0,0,0,8,5,15,5,1,5331,5317,0,,0,0
9363566,1790741254,9771349121,21,15,0,0,15,0,0,15,0,0,4223,4,4223,11452,4244,1,15945,4494,760,,2142,98120
9363571,1790741293,34765422,15,15,0,0,15,0,0,15,0,0,2,6,7,61,22,1,3964,3904,760,,177,6021
9363573,1790741355,9857245171,18,15,0,0,15,0,0,15,0,0,4247,10,4253,11526,4271,1,17470,5945,760,,2865,99390
9363574,1790741390,9809775154,9,8,0,0,8,0,0,8,0,0,4245,4,4248,11489,4257,1,15313,3825,424,,2697,223843
9363578,1790741444,9819485710,23,14,0,0,14,0,0,14,0,0,4225,2,4223,11462,4246,1,15811,4350,712,,8624,184488
9363581,1790741507,9245319217,9,7,0,0,7,0,0,7,0,0,4010,8,4015,10858,4024,1,16597,5740,376,,1615,88664
9363584,1790741546,9659868596,6,6,0,0,6,0,0,6,0,0,4206,6,4211,11379,4217,1,15734,4356,328,,939,91554
9363587,1790741618,9371812801,24,20,0,0,20,0,0,20,0,0,4026,6,4029,10939,4053,1,16297,5359,1000,,2692,98535
9363589,1790741666,9695305889,8,7,0,0,7,0,0,7,0,0,4209,6,4215,11397,4223,1,16428,5032,376,,1458,92627
9363593,1790741712,10140612980,10,10,0,0,10,0,0,10,0,0,4410,4,4412,11933,4422,1,16567,4635,520,,1006,94794
9363599,1790741789,9781460806,15,10,0,0,10,0,0,10,0,0,4217,8,4221,11433,4236,1,16919,5487,520,,2476,100800
9363600,1790741844,9211284788,8,8,0,0,8,0,0,8,0,0,4008,12,4012,10851,4020,1,16766,5916,424,,959,88011
9363602,1790741882,6003116814,6,5,0,0,5,0,0,5,0,0,2607,2,2609,7057,2615,1,11124,4068,280,,1505,57237
9363604,1790741942,0,0,0,0,0,0,0,0,0,0,0,0,4,3,10,3,1,5743,5734,0,,0,0
9363606,1790741980,10176862591,12,11,0,0,11,0,0,11,0,0,4414,4,4413,11944,4425,1,15627,3684,568,,1575,97317
9363609,1790742014,9336783586,20,17,0,0,17,0,0,17,0,0,4015,4,4018,10894,4038,1,14935,4042,856,,3300,91289
9363610,1790742056,9797025364,22,15,0,0,15,0,0,15,0,0,4228,6,4218,11441,4240,1,16501,5061,760,,2527,100514
9363614,1790742113,0,0,0,0,0,0,0,0,0,0,0,0,2,2,7,2,1,4891,4885,0,,0,0
9363618,1790742168,9833195205,34,31,0,0,31,0,0,31,0,0,4222,8,4224,11492,4258,1,16273,4782,1528,,2813,104673
9363621,1790742208,9247752958,6,5,0,0,5,0,0,5,0,0,4006,8,4013,10846,4019,1,15345,4500,280,,1713,89428
9363623,1790742252,9711235054,7,6,0,0,6,0,0,6,0,0,4207,6,4212,11388,4219,1,16166,4779,328,,1718,92737
9363624,1790742291,0,0,0,0,0,0,0,0,0,0,0,0,4,3,10,3,1,5038,5029,0,,0,0
9363625,1790742348,0,0,0,0,0,0,0,0,0,0,0,0,2,1,4,1,1,6298,6295,0,,0,0
9363628,1790742382,9939210915,23,14,0,0,14,0,0,14,0,0,4224,2,4220,11447,4243,1,15232,3786,712,,4748,104710
9363631,1790742441,9455329832,33,27,0,0,27,0,0,27,0,0,4019,6,4020,10938,4053,1,15828,4891,1336,,4029,106753
9363634,1790742473,9702911539,9,7,0,0,7,0,0,7,0,0,4210,6,4214,11396,4223,1,15751,4356,376,,1604,91559
9363639,1790742521,0,0,0,0,0,0,0,0,0,0,0,0,6,5,15,5,1,4059,4045,0,,0,0
9363641,1790742558,9620520222,120,15,0,0,15,0,0,15,0,0,3520,10,3426,9568,3546,1,13191,3624,760,,35235,117228
9363647,1790742595,9659124596,6,6,0,0,6,0,0,6,0,0,4206,4,4209,11372,4215,1,15272,3901,328,,853,89654
9363651,1790742636,9333580029,24,21,0,0,21,0,0,21,0,0,4026,12,4022,10920,4046,1,15284,4365,1048,,2233,93341
9363655,1790742695,9659112596,6,6,0,0,6,0,0,6,0,0,4206,8,4210,11375,4216,1,16156,4782,328,,883,89764
9363658,1790742739,10523187709,107,6,0,0,6,0,0,6,0,0,3607,8,3415,9505,3522,1,13722,4218,328,,49603,124363
9363662,1790742810,28117292,11,11,0,0,11,0,0,11,0,0,2,6,5,45,16,1,6204,6160,568,,136,4157
9363666,1790742855,10200052663,17,15,0,0,15,0,0,15,0,0,4416,8,4422,11976,4439,1,17010,5035,760,,1741,98927
9363667,1790742921,0,0,0,0,0,0,0,0,0,0,0,0,8,4,12,4,1,6738,6727,0,,0,0
9363670,1790742959,9879370654,20,10,0,0,10,0,0,10,0,0,4223,2,4221,11444,4241,1,15059,3616,520,,4524,113100
9363673,1790742985,9392525653,12,8,0,0,8,0,0,8,0,0,4012,6,4013,10864,4025,1,14767,3904,424,,4216,104828
9363676,1790743026,10233440670,17,14,0,0,14,0,0,14,0,0,4416,6,4420,11976,4437,1,16161,4186,712,,3000,103544
9363679,1790743065,10604023076,11,11,0,0,11,0,0,11,0,0,4611,6,4616,12485,4627,1,16558,4074,568,,1978,120786
9363681,1790743130,9863556304,14,9,0,0,9,0,0,9,0,0,4215,6,4217,11417,4231,1,15349,3933,472,,4746,103259
9363682,1790743154,9196470500,5,5,0,0,5,0,0,5,0,0,4005,4,4009,10830,4014,1,16624,5795,280,,859,90784
9363684,1790743201,9702155539,9,7,0,0,7,0,0,7,0,0,4210,2,4211,11390,4220,1,14752,3363,376,,1638,95106
9363687,1790743271,0,0,0,0,0,0,0,0,0,0,0,0,4,4,12,4,1,5463,5452,0,,0,0
9363691,1790743309,0,0,0,0,0,0,0,0,0,0,0,0,6,3,9,3,1,4194,4186,0,,0,0
9363693,1790743337,21947142,3,3,0,0,3,0,0,3,0,0,5,8,9,34,12,1,4504,4471,184,,113,1423
9363694,1790743375,0,0,0,0,0,0,0,0,0,0,0,0,4,1,4,1,1,5032,5029,0,,0,0
9363695,1790743412,0,0,0,0,0,0,0,0,0,0,0,0,2,1,4,1,1,4747,4744,0,,0,0
9363700,1790743454,9890536366,27,16,0,0,16,0,0,16,0,0,4236,2,4228,11484,4255,1,15522,4039,808,,3560,107587
9363702,1790743494,9196470500,5,5,0,0,5,0,0,5,0,0,4005,10,4009,10831,4014,1,15615,4785,280,,950,86459
9363705,1790743551,45377586,17,17,0,0,17,0,0,17,0,0,5,4,9,72,26,1,4677,4606,856,,163,6445
9363711,1790743592,10006132219,31,13,0,0,13,0,0,13,0,0,4234,6,4226,11490,4257,1,15422,3933,664,,16497,267967
9363713,1790743626,9196470500,5,5,0,0,5,0,0,5,0,0,4005,12,4011,10838,4016,1,15878,5041,280,,1912,187788
9363715,1790743689,9338623682,17,11,0,0,11,0,0,11,0,0,4017,4,4019,10891,4036,1,15102,4212,568,,2808,97268
9363716,1790743731,0,0,0,0,0,0,0,0,0,0,0,0,4,3,9,3,1,5178,5170,0,,0,0
9363718,1790743770,9758089920,16,15,0,0,15,0,0,15,0,0,4216,2,4217,11421,4233,1,15072,3652,760,,2004,98204
9363721,1790743814,0,0,0,0,0,0,0,0,0,0,0,0,4,2,7,2,1,4753,4747,0,,0,0
9363723,1790743867,9713418600,11,7,0,0,7,0,0,7,0,0,4212,6,4212,11395,4223,1,17160,5766,376,,1744,103125
9363725,1790743925,0,0,0,0,0,0,0,0,0,0,0,0,4,4,12,4,1,5040,5029,0,,0,0
9363728,1790744019,0,0,0,0,0,0,0,0,0,0,0,0,4,1,4,1,1,7711,7708,0,,0,0
9363731,1790744058,10282719082,33,31,0,0,31,0,0,31,0,0,4423,6,4415,12000,4448,1,16185,4186,1528,,2942,121260
9363734,1790744107,0,0,0,0,0,0,0,0,0,0,0,0,6,2,7,2,1,3910,3904,0,,0,0
9363735,1790744173,0,0,0,0,0,0,0,0,0,0,0,0,6,4,12,4,1,7299,7288,0,,0,0
9363737,1790744212,9799806033,22,9,0,0,9,0,0,9,0,0,4228,2,4217,11439,4239,1,16070,4632,472,,2944,109490
9363741,1790744257,10132740378,10,10,0,0,10,0,0,10,0,0,4408,4,4411,11929,4421,1,15717,3789,520,,943,95479
9363744,1790744325,9234517966,22,22,0,0,22,0,0,22,0,0,4007,8,4014,10890,4036,1,14937,4048,1096,,1011,91776
9363746,1790744346,9300529145,9,6,0,0,6,0,0,6,0,0,4014,6,4012,10849,4021,1,14676,3828,328,,2529,90292
9363748,1790744387,10783248981,15,11,0,0,11,0,0,11,0,0,4615,4,4616,12496,4631,1,17130,4635,568,,4297,114913
9363750,1790744472,9243493364,14,14,0,0,14,0,0,14,0,0,4014,4,4017,10875,4031,1,16749,5875,712,,1113,90904
9363753,1790744504,10637851248,9,8,0,0,8,0,0,8,0,0,4609,4,4612,12474,4621,1,16121,3648,424,,1863,102130
9363754,1790744556,10164095517,10,8,0,0,8,0,0,8,0,0,4410,6,4414,11940,4424,1,15731,3792,424,,1699,125940
9363757,1790744599,0,0,0,0,0,0,0,0,0,0,0,0,2,2,7,2,1,5314,5308,0,,0,0
9363759,1790744648,9936202041,25,19,0,0,19,0,0,19,0,0,4233,6,4231,11482,4256,1,17529,6048,952,,4321,109387
9363765,1790744690,9659868596,6,6,0,0,6,0,0,6,0,0,4206,4,4209,11372,4215,1,15160,3789,328,,839,91720
9363768,1790744757,9724285661,13,7,0,0,7,0,0,7,0,0,4214,12,4219,11419,4232,1,18321,6903,376,,1821,92084
9363770,1790744800,0,0,0,0,0,0,0,0,0,0,0,0,6,5,15,5,1,4059,4045,0,,0,0
9363771,1790744829,10162868188,19,19,0,0,19,0,0,19,0,0,4412,4,4414,11962,4433,1,16596,4635,952,,1058,99145
9363775,1790744879,0,0,0,0,0,0,0,0,0,0,0,0,2,2,7,2,1,4327,4321,0,,0,0
9363778,1790744955,9808750326,18,16,0,0,16,0,0,16,0,0,4219,8,4224,11448,4242,1,17924,6477,808,,2977,100276
9363780,1790744998,9247692960,6,5,0,0,5,0,0,5,0,0,4006,6,4010,10842,4016,1,15479,4638,280,,1731,87763
9363785,1790745035,0,0,0,0,0,0,0,0,0,0,0,0,4,3,10,3,1,3205,3196,0,,0,0
9363786,1790745075,10040675835,29,17,0,0,17,0,0,17,0,0,4290,10,4288,11647,4317,1,17530,5884,856,,4454,103436
9363789,1790745130,9873798959,113,6,0,0,6,0,0,6,0,0,3214,2,3214,8980,3327,1,13752,4773,328,,57353,116261
9363793,1790745175,9716640166,10,6,0,0,6,0,0,6,0,0,4210,6,4215,11401,4225,1,15474,4074,328,,1825,92864
9363796,1790745207,9687036570,12,12,0,0,12,0,0,12,0,0,4210,8,4218,11416,4230,1,16056,4641,616,,983,91777
9363801,1790745251,9702623541,9,7,0,0,7,0,0,7,0,0,4210,6,4215,11402,4224,1,15446,4045,376,,1579,91525
9363803,1790745284,9196470500,5,5,0,0,5,0,0,5,0,0,4005,10,4012,10836,4017,1,15338,4503,280,,809,87355
9363804,1790745328,9857236063,15,8,0,0,8,0,0,8,0,0,4259,4,4260,11535,4275,1,16281,4747,424,,2370,95698
9363807,1790745379,0,0,0,0,0,0,0,0,0,0,0,0,2,1,4,1,1,4324,4321,0,,0,0
9363810,1790745424,0,0,0,0,0,0,0,0,0,0,0,0,6,5,15,5,1,4764,4750,0,,0,0
9363815,1790745477,10259517547,32,30,0,0,30,0,0,30,0,0,4426,6,4428,12030,4460,1,16667,4638,1480,,2176,106569
9363819,1790745529,9247752958,6,5,0,0,5,0,0,5,0,0,4006,10,4014,10847,4020,1,15775,4929,280,,1816,91168
9363821,1790745600,9659868596,6,6,0,0,6,0,0,6,0,0,4206,8,4212,11381,4218,1,18248,6868,328,,857,94344
9363823,1790745636,9711235054,7,6,0,0,6,0,0,6,0,0,4207,4,4210,11380,4217,1,15450,4071,328,,3381,115176
9363830,1790745703,30520658,11,11,0,0,11,0,0,11,0,0,3,4,5,45,16,1,4650,4606,568,,139,4490
9363831,1790745734,9793183997,18,16,0,0,16,0,0,16,0,0,4219,14,4223,11446,4241,1,16800,5355,808,,2515,97988
9363833,1790745778,0,0,0,0,0,0,0,0,0,0,0,0,2,2,7,2,1,3904,3898,0,,0,0
9363837,1790745815,0,0,0,0,0,0,0,0,0,0,0,0,4,3,9,3,1,4050,4042,0,,0,0
9363840,1790745846,0,0,0,0,0,0,0,0,0,0,0,0,8,4,12,4,1,4200,4189,0,,0,0
9363843,1790745893,9900122569,36,33,0,0,33,0,0,33,0,0,4222,6,4222,11492,4258,1,16411,4920,1624,,3904,110340
9363845,1790745944,9915574251,37,10,0,0,10,0,0,10,0,0,4241,6,4232,11517,4269,1,16577,5061,520,,3646,101282
9363848,1790746010,0,0,0,0,0,0,0,0,0,0,0,0,4,4,12,4,1,5604,5593,0,,0,0
9363850,1790746037,0,0,0,0,0,0,0,0,0,0,0,0,6,5,15,5,1,4341,4327,0,,0,0
9363851,1790746097,10703455484,33,33,0,0,33,0,0,33,0,0,4627,4,4628,12581,4661,1,19535,6955,1624,,1378,109470
9363854,1790746169,0,0,0,0,0,0,0,0,0,0,0,0,2,2,7,2,1,4927,4921,0,,0,0
9363858,1790746207,0,0,0,0,0,0,0,0,0,0,0,0,6,4,12,4,1,4761,4750,0,,0,0
9363860,1790746277,10060753520,134,26,0,0,26,0,0,26,0,0,4029,8,3832,10707,3966,1,14642,3936,1288,,7590,336902
9363863,1790746379,10721442938,31,30,0,0,30,0,0,30,0,0,4618,4,4622,12556,4653,1,21420,8865,1480,,6790,268015
9363864,1790746435,0,0,0,0,0,0,0,0,0,0,0,0,6,3,10,3,1,5182,5173,0,,0,0
9363866,1790746467,10019579444,32,24,0,0,24,0,0,24,0,0,4233,2,4230,11501,4262,1,15539,4039,1192,,5687,111130
9363870,1790746503,10137336980,10,10,0,0,10,0,0,10,0,0,4410,4,4411,11929,4421,1,16015,4087,520,,919,95213
9363872,1790746574,0,0,0,0,0,0,0,0,0,0,0,0,8,6,18,6,1,6744,6727,0,,0,0
9363873,1790746610,10852324778,23,14,0,0,14,0,0,14,0,0,4624,4,4625,12546,4648,1,17180,4635,712,,5276,111866
9363874,1790746652,0,0,0,0,0,0,0,0,0,0,0,0,2,2,7,2,1,4750,4744,0,,0,0
9363877,1790746701,0,0,0,0,0,0,0,0,0,0,0,0,2,1,4,1,1,4920,4917,0,,0,0
9363878,1790746741,10409235220,39,33,0,0,33,0,0,33,0,0,4426,6,4422,12041,4461,1,17137,5097,1624,,4342,134571
9363880,1790746784,9210528788,8,8,0,0,8,0,0,8,0,0,4008,2,4009,10842,4017,1,15332,4491,424,,2308,244704
9363884,1790746868,0,0,0,0,0,0,0,0,0,0,0,0,4,3,9,3,1,5601,5593,0,,0,0
9363886,1790746896,0,0,0,0,0,0,0,0,0,0,0,0,8,6,17,6,1,5333,5317,0,,0,0
9363889,1790746952,10439674810,34,19,0,0,19,0,0,19,0,0,4435,4,4432,12049,4466,1,16090,4042,952,,5510,114824
9363891,1790746975,9279046914,18,17,0,0,17,0,0,17,0,0,4012,6,4016,10886,4034,1,14818,3933,856,,1924,92167
9363897,1790747084,10240890957,25,23,0,0,23,0,0,23,0,0,4425,4,4427,12016,4452,1,19582,7567,1144,,1917,102462
9363900,1790747130,0,0,0,0,0,0,0,0,0,0,0,0,12,7,20,7,1,4919,4900,0,,0,0
9363904,1790747177,21493164,7,7,0,0,7,0,0,7,0,0,2,6,2,25,9,1,4774,4750,376,,130,2782
9363908,1790747210,10868674566,73,24,0,0,24,0,0,24,0,0,4434,8,4434,12163,4507,1,16239,4077,1192,,13336,123269
9363912,1790747300,0,0,0,0,0,0,0,0,0,0,0,0,8,5,15,5,1,6632,6618,0,,0,0
9363914,1790747332,9243493364,14,14,0,0,14,0,0,14,0,0,4014,8,4018,10878,4032,1,15102,4225,712,,1024,90678
9363917,1790747377,10175523104,9,8,0,0,8,0,0,8,0,0,4410,4,4413,11931,4422,1,16714,4784,424,,2071,100584
9363922,1790747438,10195655641,15,9,0,0,9,0,0,9,0,0,4417,6,4418,11963,4433,1,17023,5061,472,,1751,168686
9363925,1790747483,9310160785,12,8,0,0,8,0,0,8,0,0,4012,10,4019,10878,4031,1,15239,4362,424,,6540,221676
9363928,1790747534,0,0,0,0,0,0,0,0,0,0,0,0,6,6,17,6,1,5189,5173,0,,0,0
9363929,1790747552,9211284788,8,8,0,0,8,0,0,8,0,0,4008,6,4009,10839,4017,1,15758,4920,424,,2060,191728
9363931,1790747600,10200333420,12,9,0,0,9,0,0,9,0,0,4413,2,4414,11940,4426,1,16148,4209,472,,4906,164537
9363935,1790747638,0,0,0,0,0,0,0,0,0,0,0,0,4,4,12,4,1,4053,4042,0,,0,0
9363939,1790747704,9875861763,49,44,0,0,44,0,0,44,0,0,4222,8,4227,11541,4276,1,17873,6333,2152,,5152,115702
9363942,1790747760,9659112596,6,6,0,0,6,0,0,6,0,0,4206,8,4212,11381,4218,1,17149,5769,328,,973,94473
9363944,1790747824,9350723467,27,17,0,0,17,0,0,17,0,0,4028,6,4026,10937,4053,1,14840,3904,856,,2340,132366
9363947,1790747868,10123266692,7,7,0,0,7,0,0,7,0,0,4407,4,4409,11916,4416,1,17396,5481,376,,894,110924
9363949,1790747921,9290555901,9,6,0,0,6,0,0,6,0,0,4010,6,4015,10857,4024,1,15667,4811,328,,2341,111962
9363950,1790747953,10166273635,10,8,0,0,8,0,0,8,0,0,4411,4,4415,11942,4425,1,16612,4671,424,,1594,120277
9363954,1790747999,9762141287,16,14,0,0,14,0,0,14,0,0,4217,2,4219,11425,4235,1,15351,3927,712,,2250,104554
9363958,1790748069,0,0,0,0,0,0,0,0,0,0,0,0,8,5,15,5,1,5331,5317,0,,0,0
9363961,1790748091,9910725191,26,20,0,0,20,0,0,20,0,0,4278,8,4279,11617,4305,1,15975,4359,1000,,2037,106884
9363965,1790748151,9739207184,12,11,0,0,11,0,0,11,0,0,4214,6,4219,11415,4231,1,15911,4497,568,,2042,95865
9363967,1790748200,9247752958,6,5,0,0,5,0,0,5,0,0,4006,8,4011,10844,4017,1,15343,4500,280,,1659,88719
9363970,1790748236,0,0,0,0,0,0,0,0,0,0,0,0,4,2,7,2,1,4048,4042,0,,0,0
9363972,1790748277,0,0,0,0,0,0,0,0,0,0,0,0,6,5,15,5,1,4059,4045,0,,0,0
9363974,1790748332,10235836006,24,22,0,0,22,0,0,22,0,0,4416,4,4418,11989,4442,1,16482,4494,1096,,2037,105368
9363976,1790748369,9196470500,5,5,0,0,5,0,0,5,0,0,4005,4,4008,10827,4013,1,14615,3789,280,,802,168193
9363978,1790748467,9674694884,9,9,0,0,9,0,0,9,0,0,4209,4,4213,11392,4222,1,20288,8897,472,,2097,110838
9363979,1790748530,9247752958,6,5,0,0,5,0,0,5,0,0,4006,4,4010,10838,4016,1,15338,4501,280,,1768,111126
9363983,1790748547,9196470500,5,5,0,0,5,0,0,5,0,0,4005,2,4006,10823,4011,1,14326,3504,280,,2416,242590
9363986,1790748597,10140497140,12,12,0,0,12,0,0,12,0,0,4410,8,4417,11950,4429,1,16308,4359,616,,1015,96700
9363987,1790748659,10246713492,20,13,0,0,13,0,0,13,0,0,4422,6,4423,11989,4443,1,18741,6753,664,,2471,102771
9363991,1790748725,9282995106,18,18,0,0,18,0,0,18,0,0,4026,2,4028,10919,4046,1,15550,4632,904,,1117,98309
9363994,1790748770,9659868596,6,6,0,0,6,0,0,6,0,0,4206,8,4212,11384,4218,1,16306,4923,328,,878,92305
9363999,1790748842,0,0,0,0,0,0,0,0,0,0,0,0,6,6,18,6,1,5190,5173,0,,0,0
9364002,1790748879,10777041873,27,20,0,0,20,0,0,20,0,0,4623,10,4626,12556,4653,1,17199,4644,1000,,3777,110554
9364004,1790748941,10244819172,20,9,0,0,9,0,0,9,0,0,4422,6,4423,11992,4443,1,17446,5455,472,,2668,99823
9364005,1790748972,9196470500,5,5,0,0,5,0,0,5,0,0,4005,4,4007,10830,4012,1,15464,4635,280,,790,130150
9364009,1790749027,0,0,0,0,0,0,0,0,0,0,0,0,2,2,7,2,1,4750,4744,0,,0,0
9364011,1790749059,0,0,0,0,0,0,0,0,0,0,0,0,8,6,18,6,1,4911,4894,0,,0,0
9364014,1790749111,9337418670,24,22,1,2,23,0,0,23,1,0,4021,4,4023,10919,4047,1,15842,4924,1144,,6156,281729
9364017,1790749176,10123266692,7,7,0,0,7,0,0,7,0,0,4407,6,4410,11919,4417,1,17261,5343,376,,922,94337
9364020,1790749256,0,0,0,0,0,0,0,0,0,0,0,0,6,5,15,5,1,6597,6583,0,,0,0
9364022,1790749272,9416697349,33,22,0,0,22,0,0,22,0,0,4034,6,4034,10978,4067,1,14769,3792,1096,,3023,97365
9364024,1790749377,0,0,0,0,0,0,0,0,0,0,0,0,4,4,12,4,1,7155,7144,0,,0,0
9364027,1790749408,9659868596,6,6,0,0,6,0,0,6,0,0,4206,4,4209,11379,4215,1,15731,4353,328,,842,91478
9364031,1790749480,9330992816,23,20,0,0,20,0,0,20,0,0,4019,6,4023,10916,4046,1,16511,5596,1000,,2572,94580
9364033,1790749572,0,0,0,0,0,0,0,0,0,0,0,0,8,5,15,5,1,7305,7291,0,,0,0
9364035,1790749608,9398456507,29,22,0,0,22,0,0,22,0,0,4030,4,4029,10950,4058,1,15725,4776,1096,,2937,98607
9364036,1790749665,0,0,0,0,0,0,0,0,0,0,0,0,4,3,9,3,1,6479,6471,0,,0,0
9364037,1790749711,9753146939,10,7,0,0,7,0,0,7,0,0,4211,2,4211,11390,4221,1,16057,4668,376,,2510,96068
9364038,1790749750,10685466415,13,10,0,0,10,0,0,10,0,0,4614,2,4615,12488,4628,1,18500,6013,520,,2797,106729
9364041,1790749813,0,0,0,0,0,0,0,0,0,0,0,0,2,1,4,1,1,4324,4321,0,,0,0
9364043,1790749848,33850724,13,13,0,0,13,0,0,13,0,0,3,6,5,50,18,1,4658,4609,664,,158,5148
9364046,1790749910,10914596431,29,18,0,0,18,0,0,18,0,0,4629,4,4625,12560,4654,1,18322,5763,904,,5818,116309
9364049,1790749951,9667018368,7,7,0,0,7,0,0,7,0,0,4208,6,4212,11382,4219,1,15737,4356,376,,846,92097
9364050,1790750005,10755536783,27,24,0,0,24,0,0,24,0,0,4627,6,4632,12569,4659,1,18869,6301,1192,,2829,234251
9364051,1790750094,9814556502,13,9,0,0,9,0,0,9,0,0,4213,2,4212,11404,4225,1,19137,7734,472,,9587,192046
9364054,1790750136,9502199896,18,14,0,0,14,0,0,14,0,0,4109,2,4109,11135,4127,1,15202,4068,712,,1684,92214
9364056,1790750194,0,0,0,0,0,0,0,0,0,0,0,0,6,6,17,6,1,4766,4750,0,,0,0
9364060,1790750291,9386088901,23,20,0,0,20,0,0,20,0,0,4037,4,4038,10962,4061,1,18589,7628,1000,,2477,97020
9364062,1790750334,9203539092,6,6,0,0,6,0,0,6,0,0,4007,8,4013,10846,4019,1,16585,5740,328,,977,98037
9364065,1790750373,9880194806,17,11,0,0,11,0,0,11,0,0,4217,4,4215,11422,4232,1,15633,4212,568,,4467,112688
9364069,1790750469,0,0,0,0,0,0,0,0,0,0,0,0,6,6,18,6,1,6882,6865,0,,0,0
9364070,1790750497,9819598389,22,10,0,0,10,0,0,10,0,0,4221,8,4219,11444,4241,1,16196,4753,520,,2911,99094
9364073,1790750561,10781320486,28,25,0,0,25,0,0,25,0,0,4623,2,4620,12543,4648,1,18302,5760,1240,,3789,113382
9364075,1790750602,9216121314,9,9,0,0,9,0,0,9,0,0,4009,6,4013,10854,4022,1,15350,4497,472,,919,92800
9364078,1790750644,9245656489,9,7,0,0,7,0,0,7,0,0,4010,4,4013,10852,4022,1,14499,3648,376,,1668,89714
9364081,1790750681,10123266692,7,7,0,0,7,0,0,7,0,0,4407,6,4412,11924,4419,1,15856,3933,376,,938,98705
9364082,1790750730,9796537636,18,13,0,0,13,0,0,13,0,0,4219,6,4222,11442,4240,1,16784,5343,664,,2745,180822
9364084,1790750792,10994927835,342,137,0,0,137,0,0,137,0,0,4296,2,4256,12405,4598,1,18305,5901,6616,,9145,231516
9364086,1790750838,10996981008,228,228,0,0,228,0,0,228,0,0,4629,4,4214,11987,4442,1,16584,4598,10984,,3163,216757
9364088,1790750890,10368200820,36,32,0,0,32,0,0,32,0,0,4418,4,4418,12018,4454,1,15947,3930,1576,,5409,124409
9364091,1790750912,10994046319,301,38,0,0,38,0,0,38,0,0,4335,4,4076,11811,4377,1,16445,4635,1864,,17143,212112
9364093,1790750961,0,0,0,0,0,0,0,0,0,0,0,0,6,5,15,5,1,4623,4609,0,,0,0
9364098,1790751022,10298366344,40,40,0,0,40,0,0,40,0,0,4428,4,4429,12062,4469,1,15821,3760,1960,,2633,108591
9364100,1790751044,9260131565,12,6,0,0,6,0,0,6,0,0,4013,10,4014,10862,4026,1,14800,3939,328,,1823,89519
9364103,1790751107,9723835710,12,11,0,0,11,0,0,11,0,0,4208,4,4211,11397,4223,1,16877,5481,568,,1820,94162
9364104,1790751146,9921858030,21,14,0,0,14,0,0,14,0,0,4221,6,4221,11449,4242,1,16368,4920,712,,4857,105371
9364106,1790751184,10667128540,15,14,0,0,14,0,0,14,0,0,4616,2,4617,12499,4632,1,16848,4350,712,,2118,231818
9364109,1790751247,0,0,0,0,0,0,0,0,0,0,0,0,4,3,10,3,1,5320,5311,0,,0,0
9364112,1790751312,9866288916,29,23,0,0,23,0,0,23,0,0,4223,6,4222,11470,4251,1,18334,6865,1144,,9816,178941
9364114,1790751376,9481047875,23,11,0,0,11,0,0,11,0,0,4024,6,4022,10911,4045,1,16535,5625,568,,4806,101805
9364120,1790751453,0,0,0,0,0,0,0,0,0,0,0,0,4,3,9,3,1,4227,4219,0,,0,0
9364125,1790751483,0,0,0,0,0,0,0,0,0,0,0,0,12,7,20,7,1,4214,4195,0,,0,0
9364126,1790751537,0,0,0,0,0,0,0,0,0,0,0,0,10,5,15,5,1,5757,5743,0,,0,0
9364130,1790751564,9869493243,25,18,0,0,18,0,0,18,0,0,4222,2,4222,11459,4247,1,15215,3757,904,,3791,105307
9364133,1790751632,0,0,0,0,0,0,0,0,0,0,0,0,8,5,15,5,1,4767,4753,0,,0,0
9364139,1790751664,0,0,0,0,0,0,0,0,0,0,0,0,6,3,9,3,1,4476,4468,0,,0,0
9364141,1790751723,0,0,0,0,0,0,0,0,0,0,0,0,12,6,18,6,1,5622,5605,0,,0,0
9364143,1790751749,9569637930,147,139,0,0,139,0,0,139,0,0,4024,4,4022,11249,4169,1,14755,3507,6712,,3284,139050
9364150,1790751791,9196470500,5,5,0,0,5,0,0,5,0,0,4005,4,4008,10834,4013,1,14904,4071,280,,944,88229
9364153,1790751842,0,0,0,0,0,0,0,0,0,0,0,0,14,9,26,9,1,4505,4480,0,,0,0
9364155,1790751890,0,0,0,0,0,0,0,0,0,0,0,0,6,1,4,1,1,4471,4468,0,,0,0
9364156,1790751926,9765603012,13,8,0,0,8,0,0,8,0,0,4215,4,4214,11407,4227,1,16746,5340,424,,2600,95248
9364157,1790752029,9751043020,33,33,0,0,33,0,0,33,0,0,4224,2,4211,11453,4244,1,15209,3757,1624,,1007,102131
9364158,1790752076,9252370445,10,9,0,0,9,0,0,9,0,0,4013,2,4010,10846,4020,1,17736,6891,472,,1520,90588
9364159,1790752138,9746215370,12,10,0,0,10,0,0,10,0,0,4213,2,4214,11401,4226,1,16491,5091,520,,3124,100959
9364160,1790752177,9246996958,6,5,0,0,5,0,0,5,0,0,4006,2,4007,10831,4013,1,15180,4350,280,,1702,91288
9364164,1790752206,9203911092,6,6,0,0,6,0,0,6,0,0,4007,2,4009,10835,4015,1,14620,3786,328,,958,88344
9364168,1790752260,9776698073,11,8,0,0,8,0,0,8,0,0,4212,8,4219,11417,4230,1,15493,4077,424,,2842,97254
9364170,1790752304,9214597580,10,10,0,0,10,0,0,10,0,0,4007,8,4009,10848,4019,1,15629,4782,520,,1079,90826
9364173,1790752346,9248726912,7,6,0,0,6,0,0,6,0,0,4008,4,4010,10839,4017,1,15050,4212,328,,1835,88648
9364176,1790752416,9701130699,9,7,0,0,7,0,0,7,0,0,4209,6,4215,11401,4224,1,17025,5625,376,,1679,91249
9364179,1790752473,0,0,0,0,0,0,0,0,0,0,0,0,6,5,15,5,1,4764,4750,0,,0,0
9364181,1790752516,0,0,0,0,0,0,0,0,0,0,0,0,6,5,15,5,1,4905,4891,0,,0,0
9364183,1790752543,10219930026,25,17,0,0,17,0,0,17,0,0,4419,4,4416,11980,4441,1,15627,3648,856,,1945,102120
9364186,1790752606,9196470500,5,5,0,0,5,0,0,5,0,0,4005,4,4008,10831,4013,1,15606,4776,280,,805,87886
9364189,1790752667,9659112596,6,6,0,0,6,0,0,6,0,0,4206,6,4210,11374,4216,1,16184,4811,328,,936,91123
9364193,1790752707,9196470500,5,5,0,0,5,0,0,5,0,0,4005,6,4010,10833,4015,1,15752,4920,280,,861,89078
9364195,1790752773,0,0,0,0,0,0,0,0,0,0,0,0,8,6,18,6,1,5193,5176,0,,0,0
9364198,1790752808,9247752958,6,5,0,0,5,0,0,5,0,0,4006,4,4009,10834,4015,1,14763,3930,280,,1660,87096
9364201,1790752869,0,0,0,0,0,0,0,0,0,0,0,0,6,6,17,6,1,4907,4891,0,,0,0
9364202,1790752915,0,0,0,0,0,0,0,0,0,0,0,0,6,5,15,5,1,5751,5737,0,,0,0
9364206,1790752963,10869165188,44,40,0,0,40,0,0,40,0,0,4652,2,4621,12587,4665,1,17641,5055,1960,,3450,232148
9364208,1790753013,9247033748,14,14,0,0,14,0,0,14,0,0,4017,8,4013,10871,4027,1,16216,5346,712,,2784,168699
9364212,1790753085,0,0,0,0,0,0,0,0,0,0,0,0,4,4,12,4,1,5322,5311,0,,0,0
9364215,1790753121,9761142340,25,25,0,0,25,0,0,25,0,0,4229,8,4220,11455,4245,1,15672,4218,1240,,1111,98771
9364216,1790753174,9868450775,32,17,0,0,17,0,0,17,0,0,4235,6,4226,11489,4258,1,17507,6019,856,,3335,101498
9364219,1790753219,9741922626,22,22,0,0,22,0,0,22,0,0,4221,2,4214,11431,4236,1,15075,3645,1096,,1174,95362
9364225,1790753256,10692071644,27,27,0,0,27,0,0,27,0,0,4632,6,4627,12557,4654,1,16525,3969,1336,,1159,106529
9364227,1790753332,10689932532,28,28,0,0,28,0,0,28,0,0,4632,12,4625,12556,4653,1,19176,6621,1384,,1125,111289
9364229,1790753374,9301105100,40,40,0,0,40,0,0,40,0,0,4021,4,4011,10931,4051,1,14719,3789,1960,,1087,98733
9364233,1790753444,9914729168,33,29,0,0,29,0,0,29,0,0,4237,4,4220,11481,4253,1,15833,4353,1432,,3759,103413
9364235,1790753500,9362037619,22,19,0,0,19,0,0,19,0,0,4026,8,4016,10898,4038,1,15977,5080,952,,2759,94100
9364240,1790753545,9768430562,15,12,0,0,12,0,0,12,0,0,4219,4,4215,11415,4230,1,15626,4212,616,,1897,95817
9364243,1790753576,9742087452,28,28,0,0,28,0,0,28,0,0,4217,10,4215,11454,4243,1,16350,4897,1384,,1187,101608
9364246,1790753616,9693840156,11,11,0,0,11,0,0,11,0,0,4216,6,4212,11393,4223,1,15748,4356,568,,911,94590
9364249,1790753664,10664691052,24,24,0,0,24,0,0,24,0,0,4625,6,4617,12525,4641,1,17303,4779,1192,,1303,123155
9364251,1790753721,0,0,0,0,0,0,0,0,0,0,0,0,6,5,15,5,1,4059,4045,0,,0,0
9364255,1790753751,0,0,0,0,0,0,0,0,0,0,0,0,4,3,9,3,1,4191,4183,0,,0,0
9364257,1790753784,10825987414,48,40,0,0,40,0,0,40,0,0,4658,8,4622,12602,4670,1,17383,4782,1960,,2347,208233
9364258,1790753827,9307211209,25,23,0,0,23,0,0,23,0,0,4023,4,4012,10897,4037,1,15502,4606,1144,,2309,220937
9364261,1790753869,0,0,0,0,0,0,0,0,0,0,0,0,2,1,4,1,1,4356,4353,0,,0,0
9364263,1790753896,9331852916,20,18,0,0,18,0,0,18,0,0,4026,6,4016,10892,4036,1,14824,3933,904,,1986,96286
9364267,1790753950,9499311342,34,30,0,0,30,0,0,30,0,0,4033,4,4021,10945,4055,1,16425,5481,1480,,4197,105998
9364268,1790753994,0,0,0,0,0,0,0,0,0,0,0,0,8,5,15,5,1,5190,5176,0,,0,0
9364269,1790754050,9461748541,52,47,0,0,47,0,0,47,0,0,4053,2,4026,11003,4078,1,17467,6465,2296,,2720,123415
9364272,1790754131,9334160277,13,11,0,0,11,0,0,11,0,0,4014,2,4015,10872,4028,1,15785,4914,568,,6077,128478
9364275,1790754180,9228643076,11,11,0,0,11,0,0,11,0,0,4011,6,4015,10868,4026,1,15646,4779,568,,1062,90669
9364277,1790754234,10446799045,28,16,0,0,16,0,0,16,0,0,4429,6,4428,12027,4456,1,17510,5484,808,,8410,269221
9364279,1790754286,9243493364,14,14,0,0,14,0,0,14,0,0,4014,4,4018,10879,4032,1,15795,4917,712,,1066,92531
9364282,1790754330,9347377225,19,15,0,0,15,0,0,15,0,0,4020,4,4022,10904,4041,1,15256,4353,760,,2716,95839
9364285,1790754367,9690976462,18,17,0,0,17,0,0,17,0,0,4209,6,4213,11413,4231,1,15486,4074,856,,1005,99705
9364288,1790754434,0,0,0,0,0,0,0,0,0,0,0,0,6,5,15,5,1,5328,5314,0,,0,0
9364293,1790754555,10761121774,20,15,0,0,15,0,0,15,0,0,4621,6,4625,12531,4645,1,17204,4674,760,,3525,112782
9364296,1790754591,9442011103,14,9,0,0,9,0,0,9,0,0,4015,10,4019,10883,4033,1,15949,5067,472,,14103,263600
9364299,1790754637,9753255800,20,12,0,0,12,0,0,12,0,0,4218,6,4217,11434,4237,1,15930,4497,616,,1943,95805
9364301,1790754706,9498879785,22,13,0,0,13,0,0,13,0,0,4024,6,4025,10918,4047,1,16824,5907,664,,4957,103632
9364305,1790754833,0,0,0,0,0,0,0,0,0,0,0,0,4,3,9,3,1,7857,7849,0,,0,0
9364309,1790754893,9838317523,14,11,0,0,11,0,0,11,0,0,4217,8,4221,11427,4235,1,15897,4471,568,,4071,100107
9364311,1790754948,0,0,0,0,0,0,0,0,0,0,0,0,8,5,15,5,1,5472,5458,0,,0,0
9364313,1790755001,10317445642,22,11,0,0,11,0,0,11,0,0,4422,4,4419,11985,4441,1,16619,4635,568,,3707,105799
9364314,1790755059,9845674376,26,20,0,0,20,0,0,20,0,0,4216,4,4219,11457,4245,1,16336,4880,1000,,3928,103892
9364316,1790755133,9294761015,12,6,0,0,6,0,0,6,0,0,4013,2,4012,10862,4024,1,14506,3645,328,,2758,91989
9364320,1790755171,9665500180,7,7,0,0,7,0,0,7,0,0,4207,4,4211,11384,4218,1,15877,4494,376,,878,93149
9364322,1790755226,0,0,0,0,0,0,0,0,0,0,0,0,8,4,12,4,1,5328,5317,0,,0,0
9364325,1790755258,10214453528,19,15,0,0,15,0,0,15,0,0,4420,4,4421,11980,4440,1,15909,3930,760,,1946,102808
9364328,1790755350,9878496555,39,34,0,0,34,0,0,34,0,0,4237,6,4240,11548,4279,1,17707,6160,1672,,3078,107785
9364331,1790755395,10633723652,17,17,0,0,17,0,0,17,0,0,4617,6,4619,12509,4636,1,17005,4497,856,,1266,108864
9364335,1790755423,9211284788,8,8,0,0,8,0,0,8,0,0,4008,6,4013,10852,4021,1,15178,4327,424,,930,89627
9364337,1790755470,9247167277,9,7,0,0,7,0,0,7,0,0,4011,8,4016,10861,4025,1,15219,4359,376,,1720,89005
9364339,1790755505,9659868596,6,6,0,0,6,0,0,6,0,0,4206,4,4209,11377,4215,1,15165,3789,328,,842,90947
9364341,1790755532,9291402269,25,19,0,0,19,0,0,19,0,0,4016,4,4016,10906,4041,1,15511,4606,952,,1777,94816
9364343,1790755591,10187575742,11,10,0,0,10,0,0,10,0,0,4409,4,4411,11934,4422,1,16286,4353,520,,1865,97459
9364348,1790755628,0,0,0,0,0,0,0,0,0,0,0,0,4,3,9,3,1,4614,4606,0,,0,0
9364349,1790755659,9492779362,23,17,0,0,17,0,0,17,0,0,4024,10,4023,10920,4046,1,15808,4889,856,,5259,103913
9364352,1790755735,10269886618,26,22,0,0,22,0,0,22,0,0,4419,2,4421,12001,4447,1,15504,3504,1096,,2860,105237
9364357,1790755777,9913481861,16,10,0,0,10,0,0,10,0,0,4217,6,4221,11435,4237,1,16043,4609,520,,5426,104856
9364360,1790755841,0,0,0,0,0,0,0,0,0,0,0,0,10,7,20,7,1,5198,5179,0,,0,0
9364363,1790755885,10996920401,78,73,0,0,73,0,0,73,0,0,4699,6,4621,12678,4699,1,17597,4920,3544,,3021,127997
9364367,1790755958,10996492014,201,195,0,0,195,0,0,195,0,0,4585,6,4220,11932,4421,1,17415,5484,9400,,4749,185447
9364369,1790756016,9659868596,6,6,0,0,6,0,0,6,0,0,4206,8,4211,11380,4217,1,17148,5769,328,,932,91934
9364370,1790756074,0,0,0,0,0,0,0,0,0,0,0,0,4,4,12,4,1,5040,5029,0,,0,0
9364371,1790756092,9239477443,8,6,0,0,6,0,0,6,0,0,4009,2,4010,10844,4018,1,15334,4491,328,,1536,88401
9364373,1790756141,0,0,0,0,0,0,0,0,0,0,0,0,2,2,7,2,1,4891,4885,0,,0,0
9364375,1790756220,28129294,11,11,0,0,11,0,0,11,0,0,2,4,2,37,13,1,6193,6157,568,,139,4309
9364378,1790756281,9714051695,11,9,0,0,9,0,0,9,0,0,4212,4,4213,11398,4224,1,15786,4389,472,,1743,91954
9364379,1790756347,10243377599,21,19,1,11,20,0,0,20,1,0,4413,6,4416,11971,4437,1,18300,6330,1000,,2445,104464
9364380,1790756386,0,0,0,0,0,0,0,0,0,0,0,0,2,2,7,2,1,4891,4885,0,,0,0
9364382,1790756413,9404332302,14,9,0,0,9,0,0,9,0,0,4014,2,4011,10865,4025,1,15073,4209,472,,3860,97069
9364385,1790756482,9360752629,21,8,0,0,8,0,0,8,0,0,4021,4,4018,10899,4039,1,16661,5763,424,,2811,94083
9364388,1790756546,9699725594,22,22,0,0,22,0,0,22,0,0,4210,6,4216,11435,4238,1,17059,5625,1096,,915,95589
9364389,1790756590,9417107438,16,10,0,0,10,0,0,10,0,0,4016,6,4014,10872,4030,1,16355,5484,520,,4101,99908
9364393,1790756642,9674694884,9,9,0,0,9,0,0,9,0,0,4209,2,4211,11387,4220,1,15707,4321,472,,868,91141
9364395,1790756677,0,0,0,0,0,0,0,0,0,0,0,0,8,7,20,7,1,5336,5317,0,,0,0
9364401,1790756738,9690658522,15,15,0,0,15,0,0,15,0,0,4210,4,4211,11402,4226,1,16007,4606,760,,2323,235790
9364407,1790756793,9237708605,8,6,0,0,6,0,0,6,0,0,4008,12,4015,10855,4023,1,15190,4336,328,,2138,89524
9364412,1790756819,10998939223,297,295,0,0,295,0,0,295,0,0,4580,12,4019,11648,4316,1,16153,4506,14200,,2973,210201
9364416,1790756875,10167037556,16,16,0,0,16,0,0,16,0,0,4416,10,4422,11972,4438,1,16510,4539,808,,1008,101839
9364420,1790756915,10123266692,7,7,0,0,7,0,0,7,0,0,4407,8,4414,11928,4421,1,16257,4330,376,,910,98551
9364423,1790756956,0,0,0,0,0,0,0,0,0,0,0,0,8,7,20,7,1,4490,4471,0,,0,0
9364428,1790756999,9297573370,8,6,0,0,6,0,0,6,0,0,4009,6,4011,10846,4019,1,15060,4215,328,,2762,104824
9364431,1790757045,9659112596,6,6,0,0,6,0,0,6,0,0,4206,10,4212,11381,4218,1,15460,4080,328,,1040,96765
9364435,1790757080,0,0,0,0,0,0,0,0,0,0,0,0,6,4,12,4,1,4197,4186,0,,0,0
9364437,1790757120,10129909106,8,8,0,0,8,0,0,8,0,0,4409,8,4413,11934,4421,1,17138,5205,424,,1045,101104
9364438,1790757160,10999336408,117,20,0,0,20,0,0,20,0,0,4620,4,4341,12030,4458,1,16946,4917,1000,,12126,112619
9364441,1790757203,10998867135,447,119,0,0,119,0,0,119,0,0,3632,2,3416,10425,3863,1,13364,2940,5752,,50812,142500
9364443,1790757237,10997871919,2018,1286,7,28,1293,0,0,1293,7,0,2250,6,472,6718,2490,1,11355,4638,62104,,47598,801344
9364445,1790757285,10954767067,4022,3905,2,100,3907,0,0,3907,2,0,436,4,18,10898,4040,1,15362,4465,187576,,34249,1538675
9364448,1790757313,10122510692,7,7,0,0,7,0,0,7,0,0,4407,4,4408,11913,4415,1,15842,3930,376,,955,96085
9364450,1790757371,0,0,0,0,0,0,0,0,0,0,0,0,6,3,9,3,1,5040,5032,0,,0,0
9364454,1790757402,10846459577,39,13,0,0,13,0,0,13,0,0,4641,4,4631,12598,4670,1,16527,3930,664,,4762,114116
9364457,1790757440,0,0,0,0,0,0,0,0,0,0,0,0,8,7,20,7,1,3962,3943,0,,0,0
9364458,1790757473,10605577932,15,15,0,0,15,0,0,15,0,0,4610,6,4613,12487,4628,1,17019,4533,760,,1183,104389
9364461,1790757521,9667864490,7,7,0,0,7,0,0,7,0,0,4208,2,4210,11379,4217,1,15446,4068,376,,965,92503
9364463,1790757563,0,0,0,0,0,0,0,0,0,0,0,0,6,6,18,6,1,4344,4327,0,,0,0
9364467,1790757597,9326394155,13,11,0,0,11,0,0,11,0,0,4011,4,4012,10865,4025,1,14935,4071,568,,2996,92391
9364470,1790757641,10169284989,12,9,0,0,9,0,0,9,0,0,4411,8,4415,11944,4427,1,15879,3936,472,,1570,97423
9364471,1790757681,10816587206,231,230,0,0,230,0,0,230,0,0,4416,6,4420,12549,4651,1,17468,4920,11080,,6948,182374
9364473,1790757714,10964404714,703,701,0,0,701,0,0,701,0,0,4093,2,4081,12911,4784,1,17683,4773,33688,,8373,355364
9364476,1790757759,10175623086,1771,1664,0,0,1664,0,0,1664,0,0,2359,4,2228,10794,3999,1,15005,4212,79912,,23487,731688
9364479,1790757807,10888180149,37,35,0,0,35,0,0,35,0,0,4242,6,4246,11556,4283,1,15459,3904,1720,,2002,114486
9364483,1790757842,8411380216,13,10,0,0,10,0,0,10,0,0,3614,6,3619,9800,3632,1,12886,3087,520,,3139,88577
9364487,1790757875,10232942385,10,8,0,0,8,0,0,8,0,0,4294,8,2642,7160,2652,1,11518,4359,424,,3463,131826
9364489,1790757925,0,0,0,0,0,0,0,0,0,0,0,0,8,7,20,7,1,4208,4189,0,,0,0
9364493,1790757960,9050289573,48,21,0,0,21,0,0,21,0,0,3844,4,3832,10467,3880,1,14396,3930,1048,,4334,103453
9364495,1790758013,10957903689,95,20,0,0,20,0,0,20,0,0,4131,8,2456,6882,2551,1,12198,5317,1000,,26479,165036
9364497,1790758061,10864698463,74,8,0,0,8,0,0,8,0,0,4559,4,2854,7902,2928,1,12149,4248,424,,2980,148918
9364500,1790758144,9311657816,13,8,0,0,8,0,0,8,0,0,4017,4,4020,10883,4033,1,17491,6609,424,,2709,89420
9364502,1790758217,0,0,0,0,0,0,0,0,0,0,0,0,6,3,9,3,1,5745,5737,0,,0,0
9364507,1790758249,10341642653,25,11,0,0,11,0,0,11,0,0,4426,4,4422,12002,4447,1,16213,4212,568,,4199,107380
9364510,1790758302,0,0,0,0,0,0,0,0,0,0,0,0,10,8,23,8,1,4355,4333,0,,0,0
9364512,1790758323,0,0,0,0,0,0,0,0,0,0,0,0,6,3,10,3,1,4900,4891,0,,0,0
9364513,1790758375,10257153340,29,28,0,0,28,0,0,28,0,0,4421,4,4421,12007,4450,1,17628,5622,1384,,2349,105401
9364516,1790758453,10773903880,6,6,0,0,6,0,0,6,0,0,4234,2,4236,11448,4242,1,16784,5337,328,,1023,103956
9364518,1790758494,9554638301,11,8,0,0,8,0,0,8,0,0,4352,6,1039,2835,1050,1,7302,4468,424,,2525,142728
9364522,1790758568,0,0,0,0,0,0,0,0,0,0,0,0,4,2,7,2,1,5317,5311,0,,0,0
9364524,1790758598,10800166432,28,17,0,0,17,0,0,17,0,0,4630,8,4630,12570,4658,1,17806,5237,856,,3578,111230
9364527,1790758644,0,0,0,0,0,0,0,0,0,0,0,0,4,4,12,4,1,4053,4042,0,,0,0
9364531,1790758671,9804237128,31,26,0,0,26,0,0,26,0,0,4217,6,4217,11461,4248,1,15393,3933,1288,,2773,101571
9364532,1790758715,9239189445,8,6,0,0,6,0,0,6,0,0,4009,8,4015,10853,4023,1,16339,5487,328,,1794,103799
9364534,1790758791,0,0,0,0,0,0,0,0,0,0,0,0,2,2,7,2,1,6019,6013,0,,0,0
9364536,1790758817,9692053172,12,12,0,0,12,0,0,12,0,0,4212,4,4214,11407,4226,1,15618,4212,616,,1131,97107
9364540,1790758868,9196470500,5,5,0,0,5,0,0,5,0,0,4005,4,4009,10831,4014,1,14760,3930,280,,795,87112
9364541,1790758896,9236750081,8,6,0,0,6,0,0,6,0,0,4008,8,4012,10848,4020,1,15770,4923,328,,1564,88598
9364544,1790758982,10682181313,29,27,0,0,27,0,0,27,0,0,4618,2,4620,12543,4649,1,19289,6747,1336,,1885,108697
9364546,1790759058,0,0,0,0,0,0,0,0,0,0,0,0,6,5,15,5,1,5187,5173,0,,0,0
9364547,1790759077,9687432570,12,12,0,0,12,0,0,12,0,0,4210,4,4212,11397,4224,1,15898,4502,616,,1015,93154
9364553,1790759138,0,0,0,0,0,0,0,0,0,0,0,0,2,2,7,2,1,4327,4321,0,,0,0
9364556,1790759170,9792642461,16,8,0,0,8,0,0,8,0,0,4218,12,4220,11431,4236,1,16189,4759,424,,2796,98284
9364557,1790759225,8814704234,13,12,0,0,12,0,0,12,0,0,3810,6,3813,10322,3826,1,15808,5487,616,,1709,86391
9364558,1790759255,9994073907,18,15,0,0,15,0,0,15,0,0,3848,2,3848,10436,3866,1,15320,4885,760,,2859,98196
9364560,1790759329,10304366286,8,7,0,0,7,0,0,7,0,0,4520,2,2034,5511,2042,1,9163,3653,376,,1840,133816
9364561,1790759350,10508528300,6,6,0,0,6,0,0,6,0,0,4974,4,832,2263,838,1,6868,4606,328,,929,160134
9364563,1790759409,0,0,0,0,0,0,0,0,0,0,0,0,2,1,4,1,1,5734,5731,0,,0,0
9364567,1790759486,9986246303,32,25,0,0,25,0,0,25,0,0,4234,4,4233,11511,4265,1,16991,5481,1240,,5012,109933
9364573,1790759518,9248726912,7,6,0,0,6,0,0,6,0,0,4008,8,4015,10850,4022,1,14644,3795,328,,1822,88779
9364576,1790759621,10331691733,27,21,0,0,21,0,0,21,0,0,4424,12,4433,12034,4460,1,19359,7326,1048,,3810,136607
9364577,1790759671,9196470500,5,5,0,0,5,0,0,5,0,0,4005,6,4010,10833,4015,1,16457,5625,280,,838,84740
9364581,1790759742,0,0,0,0,0,0,0,0,0,0,0,0,2,2,7,2,1,5596,5590,0,,0,0
9364583,1790759781,0,0,0,0,0,0,0,0,0,0,0,0,8,5,15,5,1,4940,4926,0,,0,0
9364584,1790759829,0,0,0,0,0,0,0,0,0,0,0,0,4,3,9,3,1,4509,4501,0,,0,0
9364586,1790759860,0,0,0,0,0,0,0,0,0,0,0,0,2,1,4,1,1,3901,3898,0,,0,0
9364587,1790759902,9842156298,27,23,0,0,23,0,0,23,0,0,4223,4,4223,11472,4250,1,17628,6157,1144,,2913,105071
9364590,1790759980,10209547229,10,8,0,0,8,0,0,8,0,0,4411,2,4412,11934,4422,1,17241,5308,424,,2392,100948
9364593,1790760069,9602647190,38,12,0,0,12,0,0,12,0,0,4040,6,4031,10985,4069,1,19570,8586,616,,6670,112792
9364596,1790760225,0,0,0,0,0,0,0,0,0,0,0,0,6,5,15,5,1,11955,11941,0,,0,0
9364599,1790760263,9819464074,13,9,0,0,9,0,0,9,0,0,4214,6,4217,11416,4230,1,16165,4750,472,,4107,101412
9364602,1790760324,10925731011,18,8,0,0,8,0,0,8,0,0,4960,6,1643,4485,1661,1,9234,4750,424,,2004,157887
9364605,1790760365,10611950784,20,19,1,3,20,0,0,20,1,0,4996,6,843,2331,863,1,7705,5375,1000,,1544,168284
9364608,1790760407,10998667114,154,6,0,0,6,0,0,6,0,0,4466,6,1840,5383,1994,1,9033,3651,328,,16996,179011
9364610,1790760440,10368283677,90,81,1,2,82,0,0,82,1,0,4078,6,3254,9028,3344,1,12931,3904,3976,,4757,136732
9364612,1790760473,9672682068,110,5,0,0,5,0,0,5,0,0,4275,4,861,2621,971,1,6550,3930,280,,5138,172595
9364614,1790760524,9775448182,17,9,1,2,10,0,0,10,1,0,4228,4,4229,11460,4246,1,15812,4353,520,,1980,92800
9364616,1790760560,9257827420,7,5,0,0,5,0,0,5,0,0,4007,4,4010,10840,4017,1,14628,3789,280,,1887,89482
9364619,1790760607,17777074,1,1,0,0,1,0,0,1,0,0,5,4,8,26,9,1,4631,4606,88,,99,535
9364622,1790760652,9794536008,17,8,0,0,8,0,0,8,0,0,4219,6,4221,11436,4238,1,16073,4638,424,,2761,96911
9364625,1790760698,9659868596,6,6,0,0,6,0,0,6,0,0,4206,6,4211,11384,4217,1,15316,3933,328,,854,91231
9364628,1790760748,9247692960,6,5,0,0,5,0,0,5,0,0,4006,6,4011,10843,4017,1,16015,5173,280,,1810,88586
9364629,1790760796,9405313488,14,9,0,0,9,0,0,9,0,0,4014,6,4015,10874,4029,1,17174,6301,472,,4000,99651
9364630,1790760843,0,0,0,0,0,0,0,0,0,0,0,0,2,1,4,1,1,4324,4321,0,,0,0
9364631,1790760878,9546963420,41,31,0,0,31,0,0,31,0,0,4034,2,4029,10983,4070,1,15755,4773,1528,,4894,109781
9364636,1790760920,10140612980,10,10,0,0,10,0,0,10,0,0,4410,2,4412,11937,4422,1,16116,4180,520,,1060,98613
9364638,1790760987,0,0,0,0,0,0,0,0,0,0,0,0,10,6,18,6,1,5191,5174,0,,0,0
9364639,1790761034,9286604916,17,9,0,0,9,0,0,9,0,0,4018,4,4017,10889,4034,1,16933,6045,472,,1840,90705
9364644,1790761079,0,0,0,0,0,0,0,0,0,0,0,0,2,2,7,2,1,3622,3616,0,,0,0
9364645,1790761122,29581962,9,9,0,0,9,0,0,9,0,0,4,10,7,45,16,1,5787,5743,472,,154,3629
9364649,1790761162,10239631270,17,9,0,0,9,0,0,9,0,0,4418,2,4416,11961,4433,1,16028,4068,472,,2743,102053
9364652,1790761208,0,0,0,0,0,0,0,0,0,0,0,0,8,7,20,7,1,4772,4753,0,,0,0
9364657,1790761259,0,0,0,0,0,0,0,0,0,0,0,0,6,1,4,1,1,4471,4468,0,,0,0
9364660,1790761297,10702100319,16,9,0,0,9,0,0,9,0,0,4617,10,4621,12510,4637,1,16842,4333,472,,2700,109433
9364662,1790761335,10862787833,66,43,0,0,43,0,0,43,0,0,4995,6,851,2475,917,1,6971,4497,2104,,5592,191742
9364665,1790761387,0,0,0,0,0,0,0,0,0,0,0,0,4,4,12,4,1,3771,3760,0,,0,0
9364669,1790761454,10982723695,117,108,0,0,108,0,0,108,0,0,4510,6,2856,8022,2973,1,12066,4045,5224,,4587,169407
9364673,1790761480,9970354920,5,5,0,0,5,0,0,5,0,0,4145,8,834,2266,839,1,6483,4218,280,,1711,133577
9364675,1790761511,9997255356,8,8,0,0,8,0,0,8,0,0,4064,8,3242,8769,3250,1,13380,4612,424,,964,105383
9364676,1790761553,9584004937,31,21,0,0,21,0,0,21,0,0,3656,4,3655,9948,3686,1,14723,4776,1048,,2816,100063
9364680,1790761597,9594574361,19,17,0,0,17,0,0,17,0,0,3867,2,3040,8256,3059,1,10992,2737,856,,1794,109238
9364683,1790761659,0,0,0,0,0,0,0,0,0,0,0,0,8,7,20,7,1,5900,5881,0,,0,0
9364684,1790761692,0,0,0,0,0,0,0,0,0,0,0,0,6,5,15,5,1,5187,5173,0,,0,0
9364686,1790761724,0,0,0,0,0,0,0,0,0,0,0,0,2,1,4,1,1,3760,3757,0,,0,0
9364688,1790761791,10952120226,30,8,0,0,8,0,0,8,0,0,4345,4,1844,5060,1874,1,9835,4776,424,,4008,143978
9364689,1790761822,10516908194,7,7,0,0,7,0,0,7,0,0,4976,4,834,2271,841,1,7158,4888,376,,923,160444
9364693,1790761865,0,0,0,0,0,0,0,0,0,0,0,0,2,1,4,1,1,3760,3757,0,,0,0
9364694,1790761931,9710479054,7,6,0,0,6,0,0,6,0,0,4207,8,4209,11378,4216,1,17540,6163,328,,1766,243419
9364698,1790761969,9301687512,12,7,0,0,7,0,0,7,0,0,4014,2,4014,10865,4026,1,15637,4773,376,,6281,236134
9364702,1790762009,0,0,0,0,0,0,0,0,0,0,0,0,8,7,20,7,1,3926,3907,0,,0,0
9364703,1790762063,8894401381,35,32,0,0,32,0,0,32,0,0,3815,8,3816,10393,3851,1,16725,6333,1576,,5978,223119
9364704,1790762126,0,0,0,0,0,0,0,0,0,0,0,0,2,2,7,2,1,5737,5731,0,,0,0
9364707,1790762176,10952580541,14,7,0,0,7,0,0,7,0,0,4955,2,1637,4459,1651,1,9053,4595,376,,2678,177186
9364709,1790762231,0,0,0,0,0,0,0,0,0,0,0,0,6,4,12,4,1,4479,4468,0,,0,1
9364711,1790762269,10644661660,10,9,0,0,9,0,0,9,0,0,4611,4,4612,12475,4622,1,17362,4888,472,,2090,108559
9364713,1790762362,0,0,0,0,0,0,0,0,0,0,0,0,4,3,9,3,1,7716,7708,0,,0,0
9364715,1790762408,31471358,13,13,0,0,13,0,0,13,0,0,2,4,4,47,17,1,4511,4465,664,,190,5190
9364719,1790762463,9776356474,24,16,0,0,16,0,0,16,0,0,4224,4,4221,11457,4245,1,16796,5340,808,,2008,101305
9364722,1790762508,9834539445,118,113,0,0,113,0,0,113,0,0,4369,8,1050,3154,1168,1,7935,4782,5464,,4003,187503
9364724,1790762570,9694291205,8,7,0,0,7,0,0,7,0,0,4208,6,4213,11390,4221,1,16844,5455,376,,1580,92098
9364726,1790762617,10509217138,13,9,0,0,9,0,0,9,0,0,4269,4,3442,9323,3455,1,13957,4635,472,,1725,112816
9364728,1790762674,10198865482,13,12,0,0,12,0,0,12,0,0,4297,4,2643,7168,2656,1,12789,5622,616,,1867,125375
9364733,1790762709,9684016928,11,11,0,0,11,0,0,11,0,0,4095,4,2440,6617,2451,1,10546,3930,568,,908,117732
9364734,1790762752,0,0,0,0,0,0,0,0,0,0,0,0,10,7,20,7,1,5653,5634,0,,0,0
9364735,1790762825,9939106719,44,37,1,11,38,0,0,38,1,0,4235,2,4235,11546,4279,1,18046,6501,1864,,3567,107253
9364740,1790762881,27346598,9,9,0,0,9,0,0,9,0,0,3,2,5,39,14,1,3654,3616,472,,141,3627
9364743,1790762904,10239085890,23,14,0,0,14,0,0,14,0,0,4566,10,1250,3438,1273,1,8363,4926,712,,6861,160743
9364745,1790763001,10829805860,24,19,1,2,20,0,0,20,1,0,4514,6,2855,7768,2879,1,15084,7317,1000,,4671,135059
9364749,1790763082,10978186264,31,22,0,0,22,0,0,22,0,0,4260,4,4259,11574,4290,1,17589,6016,1096,,3190,116117
9364751,1790763129,10981086658,141,40,0,0,40,0,0,40,0,0,4000,8,2245,6440,2386,1,12208,5769,1960,,37116,221531
9364755,1790763196,10663460228,23,23,0,0,23,0,0,23,0,0,4623,4,4627,12550,4650,1,17184,4635,1144,,3411,229213
9364758,1790763234,10986097866,227,121,0,0,121,0,0,121,0,0,3181,8,2255,6701,2482,1,11482,4782,5848,,62144,176200
9364761,1790763288,10810055957,265,262,0,0,262,0,0,262,0,0,4422,6,4423,12650,4688,1,17569,4920,12616,,4976,197703
9364763,1790763369,10896808871,186,174,0,0,174,0,0,174,0,0,4436,6,4433,12463,4619,1,18824,6362,8392,,9023,166681
9364765,1790763438,10979787140,334,334,0,0,334,0,0,334,0,0,4416,4,4414,12813,4748,1,19392,6580,16072,,5397,222261
9364768,1790763482,0,0,0,0,0,0,0,0,0,0,0,0,4,2,7,2,1,3766,3760,0,,0,0
9364771,1790763546,10990762133,121,120,0,0,120,0,0,120,0,0,4638,6,4639,12841,4760,1,18888,6048,5800,,4045,145264
9364774,1790763608,9921587553,257,252,0,0,252,0,0,252,0,0,3917,6,2252,6771,2509,1,12254,5484,12136,,4915,210673
9364778,1790763675,9610758028,23,19,0,0,19,0,0,19,0,0,3653,6,3656,9934,3679,1,15388,5455,952,,3914,98000
9364779,1790763696,9973674972,59,55,1,50,56,0,0,56,1,0,4150,8,841,2431,900,1,7494,5064,2728,,2194,154174
9364781,1790763733,0,0,0,0,0,0,0,0,0,0,0,0,2,2,7,2,1,4327,4321,0,,0,0
9364785,1790763778,10929408986,67,66,2,50,68,0,0,68,2,0,4294,4,2041,5692,2108,1,9903,4212,3304,,2627,151238
9364789,1790763816,0,0,0,0,0,0,0,0,0,0,0,0,8,5,15,5,1,4203,4189,0,,0,0
9364791,1790763856,10666847189,72,71,2,50,73,0,0,73,2,0,4099,8,2249,6264,2321,1,11580,5317,3544,,2272,141211
9364793,1790763898,10275501034,28,28,1,8,29,0,0,29,1,0,4361,4,837,2337,865,1,7083,4747,1432,,4474,183915
9364797,1790763988,10988061697,91,72,1,50,73,0,0,73,1,0,4962,4,2688,7499,2779,1,13156,5658,3544,,4718,176296
9364798,1790764032,10394959444,24,23,2,5,25,0,0,25,2,0,4963,8,1041,2877,1065,1,8475,5599,1240,,2466,171860
9364799,1790764157,9927985603,38,37,2,23,39,0,0,39,2,0,4527,2,2040,5610,2078,1,16022,10413,1912,,1746,326677
9364800,1790764207,10119132488,14,6,0,0,6,0,0,6,0,0,4982,2,833,2288,847,1,7483,5196,328,,1802,166396
9364804,1790764247,10382208111,16,13,0,0,13,0,0,13,0,0,4730,2,2244,6100,2260,1,10449,4350,664,,2874,145547
9364806,1790764328,10648723074,19,19,0,0,19,0,0,19,0,0,4701,8,3047,8275,3066,1,15876,7602,952,,1117,133931
9364807,1790764395,0,0,0,0,0,0,0,0,0,0,0,0,4,4,12,4,1,6027,6016,0,,0,0
9364809,1790764424,10648238662,22,10,0,0,10,0,0,10,0,0,5182,2,1037,2860,1059,1,7350,4491,520,,2285,175614
9364815,1790764509,10608372563,9,7,0,0,7,0,0,7,0,0,5177,4,1036,2822,1045,1,8023,5202,376,,2439,171407
9364818,1790764560,10674930605,34,27,0,0,27,0,0,27,0,0,4488,12,3669,9992,3703,1,16160,6169,1336,,3119,132437
9364819,1790764613,10166828335,12,10,0,0,10,0,0,10,0,0,4980,6,839,2299,851,1,7077,4779,520,,2564,173042
9364821,1790764654,0,0,0,0,0,0,0,0,0,0,0,0,2,2,7,2,1,3622,3616,0,,0,0
9364823,1790764660,10423419682,26,16,0,0,16,0,0,16,0,0,4112,4,2451,6685,2477,1,10755,4071,808,,6381,136825
9364826,1790764736,0,0,0,0,0,0,0,0,0,0,0,0,4,4,12,4,1,4899,4888,0,,0,0
9364832,1790764775,10814135653,110,107,0,0,107,0,0,107,0,0,5182,6,1038,3100,1148,1,7737,4638,5176,,2977,212851
9364834,1790764841,20578470,5,5,0,0,5,0,0,5,0,0,3,12,9,39,14,1,6489,6451,280,,117,2122
9364840,1790764871,10829862566,123,11,0,0,11,0,0,11,0,0,4463,4,1046,3155,1169,1,6914,3760,568,,36097,183791
9364845,1790764943,0,0,0,0,0,0,0,0,0,0,0,0,12,8,23,8,1,5204,5182,0,,0,0
9364848,1790765012,9681191900,36,32,0,0,32,0,0,32,0,0,4080,10,3251,8872,3287,1,14502,5631,1576,,2010,120857
9364849,1790765063,10274148952,15,10,0,0,10,0,0,10,0,0,4983,6,841,2313,856,1,8219,5907,520,,3973,185142
9364851,1790765141,0,0,0,0,0,0,0,0,0,0,0,0,2,2,7,2,1,3517,3511,0,,0,0
9364854,1790765178,10838202652,122,10,0,0,10,0,0,10,0,0,4868,4,1449,4242,1571,1,8312,4071,520,,11765,205060
9364857,1790765209,10064751116,6,6,0,0,6,0,0,6,0,0,4974,6,834,2269,840,1,7047,4779,328,,1023,176654
9364860,1790765246,10107247056,47,10,1,2,11,0,0,11,1,0,4556,6,1241,3479,1288,1,7983,4505,568,,14236,199525
9364862,1790765307,46670218,17,17,0,0,17,0,0,17,0,0,4,6,8,69,25,1,5241,5173,856,,308,6864
9364866,1790765351,0,0,0,0,0,0,0,0,0,0,0,0,4,3,9,3,1,4191,4183,0,,0,0
9364869,1790765395,10976220492,17,17,0,0,17,0,0,17,0,0,4673,8,3849,10430,3866,1,15493,5064,856,,1345,133075
9364873,1790765440,9929578188,15,9,0,0,9,0,0,9,0,0,4155,6,844,2320,859,1,6816,4497,472,,3224,146214
9364876,1790765496,10587691232,10,9,0,0,9,0,0,9,0,0,5177,8,1040,2836,1050,1,8322,5487,472,,1982,176822
9364878,1790765542,0,0,0,0,0,0,0,0,0,0,0,0,6,4,12,4,1,4761,4750,0,,0,0
9364881,1790765594,9905065560,6,6,0,0,6,0,0,6,0,0,4346,4,1033,2806,1039,1,7411,4606,328,,1660,148778
9364885,1790765640,10127343200,11,11,0,0,11,0,0,11,0,0,4095,6,2442,6618,2453,1,11678,5061,568,,1885,119704
9364887,1790765678,10854314534,24,13,0,0,13,0,0,13,0,0,4935,8,2451,6677,2475,1,11884,5208,664,,2815,152303
9364890,1790765716,10063349004,142,142,0,0,142,0,0,142,0,0,3896,4,2242,6434,2384,1,10504,4071,6856,,2956,169683
9364893,1790765767,10961601115,43,28,0,0,28,0,0,28,0,0,4571,6,2083,5738,2126,1,10516,4779,1384,,3788,152556
9364898,1790765819,10928281938,12,11,0,0,11,0,0,11,0,0,5152,6,1841,5003,1853,1,9358,4356,568,,1999,175703
9364900,1790765875,10733270593,15,12,0,0,12,0,0,12,0,0,4716,10,3064,8309,3079,1,13939,5631,616,,1824,146637
9364904,1790765925,10138546085,14,8,0,0,8,0,0,8,0,0,4983,4,841,2309,855,1,6097,3789,424,,1813,169682
9364909,1790765973,10468762171,23,17,0,0,17,0,0,17,0,0,4935,8,1624,4445,1647,1,10043,5599,856,,2471,165502
9364915,1790766023,10991931308,8,8,0,0,8,0,0,8,0,0,5376,10,1236,3361,1244,1,8116,4756,424,,1249,178556
9364920,1790766062,10151454184,12,8,0,0,8,0,0,8,0,0,4982,12,842,2306,854,1,6811,4506,424,,2267,172994
9364921,1790766121,0,0,0,0,0,0,0,0,0,0,0,0,10,5,15,5,1,4206,4192,0,,0,0
9364923,1790766153,9260676408,43,29,0,0,29,0,0,29,0,0,3940,2,3939,10746,3982,1,15236,4491,1432,,3897,109686
9364927,1790766216,10704698333,26,24,0,0,24,0,0,24,0,0,4626,4,4630,12566,4656,1,17030,4465,1192,,2058,107682
9364930,1790766254,10392376168,18,18,0,0,18,0,0,18,0,0,4246,8,4251,11522,4269,1,16415,4894,904,,1150,105211
9364931,1790766317,10571588155,10,8,0,0,8,0,0,8,0,0,5179,6,1037,2829,1047,1,9613,6785,424,,1720,174184
9364934,1790766383,40534854,17,17,0,0,17,0,0,17,0,0,3,2,5,61,22,1,4804,4744,856,,170,6909
9364937,1790766412,10637481568,21,9,0,0,9,0,0,9,0,0,5191,6,1047,2884,1068,1,6675,3792,472,,2050,176560
9364938,1790766474,10727297229,21,17,0,0,17,0,0,17,0,0,4709,6,3053,8298,3074,1,15050,6753,856,,2559,162419
9364941,1790766599,10719615486,24,19,0,0,19,0,0,19,0,0,4480,2,3651,9920,3675,1,18611,8692,952,,4912,126027
9364944,1790766640,0,0,0,0,0,0,0,0,0,0,0,0,6,5,15,5,1,4623,4609,0,,0,0
9364947,1790766717,10782886158,23,19,0,0,19,0,0,19,0,0,4370,6,1882,5141,1905,1,11047,5907,952,,2106,135751
9364949,1790766798,10759921007,22,20,0,0,20,0,0,20,0,0,4450,6,4453,12074,4475,1,18826,6753,1000,,2851,111167
9364953,1790766838,10895671940,16,15,0,0,15,0,0,15,0,0,4073,4,3248,8811,3264,1,12458,3648,760,,2372,109645
9364955,1790766883,0,0,0,0,0,0,0,0,0,0,0,0,8,8,23,8,1,3332,3310,0,,0,0
9364958,1790766934,0,0,0,0,0,0,0,0,0,0,0,0,4,1,4,1,1,4750,4747,0,,0,0
9364959,1790766976,10909416187,59,35,0,0,35,0,0,35,0,0,4653,6,4642,12684,4701,1,17744,5061,1720,,3997,119001
9364961,1790767099,0,0,0,0,0,0,0,0,0,0,0,0,2,2,7,2,1,8839,8833,0,,0,0
9364963,1790767150,0,0,0,0,0,0,0,0,0,0,0,0,4,2,7,2,1,4894,4888,0,,0,0
9364967,1790767175,10682046174,26,26,0,0,26,0,0,26,0,0,4625,4,4628,12556,4654,1,16767,4212,1288,,1310,105973
9364970,1790767222,10006407624,22,19,0,0,19,0,0,19,0,0,4051,8,4057,11005,4079,1,15927,4923,952,,2527,104815
9364972,1790767254,10719329890,25,20,0,0,20,0,0,20,0,0,4618,6,4618,12532,4643,1,16576,4045,1000,,2713,106856
9364974,1790767299,10372955205,9,7,0,0,7,0,0,7,0,0,4238,4,4238,11456,4247,1,15526,4071,376,,1623,101879
9364975,1790767342,0,0,0,0,0,0,0,0,0,0,0,0,4,4,12,4,1,4758,4747,0,,0,0
9364980,1790767374,10618809057,10,9,0,0,9,0,0,9,0,0,4610,2,4611,12472,4621,1,16539,4068,472,,1693,100040
9364985,1790767417,9196470500,5,5,0,0,5,0,0,5,0,0,4005,10,4011,10838,4016,1,15029,4192,280,,813,88106
9364988,1790767463,9211284788,8,8,0,0,8,0,0,8,0,0,4008,10,4016,10860,4024,1,14342,3483,424,,833,87280
9364991,1790767512,0,0,0,0,0,0,0,0,0,0,0,0,6,5,15,5,1,4905,4891,0,,0,0
9364997,1790767555,9878632797,41,28,0,0,28,0,0,28,0,0,4228,6,4225,11510,4266,1,15724,4215,1384,,3091,107154
9365000,1790767607,9196470500,5,5,0,0,5,0,0,5,0,0,4005,12,4011,10833,4016,1,15197,4365,280,,809,87195
9365002,1790767666,9692053172,12,12,0,0,12,0,0,12,0,0,4212,6,4215,11407,4227,1,18159,6753,616,,1022,94437
9365007,1790767783,10687017838,17,15,0,0,15,0,0,15,0,0,4617,4,4620,12514,4637,1,20814,8301,760,,1980,107797
9365011,1790767839,10604704107,19,12,0,0,12,0,0,12,0,0,4248,10,4252,11527,4271,1,16846,5320,616,,5560,115567
9365014,1790767888,10111392953,14,13,1,7,14,0,0,14,1,0,4977,8,836,2295,850,1,6935,4641,712,,1481,171781
9365019,1790767920,10126373908,5,5,0,0,5,0,0,5,0,0,4117,6,1636,4430,1641,1,8644,4215,280,,1345,123991
9365023,1790768000,9958610694,37,29,0,0,29,0,0,29,0,0,4223,10,4225,11502,4262,1,17526,6025,1432,,4904,112375
9365028,1790768043,0,0,0,0,0,0,0,0,0,0,0,0,8,6,18,6,1,3819,3802,0,,0,0
9365035,1790768074,9699977421,9,7,0,0,7,0,0,7,0,0,4209,10,4210,11387,4219,1,15466,4080,376,,1569,92854
9365037,1790768120,9480487710,27,18,0,0,18,0,0,18,0,0,4023,14,4030,10950,4057,1,15740,4791,904,,5718,109887
9365040,1790768190,10270583402,21,8,0,0,8,0,0,8,0,0,4422,4,4418,11979,4439,1,17459,5481,424,,3064,107864
9365043,1790768230,9196470500,5,5,0,0,5,0,0,5,0,0,4005,6,4010,10834,4015,1,14625,3792,280,,822,87123
9365047,1790768285,0,0,0,0,0,0,0,0,0,0,0,0,6,6,18,6,1,5049,5032,0,,0,0
9365048,1790768325,0,0,0,0,0,0,0,0,0,0,0,0,8,5,15,5,1,5895,5881,0,,0,0
9365050,1790768382,10733289755,33,27,0,0,27,0,0,27,0,0,4620,2,4619,12557,4652,1,18287,5731,1336,,2801,109788
9365051,1790768429,9283049753,16,10,0,0,10,0,0,10,0,0,4018,4,4017,10882,4033,1,16503,5622,520,,1735,91133
9365054,1790768493,10767476093,28,24,0,0,24,0,0,24,0,0,4629,2,4630,12567,4658,1,17198,4632,1192,,2786,110775
9365058,1790768571,10594657626,9,9,0,0,9,0,0,9,0,0,4610,6,4615,12487,4624,1,19521,7035,472,,935,100821
9365062,1790768625,10585920788,8,8,0,0,8,0,0,8,0,0,4608,8,4613,12474,4621,1,17851,5378,424,,1012,101430
9365065,1790768666,10141423836,14,14,0,0,14,0,0,14,0,0,4409,8,4414,11947,4428,1,15777,3831,712,,1076,98280
9365067,1790768782,0,0,0,0,0,0,0,0,0,0,0,0,6,6,18,6,1,7869,7852,0,,0,0
9365070,1790768824,10703905033,16,13,0,0,13,0,0,13,0,0,4617,4,4617,12505,4633,1,16998,4494,664,,2854,107674
9365074,1790768892,0,0,0,0,0,0,0,0,0,0,0,0,6,6,18,6,1,5190,5173,0,,0,0
9365075,1790768927,10694512195,14,11,0,0,11,0,0,11,0,0,4617,8,4622,12512,4636,1,17828,5317,568,,2675,104937
9365076,1790769012,0,0,0,0,0,0,0,0,0,0,0,0,2,1,4,1,1,6862,6859,0,,0,0
9365080,1790769044,0,0,0,0,0,0,0,0,0,0,0,0,2,1,4,1,1,3901,3898,0,,0,0
9365084,1790769079,10722340958,21,18,0,0,18,0,0,18,0,0,4622,8,4626,12539,4647,1,16756,4218,904,,2935,111401
9365089,1790769117,9659868596,6,6,0,0,6,0,0,6,0,0,4206,8,4213,11386,4219,1,15462,4077,328,,854,93612
9365091,1790769159,9324695368,14,9,0,0,9,0,0,9,0,0,4014,10,4023,10892,4037,1,15958,5067,472,,2834,93974
9365093,1790769200,0,0,0,0,0,0,0,0,0,0,0,0,4,4,12,4,1,4053,4042,0,,0,0
9365096,1790769267,10523989957,40,30,0,0,30,0,0,30,0,0,4441,4,4440,12088,4480,1,18728,6641,1480,,6405,123703
9365098,1790769307,9237824030,24,24,0,0,24,0,0,24,0,0,4007,6,4010,10889,4034,1,15949,5061,1192,,978,96749
9365100,1790769399,10592368474,48,18,0,0,18,0,0,18,0,0,4451,4,4441,12118,4489,1,19402,7285,904,,7919,122284
9365103,1790769441,9282499021,8,6,0,0,6,0,0,6,0,0,4009,4,4012,10851,4020,1,15062,4212,328,,2358,91853
9365106,1790769488,0,0,0,0,0,0,0,0,0,0,0,0,6,5,15,5,1,4059,4045,0,,0,0
9365108,1790769515,10693151390,15,11,0,0,11,0,0,11,0,0,4616,6,4616,12498,4631,1,16853,4356,568,,2798,107646
9365111,1790769574,10660130458,18,17,0,0,17,0,0,17,0,0,4611,4,4615,12502,4633,1,16402,3901,856,,1846,109216
9365115,1790769600,9228643076,11,11,0,0,11,0,0,11,0,0,4011,6,4015,10862,4026,1,15329,4468,568,,1075,94453
9365117,1790769684,10165223690,150,141,0,0,141,0,0,141,0,0,4184,8,4186,11702,4336,1,18598,6897,6808,,6905,161636
9365121,1790769725,0,0,0,0,0,0,0,0,0,0,0,0,4,3,9,3,1,4332,4324,0,,0,0
9365125,1790769787,10767886441,33,31,0,0,31,0,0,31,0,0,4628,8,4633,12592,4666,1,18219,5628,1528,,2785,113964
9365128,1790769816,10585908788,8,8,0,0,8,0,0,8,0,0,4608,8,4611,12467,4619,1,17956,5490,424,,972,101078
9365133,1790769872,0,0,0,0,0,0,0,0,0,0,0,0,6,4,12,4,1,4056,4045,0,,0,0
9365135,1790769908,10663460228,23,23,0,0,23,0,0,23,0,0,4623,10,4626,12545,4649,1,17611,5067,1144,,1218,106563
9365136,1790769983,9452116606,39,18,0,0,18,0,0,18,0,0,4040,4,4034,10993,4073,1,18314,7322,904,,3217,100778
9365138,1790770077,0,0,0,0,0,0,0,0,0,0,0,0,2,2,7,2,1,5455,5449,0,,0,0
9365139,1790770172,10189633802,13,12,1,5,13,0,0,13,1,0,4409,4,4412,11943,4425,1,20243,8301,664,,1804,166503
9365142,1790770215,0,0,0,0,0,0,0,0,0,0,0,0,2,2,7,2,1,3904,3898,0,,0,0
9365145,1790770241,9301014966,11,6,0,0,6,0,0,6,0,0,4012,6,4015,10863,4026,1,15077,4215,328,,2579,90155
9365146,1790770287,9659868596,6,6,0,0,6,0,0,6,0,0,4206,6,4211,11377,4217,1,16719,5343,328,,942,93526
9365149,1790770354,9630800286,27,27,0,0,27,0,0,27,0,0,3464,2,2638,7193,2665,1,11965,4773,1336,,2110,111117
9365150,1790770406,0,0,0,0,0,0,0,0,0,0,0,0,6,4,12,4,1,5325,5314,0,,0,0
9365155,1790770454,10708231386,16,14,0,0,14,0,0,14,0,0,4499,2,2842,7711,2858,1,11644,3934,712,,3124,142201
9365158,1790770608,10296959756,33,21,0,0,21,0,0,21,0,0,4437,10,4437,12064,4470,1,22911,10848,1048,,2567,109392
9365161,1790770673,9779920610,16,14,0,0,14,0,0,14,0,0,4212,6,4217,11422,4233,1,16764,5343,712,,2949,97901
9365164,1790770731,10954289733,43,18,0,0,18,0,0,18,0,0,4700,6,4628,12608,4671,1,17950,5343,904,,3502,123259
9365168,1790770773,10148057858,62,62,1,50,63,0,0,63,1,0,4369,6,4217,11547,4279,1,15620,4074,3064,,1502,115207
9365171,1790770822,10148617818,11,11,0,0,11,0,0,11,0,0,4412,8,4417,11948,4428,1,16306,4359,568,,1022,96644
9365176,1790770855,9702611541,9,7,0,0,7,0,0,7,0,0,4210,6,4215,11399,4224,1,15866,4468,376,,1672,92386
9365177,1790770957,10698032422,29,29,0,0,29,0,0,29,0,0,4632,10,4640,12601,4669,1,21727,9127,1432,,1425,112601
9365181,1790771005,10428725394,18,17,0,0,17,0,0,17,0,0,4046,2,4047,10971,4065,1,14756,3786,856,,2190,102108
9365184,1790771069,10547467277,11,8,0,0,8,0,0,8,0,0,4269,8,3444,9321,3455,1,14843,5523,424,,2467,112089
9365187,1790771113,10862644860,42,37,1,2,38,0,0,38,1,0,4623,6,4625,12592,4667,1,16524,3933,1864,,4282,119903
9365189,1790771174,0,0,0,0,0,0,0,0,0,0,0,0,6,4,12,4,1,5043,5032,0,,0,0
9365192,1790771258,0,0,0,0,0,0,0,0,0,0,0,0,4,1,4,1,1,7147,7144,0,,0,0
9365193,1790771309,24799228,9,9,0,0,9,0,0,9,0,0,2,6,4,36,13,1,5631,5596,472,,129,3385
9365199,1790771339,10763507786,20,10,0,0,10,0,0,10,0,0,4622,2,4619,12517,4639,1,16584,4068,520,,3592,105443
9365201,1790771385,9405561477,14,9,0,0,9,0,0,9,0,0,4014,12,4021,10889,4035,1,15394,4506,472,,3885,97918
9365203,1790771457,0,0,0,0,0,0,0,0,0,0,0,0,4,3,10,3,1,5320,5311,0,,0,0
9365204,1790771507,10900949813,34,27,0,0,27,0,0,27,0,0,4635,4,4636,12600,4670,1,19179,6580,1336,,5280,119295
9365208,1790771555,0,0,0,0,0,0,0,0,0,0,0,0,2,1,4,1,1,3901,3898,0,,0,0
9365216,1790771604,9721753748,18,18,0,0,18,0,0,18,0,0,4218,8,4219,11434,4237,1,16678,5245,904,,1102,98100
9365222,1790771640,9721646694,11,10,0,0,10,0,0,10,0,0,4210,16,4223,11422,4234,1,16497,5076,520,,2041,98055
9365225,1790771675,9196470500,5,5,0,0,5,0,0,5,0,0,4005,12,4012,10839,4017,1,15344,4506,280,,781,145631
9365228,1790771712,9294739824,15,14,0,0,14,0,0,14,0,0,4015,6,4020,10888,4035,1,15496,4609,712,,2618,101577
9365231,1790771733,10205066047,17,11,0,0,11,0,0,11,0,0,4418,6,4420,11975,4437,1,16612,4638,568,,1876,98344
9365232,1790771811,10672212124,17,13,0,0,13,0,0,13,0,0,4618,6,4622,12518,4639,1,18283,5766,664,,2212,105111
9365233,1790771858,0,0,0,0,0,0,0,0,0,0,0,0,2,2,7,2,1,5455,5449,0,,0,0
9365234,1790771900,10192869390,12,11,0,0,11,0,0,11,0,0,4413,2,4414,11949,4426,1,16974,5026,568,,2120,97948
9365238,1790771938,9195714500,5,5,0,0,5,0,0,5,0,0,4005,2,4005,10824,4010,1,13875,3052,280,,779,86243
9365240,1790772005,10285310793,16,12,0,0,12,0,0,12,0,0,4418,8,4422,11977,4438,1,18168,6192,616,,3526,101890
9365244,1790772038,9204430390,6,6,0,0,6,0,0,6,0,0,4007,4,4011,10838,4017,1,14924,4087,328,,794,88803
9365246,1790772082,9659868596,6,6,0,0,6,0,0,6,0,0,4206,8,4209,11373,4215,1,16266,4894,328,,904,93498
9365247,1790772138,9751811879,10,7,0,0,7,0,0,7,0,0,4210,4,4212,11393,4222,1,15322,3930,376,,2417,95445
9365248,1790772184,10295972329,52,49,0,0,49,0,0,49,0,0,4414,2,4415,12058,4467,1,18131,6074,2392,,2635,115278
9365249,1790772228,0,0,0,0,0,0,0,0,0,0,0,0,2,2,7,2,1,4222,4216,0,,0,0
9365253,1790772291,10241597750,25,20,0,0,20,0,0,20,0,0,4425,2,4424,12008,4449,1,17456,5449,1000,,2021,101126
9365254,1790772370,0,0,0,0,0,0,0,0,0,0,0,0,8,6,18,6,1,7167,7150,0,,0,0
9365257,1790772401,9785953933,17,10,0,0,10,0,0,10,0,0,4219,2,4216,11422,4233,1,15912,4491,520,,3189,147518
9365259,1790772443,9711235054,7,6,0,0,6,0,0,6,0,0,4207,6,4211,11384,4218,1,15992,4609,328,,5091,231345
9365261,1790772505,9709510448,21,21,0,0,21,0,0,21,0,0,4214,4,4217,11436,4238,1,16493,5058,1048,,965,95537
9365263,1790772529,9248726912,7,6,0,0,6,0,0,6,0,0,4008,4,4012,10845,4019,1,15338,4494,328,,1847,87776
9365265,1790772613,0,0,0,0,0,0,0,0,0,0,0,0,4,4,12,4,1,6168,6157,0,,0,0
9365268,1790772657,10669443332,18,10,0,0,10,0,0,10,0,0,4620,4,4619,12513,4637,1,16724,4212,520,,1974,103092
9365272,1790772692,9659868596,6,6,0,0,6,0,0,6,0,0,4206,6,4211,11379,4217,1,15593,4215,328,,843,89703
9365276,1790772743,9450142812,71,70,0,0,70,0,0,70,0,0,4010,8,4016,11031,4087,1,15953,4923,3400,,2649,113630
9365277,1790772778,10174525150,8,7,0,0,7,0,0,7,0,0,4408,8,4415,11940,4423,1,17176,5237,376,,1804,96064
9365278,1790772833,10655341534,12,11,0,0,11,0,0,11,0,0,4612,2,4614,12483,4626,1,17291,4809,568,,1973,105513
9365281,1790772890,9420818461,17,12,0,0,12,0,0,12,0,0,4017,2,4016,10882,4033,1,15654,4773,616,,4119,101482
9365284,1790772926,8807999929,13,11,0,0,11,0,0,11,0,0,3814,6,3818,10340,3831,1,14554,4215,568,,1723,92451
9365289,1790773035,0,0,0,0,0,0,0,0,0,0,0,0,6,6,18,6,1,7023,7006,0,,0,0
9365294,1790773084,10383137996,28,24,0,0,24,0,0,24,0,0,4257,10,4257,11561,4285,1,16739,5179,1192,,4480,246990
9365298,1790773152,10390085800,58,9,0,0,9,0,0,9,0,0,3771,10,1256,3549,1314,1,8727,5179,472,,14693,144059
9365302,1790773246,10634865682,233,17,0,0,17,0,0,17,0,0,4235,8,4037,11524,4270,1,15600,4077,856,,12993,172565
9365305,1790773271,10098841053,52,51,0,0,51,0,0,51,0,0,4064,8,3240,8886,3292,1,12962,4077,2488,,1733,128872
9365313,1790773330,9490833680,35,29,0,0,29,0,0,29,0,0,4027,6,4025,10956,4060,1,15170,4215,1432,,5299,146167
9365315,1790773409,9427576712,106,105,0,0,105,0,0,105,0,0,4007,16,4022,11141,4128,1,17770,6630,5080,,2276,130276
9365318,1790773470,9294739824,15,14,0,0,14,0,0,14,0,0,4015,4,4018,10883,4033,1,15799,4917,712,,1998,94086
9365323,1790773556,9823144637,63,19,0,0,19,0,0,19,0,0,4174,6,1665,4663,1728,1,11274,6612,952,,6364,158837
9365326,1790773588,0,0,0,0,0,0,0,0,0,0,0,0,10,9,26,9,1,5204,5179,0,,0,0
9365327,1790773639,31459358,13,13,0,0,13,0,0,13,0,0,2,6,2,42,15,1,4791,4750,664,,163,5179
9365330,1790773662,10663460228,23,23,0,0,23,0,0,23,0,0,4623,2,4624,12541,4647,1,16608,4068,1144,,1277,112469
9365333,1790773700,0,0,0,0,0,0,0,0,0,0,0,0,6,4,12,4,1,4056,4045,0,,0,0
9365337,1790773732,10991500467,18,16,0,0,16,0,0,16,0,0,4474,6,3650,9897,3668,1,13829,3933,808,,2124,127923
9365338,1790773778,10533274266,344,298,0,0,298,0,0,298,0,0,4209,8,883,3312,1227,1,9192,5881,14344,,8591,284922
9365341,1790773826,0,0,0,0,0,0,0,0,0,0,0,0,2,1,4,1,1,4465,4462,0,,0,0
9365343,1790773880,0,0,0,0,0,0,0,0,0,0,0,0,6,4,12,4,1,5466,5455,0,,0,0
9365348,1790773923,34885420,15,15,0,0,15,0,0,15,0,0,2,4,4,53,19,1,4376,4324,760,,159,5752
9365350,1790773948,10282356090,75,16,0,0,16,0,0,16,0,0,4177,10,1677,4729,1752,1,9372,4644,808,,6919,154365
9365351,1790773987,10288529337,16,7,0,0,7,0,0,7,0,0,5040,4,894,2456,910,1,7686,5231,376,,2426,179624
9365355,1790774081,0,0,0,0,0,0,0,0,0,0,0,0,2,2,7,2,1,5878,5872,0,,0,0
9365360,1790774126,10455361134,18,9,0,0,9,0,0,9,0,0,4246,8,4246,11505,4264,1,16257,4753,472,,2925,111620
9365364,1790774176,10786092205,28,24,0,0,24,0,0,24,0,0,4704,10,3051,8308,3079,1,12810,4503,1192,,3822,142736
9365367,1790774212,10150059239,9,7,0,0,7,0,0,7,0,0,4978,8,837,2285,846,1,6755,4471,376,,2400,168760
9365368,1790774267,10013229751,23,12,1,4,13,0,0,13,1,0,4750,6,1438,3943,1461,1,7875,3933,664,,1711,161952
9365369,1790774290,10946830160,12,12,0,0,12,0,0,12,0,0,4296,2,2641,7160,2653,1,11791,4632,616,,1279,125011
9365373,1790774342,9830803247,14,11,0,0,11,0,0,11,0,0,3699,2,2044,5554,2058,1,10326,4773,568,,3498,113630
9365375,1790774383,10127343200,11,11,0,0,11,0,0,11,0,0,4095,8,2443,6624,2454,1,11405,4782,568,,1775,117708
9365380,1790774416,9263553200,10,9,0,0,9,0,0,9,0,0,4011,4,4014,10861,4024,1,14649,3789,472,,1828,88258
9365385,1790774465,10117522273,22,8,0,0,8,0,0,8,0,0,3907,10,2252,6140,2274,1,10501,4362,424,,2418,284075
9365387,1790774538,0,0,0,0,0,0,0,0,0,0,0,0,10,7,20,7,1,7172,7153,0,,0,0
9365389,1790774577,0,0,0,0,0,0,0,0,0,0,0,0,4,1,4,1,1,4391,4388,0,,0,0
9365394,1790774631,9613428353,20,13,0,0,13,0,0,13,0,0,3851,4,3850,10442,3870,1,14935,4494,664,,10010,194798
9365396,1790774688,9899680287,13,7,0,0,7,0,0,7,0,0,4154,10,845,2318,858,1,7666,5349,376,,2865,135655
9365399,1790774744,9604580341,61,32,0,0,32,0,0,32,0,0,3574,4,1042,2979,1103,1,7895,4917,1576,,4799,135584
9365403,1790774796,44659612,21,21,0,0,21,0,0,21,0,0,2,6,7,77,28,1,4403,4327,1048,,173,7814
9365407,1790774823,10520842953,17,10,0,0,10,0,0,10,0,0,4957,8,1643,4482,1660,1,8417,3936,520,,2660,159371
9365408,1790774864,10434799149,96,92,0,0,92,0,0,92,0,0,5003,8,841,2530,937,1,7593,5064,4456,,3778,201897
9365409,1790774911,0,0,0,0,0,0,0,0,0,0,0,0,2,2,7,2,1,4750,4744,0,,0,0
9365412,1790774937,10210503114,329,323,0,0,323,0,0,323,0,0,4367,2,1045,3710,1374,1,7354,3645,15544,,11555,273115
9365414,1790774988,10470262080,80,80,0,0,80,0,0,80,0,0,4353,6,1035,3012,1115,1,7508,4497,3880,,2318,190631
9365415,1790775043,10969811446,544,539,0,0,539,0,0,539,0,0,4169,4,847,3755,1391,1,10475,6721,25912,,12911,344228
9365418,1790775129,10889174387,671,666,0,0,666,0,0,666,0,0,3735,2,1244,5169,1915,1,11040,5872,32008,,7538,386070
9365420,1790775164,10321597483,385,383,0,0,383,0,0,383,0,0,4557,6,1240,4386,1625,1,9619,5234,18424,,4536,290642
9365423,1790775227,0,0,0,0,0,0,0,0,0,0,0,0,4,3,9,3,1,4368,4360,0,,0,0
9365424,1790775258,0,0,0,0,0,0,0,0,0,0,0,0,6,2,7,2,1,5038,5032,0,,0,0
9365427,1790775288,10504020285,200,141,0,0,141,0,0,141,0,0,4302,2,4251,12011,4451,1,15937,3927,6808,,7229,170057
9365429,1790775331,10829460189,278,221,0,0,221,0,0,221,0,0,4448,6,2566,7672,2844,1,11604,3933,10648,,13090,197808
9365431,1790775383,10994375019,398,383,0,0,383,0,0,383,0,0,4168,4,843,3351,1241,1,8520,5170,18424,,11364,291663
9365433,1790775427,10966903353,267,243,0,0,243,0,0,243,0,0,5016,4,851,3020,1118,1,7513,4494,11704,,9066,272574
9365435,1790775457,10590556859,459,452,0,0,452,0,0,452,0,0,3738,4,1245,4604,1704,1,8815,4212,21736,,10571,300349
9365440,1790775502,10005272841,38,10,0,0,10,0,0,10,0,0,4159,4,1653,4561,1691,1,8067,3507,520,,4200,146097
9365442,1790775537,10982658737,89,85,0,0,85,0,0,85,0,0,5186,10,1045,3062,1134,1,7987,4926,4120,,6489,211570
9365446,1790775579,10940500278,481,374,0,0,374,0,0,374,0,0,3813,4,2051,6831,2532,1,11606,4776,17992,,38188,289554
9365448,1790775630,0,0,0,0,0,0,0,0,0,0,0,0,8,3,9,3,1,5043,5035,0,,0,0
9365451,1790775675,10938999791,775,616,0,0,616,0,0,616,0,0,3405,4,3250,10862,4025,1,15185,4324,29608,,44630,379492
9365453,1790775717,10979972772,539,522,0,0,522,0,0,522,0,0,3883,6,3862,11876,4401,1,16202,4327,25096,,10901,307164
9365455,1790775759,10905833848,25,25,0,0,25,0,0,25,0,0,5153,4,1840,5030,1865,1,9949,4920,1240,,1054,165569
9365460,1790775805,9910666001,42,17,0,0,17,0,0,17,0,0,4250,4,4232,11533,4274,1,15180,3648,856,,3284,108616
9365463,1790775845,10604023076,11,11,0,0,11,0,0,11,0,0,4611,10,4620,12500,4631,1,17425,4926,568,,1042,100631
9365465,1790775902,10197891453,16,14,0,0,14,0,0,14,0,0,4417,6,4420,11970,4436,1,16748,4779,712,,1805,100591
9365468,1790775947,9746043785,17,7,0,0,7,0,0,7,0,0,4218,4,4216,11422,4233,1,16056,4635,376,,1832,97580
9365472,1790776019,10135459708,10,10,0,0,10,0,0,10,0,0,4409,6,4414,11937,4424,1,17673,5737,520,,933,96034
9365475,1790776090,0,0,0,0,0,0,0,0,0,0,0,0,8,5,15,5,1,5754,5740,0,,0,0
9365480,1790776125,9399667191,24,18,0,0,18,0,0,18,0,0,4026,6,4029,10935,4053,1,14979,4045,904,,3266,96141
9365482,1790776207,9768928304,10,8,0,0,8,0,0,8,0,0,4212,10,4219,11412,4229,1,16308,4897,424,,2715,93513
9365483,1790776302,0,0,0,0,0,0,0,0,0,0,0,0,4,3,9,3,1,8703,8695,0,,0,0
9365487,1790776331,0,0,0,0,0,0,0,0,0,0,0,0,2,1,4,1,1,3619,3616,0,,0,0
9365488,1790776365,0,0,0,0,0,0,0,0,0,0,0,0,8,3,9,3,1,5498,5490,0,,0,0
9365489,1790776433,30532662,11,11,0,0,11,0,0,11,0,0,3,2,3,39,14,1,5946,5908,568,,137,4219
9365493,1790776478,9957659644,38,13,0,0,13,0,0,13,0,0,4245,2,4227,11512,4265,1,16284,4773,664,,4340,108802
9365495,1790776520,9702911539,9,7,0,0,7,0,0,7,0,0,4210,8,4217,11402,4226,1,15619,4218,376,,1654,95120
9365498,1790776577,0,0,0,0,0,0,0,0,0,0,0,0,4,3,9,3,1,4755,4747,0,,0,0
9365499,1790776625,9672845329,58,12,0,0,12,0,0,12,0,0,4069,6,4041,11062,4099,1,15981,4920,616,,6612,115187
9365500,1790776659,9659868596,6,6,0,0,6,0,0,6,0,0,4206,2,4208,11370,4214,1,16254,4885,328,,848,90043
9365501,1790776697,9384223755,28,24,0,0,24,0,0,24,0,0,4017,2,4017,10913,4045,1,15544,4632,1192,,3572,95726
9365506,1790776772,9418552009,35,7,0,0,7,0,0,7,0,0,4044,2,4022,10949,4057,1,16397,5449,376,,3295,102167
9365508,1790776846,9805403548,15,8,0,0,8,0,0,8,0,0,4217,10,4220,11426,4235,1,17620,6195,424,,3343,94435
9365511,1790776902,0,0,0,0,0,0,0,0,0,0,0,0,4,4,12,4,1,4617,4606,0,,0,0
9365514,1790776930,10830945237,29,11,0,0,11,0,0,11,0,0,4635,6,4626,12564,4655,1,16890,4327,568,,4123,116524
9365516,1790777021,0,0,0,0,0,0,0,0,0,0,0,0,6,5,15,5,1,5223,5209,0,,0,0
9365518,1790777070,9721075233,14,12,0,0,12,0,0,12,0,0,4213,4,4214,11410,4228,1,16749,5340,616,,1670,92862
9365519,1790777124,0,0,0,0,0,0,0,0,0,0,0,0,4,4,12,4,1,5040,5029,0,,0,0
9365522,1790777199,9435612019,21,11,0,0,11,0,0,11,0,0,4033,2,4031,10933,4052,1,17961,7029,568,,3957,93883
9365525,1790777243,9433340598,15,9,0,0,9,0,0,9,0,0,4015,6,4015,10873,4030,1,15228,4356,472,,4779,100938
9365526,1790777282,10774805532,110,10,0,0,10,0,0,10,0,0,4111,6,4026,11160,4136,1,16896,5737,520,,31295,130543
9365527,1790777328,10734239683,20,10,0,0,10,0,0,10,0,0,4707,2,3044,8270,3064,1,13718,5449,520,,3806,149743
9365531,1790777371,9870808604,115,115,0,0,115,0,0,115,0,0,4067,2,3239,9052,3354,1,13372,4321,5560,,3719,153906
9365535,1790777479,0,0,0,0,0,0,0,0,0,0,0,0,8,4,12,4,1,8148,8137,0,,0,0
9365537,1790777610,10041474400,34,20,0,0,20,0,0,20,0,0,4236,8,4238,11530,4272,1,16878,5349,1000,,6785,110896
9365542,1790777611,10329735016,6,6,0,0,6,0,0,6,0,0,4234,4,4235,11443,4241,1,14844,3402,328,,927,100954
9365546,1790777613,10999345452,319,317,0,0,317,0,0,317,0,0,5014,10,862,3188,1181,1,7972,4785,15256,,5597,290676
9365550,1790777653,10976108603,603,542,0,0,542,0,0,542,0,0,4202,8,2477,8315,3080,1,12109,3795,26056,,10900,360425
9365554,1790777684,10970438374,1025,1017,0,0,1017,0,0,1017,0,0,3758,8,1249,6139,2274,1,10356,4218,48856,,23251,514446
9365555,1790777752,10741544468,28,25,0,0,25,0,0,25,0,0,4630,8,4636,12585,4664,1,19199,6615,1240,,2579,108900
9365558,1790777825,10464074433,52,12,0,0,12,0,0,12,0,0,4465,2,4431,12102,4483,1,16874,4773,616,,4819,120864
9365561,1790777883,9725917344,10,9,0,0,9,0,0,9,0,0,4210,6,4216,11402,4226,1,17590,6189,472,,1725,96709
9365565,1790777925,9195714500,5,5,0,0,5,0,0,5,0,0,4005,6,4009,10830,4014,1,15185,4356,280,,870,86430
9365567,1790777968,45373548,19,19,0,0,19,0,0,19,0,0,2,8,8,73,27,1,4684,4612,952,,246,7317
9365569,1790778020,10940154144,741,695,0,0,695,0,0,695,0,0,3883,4,3837,12356,4578,1,16708,4353,33400,,14979,381768
9365570,1790778045,10999081381,432,326,0,0,326,0,0,326,0,0,4120,4,4017,12005,4449,1,16610,4606,15688,,15372,251748
9365572,1790778080,10944610764,695,690,0,0,690,0,0,690,0,0,4032,2,4015,12710,4710,1,16466,3757,33160,,9695,503991
9365574,1790778143,10222648656,62,14,0,0,14,0,0,14,0,0,4276,4,4237,11598,4299,1,16054,4457,712,,7614,126321
9365576,1790778178,10837466341,10,7,0,0,7,0,0,7,0,0,4438,4,4442,12012,4452,1,15941,3930,376,,1729,109726
9365578,1790778218,10516205992,8,7,0,0,7,0,0,7,0,0,4464,4,3638,9836,3646,1,13906,4071,376,,2003,118162
9365581,1790778270,10591627806,161,18,0,0,18,0,0,18,0,0,4311,4,864,2768,1025,1,7091,4324,904,,37930,195788
9365587,1790778306,5898133307,9,8,0,0,8,0,0,8,0,0,2894,6,1240,3371,1249,1,7415,4045,424,,1283,94426
9365589,1790778353,9844668027,30,17,0,0,17,0,0,17,0,0,4230,12,4234,11505,4264,1,16856,5352,856,,3349,102074
9365591,1790778413,0,0,0,0,0,0,0,0,0,0,0,0,4,3,10,3,1,5320,5311,0,,0,0
9365593,1790778443,10010048055,54,13,0,0,13,0,0,13,0,0,4268,4,4233,11569,4287,1,15780,4212,664,,4153,119208
9365599,1790778482,10163594279,10,8,0,0,8,0,0,8,0,0,4410,4,4413,11936,4423,1,16006,4071,424,,1711,96129
9365600,1790778542,0,0,0,0,0,0,0,0,0,0,0,0,12,8,23,8,1,4358,4336,0,,0,0
9365602,1790778559,9798949529,22,15,0,0,15,0,0,15,0,0,4222,2,4221,11450,4243,1,14812,3363,760,,2409,96622
9365605,1790778600,9247692960,6,5,0,0,5,0,0,5,0,0,4006,4,4010,10837,4016,1,14625,3789,280,,1620,88269
9365607,1790778633,10093360321,61,12,0,0,12,0,0,12,0,0,4275,6,4239,11603,4300,1,16381,4779,616,,6030,115785
9365610,1790778672,24823228,9,9,0,0,9,0,0,9,0,0,2,4,4,37,13,1,4783,4747,472,,129,3398
9365613,1790778701,9460996216,19,12,0,0,12,0,0,12,0,0,4021,6,4020,10900,4039,1,15287,4388,616,,4596,100507
9365617,1790778767,0,0,0,0,0,0,0,0,0,0,0,0,6,5,15,5,1,4905,4891,0,,0,0
9365620,1790778808,10112530572,53,9,0,0,9,0,0,9,0,0,4266,8,4234,11570,4287,1,16774,5205,472,,6953,117860
9365621,1790778847,9236018543,8,5,0,0,5,0,0,5,0,0,4008,6,4014,10856,4022,1,15916,5061,280,,1521,88555
9365623,1790778890,0,0,0,0,0,0,0,0,0,0,0,0,2,2,7,2,1,4327,4321,0,,0,0
9365624,1790778936,10964421939,139,83,0,0,83,0,0,83,0,0,4492,4,4446,12371,4585,1,18133,5763,4024,,9773,161222
9365627,1790778978,9247917003,10,8,0,0,8,0,0,8,0,0,4010,2,4011,10850,4021,1,15058,4209,424,,1529,90086
9365631,1790779032,0,0,0,0,0,0,0,0,0,0,0,0,6,6,18,6,1,3639,3622,0,,0,0
9365633,1790779080,9520638740,24,13,0,0,13,0,0,13,0,0,4025,8,4026,10929,4050,1,15851,4923,664,,5743,102481
9365636,1790779116,9248774916,7,6,0,0,6,0,0,6,0,0,4008,4,4011,10845,4018,1,15168,4324,328,,1864,90955
9365639,1790779155,10508342289,10,8,0,0,8,0,0,8,0,0,4467,6,3641,9855,3651,1,13928,4074,424,,1726,119957
9365642,1790779193,0,0,0,0,0,0,0,0,0,0,0,0,6,4,12,4,1,4479,4468,0,,0,0
9365643,1790779230,10906417248,71,13,0,0,13,0,0,13,0,0,5027,6,1666,4689,1737,1,10172,5484,664,,7251,193065
9365645,1790779266,9231662843,7,5,0,0,5,0,0,5,0,0,4007,2,4009,10841,4016,1,15161,4321,280,,1599,90993
9365647,1790779410,9903617320,60,51,1,42,52,0,0,52,1,0,4219,4,4219,11548,4279,1,20166,8619,2536,,3263,114362
9365649,1790779445,9248726912,7,6,0,0,6,0,0,6,0,0,4008,4,4012,10842,4019,1,15335,4494,328,,1808,89134
9365652,1790779513,10851808818,123,11,0,0,11,0,0,11,0,0,4469,4,4435,12299,4558,1,16058,3760,568,,8951,153876
9365654,1790779536,10045144381,9,7,0,0,7,0,0,7,0,0,4266,6,3440,9309,3449,1,13353,4045,376,,1702,117494
9365655,1790779583,0,0,0,0,0,0,0,0,0,0,0,0,4,2,7,2,1,4894,4888,0,,0,0
9365658,1790779639,10196677369,16,14,0,0,14,0,0,14,0,0,4416,2,4417,11967,4433,1,16992,5026,712,,2088,108688
9365661,1790779694,47989678,23,23,0,0,23,0,0,23,0,0,2,6,7,82,30,1,4972,4891,1144,,200,9149
9365664,1790779721,9768504287,13,10,0,0,10,0,0,10,0,0,4214,6,4215,11408,4228,1,15340,3933,520,,2711,98106
9365665,1790779763,0,0,0,0,0,0,0,0,0,0,0,0,6,3,10,3,1,5182,5173,0,,0,0
9365668,1790779815,10530716986,59,13,0,0,13,0,0,13,0,0,4470,2,4433,12122,4492,1,16301,4180,664,,5685,123903
9365671,1790779882,0,0,0,0,0,0,0,0,0,0,0,0,6,4,12,4,1,6062,6051,0,,0,0
9365676,1790779915,10448774070,115,99,0,0,99,0,0,99,0,0,4289,6,3453,9630,3568,1,12998,3369,4792,,4857,153682
9365679,1790779953,10989690266,151,151,0,0,151,0,0,151,0,0,5183,10,1040,3215,1191,1,7725,4511,7288,,4954,224317
9365684,1790779999,10590327369,89,52,0,0,52,0,0,52,0,0,4464,6,4429,12193,4518,1,16125,3933,2536,,5581,131741
9365687,1790780034,10996790295,27,25,1,2,26,0,0,26,1,0,5155,10,1845,5055,1872,1,9839,4785,1288,,2810,167206
9365689,1790780102,10795885749,17,12,0,0,12,0,0,12,0,0,4617,6,4620,12513,4637,1,17967,5455,616,,4207,114885
9365691,1790780141,0,0,0,0,0,0,0,0,0,0,0,0,4,3,9,3,1,4614,4606,0,,0,0
9365695,1790780173,0,0,0,0,0,0,0,0,0,0,0,0,4,1,4,1,1,4186,4183,0,,0,0
9365696,1790780245,9971323720,37,28,0,0,28,0,0,28,0,0,4228,8,4229,11508,4266,1,19080,7573,1384,,5649,115137
9365702,1790780287,9920190109,79,68,0,0,68,0,0,68,0,0,4218,2,4209,11567,4288,1,15493,3927,3304,,2831,207778
9365705,1790780331,10977781532,562,512,0,0,512,0,0,512,0,0,4395,12,1866,6555,2428,1,11342,4788,24616,,9159,543915
9365709,1790780376,18079100,5,5,0,0,5,0,0,5,0,0,2,6,6,31,11,1,4780,4750,280,,126,2054
9365712,1790780418,10497728619,49,13,0,0,13,0,0,13,0,0,4461,8,4440,12114,4489,1,16866,4753,664,,6069,122512
9365714,1790780474,0,0,0,0,0,0,0,0,0,0,0,0,6,4,12,4,1,4902,4891,0,,0,0
9365717,1790780520,0,0,0,0,0,0,0,0,0,0,0,0,4,1,4,1,1,3799,3796,0,,0,0
9365720,1790780550,0,0,0,0,0,0,0,0,0,0,0,0,6,1,4,1,1,4753,4750,0,,0,0
9365726,1790780598,10048531950,64,29,0,0,29,0,0,29,0,0,4266,6,4247,11631,4311,1,16239,4609,1432,,5078,122086
9365730,1790780683,10191259438,11,10,0,0,10,0,0,10,0,0,4411,12,4416,11946,4427,1,18114,6169,520,,2039,136110
9365735,1790780739,0,0,0,0,0,0,0,0,0,0,0,0,8,5,15,5,1,5049,5035,0,,0,0
9365739,1790780768,9580505119,52,18,0,0,18,0,0,18,0,0,4062,10,4042,11046,4094,1,15266,4221,904,,5676,110536
9365740,1790780815,0,0,0,0,0,0,0,0,0,0,0,0,8,5,15,5,1,5754,5740,0,,0,0
9365742,1790780867,10057904093,38,27,0,0,27,0,0,27,0,0,4237,2,4233,11526,4271,1,15987,4462,1336,,6501,114004
9365746,1790780903,10027081907,42,10,0,0,10,0,0,10,0,0,4264,4,4239,11553,4281,1,15482,3930,520,,5178,110456
9365749,1790780952,9795792656,16,6,0,0,6,0,0,6,0,0,4216,8,4219,11427,4235,1,16208,4782,328,,2803,95851
9365751,1790780998,10541899710,45,11,0,0,11,0,0,11,0,0,4455,6,4432,12075,4477,1,16148,4074,568,,7619,120929
9365752,1790781027,10131259530,8,8,0,0,8,0,0,8,0,0,4409,4,4413,11930,4421,1,16846,4917,424,,887,101065
9365754,1790781071,9352464806,21,12,0,0,12,0,0,12,0,0,4024,2,4022,10909,4043,1,14976,4068,616,,2895,92868
9365758,1790781133,9475571571,44,13,0,0,13,0,0,13,0,0,4054,4,4030,10996,4074,1,15384,4389,664,,3724,107102
9365760,1790781167,0,0,0,0,0,0,0,0,0,0,0,0,8,5,15,5,1,4626,4612,0,,0,0
9365766,1790781203,9304604541,15,9,0,0,9,0,0,9,0,0,4016,4,4017,10883,4032,1,14671,3789,472,,2348,89699
9365771,1790781240,10253556034,38,35,0,0,35,0,0,35,0,0,4416,12,4424,12042,4462,1,16547,4506,1720,,2093,109294
9365774,1790781282,0,0,0,0,0,0,0,0,0,0,0,0,10,6,18,6,1,4068,4051,0,,0,0
9365776,1790781320,9586118284,53,18,0,0,18,0,0,18,0,0,4064,6,4040,11045,4093,1,15794,4750,904,,5512,110195
9365777,1790781359,9743148608,16,8,0,0,8,0,0,8,0,0,4218,4,4216,11418,4232,1,16869,5452,424,,1771,94234
9365779,1790781422,9751250274,14,11,0,0,11,0,0,11,0,0,4215,2,4216,11420,4230,1,15346,3927,568,,2318,98024
9365782,1790781445,10157855458,22,22,0,0,22,0,0,22,0,0,4410,4,4414,11971,4436,1,16746,4776,1096,,1035,102214
9365784,1790781475,9935225107,39,8,0,0,8,0,0,8,0,0,4249,6,4227,11512,4266,1,16149,4638,424,,4333,110410
9365787,1790781530,0,0,0,0,0,0,0,0,0,0,0,0,4,4,12,4,1,4758,4747,0,,0,0
9365791,1790781563,9305583431,12,9,0,0,9,0,0,9,0,0,4013,6,4015,10869,4027,1,15365,4497,472,,2383,89567
9365794,1790781613,9437561169,42,14,0,0,14,0,0,14,0,0,4046,8,4026,10979,4068,1,15590,4612,712,,3165,106743
9365800,1790781651,0,0,0,0,0,0,0,0,0,0,0,0,6,4,12,4,1,4338,4327,0,,0,0
9365802,1790781697,0,0,0,0,0,0,0,0,0,0,0,0,12,6,18,6,1,3615,3598,0,,0,0
9365805,1790781730,10917372668,43,13,0,0,13,0,0,13,0,0,4653,4,4634,12622,4677,1,16381,3760,664,,5391,163276
9365808,1790781792,10291888984,142,140,0,0,140,0,0,140,0,0,4212,6,4214,11755,4356,1,17520,5766,6760,,24019,332234
9365811,1790781842,10995988871,44,16,0,0,16,0,0,16,0,0,4957,6,2454,6745,2498,1,11523,4779,808,,4010,162302
9365814,1790781878,10987955364,428,428,0,0,428,0,0,428,0,0,4269,6,3438,10433,3866,1,14506,4074,20584,,4092,270488
9365817,1790781932,10978884621,358,149,0,0,149,0,0,149,0,0,4224,6,4029,11838,4387,1,16728,4891,7192,,15146,211843
9365820,1790782006,10158121416,73,24,0,0,24,0,0,24,0,0,4277,6,4238,11634,4311,1,16976,5343,1192,,6474,120361
9365823,1790782108,0,0,0,0,0,0,0,0,0,0,0,0,6,6,17,6,1,7445,7429,0,,0,0
9365825,1790782161,10333840496,35,19,0,0,19,0,0,19,0,0,4436,6,4426,12039,4461,1,16958,4920,952,,3283,106183
9365827,1790782198,10476097036,296,296,0,0,296,0,0,296,0,0,4211,4,4210,12159,4506,1,17075,4917,14248,,7537,214431
9365828,1790782245,10912616016,433,433,0,0,433,0,0,433,0,0,4055,4,4051,12102,4484,1,17300,5199,20824,,4429,364549
9365831,1790782289,10919919036,269,163,0,0,163,0,0,163,0,0,4002,2,2246,6791,2515,1,10753,3963,7864,,41707,212833
9365834,1790782339,10096839876,222,217,0,0,217,0,0,217,0,0,4023,6,4027,11469,4249,1,15401,3933,10456,,6951,179383
9365837,1790782376,0,0,0,0,0,0,0,0,0,0,0,0,6,5,15,5,1,4200,4186,0,,0,0
9365840,1790782451,0,0,0,0,0,0,0,0,0,0,0,0,6,5,15,5,1,6315,6301,0,,0,0
9365844,1790782529,9894752956,19,13,0,0,13,0,0,13,0,0,4220,6,4220,11440,4239,1,15231,3792,664,,4051,105099
9365848,1790782560,9924450865,23,9,0,0,9,0,0,9,0,0,4225,8,4227,11467,4250,1,16248,4782,472,,5377,101056
9365850,1790782617,9268199406,11,10,0,0,10,0,0,10,0,0,4009,8,4014,10859,4025,1,16063,5205,520,,2032,91563
9365855,1790782674,9774540707,10,8,0,0,8,0,0,8,0,0,4210,4,4213,11399,4223,1,16315,4917,424,,3025,97148
9365856,1790782724,10711305424,44,44,0,0,44,0,0,44,0,0,4611,10,4616,12576,4660,1,18741,6166,2152,,2755,118341
9365860,1790782822,10235720134,15,13,0,0,13,0,0,13,0,0,4415,2,4416,11959,4431,1,18423,6465,664,,2894,101322
9365864,1790782871,0,0,0,0,0,0,0,0,0,0,0,0,8,8,23,8,1,4666,4644,0,,0,0
9365869,1790782940,10191636572,21,21,0,0,21,0,0,21,0,0,4417,8,4421,11986,4442,1,17367,5382,1048,,1515,105038
9365870,1790782982,10688193295,13,9,0,0,9,0,0,9,0,0,4613,10,4619,12498,4632,1,18522,6025,472,,2827,107511
9365873,1790783035,9428132411,16,12,0,0,12,0,0,12,0,0,4019,2,4018,10888,4034,1,15801,4914,616,,4072,101740
9365874,1790783080,9253278070,9,5,0,0,5,0,0,5,0,0,4009,6,4013,10857,4022,1,15494,4638,280,,1841,92071
9365875,1790783142,9847122131,24,8,0,0,8,0,0,8,0,0,4225,2,4220,11453,4244,1,17353,5901,424,,4056,100780
9365877,1790783167,10174525150,8,7,0,0,7,0,0,7,0,0,4408,2,4410,11920,4418,1,15987,4068,376,,1965,99982
9365878,1790783251,10267687967,19,15,0,0,15,0,0,15,0,0,4421,4,4424,11985,4443,1,19439,7455,760,,2999,105407
9365881,1790783295,0,0,0,0,0,0,0,0,0,0,0,0,2,2,7,2,1,4186,4180,0,,0,0
9365884,1790783376,0,0,0,0,0,0,0,0,0,0,0,0,6,4,12,4,1,6594,6583,0,,0,0
9365887,1790783420,9842416212,33,28,0,0,28,0,0,28,0,0,4225,6,4226,11492,4259,1,15706,4215,1384,,2805,105244
9365889,1790783479,9700733421,9,7,0,0,7,0,0,7,0,0,4209,6,4211,11388,4220,1,15959,4572,376,,1598,94467
9365892,1790783527,0,0,0,0,0,0,0,0,0,0,0,0,4,3,10,3,1,3628,3619,0,,0,0
9365895,1790783558,9881281313,17,11,0,0,11,0,0,11,0,0,4217,6,4216,11426,4233,1,15499,4074,568,,4180,104353
9365897,1790783627,9402801067,32,7,0,0,7,0,0,7,0,0,4040,6,4024,10945,4056,1,16681,5737,376,,3121,102287
9365902,1790783685,36230092,13,13,0,0,13,0,0,13,0,0,4,4,7,56,20,1,4379,4324,664,,147,4923
9365904,1790783755,0,0,0,0,0,0,0,0,0,0,0,0,10,8,23,8,1,5201,5179,0,,0,0
9365908,1790783777,10535299885,53,15,0,0,15,0,0,15,0,0,4463,4,4434,12107,4487,1,15895,3789,760,,5707,125722
9365910,1790783827,10137011586,22,8,0,0,8,0,0,8,0,0,4041,8,4047,10979,4069,1,15478,4500,424,,5841,140684
9365911,1790783893,0,0,0,0,0,0,0,0,0,0,0,0,4,3,10,3,1,6730,6721,0,,0,0
9365912,1790783924,10468862485,196,170,0,0,170,0,0,170,0,0,4247,2,4225,11932,4421,1,16571,4640,8200,,17413,334022
9365916,1790783976,9826215014,22,18,0,0,18,0,0,18,0,0,4213,2,4215,11438,4237,1,15899,4462,904,,3466,100467
9365919,1790784056,0,0,0,0,0,0,0,0,0,0,0,0,8,5,15,5,1,7337,7323,0,,0,0
9365926,1790784081,9575549081,65,21,0,0,21,0,0,21,0,0,4068,6,4035,11067,4100,1,14999,3933,1048,,4711,113842
9365929,1790784130,9815256593,16,9,0,0,9,0,0,9,0,0,4218,14,4226,11447,4242,1,16096,4650,472,,3446,97558
9365934,1790784171,10316673532,68,58,1,10,59,0,0,59,1,0,4994,6,848,2472,916,1,6827,4356,2872,,2859,192156
9365936,1790784209,0,0,0,0,0,0,0,0,0,0,0,0,10,8,23,8,1,5060,5038,0,,0,0
9365939,1790784244,9561686955,50,7,0,0,7,0,0,7,0,0,4064,4,4025,10994,4075,1,15458,4465,376,,5041,183112
9365944,1790784291,9659868596,6,6,0,0,6,0,0,6,0,0,4206,6,4208,11373,4214,1,15164,3792,328,,2206,232774
9365947,1790784357,0,0,0,0,0,0,0,0,0,0,0,0,10,7,20,7,1,6044,6025,0,,0,0
9365950,1790784379,9282229207,24,21,0,0,21,0,0,21,0,0,4013,6,4016,10901,4040,1,14833,3933,1048,,1801,91285
9365952,1790784460,9547366647,43,7,0,0,7,0,0,7,0,0,4044,6,4030,10988,4073,1,17852,6865,376,,5470,98146
9365953,1790784505,9764959615,11,7,0,0,7,0,0,7,0,0,4211,4,4214,11403,4225,1,16319,4917,376,,2625,93595
9365954,1790784566,9237778057,8,6,0,0,6,0,0,6,0,0,4009,2,4009,10843,4017,1,16038,5196,328,,1426,86558
9365960,1790784602,0,0,0,0,0,0,0,0,0,0,0,0,2,2,7,2,1,3763,3757,0,,0,0
9365963,1790784679,0,0,0,0,0,0,0,0,0,0,0,0,12,6,18,6,1,6641,6624,0,,0,0
9365964,1790784726,0,0,0,0,0,0,0,0,0,0,0,0,6,5,15,5,1,5751,5737,0,,0,0
9365965,1790784796,21493164,7,7,0,0,7,0,0,7,0,0,2,2,2,26,9,1,7166,7141,376,,123,2801
9365969,1790784857,0,0,0,0,0,0,0,0,0,0,0,0,2,1,4,1,1,5452,5449,0,,0,0
9365972,1790784953,9782147757,70,18,0,0,18,0,0,18,0,0,4084,8,4047,11111,4117,1,15440,4330,904,,8203,122346
9365974,1790784997,9712113006,8,7,0,0,7,0,0,7,0,0,4209,6,4211,11384,4219,1,15880,4497,376,,1964,94509
9365977,1790785023,10359285445,75,72,0,0,72,0,0,72,0,0,4990,4,840,2470,915,1,6511,4042,3496,,3591,288285
9365981,1790785077,10982679544,128,120,0,0,120,0,0,120,0,0,5199,6,1050,3180,1178,1,7676,4497,5800,,5072,357589
9365985,1790785124,9966925517,449,434,0,0,434,0,0,434,0,0,4189,8,851,3510,1300,1,8291,4782,20872,,31916,580538
9365987,1790785159,10973361100,115,87,0,0,87,0,0,87,0,0,5208,8,1065,3186,1180,1,7826,4641,4216,,4542,215946
9365991,1790785206,10929948586,829,620,0,0,620,0,0,620,0,0,3597,4,905,4682,1734,1,9457,4776,29800,,43986,453298
9365992,1790785250,9528283585,450,357,0,0,357,0,0,357,0,0,3625,8,1063,4087,1513,1,10028,5942,17176,,22738,280017
9365997,1790785294,0,0,0,0,0,0,0,0,0,0,0,0,2,2,7,2,1,4045,4039,0,,0,0
9365999,1790785334,10143836296,11,7,0,0,7,0,0,7,0,0,4981,10,842,2304,853,1,7511,5208,376,,2338,168228
9366001,1790785390,9196470500,5,5,0,0,5,0,0,5,0,0,4005,4,4008,10827,4013,1,16166,5340,280,,927,88303
9366004,1790785499,9755030417,14,6,0,0,6,0,0,6,0,0,4210,4,4213,11405,4227,1,20128,8724,328,,2695,94943
9366007,1790785555,0,0,0,0,0,0,0,0,0,0,0,0,6,5,15,5,1,5187,5173,0,,0,0
9366010,1790785616,10933504780,18,11,0,0,11,0,0,11,0,0,4447,6,4448,12049,4466,1,16968,4920,568,,3030,117385
9366013,1790785650,10565755881,10,8,0,0,8,0,0,8,0,0,5177,6,1037,2826,1047,1,7181,4356,424,,2029,178641
9366016,1790785685,9739072775,14,12,0,0,12,0,0,12,0,0,4298,6,2644,7177,2658,1,12208,5032,616,,1696,126992
9366018,1790785731,10565066806,18,17,0,0,17,0,0,17,0,0,4475,6,3649,9893,3667,1,15065,5173,856,,2258,122968
9366021,1790785794,0,0,0,0,0,0,0,0,0,0,0,0,4,3,9,3,1,4191,4183,0,,0,0
9366024,1790785824,0,0,0,0,0,0,0,0,0,0,0,0,6,5,15,5,1,4200,4186,0,,0,0
9366026,1790785879,9353302845,29,23,0,0,23,0,0,23,0,0,4032,6,4032,10957,4061,1,16729,5773,1144,,1919,123537
9366027,1790785945,9712113004,8,7,0,0,7,0,0,7,0,0,4209,4,4212,11384,4220,1,15284,3901,376,,1844,94195
9366028,1790785972,0,0,0,0,0,0,0,0,0,0,0,0,2,1,4,1,1,5170,5167,0,,0,0
9366032,1790786008,10163546273,10,8,0,0,8,0,0,8,0,0,4410,2,4410,11928,4420,1,15572,3645,424,,1863,154227
9366035,1790786053,10255768784,14,10,0,0,10,0,0,10,0,0,4416,8,4423,11974,4437,1,16191,4218,520,,8138,281997
9366039,1790786116,0,0,0,0,0,0,0,0,0,0,0,0,6,5,15,5,1,4905,4891,0,,0,0
9366041,1790786172,8901417126,21,13,0,0,13,0,0,13,0,0,3826,8,3830,10394,3851,1,16274,5881,664,,2730,89017
9366045,1790786193,10121384304,12,8,0,0,8,0,0,8,0,0,4980,4,838,2295,850,1,6477,4183,424,,1637,170042
9366047,1790786256,0,0,0,0,0,0,0,0,0,0,0,0,8,4,12,4,1,5892,5881,0,,0,0
9366051,1790786312,0,0,0,0,0,0,0,0,0,0,0,0,4,3,9,3,1,4191,4183,0,,0,0
9366054,1790786338,10306073480,103,48,0,0,48,0,0,48,0,0,4365,8,2674,7495,2777,1,12558,5064,2344,,8446,171521
9366057,1790786411,10147818302,26,23,0,0,23,0,0,23,0,0,4283,6,3453,9390,3479,1,13434,4045,1144,,2622,126465
9366058,1790786490,10583598384,37,15,0,0,15,0,0,15,0,0,4753,6,2263,6210,2300,1,13699,7490,760,,5177,188303
9366060,1790786584,9909758843,26,18,0,0,18,0,0,18,0,0,4315,2,2658,7245,2684,1,11283,4039,904,,4079,133221
9366063,1790786618,10879145036,11,11,0,0,11,0,0,11,0,0,5152,4,1839,4995,1850,1,9741,4747,568,,975,161873
9366066,1790786716,10293876986,35,27,0,0,27,0,0,27,0,0,4290,6,3462,9439,3497,1,13483,4045,1336,,5060,126382
9366067,1790786765,10428956042,27,18,0,0,18,0,0,18,0,0,4512,6,2854,7776,2881,1,14387,6612,904,,5033,141646
9366070,1790786831,9854905490,20,15,0,0,15,0,0,15,0,0,4306,2,2650,7208,2670,1,10852,3645,760,,3998,130272
9366073,1790786862,0,0,0,0,0,0,0,0,0,0,0,0,6,3,9,3,1,3912,3904,0,,0,0
9366077,1790786889,0,0,0,0,0,0,0,0,0,0,0,0,6,1,4,1,1,4048,4045,0,,0,0
9366080,1790786928,10021199854,35,26,0,0,26,0,0,26,0,0,4317,8,2657,7266,2692,1,10919,3654,1288,,5557,145926
9366081,1790786960,10580753624,9,8,0,0,8,0,0,8,0,0,5178,6,1039,2830,1048,1,8002,5173,424,,2043,180157
9366085,1790787003,9985723315,103,12,0,0,12,0,0,12,0,0,4141,2,1644,4714,1747,1,8076,3363,616,,21021,182642
9366090,1790787047,10942181375,132,19,1,11,20,0,0,20,1,0,5092,8,851,2654,983,1,6842,4189,1000,,10118,210190
9366093,1790787098,10858442853,119,16,0,0,16,0,0,16,0,0,4376,10,3456,9649,3575,1,14465,4817,808,,10024,150059
9366095,1790787157,10487963585,30,29,0,0,29,0,0,29,0,0,4954,6,1642,4512,1672,1,9543,5032,1432,,1669,163121
9366099,1790787195,10192376980,177,177,1,3,178,0,0,178,1,0,4294,4,2638,7599,2815,1,11528,3930,8584,,2555,229928
9366101,1790787254,0,0,0,0,0,0,0,0,0,0,0,0,8,6,18,6,1,5898,5881,0,,0,0
9366102,1790787305,0,0,0,0,0,0,0,0,0,0,0,0,4,3,9,3,1,6165,6157,0,,0,0
9366105,1790787350,9385260853,21,11,0,0,11,0,0,11,0,0,4023,2,4020,10907,4041,1,14833,3927,568,,3626,96010
9366106,1790787392,10560896917,9,8,0,0,8,0,0,8,0,0,5177,6,1038,2827,1047,1,7746,4920,424,,1544,241416
9366110,1790787449,10680985497,27,21,0,0,21,0,0,21,0,0,4962,2,1645,4513,1672,1,8974,4462,1048,,9855,266167
9366112,1790787525,0,0,0,0,0,0,0,0,0,0,0,0,8,6,17,6,1,6743,6727,0,,0,0
9366116,1790787583,10522428762,13,9,0,0,9,0,0,9,0,0,4241,4,4241,11481,4254,1,16256,4776,472,,4398,108505
9366120,1790787619,10242899412,26,25,0,0,25,0,0,25,0,0,5016,8,876,2435,902,1,6793,4359,1240,,1931,173293
9366123,1790787679,9966949434,135,117,0,0,117,0,0,117,0,0,4377,8,1888,5461,2023,1,10809,5349,5656,,6753,190736
9366124,1790787727,0,0,0,0,0,0,0,0,0,0,0,0,6,5,15,5,1,4095,4081,0,,0,0
9366126,1790787751,10336816256,18,11,0,0,11,0,0,11,0,0,4724,2,2238,6087,2256,1,10266,4180,568,,1775,255919
9366128,1790787808,0,0,0,0,0,0,0,0,0,0,0,0,4,2,7,2,1,5035,5029,0,,0,0
9366130,1790787855,10632345075,12,8,0,0,8,0,0,8,0,0,5181,4,1038,2835,1050,1,7328,4494,424,,7687,244819
9366135,1790787892,0,0,0,0,0,0,0,0,0,0,0,0,4,4,12,4,1,4476,4465,0,,0,0
9366136,1790787925,9693174708,22,7,0,0,7,0,0,7,0,0,4077,10,3252,8833,3274,1,14040,5208,376,,3137,116416
9366137,1790787986,10627642710,30,29,0,0,29,0,0,29,0,0,5181,2,1038,2883,1068,1,9347,6465,1432,,2012,182748
9366140,1790788050,0,0,0,0,0,0,0,0,0,0,0,0,2,2,7,2,1,4468,4462,0,,0,0
9366146,1790788088,10404582666,16,12,0,0,12,0,0,12,0,0,4726,6,2244,6100,2260,1,10314,4215,616,,3270,145338
9366149,1790788146,0,0,0,0,0,0,0,0,0,0,0,0,12,7,20,7,1,5342,5323,0,,0,0
9366153,1790788251,10157148563,23,20,0,0,20,0,0,20,0,0,4275,6,3445,9361,3468,1,15972,6612,1000,,2978,118169
9366156,1790788294,0,0,0,0,0,0,0,0,0,0,0,0,8,6,17,6,1,4382,4366,0,,1,0
9366157,1790788365,0,0,0,0,0,0,0,0,0,0,0,0,6,3,10,3,1,6874,6865,0,,0,0
9366161,1790788399,10901019652,17,11,0,0,11,0,0,11,0,0,4447,2,4445,12040,4462,1,15684,3645,568,,2505,111304
9366164,1790788436,10163188214,12,7,0,0,7,0,0,7,0,0,4981,8,841,2304,853,1,6239,3936,376,,2722,169802
9366168,1790788485,0,0,0,0,0,0,0,0,0,0,0,0,6,6,18,6,1,4626,4609,0,,0,0
9366171,1790788544,0,0,0,0,0,0,0,0,0,0,0,0,8,6,18,6,1,5757,5740,0,,0,0
9366174,1790788576,0,0,0,0,0,0,0,0,0,0,0,0,6,5,15,5,1,4482,4468,0,,0,0
9366176,1790788607,10386006875,50,31,0,0,31,0,0,31,0,0,4433,6,4429,12083,4479,1,16861,4779,1528,,3847,117514
9366182,1790788691,0,0,0,0,0,0,0,0,0,0,0,0,4,3,10,3,1,3910,3901,0,,0,0
9366184,1790788716,0,0,0,0,0,0,0,0,0,0,0,0,12,7,20,7,1,5342,5323,0,,0,0
9366187,1790788766,0,0,0,0,0,0,0,0,0,0,0,0,4,3,9,3,1,4332,4324,0,,0,0
9366188,1790788806,10772918659,25,20,0,0,20,0,0,20,0,0,4626,6,4631,12564,4656,1,18047,5484,1000,,3342,106778
9366191,1790788844,9301247154,15,8,0,0,8,0,0,8,0,0,4017,2,4016,10878,4031,1,14804,3927,424,,2339,90071
9366194,1790788891,10505530355,16,9,0,0,9,0,0,9,0,0,4958,6,1647,4489,1663,1,7683,3195,472,,2646,161545
9366198,1790788935,9832600568,28,24,0,0,24,0,0,24,0,0,4218,6,4221,11471,4249,1,15544,4074,1192,,3203,100934
9366199,1790788981,10077302131,15,13,0,0,13,0,0,13,0,0,4272,8,3448,9347,3463,1,14128,4782,664,,1764,119361
9366202,1790789009,10349812583,19,14,0,0,14,0,0,14,0,0,4419,2,4418,11972,4437,1,16039,4068,712,,4731,123339
9366203,1790789064,0,0,0,0,0,0,0,0,0,0,0,0,6,4,12,4,1,5184,5173,0,,0,0
9366205,1790789105,9958019655,22,13,0,0,13,0,0,13,0,0,4223,2,4219,11440,4241,1,15930,4491,664,,6201,120994
9366207,1790789145,0,0,0,0,0,0,0,0,0,0,0,0,4,4,12,4,1,4335,4324,0,,0,0
9366208,1790789177,10300375327,21,10,0,0,10,0,0,10,0,0,4423,4,4421,11984,4442,1,16195,4212,520,,3881,106616
9366211,1790789219,0,0,0,0,0,0,0,0,0,0,0,0,2,2,7,2,1,4045,4039,0,,0,0
9366215,1790789278,10186022405,20,19,0,0,19,0,0,19,0,0,4413,6,4415,11970,4435,1,16719,4750,952,,1610,103029
9366217,1790789328,10123266692,7,7,0,0,7,0,0,7,0,0,4407,8,4412,11925,4419,1,17129,5205,376,,926,97573
9366219,1790789374,9743418761,9,7,0,0,7,0,0,7,0,0,4209,4,4212,11390,4221,1,15899,4510,376,,2389,94571
9366222,1790789424,0,0,0,0,0,0,0,0,0,0,0,0,4,3,9,3,1,4614,4606,0,,0,0
9366224,1790789447,9809179256,21,8,0,0,8,0,0,8,0,0,4223,6,4222,11454,4243,1,16123,4670,424,,2941,96434
9366229,1790789510,0,0,0,0,0,0,0,0,0,0,0,0,4,4,12,4,1,4476,4465,0,,0,0
9366233,1790789540,9616576150,95,89,0,0,89,0,0,89,0,0,4042,10,4033,11140,4128,1,15613,4474,4312,,5170,120367
9366234,1790789582,9196470500,5,5,0,0,5,0,0,5,0,0,4005,8,4010,10833,4015,1,15755,4923,280,,804,85347
9366241,1790789620,9711115056,7,6,0,0,6,0,0,6,0,0,4207,2,4209,11379,4216,1,15023,3645,328,,1710,90640
9366242,1790789681,9280591422,11,8,0,0,8,0,0,8,0,0,4013,14,4023,10885,4034,1,18229,7345,424,,2172,89063
9366244,1790789725,9659868596,6,6,0,0,6,0,0,6,0,0,4206,2,4208,11371,4214,1,15015,3645,328,,926,93301
9366248,1790789806,29605966,9,9,0,0,9,0,0,9,0,0,4,4,6,42,15,1,7326,7285,472,,138,3653
9366250,1790789874,10207088868,16,15,0,0,15,0,0,15,0,0,4414,8,4417,11963,4433,1,18295,6333,760,,2094,102148
9366254,1790789922,0,0,0,0,0,0,0,0,0,0,0,0,4,3,10,3,1,4474,4465,0,,0,0
9366259,1790789953,9289807992,13,11,0,0,11,0,0,11,0,0,4013,8,4019,10881,4032,1,15098,4218,568,,2026,95497
9366263,1790790073,10456484557,39,22,0,0,22,0,0,22,0,0,4440,10,4439,12077,4478,1,18346,6270,1096,,5485,112085
9366268,1790790108,10340781934,8,8,0,0,8,0,0,8,0,0,4236,8,4238,11460,4246,1,16071,4612,424,,1090,111016
9366273,1790790167,10205703619,11,8,0,0,8,0,0,8,0,0,4412,10,4419,11951,4430,1,16565,4615,424,,2606,102617
9366275,1790790201,9196470500,5,5,0,0,5,0,0,5,0,0,4005,10,4012,10840,4017,1,15483,4644,280,,917,89193
9366276,1790790246,9787295987,36,26,0,0,26,0,0,26,0,0,4225,4,4221,11486,4257,1,16937,5452,1288,,1931,103620
9366277,1790790307,9335966540,15,10,0,0,10,0,0,10,0,0,4016,2,4016,10877,4031,1,17200,6324,520,,3422,90464
9366282,1790790352,9401168846,13,8,0,0,8,0,0,8,0,0,4014,2,4014,10868,4027,1,14512,3645,424,,4373,92259
9366285,1790790385,9312269509,14,11,0,0,11,0,0,11,0,0,4017,10,4023,10893,4037,1,15789,4897,568,,2567,89084
9366287,1790790460,0,0,0,0,0,0,0,0,0,0,0,0,6,4,12,4,1,5184,5173,0,,0,0
9366288,1790790520,9320008533,13,10,0,0,10,0,0,10,0,0,4023,4,4025,10898,4038,1,17647,6750,520,,2561,88780
9366290,1790790565,9246996958,6,5,0,0,5,0,0,5,0,0,4006,2,4007,10831,4013,1,15039,4209,280,,1631,85432
9366293,1790790652,9412041521,31,19,0,0,19,0,0,19,0,0,4032,4,4030,10958,4061,1,16401,5444,952,,2921,97148
9366295,1790790724,0,0,0,0,0,0,0,0,0,0,0,0,6,5,15,5,1,5187,5173,0,,0,0
9366298,1790790758,0,0,0,0,0,0,0,0,0,0,0,0,4,3,9,3,1,3345,3337,0,,0,0
9366302,1790790803,0,0,0,0,0,0,0,0,0,0,0,0,6,2,7,2,1,3769,3763,0,,0,0
9366305,1790790840,9239477443,8,6,0,0,6,0,0,6,0,0,4009,8,4013,10851,4021,1,15350,4500,328,,1558,85237
9366308,1790790885,0,0,0,0,0,0,0,0,0,0,0,0,6,4,12,4,1,5043,5032,0,,0,0
9366311,1790790914,9696752115,8,7,0,0,7,0,0,7,0,0,4209,6,4214,11393,4222,1,15578,4186,376,,1444,90070
9366316,1790790986,9784062225,15,8,0,0,8,0,0,8,0,0,4217,6,4219,11425,4234,1,15075,3651,424,,2527,94536
9366318,1790791009,0,0,0,0,0,0,0,0,0,0,0,0,10,9,26,9,1,4922,4897,0,,0,0
9366320,1790791061,9720119044,17,17,0,0,17,0,0,17,0,0,4216,4,4218,11429,4235,1,16204,4776,856,,1146,94483
9366321,1790791118,9196470500,5,5,0,0,5,0,0,5,0,0,4005,4,4009,10834,4014,1,16990,6157,280,,816,86017
9366323,1790791192,0,0,0,0,0,0,0,0,0,0,0,0,2,1,4,1,1,6016,6013,0,,0,0
9366324,1790791227,9817944744,25,14,0,0,14,0,0,14,0,0,4226,4,4224,11467,4249,1,17136,5670,712,,2492,97265
9366326,1790791267,10710295482,41,40,0,0,40,0,0,40,0,0,4614,2,4616,12569,4657,1,16636,4068,1960,,2011,113656
9366329,1790791301,10701764687,42,37,0,0,37,0,0,37,0,0,5189,4,1041,2924,1083,1,7247,4324,1816,,2481,181664
9366333,1790791356,0,0,0,0,0,0,0,0,0,0,0,0,6,5,15,5,1,4059,4045,0,,0,0
9366339,1790791385,10579321482,57,53,0,0,53,0,0,53,0,0,4511,8,4511,12329,4568,1,16687,4359,2584,,3062,117082
9366343,1790791435,10200312246,12,9,0,0,9,0,0,9,0,0,4413,12,4423,11966,4435,1,17317,5352,472,,2209,96102
9366345,1790791481,10661880222,13,10,0,0,10,0,0,10,0,0,4613,8,4618,12497,4631,1,17419,4923,520,,2217,99361
9366348,1790791524,9258343652,17,17,0,0,17,0,0,17,0,0,4017,4,4020,10896,4037,1,14937,4042,856,,985,90544
9366351,1790791563,0,0,0,0,0,0,0,0,0,0,0,0,6,4,12,4,1,4338,4327,0,,0,0
9366356,1790791600,9786279182,16,7,0,0,7,0,0,7,0,0,4217,6,4216,11416,4232,1,15489,4074,376,,2619,95262
9366358,1790791674,0,0,0,0,0,0,0,0,0,0,0,0,10,7,20,7,1,5903,5884,0,,0,0
9366359,1790791724,9740231215,11,7,0,0,7,0,0,7,0,0,4213,4,4215,11405,4226,1,16997,5593,376,,2130,95365
9366361,1790791755,0,0,0,0,0,0,0,0,0,0,0,0,2,1,4,1,1,4606,4603,0,,0,0
9366364,1790791785,0,0,0,0,0,0,0,0,0,0,0,0,4,3,10,3,1,4051,4042,0,,0,0
9366367,1790791919,0,0,0,0,0,0,0,0,0,0,0,0,6,5,15,5,1,9590,9576,0,,0,0
9366370,1790791954,10106211685,120,117,0,0,117,0,0,117,0,0,4218,6,4222,11718,4342,1,16073,4356,5656,,3092,155712
9366372,1790791996,9247752958,6,5,0,0,5,0,0,5,0,0,4006,6,4011,10838,4017,1,15334,4497,280,,1849,93636
9366374,1790792041,9196470500,5,5,0,0,5,0,0,5,0,0,4005,4,4009,10833,4014,1,15608,4776,280,,898,86787
9366376,1790792103,9871452732,27,12,0,0,12,0,0,12,0,0,4226,4,4224,11469,4251,1,17513,6045,616,,3541,101902
9366378,1790792165,10254153871,26,12,0,0,12,0,0,12,0,0,4427,4,4424,12010,4450,1,16785,4776,616,,2455,105709
9366380,1790792209,0,0,0,0,0,0,0,0,0,0,0,0,4,4,12,4,1,4758,4747,0,,0,0
9366383,1790792259,10221644014,17,16,0,0,16,0,0,16,0,0,4417,4,4419,11975,4436,1,16721,4747,808,,2158,104522
9366384,1790792303,9711357006,8,7,0,0,7,0,0,7,0,0,4209,6,4213,11392,4221,1,17157,5766,376,,1885,92935
9366387,1790792364,0,0,0,0,0,0,0,0,0,0,0,0,2,2,7,2,1,4186,4180,0,,0,0
9366389,1790792399,10148556216,26,20,0,0,20,0,0,20,0,0,4330,6,4333,11762,4359,1,16825,5064,1000,,3182,111228
9366391,1790792469,0,0,0,0,0,0,0,0,0,0,0,0,4,3,9,3,1,5637,5629,0,,0,0
9366392,1790792513,9228408092,161,157,0,0,157,0,0,157,0,0,3826,4,3824,10753,3985,1,15951,5199,7576,,3125,141244
9366396,1790792556,0,0,0,0,0,0,0,0,0,0,0,0,2,2,7,2,1,4468,4462,0,,0,0
9366400,1790792591,9692041996,21,21,0,0,21,0,0,21,0,0,4208,8,4210,11416,4231,1,15774,4359,1048,,1132,98942
9366404,1790792653,0,0,0,0,0,0,0,0,0,0,0,0,8,8,23,8,1,4916,4894,0,,0,0
9366406,1790792722,0,0,0,0,0,0,0,0,0,0,0,0,8,5,15,5,1,5895,5881,0,,0,0
9366410,1790792765,0,0,0,0,0,0,0,0,0,0,0,0,4,3,9,3,1,4614,4606,0,,0,0
9366414,1790792824,10876956109,56,51,0,0,51,0,0,51,0,0,4632,8,4633,12652,4689,1,18532,5881,2488,,4366,123493
9366415,1790792871,9785570577,15,7,0,0,7,0,0,7,0,0,4216,8,4220,11427,4235,1,17195,5769,376,,2901,96862
9366417,1790792912,9248774916,7,6,0,0,6,0,0,6,0,0,4008,2,4010,10841,4017,1,15190,4350,328,,1829,88353
9366419,1790792952,0,0,0,0,0,0,0,0,0,0,0,0,4,3,9,3,1,4614,4606,0,,0,0
9366421,1790793073,0,0,0,0,0,0,0,0,0,0,0,0,4,1,4,1,1,8166,8163,0,,0,0
9366422,1790793104,0,0,0,0,0,0,0,0,0,0,0,0,4,1,4,1,1,5596,5593,0,,0,0
9366423,1790793143,10829225360,52,17,0,0,17,0,0,17,0,0,4651,2,4626,12623,4678,1,17789,5167,856,,3386,120098
9366426,1790793189,9196470500,5,5,0,0,5,0,0,5,0,0,4005,2,4006,10817,4011,1,14884,4068,280,,803,86359
9366427,1790793238,0,0,0,0,0,0,0,0,0,0,0,0,6,5,15,5,1,5469,5455,0,,0,0
9366429,1790793280,0,0,0,0,0,0,0,0,0,0,0,0,2,1,4,1,1,4465,4462,0,,0,0
9366431,1790793310,10683975556,21,19,0,0,19,0,0,19,0,0,4622,4,4625,12539,4646,1,16609,4071,952,,1772,106029
9366432,1790793347,0,0,0,0,0,0,0,0,0,0,0,0,4,3,10,3,1,5038,5029,0,,0,0
9366435,1790793408,10795785458,27,22,0,0,22,0,0,22,0,0,4633,2,4633,12573,4660,1,16076,3504,1096,,3504,110623
9366437,1790793425,0,0,0,0,0,0,0,0,0,0,0,0,6,6,17,6,1,3779,3763,0,,0,0
9366443,1790793512,9365026004,59,58,0,0,58,0,0,58,0,0,4024,4,4026,11021,4085,1,17629,6609,2824,,1550,107066
9366447,1790793557,9257215416,7,5,0,0,5,0,0,5,0,0,4007,12,4017,10858,4024,1,16039,5182,280,,1800,88546
9366452,1790793629,0,0,0,0,0,0,0,0,0,0,0,0,8,7,20,7,1,4808,4789,0,,0,0
9366456,1790793667,10787567554,35,30,0,0,30,0,0,30,0,0,4634,10,4636,12605,4671,1,16966,4362,1480,,3063,113912
9366458,1790793722,10183669327,15,13,0,0,13,0,0,13,0,0,4414,8,4419,11966,4434,1,16191,4226,664,,4954,243684
9366459,1790793766,9748880383,13,9,0,0,9,0,0,9,0,0,4214,4,4217,11414,4230,1,17458,6045,472,,2202,102586
9366462,1790793805,10637929677,13,12,0,0,12,0,0,12,0,0,4613,2,4615,12488,4628,1,16555,4068,616,,1675,103645
9366463,1790793902,10659714189,17,15,0,0,15,0,0,15,0,0,4617,6,4621,12518,4638,1,17831,5314,760,,1867,105345
9366465,1790793976,10640226792,13,9,0,0,9,0,0,9,0,0,4614,2,4613,12485,4626,1,19343,6859,472,,1811,105825
9366468,1790794020,9659868596,6,6,0,0,6,0,0,6,0,0,4206,4,4208,11372,4214,1,16006,4635,328,,946,93173
9366472,1790794080,21397164,7,7,0,0,7,0,0,7,0,0,2,6,6,36,13,1,4644,4609,376,,134,2947
9366473,1790794105,10706592817,16,12,0,0,12,0,0,12,0,0,4616,8,4619,12510,4635,1,17121,4612,616,,2932,107762
9366474,1790794164,10123266692,7,7,0,0,7,0,0,7,0,0,4407,2,4408,11912,4415,1,17812,5901,376,,993,95520
9366476,1790794218,10180129676,9,8,0,0,8,0,0,8,0,0,4409,2,4411,11928,4420,1,16736,4809,424,,1819,98823
9366477,1790794279,0,0,0,0,0,0,0,0,0,0,0,0,4,4,12,4,1,5745,5734,0,,0,0
9366479,1790794318,10727670548,173,160,0,0,160,0,0,160,0,0,4431,2,4425,12409,4598,1,16899,4491,7720,,4422,160607
9366481,1790794436,9486556716,104,104,0,0,104,0,0,104,0,0,4010,4,4014,11113,4118,1,19131,8019,5032,,1845,127215
9366482,1790794501,0,0,0,0,0,0,0,0,0,0,0,0,4,3,10,3,1,6448,6439,0,,0,0
9366485,1790794554,9682159806,15,15,0,0,15,0,0,15,0,0,4208,2,4208,11394,4223,1,15996,4603,760,,900,96386
9366488,1790794601,9694291205,8,7,0,0,7,0,0,7,0,0,4208,6,4210,11381,4218,1,15989,4609,376,,2590,102651
9366492,1790794743,0,0,0,0,0,0,0,0,0,0,0,0,6,3,9,3,1,9552,9544,0,,0,0
9366495,1790794790,9867337141,20,14,0,0,14,0,0,14,0,0,4222,8,4225,11452,4245,1,14947,3496,712,,4123,101188
9366499,1790794861,10215366134,25,21,0,0,21,0,0,21,0,0,4418,6,4420,11996,4445,1,15787,3792,1048,,1791,103894
9366503,1790794942,0,0,0,0,0,0,0,0,0,0,0,0,8,6,18,6,1,7872,7855,0,,0,0
9366507,1790795004,10335631420,26,21,0,0,21,0,0,21,0,0,4426,8,4428,12016,4454,1,16797,4782,1048,,3635,105921
9366510,1790795092,9694487652,18,18,0,0,18,0,0,18,0,0,4211,8,4218,11431,4236,1,18580,7150,904,,1074,96162
9366516,1790795140,0,0,0,0,0,0,0,0,0,0,0,0,6,5,15,5,1,4623,4609,0,,0,0
9366521,1790795200,9738876549,15,9,0,0,9,0,0,9,0,0,4217,12,4221,11431,4236,1,15766,4336,472,,1761,94068
9366523,1790795266,9767865637,12,9,0,0,9,0,0,9,0,0,4217,10,4222,11424,4234,1,18605,7182,472,,2723,99144
9366524,1790795322,9247752958,6,5,0,0,5,0,0,5,0,0,4006,4,4009,10839,4015,1,17322,6484,280,,1709,90827
9366527,1790795403,9721453512,8,6,0,0,6,0,0,6,0,0,4208,2,4210,11384,4218,1,17034,5651,328,,1969,95436
9366529,1790795453,9260131565,12,6,0,0,6,0,0,6,0,0,4013,6,4012,10861,4024,1,15921,5061,328,,1899,90759
9366531,1790795512,0,0,0,0,0,0,0,0,0,0,0,0,4,4,12,4,1,4476,4465,0,,0,0
9366534,1790795548,0,0,0,0,0,0,0,0,0,0,0,0,4,1,4,1,1,4186,4183,0,,0,0
9366542,1790795611,0,0,0,0,0,0,0,0,0,0,0,0,6,4,12,4,1,4620,4609,0,,0,0
9366544,1790795662,9413486827,43,39,0,0,39,0,0,39,0,0,4034,16,4034,11002,4077,1,16641,5640,1912,,3259,103141
9366549,1790795709,9196470500,5,5,0,0,5,0,0,5,0,0,4005,4,4008,10832,4013,1,14761,3930,280,,880,87859
9366552,1790795756,9857282570,19,11,0,0,11,0,0,11,0,0,4222,10,4228,11460,4247,1,16356,4897,568,,3747,97905
9366555,1790795829,10571900352,24,24,0,0,24,0,0,24,0,0,5179,6,1038,2869,1062,1,8211,5343,1192,,990,175348
9366557,1790795867,10445666824,10,8,0,0,8,0,0,8,0,0,4951,6,1641,4456,1651,1,8811,4356,424,,1598,154217
9366559,1790795913,0,0,0,0,0,0,0,0,0,0,0,0,4,3,9,3,1,4896,4888,0,,0,0
9366560,1790795982,9739605709,26,25,0,0,25,0,0,25,0,0,4212,4,4212,11439,4238,1,16983,5545,1240,,1555,99226
9366564,1790796044,9829311474,15,9,0,0,9,0,0,9,0,0,4217,2,4218,11422,4233,1,17463,6042,472,,3674,102565
9366566,1790796102,9237299325,8,6,0,0,6,0,0,6,0,0,4008,8,4014,10854,4022,1,15776,4923,328,,1594,88842
9366568,1790796142,9385073424,17,12,0,0,12,0,0,12,0,0,4016,4,4019,10884,4036,1,14813,3930,616,,3612,99023
9366574,1790796188,0,0,0,0,0,0,0,0,0,0,0,0,4,4,12,4,1,4194,4183,0,,0,0
9366578,1790796252,10442326028,24,15,0,0,15,0,0,15,0,0,4422,12,4426,12008,4450,1,16231,4224,760,,5953,112776
9366581,1790796272,9204493452,6,6,0,0,6,0,0,6,0,0,4007,8,4010,10836,4016,1,15194,4359,328,,818,88713
9366582,1790796326,0,0,0,0,0,0,0,0,0,0,0,0,6,6,17,6,1,6176,6160,0,,0,0
9366584,1790796407,0,0,0,0,0,0,0,0,0,0,0,0,2,1,4,1,1,7003,7000,0,,0,0
9366586,1790796446,0,0,0,0,0,0,0,0,0,0,0,0,4,3,10,3,1,4333,4324,0,,0,0
9366589,1790796474,10880216371,39,26,0,0,26,0,0,26,0,0,4628,4,4623,12582,4662,1,16764,4183,1288,,5190,119368
9366593,1790796523,0,0,0,0,0,0,0,0,0,0,0,0,6,4,12,4,1,4479,4468,0,,0,0
9366595,1790796604,0,0,0,0,0,0,0,0,0,0,0,0,8,6,18,6,1,6917,6900,0,,0,0
9366597,1790796640,0,0,0,0,0,0,0,0,0,0,0,0,4,1,4,1,1,4468,4465,0,,0,0
9366599,1790796684,0,0,0,0,0,0,0,0,0,0,0,0,4,1,4,1,1,4891,4888,0,,0,0
9366603,1790796726,0,0,0,0,0,0,0,0,0,0,0,0,4,3,10,3,1,4756,4747,0,,0,0
9366605,1790796758,9405020913,47,33,0,0,33,0,0,33,0,0,4030,8,4026,10993,4073,1,15745,4753,1624,,2775,110089
9366607,1790796814,0,0,0,0,0,0,0,0,0,0,0,0,4,2,7,2,1,4894,4888,0,,0,0
9366609,1790796870,10182140106,9,8,0,0,8,0,0,8,0,0,4410,4,4412,11928,4421,1,18113,6186,424,,2121,104929
9366610,1790796927,10633723652,17,17,0,0,17,0,0,17,0,0,4617,4,4620,12514,4637,1,17148,4635,856,,1141,106969
9366612,1790796984,9912688893,23,17,0,0,17,0,0,17,0,0,4223,2,4221,11454,4244,1,17213,5760,856,,4093,109599
9366616,1790797023,0,0,0,0,0,0,0,0,0,0,0,0,4,4,12,4,1,3771,3760,0,,0,0
9366619,1790797068,10697146298,36,36,0,0,36,0,0,36,0,0,4627,8,4628,12587,4664,1,18044,5458,1768,,1383,117624
9366620,1790797141,9329451032,20,17,0,0,17,0,0,17,0,0,4020,6,4024,10912,4044,1,18260,7349,856,,2181,97029
9366622,1790797213,9659112596,6,6,0,0,6,0,0,6,0,0,4206,2,4207,11368,4213,1,15724,4357,328,,2554,155784
9366625,1790797247,0,0,0,0,0,0,0,0,0,0,0,0,4,2,7,2,1,4612,4606,0,,0,1
9366629,1790797293,9271338019,14,12,0,0,12,0,0,12,0,0,4015,6,4017,10881,4031,1,15518,4638,616,,1966,125677
9366633,1790797331,9196470500,5,5,0,0,5,0,0,5,0,0,4005,8,4012,10840,4017,1,15198,4359,280,,873,89564
9366636,1790797380,10638599844,26,26,0,0,26,0,0,26,0,0,4614,8,4618,12532,4644,1,17425,4894,1288,,1172,111353
9366637,1790797430,10601020570,11,10,0,0,10,0,0,10,0,0,4611,6,4616,12484,4627,1,17403,4920,520,,1079,105207
9366639,1790797458,0,0,0,0,0,0,0,0,0,0,0,0,2,2,7,2,1,4609,4603,0,,0,0
9366643,1790797508,10656851240,15,14,0,0,14,0,0,14,0,0,4611,4,4612,12487,4627,1,16839,4353,712,,2053,110480
9366645,1790797582,0,0,0,0,0,0,0,0,0,0,0,0,8,8,23,8,1,6326,6304,0,,0,0
9366647,1790797619,9264846792,13,9,0,0,9,0,0,9,0,0,4014,4,4015,10872,4028,1,15054,4183,472,,1837,94666
9366649,1790797667,10185111307,21,19,0,0,19,0,0,19,0,0,4411,4,4413,11966,4434,1,16459,4494,952,,1694,108108
9366653,1790797728,9374169635,22,18,0,0,18,0,0,18,0,0,4022,4,4026,10922,4048,1,15982,5061,904,,3015,100704
9366655,1790797771,9716621827,12,10,0,0,10,0,0,10,0,0,4213,8,4217,11408,4229,1,15661,4254,520,,1770,96893
9366657,1790797830,0,0,0,0,0,0,0,0,0,0,0,0,4,3,9,3,1,5883,5875,0,,0,0
9366658,1790797879,9264078792,13,9,0,0,9,0,0,9,0,0,4014,4,4012,10867,4025,1,16347,5481,472,,1771,93749
9366662,1790797935,10167638922,19,19,0,0,19,0,0,19,0,0,4414,2,4416,11968,4435,1,16740,4773,952,,1224,98826
9366665,1790797990,0,0,0,0,0,0,0,0,0,0,0,0,8,5,15,5,1,4767,4753,0,,0,0
9366668,1790798071,10195082066,10,7,0,0,7,0,0,7,0,0,4410,6,4414,11938,4424,1,18802,6865,376,,1988,99673
9366673,1790798135,0,0,0,0,0,0,0,0,0,0,0,0,6,3,9,3,1,4899,4891,0,,0,0
9366675,1790798166,9290176964,17,13,0,0,13,0,0,13,0,0,4019,10,4020,10896,4037,1,15116,4221,664,,1852,91799
9366678,1790798216,0,0,0,0,0,0,0,0,0,0,0,0,4,4,12,4,1,4617,4606,0,,0,0
9366679,1790798280,10807489380,41,36,0,0,36,0,0,36,0,0,4636,6,4635,12620,4676,1,19090,6471,1768,,3345,117519
9366684,1790798371,0,0,0,0,0,0,0,0,0,0,0,0,2,2,7,2,1,6055,6049,0,,0,0
9366686,1790798417,0,0,0,0,0,0,0,0,0,0,0,0,10,5,15,5,1,4911,4897,0,,0,0
9366689,1790798501,0,0,0,0,0,0,0,0,0,0,0,0,4,1,4,1,1,6865,6862,0,,0,0
9366692,1790798546,10332974493,44,37,0,0,37,0,0,37,0,0,4429,6,4426,12065,4470,1,15997,3933,1816,,2981,111797
9366694,1790798614,9247970912,7,6,0,0,6,0,0,6,0,0,4008,6,4011,10842,4018,1,18299,7458,328,,1933,90604
9366696,1790798687,0,0,0,0,0,0,0,0,0,0,0,0,4,3,9,3,1,6024,6016,0,,0,0
9366698,1790798728,0,0,0,0,0,0,0,0,0,0,0,0,4,2,7,2,1,4894,4888,0,,0,0
9366701,1790798821,10822948215,33,25,0,0,25,0,0,25,0,0,4634,4,4635,12591,4668,1,18917,6327,1240,,3997,141053
9366703,1790798850,10633723652,17,17,0,0,17,0,0,17,0,0,4617,6,4623,12520,4640,1,17410,4891,856,,1131,104977
9366706,1790798911,0,0,0,0,0,0,0,0,0,0,0,0,4,3,9,3,1,4928,4920,0,,0,0
9366710,1790798942,9886059121,36,35,0,0,35,0,0,35,0,0,4261,6,4261,11594,4297,1,15949,4356,1720,,1852,106688
9366712,1790798974,9196470500,5,5,0,0,5,0,0,5,0,0,4005,8,4012,10839,4017,1,15027,4189,280,,874,88533
9366715,1790799020,0,0,0,0,0,0,0,0,0,0,0,0,4,3,9,3,1,3909,3901,0,,0,0
9366717,1790799070,0,0,0,0,0,0,0,0,0,0,0,0,6,5,15,5,1,5610,5596,0,,0,0
9366718,1790799117,0,0,0,0,0,0,0,0,0,0,0,0,4,3,9,3,1,5601,5593,0,,0,0
9366719,1790799149,0,0,0,0,0,0,0,0,0,0,0,0,2,1,4,1,1,4324,4321,0,,0,0
9366722,1790799191,9441627746,44,35,0,0,35,0,0,35,0,0,4035,2,4031,11002,4075,1,15181,4180,1720,,3200,104202
9366726,1790799250,9774625030,14,9,0,0,9,0,0,9,0,0,4214,6,4215,11414,4229,1,16586,5173,472,,2428,96166
9366729,1790799336,0,0,0,0,0,0,0,0,0,0,0,0,8,6,17,6,1,6461,6445,0,,0,0
9366733,1790799366,9731503841,14,13,0,0,13,0,0,13,0,0,4214,6,4218,11422,4232,1,15495,4074,664,,1739,93666
9366737,1790799462,0,0,0,0,0,0,0,0,0,0,0,0,8,6,18,6,1,6462,6445,0,,0,0
9366738,1790799491,9403304194,35,21,0,0,21,0,0,21,0,0,4028,8,4026,10956,4061,1,16474,5519,1048,,2945,99116
9366741,1790799558,10227121126,20,16,0,0,16,0,0,16,0,0,4420,2,4421,11981,4441,1,16160,4180,808,,2264,99123
9366744,1790799612,9717120812,12,8,0,0,8,0,0,8,0,0,4212,6,4214,11406,4226,1,16296,4891,424,,1775,93844
9366748,1790799654,10212883142,19,7,0,0,7,0,0,7,0,0,4419,6,4418,11973,4437,1,16469,4497,376,,2095,97492
9366750,1790799729,0,0,0,0,0,0,0,0,0,0,0,0,8,5,15,5,1,5331,5317,0,,0,0
9366752,1790799757,9371779244,27,22,0,0,22,0,0,22,0,0,4023,4,4024,10934,4051,1,15709,4776,1096,,2893,93553
9366754,1790799793,9239210619,8,6,0,0,6,0,0,6,0,0,4009,4,4012,10850,4020,1,15202,4353,328,,1524,85316
9366756,1790799835,9777044865,10,8,0,0,8,0,0,8,0,0,4210,4,4212,11396,4222,1,15466,4071,424,,2939,96123
9366758,1790799872,0,0,0,0,0,0,0,0,0,0,0,0,4,4,12,4,1,4194,4183,0,,0,0
9366760,1790799913,10654746859,15,13,0,0,13,0,0,13,0,0,4617,4,4618,12496,4633,1,17130,4635,664,,1742,102504
9366763,1790799979,30532660,11,11,0,0,11,0,0,11,0,0,3,4,7,50,18,1,4937,4888,568,,137,4255
9366766,1790800017,0,0,0,0,0,0,0,0,0,0,0,0,6,4,12,4,1,4479,4468,0,,0,0
9366770,1790800051,10839640623,36,23,0,0,23,0,0,23,0,0,4638,6,4639,12615,4675,1,17505,4891,1144,,3702,112213
9366774,1790800101,9283047208,16,15,0,0,15,0,0,15,0,0,4010,8,4016,10882,4032,1,14994,4113,760,,1860,92162
9366777,1790800136,9805251653,204,202,0,0,202,0,0,202,0,0,4011,8,4015,11388,4219,1,15339,3952,9736,,3257,170778
9366780,1790800185,9719251892,8,7,0,0,7,0,0,7,0,0,4209,6,4214,11394,4222,1,16031,4638,376,,1857,93280
9366784,1790800217,10146241508,11,11,0,0,11,0,0,11,0,0,4411,6,4415,11942,4426,1,15451,3510,568,,1855,176926
9366788,1790800270,0,0,0,0,0,0,0,0,0,0,0,0,8,5,15,5,1,4626,4612,0,,0,0
9366790,1790800313,10679319202,20,12,0,0,12,0,0,12,0,0,4621,8,4621,12525,4641,1,17729,5205,616,,2025,102157
9366793,1790800383,10187727106,13,9,0,0,9,0,0,9,0,0,4415,4,4416,11953,4429,1,17997,6045,472,,1755,97175
9366796,1790800429,0,0,0,0,0,0,0,0,0,0,0,0,6,3,10,3,1,4477,4468,0,,0,0
9366798,1790800455,9322332477,15,12,0,0,12,0,0,12,0,0,4016,6,4018,10882,4033,1,15096,4215,616,,2570,92824
9366803,1790800503,10649732732,34,34,0,0,34,0,0,34,0,0,4613,4,4615,12546,4649,1,17039,4494,1672,,1351,108790
9366806,1790800560,0,0,0,0,0,0,0,0,0,0,0,0,10,8,23,8,1,4496,4474,0,,0,0
9366807,1790800602,0,0,0,0,0,0,0,0,0,0,0,0,6,1,4,1,1,6163,6160,0,,0,0
9366810,1790800635,10300638598,32,12,0,0,12,0,0,12,0,0,4436,2,4428,12039,4460,1,15965,3927,616,,2447,103735
9366814,1790800676,9711235054,7,6,0,0,6,0,0,6,0,0,4207,6,4211,11382,4218,1,16163,4782,328,,1663,90600
9366816,1790800709,9283280424,23,22,0,0,22,0,0,22,0,0,4008,8,4011,10884,4034,1,15137,4254,1096,,1693,92310
9366821,1790800782,10643754019,14,12,0,0,12,0,0,12,0,0,4615,4,4617,12497,4631,1,17695,5199,616,,1674,101187
9366823,1790800850,10193813521,15,9,0,0,9,0,0,9,0,0,4416,10,4420,11966,4435,1,17144,5179,472,,1779,97780
9366824,1790800894,9711235054,7,6,0,0,6,0,0,6,0,0,4207,4,4209,11374,4216,1,16854,5481,328,,1694,91051
9366829,1790800942,10604023076,11,11,0,0,11,0,0,11,0,0,4611,2,4613,12477,4624,1,16403,3927,568,,1030,99168
9366832,1790800974,0,0,0,0,0,0,0,0,0,0,0,0,10,7,20,7,1,4493,4474,0,,0,0
9366834,1790801018,9362763510,20,15,0,0,15,0,0,15,0,0,4022,6,4026,10917,4046,1,15413,4497,760,,2997,91158
9366836,1790801055,10546583243,90,6,0,0,6,0,0,6,0,0,4090,4,4013,11072,4103,1,15847,4776,328,,26794,115783
9366837,1790801103,9659868596,6,6,0,0,6,0,0,6,0,0,4206,4,4210,11375,4216,1,15980,4606,328,,878,91741
9366840,1790801115,9238397443,8,6,0,0,6,0,0,6,0,0,4009,2,4008,10837,4016,1,15298,4462,328,,1604,90031
9366843,1790801179,9694907312,8,8,0,0,8,0,0,8,0,0,4218,6,4222,11414,4230,1,16474,5061,424,,1002,96784
9366845,1790801222,0,0,0,0,0,0,0,0,0,0,0,0,6,3,10,3,1,4618,4609,0,,0,0
9366847,1790801266,10586664788,8,8,0,0,8,0,0,8,0,0,4608,4,4609,12462,4617,1,17522,5061,424,,1014,102316
9366850,1790801311,10123266692,7,7,0,0,7,0,0,7,0,0,4407,4,4410,11916,4417,1,15704,3789,376,,945,97972
9366852,1790801368,10196816828,39,39,0,0,39,0,0,39,0,0,4412,6,4418,12025,4457,1,16662,4638,1912,,1231,112095
9366853,1790801396,9196470500,5,5,0,0,5,0,0,5,0,0,4005,4,4008,10832,4013,1,15437,4606,280,,882,88537
9366855,1790801433,9923382291,100,86,0,0,86,0,0,86,0,0,4224,2,4218,11655,4318,1,16257,4603,4168,,2600,127894
9366861,1790801507,0,0,0,0,0,0,0,0,0,0,0,0,4,3,9,3,1,4896,4888,0,,0,0
9366864,1790801577,10690803812,19,18,0,0,18,0,0,18,0,0,4619,12,4624,12527,4643,1,17990,5464,904,,2060,105175
9366868,1790801607,0,0,0,0,0,0,0,0,0,0,0,0,6,4,12,4,1,3915,3904,0,,0,0
9366871,1790801669,10637995246,9,8,0,0,8,0,0,8,0,0,4609,8,4616,12475,4625,1,17397,4923,424,,1954,101794
9366878,1790801760,10749205090,28,22,0,0,22,0,0,22,0,0,4623,6,4627,12562,4655,1,18045,5484,1096,,3040,112099
9366880,1790801822,10633723652,17,17,0,0,17,0,0,17,0,0,4617,14,4629,12535,4646,1,19722,7188,856,,1080,106723
9366882,1790801865,9196470500,5,5,0,0,5,0,0,5,0,0,4005,4,4009,10835,4014,1,15642,4808,280,,858,87121
9366884,1790801905,9664705122,7,7,0,0,7,0,0,7,0,0,4207,4,4209,11380,4216,1,15204,3825,376,,863,92026
9366886,1790801992,9534786552,120,120,0,0,120,0,0,120,0,0,4019,4,4022,11178,4142,1,18321,7144,5800,,1762,149076
9366893,1790802038,0,0,0,0,0,0,0,0,0,0,0,0,4,2,7,2,1,4189,4183,0,,0,0
9366896,1790802073,10298351652,30,18,0,0,18,0,0,18,0,0,4430,14,4429,12032,4459,1,16963,4932,904,,3093,110847
9366899,1790802122,0,0,0,0,0,0,0,0,0,0,0,0,6,5,15,5,1,4200,4186,0,,0,0
9366900,1790802157,10174525150,8,7,0,0,7,0,0,7,0,0,4408,6,4411,11925,4419,1,16703,4779,376,,2016,100336
9366903,1790802238,10174755102,9,8,0,0,8,0,0,8,0,0,4410,2,4411,11928,4420,1,17405,5478,424,,2017,99205
9366906,1790802278,0,0,0,0,0,0,0,0,0,0,0,0,6,5,15,5,1,4623,4609,0,,0,0
9366911,1790802308,0,0,0,0,0,0,0,0,0,0,0,0,6,3,10,3,1,4195,4186,0,,0,0
9366913,1790802360,47764916,19,19,0,0,19,0,0,19,0,0,3,10,8,74,27,1,4829,4756,952,,248,7291
9366915,1790802385,10743732805,26,13,0,0,13,0,0,13,0,0,4627,4,4622,12541,4648,1,16047,3507,664,,2952,107489
9366917,1790802438,0,0,0,0,0,0,0,0,0,0,0,0,4,4,12,4,1,4758,4747,0,,0,0
9366921,1790802497,0,0,0,0,0,0,0,0,0,0,0,0,4,3,9,3,1,3804,3796,0,,0,0
9366923,1790802542,10781564951,30,25,0,0,25,0,0,25,0,0,4630,8,4633,12585,4663,1,18212,5628,1240,,2975,113322
9366927,1790802624,10327045334,43,34,0,0,34,0,0,34,0,0,4428,4,4428,12068,4471,1,17689,5622,1672,,3402,114672
9366930,1790802663,0,0,0,0,0,0,0,0,0,0,0,0,8,6,18,6,1,4347,4330,0,,0,0
9366933,1790802704,10684677212,27,27,0,0,27,0,0,27,0,0,4625,6,4629,12562,4656,1,17481,4920,1336,,1424,106717
9366934,1790802761,9210528788,8,8,0,0,8,0,0,8,0,0,4008,6,4012,10849,4020,1,16867,6019,424,,829,86441
9366936,1790802833,9710479054,7,6,0,0,6,0,0,6,0,0,4207,2,4207,11370,4214,1,17411,6042,328,,1889,93831
9366941,1790802870,10123266692,7,7,0,0,7,0,0,7,0,0,4407,4,4410,11920,4417,1,16413,4494,376,,876,94111
9366945,1790802916,10627622954,18,18,0,0,18,0,0,18,0,0,4615,10,4619,12513,4637,1,17297,4785,904,,1087,107353
9366948,1790802961,9264078792,13,9,0,0,9,0,0,9,0,0,4014,8,4018,10876,4031,1,14529,3654,472,,1632,87940
9366951,1790802998,9196470500,5,5,0,0,5,0,0,5,0,0,4005,6,4008,10830,4013,1,14903,4074,280,,790,87535
9366955,1790803040,0,0,0,0,0,0,0,0,0,0,0,0,6,5,15,5,1,4796,4782,0,,0,0
9366959,1790803096,10796916025,34,29,0,0,29,0,0,29,0,0,4635,8,4640,12615,4674,1,17819,5205,1432,,2813,112136
9366963,1790803144,0,0,0,0,0,0,0,0,0,0,0,0,8,5,15,5,1,4344,4330,0,,0,0
9366966,1790803173,0,0,0,0,0,0,0,0,0,0,0,0,8,4,12,4,1,4482,4471,0,,0,0
9366971,1790803212,0,0,0,0,0,0,0,0,0,0,0,0,6,3,10,3,1,4054,4045,0,,0,0
9366974,1790803259,10409257619,37,16,0,0,16,0,0,16,0,0,4436,10,4434,12067,4471,1,16428,4362,808,,4606,106894
9366975,1790803301,0,0,0,0,0,0,0,0,0,0,0,0,6,4,12,4,1,4902,4891,0,,0,0
9366978,1790803337,77605932,31,31,0,0,31,0,0,31,0,0,2,2,2,90,33,1,4410,4321,1528,,548,11881
9366979,1790803460,0,0,0,0,0,0,0,0,0,0,0,0,6,4,12,4,1,10542,10531,0,,0,0
9366981,1790803555,0,0,0,0,0,0,0,0,0,0,0,0,2,1,4,1,1,6016,6013,0,,0,0
9366982,1790803608,10758520122,31,29,0,0,29,0,0,29,0,0,4622,4,4623,12563,4654,1,18184,5622,1432,,3057,108671
9366987,1790803648,9196470500,5,5,0,0,5,0,0,5,0,0,4005,2,4007,10831,4012,1,13878,3048,280,,836,85875
9366989,1790803713,0,0,0,0,0,0,0,0,0,0,0,0,10,8,23,8,1,4214,4192,0,,0,0
9366995,1790803732,9296792918,12,7,0,0,7,0,0,7,0,0,4014,4,4012,10857,4024,1,14786,3930,376,,2753,90871
9366997,1790803776,9711235054,7,6,0,0,6,0,0,6,0,0,4207,12,4216,11401,4223,1,16752,5352,328,,1723,93635
9367000,1790803815,9743383630,13,12,0,0,12,0,0,12,0,0,4213,4,4216,11406,4229,1,15447,4042,616,,1891,95273
9367003,1790803861,0,0,0,0,0,0,0,0,0,0,0,0,6,4,12,4,1,4620,4609,0,,7,0
9367005,1790803897,5163267064,31,30,0,0,30,0,0,30,0,0,2214,6,2218,6070,2249,1,10707,4638,1480,,1512,59373
9367009,1790803948,0,0,0,0,0,0,0,0,0,0,0,0,4,4,12,4,1,4053,4042,0,,0,0
9367011,1790804003,10651557526,16,12,0,0,12,0,0,12,0,0,4616,8,4617,12502,4633,1,19228,6727,616,,1794,102453
9367014,1790804048,0,0,0,0,0,0,0,0,0,0,0,0,4,3,9,3,1,3909,3901,0,,0,0
9367015,1790804070,10178749028,13,9,0,0,9,0,0,9,0,0,4414,6,4417,11951,4430,1,16729,4779,472,,1868,101142
9367017,1790804161,33862726,13,13,0,0,13,0,0,13,0,0,3,2,5,50,18,1,4793,4744,664,,161,5278
9367019,1790804191,10713111372,18,9,0,0,9,0,0,9,0,0,4619,4,4618,12511,4636,1,17427,4917,472,,2956,108149
9367020,1790804247,9659112596,6,6,0,0,6,0,0,6,0,0,4206,4,4208,11370,4214,1,17276,5907,328,,927,90969
9367024,1790804293,0,0,0,0,0,0,0,0,0,0,0,0,2,1,4,1,1,4888,4885,0,,0,0
9367025,1790804324,9659868596,6,6,0,0,6,0,0,6,0,0,4206,8,4211,11382,4217,1,16304,4923,328,,875,92181
9367028,1790804363,10637995246,9,8,0,0,8,0,0,8,0,0,4609,2,4611,12463,4620,1,15966,3504,424,,1868,104715
9367031,1790804406,9294243334,38,38,0,0,38,0,0,38,0,0,4009,6,4012,10926,4050,1,14970,4045,1864,,1160,100903
9367032,1790804444,10198550818,16,8,0,0,8,0,0,8,0,0,4417,6,4418,11966,4434,1,17420,5455,424,,1970,100390
9367037,1790804544,10376931847,36,20,0,0,20,0,0,20,0,0,4436,2,4430,12046,4466,1,18792,6747,1000,,4290,107360
9367039,1790804595,0,0,0,0,0,0,0,0,0,0,0,0,10,8,23,8,1,4919,4897,0,,0,0
9367044,1790804627,18199102,5,5,0,0,5,0,0,5,0,0,2,4,2,20,7,1,4202,4183,280,,128,2104
9367046,1790804678,10163594279,10,8,0,0,8,0,0,8,0,0,4410,10,4416,11942,4426,1,17008,5067,424,,1761,98675
9367049,1790804719,0,0,0,0,0,0,0,0,0,0,0,0,4,4,12,4,1,4194,4183,0,,0,0
9367054,1790804754,10668090678,18,10,0,0,10,0,0,10,0,0,4619,6,4618,12508,4636,1,16158,3651,520,,2070,104003
9367057,1790804797,9298365368,8,6,0,0,6,0,0,6,0,0,4009,10,4018,10864,4026,1,16212,5349,328,,2678,88909
9367061,1790804853,0,0,0,0,0,0,0,0,0,0,0,0,6,5,15,5,1,4236,4222,0,,0,0
9367066,1790804889,0,0,0,0,0,0,0,0,0,0,0,0,8,7,20,7,1,4208,4189,0,,0,0
9367068,1790804960,9405600172,36,31,0,0,31,0,0,31,0,0,4026,10,4031,10975,4067,1,16605,5631,1528,,3572,103011
9367070,1790805006,0,0,0,0,0,0,0,0,0,0,0,0,4,3,9,3,1,4050,4042,0,,0,0
9367075,1790805047,9354702267,21,6,0,0,6,0,0,6,0,0,4022,4,4015,10890,4036,1,15383,4494,328,,2758,92959
9367076,1790805089,9761811466,9,7,0,0,7,0,0,7,0,0,4210,10,4217,11405,4226,1,16583,5179,376,,2671,93977
9367080,1790805132,9783071803,19,13,0,0,13,0,0,13,0,0,4220,2,4220,11438,4239,1,15758,4321,664,,2528,98026
9367082,1790805173,0,0,0,0,0,0,0,0,0,0,0,0,8,5,15,5,1,4767,4753,0,,0,0
9367083,1790805239,33838726,13,13,0,0,13,0,0,13,0,0,3,4,4,47,17,1,6485,6439,664,,155,5058
9367085,1790805296,0,0,0,0,0,0,0,0,0,0,0,0,2,1,4,1,1,4465,4462,0,,0,0
9367087,1790805370,0,0,0,0,0,0,0,0,0,0,0,0,4,3,10,3,1,6307,6298,0,,0,0
9367092,1790805412,10345645806,29,16,0,0,16,0,0,16,0,0,4431,4,4428,12030,4457,1,15261,3232,808,,3613,104298
9367093,1790805462,10009151480,56,56,1,50,57,0,0,57,1,0,4305,10,4213,11519,4269,1,16903,5385,2776,,1256,109910
9367095,1790805502,9659868596,6,6,0,0,6,0,0,6,0,0,4206,2,4208,11370,4214,1,15578,4209,328,,868,91740
9367099,1790805593,0,0,0,0,0,0,0,0,0,0,0,0,4,3,9,3,1,6729,6721,0,,0,0
9367101,1790805688,31615356,13,13,0,0,13,0,0,13,0,0,2,8,6,53,19,1,7484,7432,664,,161,4965
9367104,1790805711,10679192800,19,15,0,0,15,0,0,15,0,0,4621,4,4619,12515,4638,1,16415,3901,760,,2073,108239
9367106,1790805763,0,0,0,0,0,0,0,0,0,0,0,0,6,4,12,4,1,4761,4750,0,,0,0
9367108,1790805798,9755060121,10,7,0,0,7,0,0,7,0,0,4210,4,4210,11390,4220,1,15319,3930,376,,2682,103668
9367110,1790805847,0,0,0,0,0,0,0,0,0,0,0,0,4,3,9,3,1,4896,4888,0,,0,0
9367113,1790805881,10163546273,10,8,0,0,8,0,0,8,0,0,4410,4,4410,11928,4420,1,16139,4212,424,,1787,105489
9367117,1790805930,9771278162,28,20,0,0,20,0,0,20,0,0,4221,6,4221,11467,4249,1,16357,4891,1000,,2064,107039
9367120,1790805971,0,0,0,0,0,0,0,0,0,0,0,0,8,4,12,4,1,4200,4189,0,,0,0
9367123,1790806020,9211284788,8,8,0,0,8,0,0,8,0,0,4008,6,4011,10849,4019,1,14817,3969,424,,823,85882
9367124,1790806074,10140612980,10,10,0,0,10,0,0,10,0,0,4410,6,4414,11936,4424,1,17419,5484,520,,974,94560
9367126,1790806114,0,0,0,0,0,0,0,0,0,0,0,0,2,2,7,2,1,4891,4885,0,,0,0
9367130,1790806143,10184815608,9,7,0,0,7,0,0,7,0,0,4409,4,4412,11929,4421,1,15858,3930,376,,1788,96622
9367131,1790806190,9440347434,21,17,0,0,17,0,0,17,0,0,4021,8,4026,10921,4047,1,16689,5769,856,,3942,99151
9367132,1790806242,10198122213,16,14,0,0,14,0,0,14,0,0,4417,2,4418,11966,4434,1,17555,5590,712,,1760,99024
9367135,1790806279,9267476604,30,30,0,0,30,0,0,30,0,0,4013,2,4014,10915,4044,1,15094,4180,1480,,1015,95376
9367138,1790806325,0,0,0,0,0,0,0,0,0,0,0,0,6,2,7,2,1,3769,3763,0,,0,0
9367139,1790806381,0,0,0,0,0,0,0,0,0,0,0,0,6,5,15,5,1,6738,6724,0,,0,0
9367142,1790806420,10335833590,16,11,0,0,11,0,0,11,0,0,4417,2,4416,11958,4432,1,16025,4068,568,,4542,103455
9367145,1790806458,9195714500,5,5,0,0,5,0,0,5,0,0,4005,6,4009,10833,4014,1,14736,3904,280,,808,84178
9367147,1790806500,9708637814,10,8,0,0,8,0,0,8,0,0,4210,6,4214,11394,4224,1,16736,5343,424,,1497,91126
9367150,1790806536,9328948149,17,6,0,0,6,0,0,6,0,0,4018,4,4016,10885,4033,1,15208,4324,328,,2591,90454
9367151,1790806594,0,0,0,0,0,0,0,0,0,0,0,0,6,5,15,5,1,5150,5136,0,,0,0
9367154,1790806630,31363358,13,13,0,0,13,0,0,13,0,0,2,2,2,42,15,1,4221,4180,664,,161,5012
9367156,1790806734,0,0,0,0,0,0,0,0,0,0,0,0,6,2,7,2,1,7435,7429,0,,0,0
9367158,1790806767,0,0,0,0,0,0,0,0,0,0,0,0,4,3,9,3,1,4473,4465,0,,0,0
9367161,1790806863,0,0,0,0,0,0,0,0,0,0,0,0,4,3,10,3,1,7294,7285,0,,0,0
9367162,1790806917,9866151653,24,12,0,0,12,0,0,12,0,0,4223,6,4222,11460,4246,1,18071,6612,616,,3781,99558
9367164,1790806955,10123266692,7,7,0,0,7,0,0,7,0,0,4407,2,4409,11920,4416,1,16522,4603,376,,892,95762
9367165,1790807009,39704156,15,15,0,0,15,0,0,15,0,0,4,4,5,55,20,1,5506,5452,760,,157,5965
9367168,1790807041,9694291205,8,7,0,0,7,0,0,7,0,0,4208,2,4209,11380,4217,1,15729,4350,376,,1465,93021
9367170,1790807119,9526213584,29,11,0,0,11,0,0,11,0,0,4040,6,4034,10959,4063,1,15285,4327,568,,4805,101325
9367173,1790807148,9260851567,12,6,0,0,6,0,0,6,0,0,4013,4,4012,10857,4024,1,15180,4324,328,,1670,86957
9367174,1790807190,9667855542,7,7,0,0,7,0,0,7,0,0,4208,6,4210,11378,4217,1,15978,4601,376,,858,90005
9367176,1790807242,9243387198,20,20,0,0,20,0,0,20,0,0,4011,2,4013,10882,4033,1,15380,4499,1000,,962,90630
9367178,1790807341,9353381786,20,10,1,3,11,0,0,11,1,0,4019,4,4018,10896,4038,1,15078,4183,568,,2816,91152
9367180,1790807364,0,0,0,0,0,0,0,0,0,0,0,0,4,2,7,2,1,4189,4183,0,,0,0
9367181,1790807401,9548273384,55,55,1,50,56,0,0,56,1,0,4104,4,4009,10970,4064,1,15604,4635,2728,,1277,106213
9367183,1790807469,0,0,0,0,0,0,0,0,0,0,0,0,2,2,7,2,1,4891,4885,0,,0,0
9367185,1790807510,9785666688,15,9,0,0,9,0,0,9,0,0,4216,4,4217,11422,4232,1,16338,4917,472,,2616,94735
9367189,1790807560,9392222187,12,8,0,0,8,0,0,8,0,0,4012,4,4014,10866,4026,1,15471,4606,424,,3750,100251
9367190,1790807610,9727736091,14,12,0,0,12,0,0,12,0,0,4216,8,4220,11421,4234,1,17583,6163,616,,1610,93444
9367193,1790807655,9416774179,16,10,0,0,10,0,0,10,0,0,4016,2,4013,10873,4029,1,15081,4209,520,,3950,113110
9367196,1790807708,0,0,0,0,0,0,0,0,0,0,0,0,6,5,15,5,1,5187,5173,0,,0,0
9367200,1790807740,0,0,0,0,0,0,0,0,0,0,0,0,6,3,10,3,1,4336,4327,0,,0,0
9367202,1790807780,21493166,7,7,0,0,7,0,0,7,0,0,2,8,6,36,13,1,5243,5208,376,,134,2946
9367207,1790807854,9797774997,22,16,0,0,16,0,0,16,0,0,4221,4,4219,11447,4241,1,16363,4917,808,,2901,101588
9367211,1790807959,9711115056,7,6,0,0,6,0,0,6,0,0,4207,10,4215,11396,4222,1,19846,8451,328,,1852,93354
9367213,1790808007,9246936960,6,5,0,0,5,0,0,5,0,0,4006,8,4011,10838,4017,1,15196,4359,280,,1749,90405
9367215,1790808049,9282169082,16,12,0,0,12,0,0,12,0,0,4017,4,4018,10886,4034,1,16196,5311,616,,1882,90073
9367218,1790808107,9773000208,19,18,0,0,18,0,0,18,0,0,4219,4,4221,11439,4240,1,16073,4635,904,,1879,97085
9367220,1790808165,9828818970,23,18,0,0,18,0,0,18,0,0,4224,6,4229,11478,4252,1,15269,3792,904,,2799,101466
9367224,1790808186,10140612980,10,10,0,0,10,0,0,10,0,0,4410,4,4414,11938,4424,1,15726,3789,520,,1027,98619
9367227,1790808261,0,0,0,0,0,0,0,0,0,0,0,0,8,7,20,7,1,5618,5599,0,,0,0
9367230,1790808289,9302048194,20,16,0,0,16,0,0,16,0,0,4022,6,4023,10910,4043,1,15265,4356,808,,1933,100852
9367231,1790808321,9196470500,5,5,0,0,5,0,0,5,0,0,4005,6,4010,10836,4015,1,15614,4779,280,,882,94566
9367235,1790808383,10204737881,18,8,0,0,8,0,0,8,0,0,4419,2,4415,11957,4433,1,16056,4100,424,,2068,108740
9367239,1790808416,9710479054,7,6,0,0,6,0,0,6,0,0,4207,8,4211,11383,4218,1,16023,4641,328,,1879,93218
9367240,1790808459,0,0,0,0,0,0,0,0,0,0,0,0,8,7,20,7,1,5336,5317,0,,0,0
9367243,1790808492,0,0,0,0,0,0,0,0,0,0,0,0,2,1,4,1,1,4324,4321,0,,0,0
9367245,1790808528,9228643076,11,11,0,0,11,0,0,11,0,0,4011,6,4016,10864,4027,1,14514,3651,568,,992,88831
9367250,1790808587,9721453512,8,6,0,0,6,0,0,6,0,0,4208,4,4212,11386,4220,1,16020,4635,328,,1782,96802
9367251,1790808638,10231284003,22,8,0,0,8,0,0,8,0,0,4423,10,4425,12003,4447,1,18309,6307,424,,2156,102073
9367255,1790808691,0,0,0,0,0,0,0,0,0,0,0,0,2,1,4,1,1,3901,3898,0,,0,0
9367258,1790808728,10740854008,45,44,0,0,44,0,0,44,0,0,4620,8,4623,12594,4668,1,16923,4330,2152,,2102,116987
9367260,1790808761,9659868596,6,6,0,0,6,0,0,6,0,0,4206,6,4209,11376,4215,1,16154,4779,328,,953,94995
9367264,1790808820,9211284788,8,8,0,0,8,0,0,8,0,0,4008,4,4012,10847,4020,1,15340,4494,424,,994,88461
9367266,1790808892,9336513224,59,59,1,51,60,0,0,60,1,0,4010,8,4016,10994,4075,1,17044,6051,2920,,1047,106736
9367268,1790808948,10125935400,73,58,1,50,59,0,0,59,1,0,4323,4,4222,11592,4295,1,17112,5521,2872,,2956,118732
9367273,1790808993,0,0,0,0,0,0,0,0,0,0,0,0,4,4,12,4,1,4053,4042,0,,0,0
9367277,1790809039,27094594,9,9,0,0,9,0,0,9,0,0,3,10,7,45,16,1,4800,4756,472,,135,3846
9367282,1790809070,10594246099,217,140,1,52,141,0,0,141,1,0,3635,8,3637,10397,3854,1,14473,4077,6808,,47830,167281
9367285,1790809119,10842480649,26,21,0,0,21,0,0,21,0,0,4626,10,4629,12559,4655,1,17202,4644,1048,,4307,117167
9367288,1790809164,9655636594,76,72,1,50,73,0,0,73,1,0,4126,6,4032,11091,4108,1,15305,4215,3544,,2376,175036
9367291,1790809205,0,0,0,0,0,0,0,0,0,0,0,0,6,6,17,6,1,4625,4609,0,,0,0
9367292,1790809256,10873716489,51,37,1,12,38,0,0,38,1,0,4642,6,4640,12659,4691,1,18959,6301,1864,,7779,285788
9367294,1790809310,0,0,0,0,0,0,0,0,0,0,0,0,2,1,4,1,1,4888,4885,0,,0,0
9367295,1790809344,0,0,0,0,0,0,0,0,0,0,0,0,4,1,4,1,1,4609,4606,0,,0,0
9367298,1790809386,38263484,17,17,0,0,17,0,0,17,0,0,2,2,2,52,19,1,4513,4462,856,,376,14261
9367300,1790809434,10718762460,23,22,1,11,23,0,0,23,1,0,4633,6,4618,12525,4641,1,17838,5314,1144,,4651,243864
9367304,1790809479,9451437706,16,9,0,0,9,0,0,9,0,0,4017,4,4017,10884,4033,1,15377,4494,472,,5383,112313
9367307,1790809536,10528233414,60,9,0,0,9,0,0,9,0,0,4221,8,4222,11556,4282,1,16824,5269,472,,18978,125881
9367311,1790809644,0,0,0,0,0,0,0,0,0,0,0,0,6,5,15,5,1,7056,7042,0,,0,0
9367315,1790809679,10059530517,63,10,0,0,10,0,0,10,0,0,3912,8,3818,10474,3881,1,14662,4189,520,,27125,119268
9367320,1790809711,9659868596,6,6,0,0,6,0,0,6,0,0,4206,8,4210,11377,4216,1,15594,4218,328,,905,91681
9367323,1790809778,9250794396,66,17,0,0,17,0,0,17,0,0,3624,10,3630,9970,3696,1,15741,5772,856,,19786,111043
9367327,1790809831,9977164861,90,30,0,0,30,0,0,30,0,0,3922,6,3824,10563,3914,1,14918,4356,1480,,20685,120922
9367329,1790809884,0,0,0,0,0,0,0,0,0,0,0,0,8,6,17,6,1,5333,5317,0,,0,0
9367333,1790809929,9686605295,61,10,0,0,10,0,0,10,0,0,3815,4,3815,10457,3876,1,14950,4494,520,,20387,111865
9367335,1790809989,10815234974,59,8,0,0,8,0,0,8,0,0,4309,8,4219,11546,4278,1,17173,5628,424,,20113,118261
9367339,1790810038,0,0,0,0,0,0,0,0,0,0,0,0,4,4,12,4,1,4617,4606,0,,0,0
9367343,1790810094,0,0,0,0,0,0,0,0,0,0,0,0,8,4,12,4,1,5046,5035,0,,0,0
9367347,1790810154,10323043057,28,10,0,0,10,0,0,10,0,0,4416,8,4415,11987,4443,1,17223,5237,520,,7116,280772
9367349,1790810230,10147875027,59,32,0,0,32,0,0,32,0,0,4262,8,4237,11591,4296,1,18917,7327,1576,,17685,308380
9367351,1790810288,9659868596,6,6,0,0,6,0,0,6,0,0,4206,4,4208,11370,4214,1,16286,4917,328,,2121,184874
9367355,1790810377,10705579435,20,16,0,0,16,0,0,16,0,0,4621,4,4624,12533,4644,1,18577,6045,808,,2422,103331
9367360,1790810407,9287501785,9,6,0,0,6,0,0,6,0,0,4009,8,4012,10855,4021,1,14931,4077,328,,2551,89297
9367362,1790810442,0,0,0,0,0,0,0,0,0,0,0,0,10,6,18,6,1,4632,4615,0,,0,0
9367363,1790810471,10440555928,32,21,0,0,21,0,0,21,0,0,4432,4,4428,12036,4460,1,16939,4904,1048,,5053,173476
9367365,1790810509,9196470500,5,5,0,0,5,0,0,5,0,0,4005,2,4006,10826,4011,1,15457,4632,280,,2408,112328
9367368,1790810545,9230089109,7,6,0,0,6,0,0,6,0,0,4007,4,4010,10838,4017,1,14485,3648,328,,1406,85869
9367371,1790810588,10703785224,16,11,0,0,11,0,0,11,0,0,4616,6,4621,12515,4637,1,16447,3933,568,,4093,103954
9367373,1790810633,0,0,0,0,0,0,0,0,0,0,0,0,6,4,12,4,1,4620,4609,0,,0,0
9367377,1790810661,10418410610,31,24,0,0,24,0,0,24,0,0,4425,4,4422,12014,4453,1,16225,4212,1192,,5054,120378
9367380,1790810738,9339364679,18,7,0,0,7,0,0,7,0,0,4019,8,4021,10896,4039,1,17936,7041,376,,2893,100926
9367383,1790810784,10237637861,11,9,0,0,9,0,0,9,0,0,4411,6,4414,11944,4425,1,17116,5173,472,,3495,112136
9367388,1790810834,0,0,0,0,0,0,0,0,0,0,0,0,6,5,15,5,1,3918,3904,0,,0,0
9367393,1790810879,9759956327,13,10,0,0,10,0,0,10,0,0,4211,10,4219,11421,4232,1,16346,4926,520,,2472,93026
9367396,1790810922,9659112596,6,6,0,0,6,0,0,6,0,0,4206,10,4214,11391,4220,1,16428,5038,328,,855,148145
9367400,1790810994,10604023076,11,11,0,0,11,0,0,11,0,0,4611,6,4615,12483,4626,1,16838,4356,568,,1223,110114
9367403,1790811018,9196470500,5,5,0,0,5,0,0,5,0,0,4005,8,4010,10838,4015,1,15760,4923,280,,833,91300
9367406,1790811055,9333700149,17,6,0,0,6,0,0,6,0,0,4018,6,4017,10886,4034,1,15382,4497,328,,4804,170297
9367410,1790811117,9868730933,15,10,0,0,10,0,0,10,0,0,4215,6,4216,11415,4231,1,15318,3904,520,,8659,186160
9367413,1790811151,0,0,0,0,0,0,0,0,0,0,0,0,8,4,12,4,1,4482,4471,0,,0,0
9367416,1790811183,10721489521,17,10,0,0,10,0,0,10,0,0,4614,6,4618,12509,4635,1,16864,4356,520,,3528,106271
9367417,1790811253,9492430541,63,60,1,51,61,0,0,61,1,0,4015,6,4019,11016,4082,1,17768,6753,2968,,4405,118051
9367420,1790811310,0,0,0,0,0,0,0,0,0,0,0,0,2,2,7,2,1,4891,4885,0,,0,0
9367424,1790811340,9452871905,183,169,1,50,170,0,0,170,1,0,3925,6,3822,10804,4005,1,14631,3828,8200,,3504,161332
9367427,1790811415,10236577674,33,32,1,24,33,0,0,33,1,0,4412,8,4418,12012,4451,1,18070,6059,1624,,2274,117481
9367428,1790811468,0,0,0,0,0,0,0,0,0,0,0,0,6,6,18,6,1,4767,4750,0,,0,0
9367430,1790811488,10340206504,35,33,1,23,34,0,0,34,1,0,4457,2,4414,12005,4449,1,16495,4491,1672,,2334,119970
9367432,1790811539,0,0,0,0,0,0,0,0,0,0,0,0,4,3,10,3,1,4333,4324,0,,0,0
9367434,1790811608,10867151106,75,19,0,0,19,0,0,19,0,0,4426,4,4425,12142,4500,1,19032,6891,952,,13597,131122
9367435,1790811653,9909759779,65,9,0,0,9,0,0,9,0,0,3915,4,3817,10480,3882,1,15114,4635,472,,20292,110084
9367438,1790811697,0,0,0,0,0,0,0,0,0,0,0,0,2,2,7,2,1,3763,3757,0,,0,0
9367440,1790811729,23896532,7,7,0,0,7,0,0,7,0,0,3,6,4,31,11,1,5062,5032,376,,138,2808
9367443,1790811804,0,0,0,0,0,0,0,0,0,0,0,0,4,2,7,2,1,4471,4465,0,,0,0
9367447,1790811836,10939740220,41,29,0,0,29,0,0,29,0,0,4640,6,4644,12642,4685,1,16856,4215,1432,,5725,120803
9367452,1790811894,0,0,0,0,0,0,0,0,0,0,0,0,8,7,20,7,1,5477,5458,0,,0,0
9367455,1790811976,0,0,0,0,0,0,0,0,0,0,0,0,10,3,9,3,1,7616,7608,0,,0,0
9367456,1790812009,0,0,0,0,0,0,0,0,0,0,0,0,6,5,15,5,1,5046,5032,0,,0,0
9367458,1790812066,10864083501,36,16,0,0,16,0,0,16,0,0,4643,2,4632,12595,4668,1,17508,4914,808,,3964,114308
9367460,1790812110,9259695804,29,29,0,0,29,0,0,29,0,0,4013,4,4013,10908,4042,1,14837,3930,1432,,1031,99003
9367463,1790812148,10585908788,8,8,0,0,8,0,0,8,0,0,4608,4,4611,12467,4619,1,16396,3930,424,,940,99946
9367465,1790812200,9359950467,31,28,0,0,28,0,0,28,0,0,4025,6,4026,10949,4057,1,15586,4638,1384,,2589,97794
9367468,1790812261,10208989274,18,14,0,0,14,0,0,14,0,0,4419,4,4420,11977,4438,1,18021,6045,712,,2060,99919
9367472,1790812303,9659868596,6,6,0,0,6,0,0,6,0,0,4206,6,4210,11380,4216,1,16270,4891,328,,866,90564
9367474,1790812359,10660832259,19,17,0,0,17,0,0,17,0,0,4616,8,4621,12523,4640,1,17134,4612,856,,1939,109291
9367475,1790812426,0,0,0,0,0,0,0,0,0,0,0,0,4,3,10,3,1,7294,7285,0,,0,0
9367478,1790812465,10159997390,15,15,0,0,15,0,0,15,0,0,4415,2,4412,11946,4427,1,16407,4462,760,,1029,98624
9367480,1790812515,9196470500,5,5,0,0,5,0,0,5,0,0,4005,6,4009,10834,4014,1,15897,5064,280,,848,85348
9367483,1790812576,10247827969,22,17,0,0,17,0,0,17,0,0,4423,4,4419,11984,4441,1,16618,4635,856,,2446,100056
9367487,1790812658,0,0,0,0,0,0,0,0,0,0,0,0,6,5,15,5,1,6174,6160,0,,0,0
9367491,1790812702,18175102,5,5,0,0,5,0,0,5,0,0,2,8,7,34,12,1,4504,4471,280,,115,1927
9367492,1790812792,0,0,0,0,0,0,0,0,0,0,0,0,8,4,12,4,1,8994,8983,0,,0,0
9367494,1790812834,9358384455,18,12,0,0,12,0,0,12,0,0,4019,2,4018,10894,4036,1,15637,4744,616,,3018,95632
9367497,1790812866,9304427421,15,9,0,0,9,0,0,9,0,0,4016,4,4016,10878,4031,1,14919,4042,472,,2494,90272
9367498,1790812931,0,0,0,0,0,0,0,0,0,0,0,0,6,4,12,4,1,6312,6301,0,,0,0
9367499,1790812962,10903227245,30,27,0,0,27,0,0,27,0,0,4683,2,4684,12718,4714,1,16926,4209,1336,,2936,114923
9367501,1790813009,0,0,0,0,0,0,0,0,0,0,0,0,2,2,7,2,1,4750,4744,0,,0,0
9367504,1790813052,9322764477,15,12,0,0,12,0,0,12,0,0,4016,4,4019,10888,4034,1,14958,4071,616,,2620,93686
9367505,1790813093,9659868596,6,6,0,0,6,0,0,6,0,0,4206,6,4209,11378,4215,1,17287,5910,328,,862,90046
9367507,1790813157,10248319883,20,15,0,0,15,0,0,15,0,0,4421,2,4420,11982,4440,1,16190,4209,760,,2725,181240
9367509,1790813219,0,0,0,0,0,0,0,0,0,0,0,0,4,4,12,4,1,5040,5029,0,,0,0
9367512,1790813249,9320350131,33,32,0,0,32,0,0,32,0,0,4019,4,4021,10939,4054,1,14586,3648,1576,,1985,101550
9367514,1790813294,0,0,0,0,0,0,0,0,0,0,0,0,6,3,10,3,1,4618,4609,0,,0,0
9367516,1790813330,9361053779,12,11,0,0,11,0,0,11,0,0,4057,4,4059,10988,4071,1,15734,4747,568,,1727,92706
9367517,1790813331,10123266692,7,7,0,0,7,0,0,7,0,0,4407,4,4410,11920,4417,1,16525,4606,376,,943,94659
9367520,1790813437,0,0,0,0,0,0,0,0,0,0,0,0,2,1,4,1,1,5734,5731,0,,0,0
9367522,1790813465,9710491054,7,6,0,0,6,0,0,6,0,0,4207,6,4209,11375,4216,1,16012,4638,328,,1701,95166
9367524,1790813608,10265576879,27,24,0,0,24,0,0,24,0,0,4417,4,4420,12000,4447,1,21710,9711,1192,,2672,106947
9367526,1790813661,9659868596,6,6,0,0,6,0,0,6,0,0,4206,4,4210,11375,4216,1,16754,5380,328,,919,89894
9367529,1790813700,9606411330,128,8,0,0,8,0,0,8,0,0,3528,4,3417,9569,3545,1,13469,3901,424,,34793,119880
9367532,1790813758,9741595951,16,10,0,0,10,0,0,10,0,0,4217,6,4216,11422,4232,1,15918,4497,520,,1853,93923
9367537,1790813792,9710151099,11,9,0,0,9,0,0,9,0,0,4211,6,4215,11400,4226,1,16319,4920,472,,1575,92195
9367539,1790813910,9750382565,20,18,0,0,18,0,0,18,0,0,4219,10,4228,11461,4248,1,21715,10255,904,,1686,95264
9367540,1790813954,9659868596,6,6,0,0,6,0,0,6,0,0,4206,4,4208,11372,4214,1,16288,4917,328,,830,91240
9367543,1790813994,9194958500,5,5,0,0,5,0,0,5,0,0,4005,2,4005,10827,4010,1,15176,4350,280,,791,84525
9367544,1790814033,0,0,0,0,0,0,0,0,0,0,0,0,6,6,17,6,1,5048,5032,0,,0,0
9367551,1790814101,0,0,0,0,0,0,0,0,0,0,0,0,2,1,4,1,1,4324,4321,0,,0,0
9367553,1790814152,10751720287,210,199,0,0,199,0,0,199,0,0,4441,14,4441,12550,4651,1,17763,5214,9592,,4372,170023
9367558,1790814189,9809440246,28,7,0,0,7,0,0,7,0,0,4228,4,4214,11449,4242,1,15237,3789,376,,2760,98178
9367563,1790814270,10236021623,20,18,0,0,18,0,0,18,0,0,4413,10,4418,11978,4438,1,18034,6057,904,,2505,99815
9367566,1790814303,0,0,0,0,0,0,0,0,0,0,0,0,10,5,15,5,1,4347,4333,0,,0,0
9367570,1790814345,9521443316,34,17,0,0,17,0,0,17,0,0,4032,6,4027,10961,4061,1,15316,4356,856,,5104,99970
9367576,1790814402,9347055117,26,24,0,0,24,0,0,24,0,0,4011,8,4017,10911,4043,1,15128,4218,1192,,2981,96443
9367581,1790814437,0,0,0,0,0,0,0,0,0,0,0,0,12,7,20,7,1,5060,5041,0,,0,0
9367583,1790814484,9739511575,13,11,0,0,11,0,0,11,0,0,4214,10,4220,11425,4233,1,16773,5349,568,,1891,93048
9367586,1790814528,9196470500,5,5,0,0,5,0,0,5,0,0,4005,4,4008,10828,4013,1,14757,3930,280,,826,84594
9367590,1790814570,9781348178,29,26,0,0,26,0,0,26,0,0,4218,6,4219,11464,4248,1,15960,4497,1288,,2089,101786
9367591,1790814616,10637995246,9,8,0,0,8,0,0,8,0,0,4609,8,4615,12479,4624,1,18106,5628,424,,1747,100973
9367594,1790814689,9321129729,19,10,0,0,10,0,0,10,0,0,4020,2,4018,10896,4037,1,16091,5196,520,,2361,89115
9367598,1790814758,9692053172,12,12,0,0,12,0,0,12,0,0,4212,6,4216,11408,4228,1,17032,5625,616,,1056,95198
9367600,1790814799,10586664788,8,8,0,0,8,0,0,8,0,0,4608,8,4613,12469,4621,1,16968,4500,424,,942,142413
9367602,1790814868,10205244963,23,21,0,0,21,0,0,21,0,0,4417,4,4419,11987,4442,1,16584,4598,1048,,1744,100440
9367605,1790814928,10245277444,16,11,0,0,11,0,0,11,0,0,4417,4,4419,11968,4435,1,17307,5340,568,,2825,99584
9367609,1790815023,9428607255,16,11,0,0,11,0,0,11,0,0,4021,6,4020,10891,4036,1,18207,7317,568,,4540,104100
9367612,1790815073,9683334779,44,6,0,0,6,0,0,6,0,0,4044,8,4014,10948,4058,1,16152,5205,328,,10194,104501
9367616,1790815124,0,0,0,0,0,0,0,0,0,0,0,0,6,5,15,5,1,4482,4468,0,,0,0
9367619,1790815164,9390597696,22,18,0,0,18,0,0,18,0,0,4018,8,4021,10911,4043,1,15692,4782,904,,4148,100679
9367622,1790815213,0,0,0,0,0,0,0,0,0,0,0,0,6,4,12,4,1,4338,4327,0,,0,0
9367625,1790815283,0,0,0,0,0,0,0,0,0,0,0,0,6,3,9,3,1,5745,5737,0,,0,0
9367627,1790815406,9386636029,22,13,0,0,13,0,0,13,0,0,4022,6,4020,10905,4042,1,20448,9544,664,,3452,96967
9367629,1790815451,9196470500,5,5,0,0,5,0,0,5,0,0,4005,4,4008,10830,4013,1,15637,4808,280,,901,91574
9367632,1790815489,10656780196,31,31,0,0,31,0,0,31,0,0,4617,4,4619,12548,4650,1,16759,4212,1528,,1197,116160
9367637,1790815531,0,0,0,0,0,0,0,0,0,0,0,0,6,3,9,3,1,4194,4186,0,,0,0
9367643,1790815570,10738732356,32,24,0,0,24,0,0,24,0,0,4633,10,4633,12591,4665,1,17093,4503,1192,,2279,114263
9367646,1790815586,9372985969,23,18,0,0,18,0,0,18,0,0,4024,12,4032,10941,4055,1,15446,4506,904,,3048,105495
9367647,1790815647,9256579506,11,7,0,0,7,0,0,7,0,0,4012,6,4015,10861,4026,1,15780,4920,376,,1828,95699
9367650,1790815701,10696618382,26,26,0,0,26,0,0,26,0,0,4640,2,4642,12595,4668,1,16944,4350,1288,,1176,111716
9367654,1790815740,9702911539,9,7,0,0,7,0,0,7,0,0,4210,6,4215,11400,4224,1,15332,3933,376,,1583,92982
9367655,1790815783,10140612980,10,10,0,0,10,0,0,10,0,0,4410,8,4415,11940,4425,1,16862,4923,520,,979,96444
9367658,1790815820,10140612980,10,10,0,0,10,0,0,10,0,0,4410,2,4412,11937,4422,1,16568,4632,520,,1027,97992
9367659,1790815866,9713382602,11,7,0,0,7,0,0,7,0,0,4212,6,4215,11402,4226,1,15898,4497,376,,1668,92743
9367662,1790815912,0,0,0,0,0,0,0,0,0,0,0,0,2,2,7,2,1,5032,5026,0,,0,0
9367666,1790815937,9299824630,20,19,0,0,19,0,0,19,0,0,4016,6,4019,10903,4039,1,15117,4215,952,,2000,92985
9367669,1790815999,0,0,0,0,0,0,0,0,0,0,0,0,8,4,12,4,1,5610,5599,0,,0,0
9367670,1790816058,9374856747,14,9,0,0,9,0,0,9,0,0,4014,6,4019,10883,4033,1,16188,5306,472,,3449,93820
9367674,1790816117,10171013615,13,12,1,4,13,0,0,13,1,0,4411,2,4413,11944,4426,1,16998,5055,664,,1598,98842
9367676,1790816188,9871052410,33,20,0,0,20,0,0,20,0,0,4235,8,4237,11520,4270,1,17400,5881,1000,,3108,104171
9367679,1790816244,10674803594,24,24,0,0,24,0,0,24,0,0,4615,4,4618,12526,4642,1,17131,4606,1192,,2037,105370
9367681,1790816289,9897830657,44,19,0,0,19,0,0,19,0,0,4244,6,4229,11529,4273,1,15602,4074,952,,3057,107612
9367683,1790816345,0,0,0,0,0,0,0,0,0,0,0,0,4,3,10,3,1,5461,5452,0,,0,0
9367686,1790816380,9211284788,8,8,0,0,8,0,0,8,0,0,4008,4,4009,10844,4017,1,14885,4042,424,,842,86622
9367689,1790816441,10081686253,181,175,1,67,176,0,0,176,1,0,4219,6,4219,11874,4400,1,17046,5173,8488,,2707,158439
9367692,1790816537,10163582277,10,8,0,0,8,0,0,8,0,0,4410,6,4413,11934,4423,1,18545,6612,424,,1664,96720
9367695,1790816584,0,0,0,0,0,0,0,0,0,0,0,0,6,5,15,5,1,4623,4609,0,,0,0
9367697,1790816619,9211284788,8,8,0,0,8,0,0,8,0,0,4008,6,4013,10847,4021,1,15378,4532,424,,827,86807
9367700,1790816668,0,0,0,0,0,0,0,0,0,0,0,0,4,3,9,3,1,4614,4606,0,,0,0
9367702,1790816709,9734146330,94,6,0,0,6,0,0,6,0,0,3408,6,3410,9455,3504,1,14233,4779,328,,44122,114171
9367704,1790816761,0,0,0,0,0,0,0,0,0,0,0,0,4,3,10,3,1,4615,4606,0,,0,0
9367705,1790816778,9286604916,17,9,0,0,9,0,0,9,0,0,4018,4,4015,10878,4032,1,15342,4465,472,,1873,93009
9367707,1790816819,0,0,0,0,0,0,0,0,0,0,0,0,2,1,4,1,1,4324,4321,0,,0,0
9367710,1790816853,0,0,0,0,0,0,0,0,0,0,0,0,4,1,4,1,1,4468,4465,0,,0,0
9367714,1790816893,0,0,0,0,0,0,0,0,0,0,0,0,6,3,10,3,1,4054,4045,0,,0,0
9367720,1790816932,0,0,0,0,0,0,0,0,0,0,0,0,8,5,15,5,1,4485,4471,0,,0,0
9367723,1790817001,10337094913,53,49,0,0,49,0,0,49,0,0,4420,12,4424,12085,4477,1,17295,5211,2392,,3106,116595
9367725,1790817065,9763729060,12,7,0,0,7,0,0,7,0,0,4213,6,4216,11411,4228,1,17429,6019,376,,2504,93806
9367728,1790817107,0,0,0,0,0,0,0,0,0,0,0,0,4,3,9,3,1,3627,3619,0,,0,0
9367732,1790817155,0,0,0,0,0,0,0,0,0,0,0,0,6,1,4,1,1,4612,4609,0,,0,0
9367734,1790817197,10831727771,20,13,0,0,13,0,0,13,0,0,4620,8,4620,12521,4640,1,17414,4894,664,,4749,113752
9367736,1790817259,34777422,15,15,0,0,15,0,0,15,0,0,2,4,5,55,20,1,5119,5065,760,,157,5932
9367738,1790817312,0,0,0,0,0,0,0,0,0,0,0,0,4,3,10,3,1,4897,4888,0,,0,0
9367741,1790817342,0,0,0,0,0,0,0,0,0,0,0,0,4,3,10,3,1,4051,4042,0,,0,0
9367742,1790817374,10402385556,29,20,0,0,20,0,0,20,0,0,4430,6,4429,12033,4458,1,17093,5061,1000,,5031,113172
9367746,1790817410,9248726912,7,6,0,0,6,0,0,6,0,0,4008,2,4010,10838,4017,1,14876,4039,328,,1959,91387
9367748,1790817452,0,0,0,0,0,0,0,0,0,0,0,0,8,3,9,3,1,4338,4330,0,,0,0
9367749,1790817502,9376067920,25,21,0,0,21,0,0,21,0,0,4014,4,4014,10897,4039,1,16659,5763,1048,,3523,101178
9367751,1790817574,0,0,0,0,0,0,0,0,0,0,0,0,2,2,7,2,1,5878,5872,0,,0,0
9367753,1790817603,9211284788,8,8,0,0,8,0,0,8,0,0,4008,4,4010,10844,4018,1,15590,4747,424,,919,87416
9367757,1790817645,0,0,0,0,0,0,0,0,0,0,0,0,4,2,7,2,1,4189,4183,0,,0,0
9367760,1790817676,0,0,0,0,0,0,0,0,0,0,0,0,8,3,9,3,1,4902,4894,0,,0,0
9367765,1790817722,10421284674,35,27,0,0,27,0,0,27,0,0,4425,6,4423,12035,4458,1,16813,4779,1336,,5139,118366
9367770,1790817767,0,0,0,0,0,0,0,0,0,0,0,0,10,8,23,8,1,4496,4474,0,,0,0
9367773,1790817796,10380320100,16,13,0,0,13,0,0,13,0,0,4450,10,4453,12058,4469,1,16592,4535,664,,3792,105796
9367775,1790817854,9735619804,11,9,0,0,9,0,0,9,0,0,4211,6,4216,11407,4227,1,15064,3658,472,,1798,94902
9367778,1790817889,0,0,0,0,0,0,0,0,0,0,0,0,4,3,9,3,1,4473,4465,0,,0,0
9367780,1790817962,0,0,0,0,0,0,0,0,0,0,0,0,6,4,12,4,1,5889,5878,0,,0,0
9367784,1790818019,0,0,0,0,0,0,0,0,0,0,0,0,4,3,10,3,1,4474,4465,0,,0,0
9367789,1790818041,9936870549,46,34,0,0,34,0,0,34,0,0,4233,8,4232,11546,4278,1,15904,4359,1672,,3886,110047
9367791,1790818085,0,0,0,0,0,0,0,0,0,0,0,0,10,5,15,5,1,4770,4756,0,,0,0
9367792,1790818150,10586664788,8,8,0,0,8,0,0,8,0,0,4608,4,4611,12468,4619,1,19752,7285,424,,1068,98842
9367793,1790818212,0,0,0,0,0,0,0,0,0,0,0,0,2,1,4,1,1,3619,3616,0,,0,0
9367795,1790818241,10720564555,20,13,0,0,13,0,0,13,0,0,4622,2,4620,12524,4640,1,16421,3898,664,,3041,104618
9367799,1790818267,9196470500,5,5,0,0,5,0,0,5,0,0,4005,4,4008,10826,4013,1,15037,4212,280,,805,86310
9367803,1790818312,0,0,0,0,0,0,0,0,0,0,0,0,8,5,15,5,1,4767,4753,0,,0,0
9367806,1790818388,10682134646,36,36,0,0,36,0,0,36,0,0,4623,8,4626,12575,4662,1,17920,5346,1768,,1242,111124
9367808,1790818427,0,0,0,0,0,0,0,0,0,0,0,0,6,6,17,6,1,2900,2884,0,,0,0
9367811,1790818466,9659868596,6,6,0,0,6,0,0,6,0,0,4206,4,4209,11376,4215,1,15981,4606,328,,907,91491
9367813,1790818512,10174525150,8,7,0,0,7,0,0,7,0,0,4408,6,4412,11925,4420,1,16985,5061,376,,1745,96074
9367815,1790818575,0,0,0,0,0,0,0,0,0,0,0,0,4,4,12,4,1,4758,4747,0,,0,0
9367818,1790818615,10753967735,30,26,0,0,26,0,0,26,0,0,4622,4,4621,12550,4651,1,17184,4635,1288,,3023,110394
9367821,1790818672,9196470500,5,5,0,0,5,0,0,5,0,0,4005,6,4011,10842,4016,1,15197,4356,280,,819,84857
9367823,1790818731,0,0,0,0,0,0,0,0,0,0,0,0,6,5,15,5,1,4905,4891,0,,0,0
9367825,1790818799,0,0,0,0,0,0,0,0,0,0,0,0,4,3,9,3,1,5178,5170,0,,0,0
9367826,1790818823,10778955753,31,24,0,0,24,0,0,24,0,0,4632,4,4630,12579,4661,1,17354,4776,1192,,2838,108124
9367829,1790818876,0,0,0,0,0,0,0,0,0,0,0,0,2,2,7,2,1,4750,4744,0,,0,0
9367830,1790818904,9692053172,12,12,0,0,12,0,0,12,0,0,4212,6,4217,11411,4229,1,16189,4779,616,,1004,91982
9367833,1790818947,10183515936,10,9,0,0,9,0,0,9,0,0,4412,2,4414,11941,4424,1,15838,3898,472,,1852,97079
9367837,1790818990,9722818717,13,11,0,0,11,0,0,11,0,0,4214,6,4217,11411,4230,1,16503,5093,568,,1616,91827
9367840,1790819043,0,0,0,0,0,0,0,0,0,0,0,0,8,5,15,5,1,5049,5035,0,,0,0
9367842,1790819085,0,0,0,0,0,0,0,0,0,0,0,0,6,5,15,5,1,5046,5032,0,,0,0
9367844,1790819121,0,0,0,0,0,0,0,0,0,0,0,0,4,1,4,1,1,4045,4042,0,,0,0
9367847,1790819185,9628394528,72,43,0,0,43,0,0,43,0,0,4046,4,4030,11069,4102,1,16520,5452,2104,,5846,114888
9367850,1790819259,9308499824,9,6,0,0,6,0,0,6,0,0,4010,6,4013,10853,4022,1,17576,6724,328,,2723,90294
9367854,1790819303,10185163844,19,19,0,0,19,0,0,19,0,0,4419,6,4424,11989,4443,1,16626,4638,952,,1061,98954
9367859,1790819360,9769573452,27,27,0,0,27,0,0,27,0,0,4227,8,4231,11493,4258,1,16274,4782,1336,,1281,98373
9367860,1790819397,9247752958,6,5,0,0,5,0,0,5,0,0,4006,10,4012,10844,4018,1,16192,5349,280,,1729,87105
9367866,1790819461,0,0,0,0,0,0,0,0,0,0,0,0,2,2,7,2,1,3481,3475,0,,0,0
9367869,1790819480,10724547780,21,16,0,0,16,0,0,16,0,0,4623,12,4629,12546,4650,1,16910,4365,808,,2799,105130
9367873,1790819515,9196470500,5,5,0,0,5,0,0,5,0,0,4005,6,4010,10835,4015,1,14344,3510,280,,782,85322
9367876,1790819589,9293249686,19,18,0,0,18,0,0,18,0,0,4015,8,4016,10886,4035,1,17532,6647,904,,1890,93390
9367877,1790819633,9205561068,7,7,0,0,7,0,0,7,0,0,4007,6,4010,10837,4017,1,14946,4110,376,,858,88480
9367879,1790819668,9196470500,5,5,0,0,5,0,0,5,0,0,4005,2,4007,10828,4012,1,15882,5055,280,,781,90892
9367880,1790819740,0,0,0,0,0,0,0,0,0,0,0,0,4,3,9,3,1,6306,6298,0,,0,0
9367882,1790819791,0,0,0,0,0,0,0,0,0,0,0,0,2,1,4,1,1,4747,4744,0,,0,0
9367885,1790819830,9308082342,15,12,0,0,12,0,0,12,0,0,4016,4,4018,10880,4033,1,15626,4747,616,,2086,96443
9367888,1790819875,9711235054,7,6,0,0,6,0,0,6,0,0,4207,6,4212,11384,4219,1,15992,4609,328,,1859,94845
9367892,1790819974,0,0,0,0,0,0,0,0,0,0,0,0,6,5,15,5,1,6456,6442,0,,0,0
9367893,1790820009,10943958787,46,39,0,0,39,0,0,39,0,0,4639,8,4637,12640,4683,1,17844,5205,1912,,5104,122816
9367894,1790820048,10501981346,145,137,0,0,137,0,0,137,0,0,4424,2,4419,12318,4564,1,17654,5337,6616,,2778,147516
9367895,1790820096,10461554936,63,57,0,0,57,0,0,57,0,0,4431,2,4426,12114,4489,1,15617,3504,2776,,4388,125467
9367897,1790820134,10655002240,32,32,0,0,32,0,0,32,0,0,4616,2,4617,12548,4649,1,16756,4209,1576,,1129,119374
9367900,1790820175,0,0,0,0,0,0,0,0,0,0,0,0,4,3,10,3,1,4788,4779,0,,0,0
9367904,1790820241,9936030692,99,98,0,0,98,0,0,98,0,0,4229,6,4221,11659,4320,1,16437,4779,4744,,2481,137626
9367908,1790820283,10193088444,43,43,0,0,43,0,0,43,0,0,4411,8,4415,12034,4458,1,16251,4218,2104,,1035,112020
9367912,1790820313,9280126240,32,32,0,0,32,0,0,32,0,0,4016,8,4022,10939,4054,1,15550,4612,1576,,1076,97178
9367914,1790820383,67973302,31,31,0,0,31,0,0,31,0,0,3,8,6,101,37,1,6263,6163,1528,,318,11873
9367915,1790820424,9940265605,94,88,0,0,88,0,0,88,0,0,4223,4,4215,11629,4309,1,17785,6157,4264,,2456,123768
9367918,1790820461,9252271814,32,32,0,0,32,0,0,32,0,0,4008,2,4007,10896,4039,1,14822,3927,1576,,1039,95817
9367919,1790820511,0,0,0,0,0,0,0,0,0,0,0,0,6,6,18,6,1,4767,4750,0,,0,0
9367920,1790820534,10227441320,61,61,0,0,61,0,0,61,0,0,4413,2,4409,12063,4470,1,16694,4632,2968,,1213,117378
9367921,1790820583,10287338112,49,46,0,0,46,0,0,46,0,0,4417,2,4416,12050,4465,1,17386,5337,2248,,2316,115515
9367922,1790820638,10645256204,36,36,0,0,36,0,0,36,0,0,4612,2,4611,12539,4647,1,17170,4632,1768,,1047,110552
9367923,1790820706,10123266692,7,7,0,0,7,0,0,7,0,0,4407,2,4409,11919,4416,1,19482,7564,376,,1013,96054
9367925,1790820752,0,0,0,0,0,0,0,0,0,0,0,0,2,1,4,1,1,4779,4776,0,,0,0
9367927,1790820788,9884514703,31,28,0,0,28,0,0,28,0,0,4220,4,4220,11472,4251,1,14978,3507,1384,,3799,107645
9367928,1790820834,0,0,0,0,0,0,0,0,0,0,0,0,4,3,10,3,1,5461,5452,0,,0,0
9367930,1790820878,0,0,0,0,0,0,0,0,0,0,0,0,2,1,4,1,1,4606,4603,0,,0,0
9367932,1790820934,9767282907,22,16,0,0,16,0,0,16,0,0,4222,4,4222,11448,4244,1,16082,4635,808,,1866,97333
9367936,1790821032,10737591948,37,33,0,0,33,0,0,33,0,0,4630,4,4631,12595,4668,1,20331,7737,1624,,1948,113161
9367937,1790821072,10123266692,7,7,0,0,7,0,0,7,0,0,4407,8,4414,11929,4421,1,16851,4923,376,,985,96703
9367941,1790821102,9196470500,5,5,0,0,5,0,0,5,0,0,4005,2,4007,10828,4012,1,14895,4068,280,,823,88134
9367943,1790821150,9238038840,22,22,0,0,22,0,0,22,0,0,4008,8,4013,10894,4035,1,15691,4798,1096,,1083,94424
9367944,1790821195,10070572698,14,10,0,0,10,0,0,10,0,0,4754,4,1442,3934,1456,1,9414,5481,520,,3215,153511
9367946,1790821239,9718752454,139,17,0,0,17,0,0,17,0,0,4254,2,1655,4842,1794,1,9473,4632,856,,7266,184787
9367949,1790821354,10712521047,31,30,0,0,30,0,0,30,0,0,4623,4,4626,12564,4657,1,18571,6008,1480,,2445,113938
9367951,1790821399,0,0,0,0,0,0,0,0,0,0,0,0,6,4,12,4,1,4620,4609,0,,0,0
9367954,1790821451,10615870496,22,22,0,0,22,0,0,22,0,0,4610,4,4612,12505,4634,1,17251,4747,1096,,1051,106179
9367956,1790821517,9722508324,12,11,0,0,11,0,0,11,0,0,4208,6,4212,11395,4224,1,16849,5455,568,,1769,95510
9367958,1790821564,9735176724,15,7,0,0,7,0,0,7,0,0,4216,4,4215,11411,4230,1,15593,4183,376,,1864,93273
9367962,1790821611,9233539996,17,17,0,0,17,0,0,17,0,0,4010,4,4011,10870,4028,1,15222,4353,856,,960,91604
9367965,1790821651,0,0,0,0,0,0,0,0,0,0,0,0,8,7,20,7,1,4349,4330,0,,0,0
9367967,1790821683,10215060414,15,12,0,0,12,0,0,12,0,0,4415,6,4417,11961,4432,1,16880,4920,616,,2503,99669
9367969,1790821734,0,0,0,0,0,0,0,0,0,0,0,0,4,3,10,3,1,4474,4465,0,,0,0
9367973,1790821766,0,0,0,0,0,0,0,0,0,0,0,0,4,1,4,1,1,4186,4183,0,,0,0
9367981,1790821813,0,0,0,0,0,0,0,0,0,0,0,0,8,7,20,7,1,4631,4612,0,,0,0
9367985,1790821876,10897722091,41,29,0,0,29,0,0,29,0,0,4632,16,4634,12617,4675,1,17833,5217,1432,,5640,115060
9367987,1790821938,10449675204,31,23,0,0,23,0,0,23,0,0,4429,8,4431,12044,4462,1,17674,5631,1144,,5592,112764
9367988,1790821989,9342642840,15,10,0,0,10,0,0,10,0,0,4018,4,4019,10884,4034,1,14708,3825,520,,3101,93240
9367992,1790822079,10297396363,13,9,0,0,9,0,0,9,0,0,4413,2,4414,11944,4427,1,17562,5619,472,,4306,107543
9367995,1790822148,0,0,0,0,0,0,0,0,0,0,0,0,8,5,15,5,1,5613,5599,0,,0,0
9367998,1790822191,0,0,0,0,0,0,0,0,0,0,0,0,6,3,10,3,1,5182,5173,0,,0,0
9367999,1790822235,0,0,0,0,0,0,0,0,0,0,0,0,6,5,15,5,1,5469,5455,0,,0,0
9368005,1790822272,10226496876,31,27,0,0,27,0,0,27,0,0,4418,2,4416,12003,4447,1,15788,3786,1336,,1804,103258
9368009,1790822327,9692053172,12,12,0,0,12,0,0,12,0,0,4212,12,4220,11422,4232,1,16180,4759,616,,1017,92453
9368014,1790822366,10655209536,12,11,0,0,11,0,0,11,0,0,4612,8,4617,12493,4629,1,17104,4612,568,,1937,104506
9368015,1790822406,10123266692,7,7,0,0,7,0,0,7,0,0,4407,10,4411,11922,4418,1,17270,5349,376,,890,95037
9368017,1790822451,0,0,0,0,0,0,0,0,0,0,0,0,2,2,7,2,1,4327,4321,0,,0,0
9368018,1790822481,10263088798,37,29,0,0,29,0,0,29,0,0,4425,4,4423,12034,4460,1,16245,4212,1432,,2071,115028
9368022,1790822530,9889153344,20,14,0,0,14,0,0,14,0,0,4218,2,4215,11427,4235,1,15949,4523,712,,4069,122195
9368026,1790822573,10123266692,7,7,0,0,7,0,0,7,0,0,4407,8,4413,11926,4420,1,15756,3831,376,,875,147252
9368029,1790822620,0,0,0,0,0,0,0,0,0,0,0,0,8,8,23,8,1,4634,4612,0,,0,0
9368031,1790822664,9758089920,16,15,0,0,15,0,0,15,0,0,4216,6,4221,11434,4237,1,16212,4779,760,,2068,94612
9368034,1790822713,9907813503,18,11,0,0,11,0,0,11,0,0,4218,4,4217,11430,4235,1,15923,4494,568,,4818,104361
9368038,1790822765,10193431780,17,13,0,0,13,0,0,13,0,0,4415,6,4415,11961,4432,1,16880,4920,664,,1842,98290
9368040,1790822827,9257827420,7,5,0,0,5,0,0,5,0,0,4007,8,4012,10843,4019,1,16470,5628,280,,1711,88189
9368042,1790822921,10319104677,14,10,0,0,10,0,0,10,0,0,4414,4,4414,11950,4428,1,19404,7455,520,,3913,104811
9368047,1790822972,10705676448,29,27,0,0,27,0,0,27,0,0,4613,4,4617,12536,4646,1,16747,4212,1336,,2654,107434
9368049,1790823004,9275459680,10,6,0,0,6,0,0,6,0,0,4012,10,4017,10867,4027,1,15933,5067,328,,2291,91287
9368051,1790823048,10687927880,23,15,0,0,15,0,0,15,0,0,4622,4,4622,12531,4645,1,16460,3930,760,,2155,109448
9368052,1790823081,9296021410,14,13,0,0,13,0,0,13,0,0,4014,4,4018,10884,4032,1,15941,5058,664,,2087,93946
9368056,1790823154,9692053172,12,12,0,0,12,0,0,12,0,0,4212,2,4214,11402,4226,1,16770,5369,616,,1854,105676
9368057,1790823225,0,0,0,0,0,0,0,0,0,0,0,0,8,5,15,5,1,6741,6727,0,,0,0
9368060,1790823284,9783181693,15,13,0,0,13,0,0,13,0,0,4216,2,4217,11420,4232,1,16868,5449,664,,2593,95636
9368063,1790823358,9775857791,22,8,0,0,8,0,0,8,0,0,4224,6,4219,11448,4241,1,15351,3904,424,,1970,95545
9368066,1790823389,10586664788,8,8,0,0,8,0,0,8,0,0,4608,6,4612,12467,4620,1,17245,4779,424,,916,99006
9368067,1790823520,10586664788,8,8,0,0,8,0,0,8,0,0,4608,6,4613,12469,4621,1,17218,4750,424,,914,100072
9368070,1790823521,9248714910,7,6,0,0,6,0,0,6,0,0,4008,2,4009,10835,4016,1,14591,3757,328,,1781,86932
9368072,1790823522,9257527416,7,5,0,0,5,0,0,5,0,0,4007,6,4011,10845,4018,1,16469,5625,280,,1697,88216
9368077,1790823573,9823572761,12,9,0,0,9,0,0,9,0,0,4213,4,4216,11409,4228,1,15761,4353,472,,3782,97012
9368084,1790823617,0,0,0,0,0,0,0,0,0,0,0,0,10,6,18,6,1,4914,4897,0,,0,0
9368088,1790823659,10891353272,124,116,1,2,117,0,0,117,1,0,4626,14,4628,12821,4752,1,18005,5185,5656,,2565,144983
9368090,1790823768,0,0,0,0,0,0,0,0,0,0,0,0,8,5,15,5,1,7385,7371,0,,0,0
9368092,1790823804,0,0,0,0,0,0,0,0,0,0,0,0,4,3,10,3,1,4051,4042,0,,0,0
9368094,1790823888,62011868,29,29,0,0,29,0,0,29,0,0,2,4,4,90,33,1,5964,5875,1432,,388,14741
9368097,1790823915,9317989784,13,11,0,0,11,0,0,11,0,0,4014,4,4013,10862,4026,1,14621,3760,568,,3032,103636
9368100,1790823965,10719252426,14,9,0,0,9,0,0,9,0,0,4616,6,4618,12503,4632,1,17140,4638,472,,3581,111244
9368102,1790824023,9504181265,25,18,0,0,18,0,0,18,0,0,4028,6,4025,10929,4050,1,15989,5061,904,,5042,107018
9368104,1790824063,0,0,0,0,0,0,0,0,0,0,0,0,4,3,10,3,1,4333,4324,0,,0,0
9368106,1790824102,0,0,0,0,0,0,0,0,0,0,0,0,4,3,10,3,1,4333,4324,0,,0,0
9368107,1790824140,0,0,0,0,0,0,0,0,0,0,0,0,4,3,10,3,1,4474,4465,0,,0,0
9368110,1790824223,10705241935,82,38,0,0,38,0,0,38,0,0,4504,2,4440,12208,4522,1,18108,5901,1864,,6736,121489
9368112,1790824262,9260911567,12,6,0,0,6,0,0,6,0,0,4013,6,4014,10864,4026,1,15754,4891,328,,1712,88785
9368115,1790824322,10840237986,25,19,0,0,19,0,0,19,0,0,4625,4,4624,12542,4649,1,16753,4212,952,,4326,116291
9368119,1790824370,9738953776,11,7,0,0,7,0,0,7,0,0,4213,6,4216,11408,4227,1,15799,4392,376,,2285,93732
9368121,1790824410,10586664788,8,8,0,0,8,0,0,8,0,0,4608,8,4615,12479,4623,1,17260,4782,424,,952,103849
9368125,1790824482,9381963824,32,27,0,0,27,0,0,27,0,0,4024,4,4024,10946,4056,1,16849,5904,1336,,3282,100108
9368128,1790824543,0,0,0,0,0,0,0,0,0,0,0,0,8,6,18,6,1,5334,5317,0,,0,0
9368132,1790824576,10295805176,21,10,0,0,10,0,0,10,0,0,4422,6,4421,11984,4442,1,16339,4356,520,,3434,101112
9368135,1790824638,10122522692,7,7,0,0,7,0,0,7,0,0,4407,8,4411,11923,4418,1,15829,3907,376,,865,123703
9368138,1790824668,0,0,0,0,0,0,0,0,0,0,0,0,6,5,15,5,1,4341,4327,0,,0,0
9368139,1790824709,29569962,9,9,0,0,9,0,0,9,0,0,4,6,7,44,16,1,5357,5314,472,,144,3579
9368143,1790824734,9330501946,14,12,0,0,12,0,0,12,0,0,4015,2,4016,10878,4030,1,15198,4321,616,,2788,93534
9368144,1790824735,9869158499,15,10,0,0,10,0,0,10,0,0,4215,8,4218,11425,4233,1,17475,6051,520,,4034,103771
9368147,1790824854,0,0,0,0,0,0,0,0,0,0,0,0,2,2,7,2,1,4750,4744,0,,0,0
9368150,1790824880,0,0,0,0,0,0,0,0,0,0,0,0,6,5,15,5,1,4341,4327,0,,0,0
9368152,1790824915,9404741137,28,18,0,0,18,0,0,18,0,0,4024,6,4023,10933,4051,1,15288,4356,904,,3343,97566
9368154,1790824952,9754493193,11,8,0,0,8,0,0,8,0,0,4213,4,4215,11401,4226,1,15716,4316,424,,2584,97116
9368156,1790824987,9393164987,12,8,0,0,8,0,0,8,0,0,4012,4,4014,10864,4026,1,14934,4071,424,,4155,101899
9368159,1790825043,9337488062,21,15,0,0,15,0,0,15,0,0,4022,4,4024,10920,4045,1,15525,4606,760,,2474,96041
9368161,1790825102,0,0,0,0,0,0,0,0,0,0,0,0,6,4,12,4,1,5748,5737,0,,0,0
9368164,1790825139,0,0,0,0,0,0,0,0,0,0,0,0,4,3,9,3,1,4191,4183,0,,0,0
9368168,1790825184,9876684819,19,9,0,0,9,0,0,9,0,0,4222,6,4221,11439,4240,1,16047,4609,472,,4685,99177
9368172,1790825264,9724880875,13,11,0,0,11,0,0,11,0,0,4214,8,4216,11413,4229,1,16729,5317,568,,1671,94082
9368175,1790825322,9821893604,27,22,0,0,22,0,0,22,0,0,4216,8,4219,11456,4246,1,17224,5769,1096,,3468,102194
9368179,1790825374,10586664788,8,8,0,0,8,0,0,8,0,0,4608,6,4614,12473,4622,1,16828,4356,424,,947,101335
9368180,1790825413,0,0,0,0,0,0,0,0,0,0,0,0,8,4,12,4,1,5187,5176,0,,0,0
9368182,1790825453,10683572655,23,12,0,0,12,0,0,12,0,0,4621,2,4619,12527,4642,1,16876,4350,616,,1996,105726
9368184,1790825516,9692053172,12,12,0,0,12,0,0,12,0,0,4212,4,4215,11408,4227,1,17452,6045,616,,1039,92572
9368185,1790825591,0,0,0,0,0,0,0,0,0,0,0,0,4,4,12,4,1,7046,7035,0,,0,0
9368188,1790825618,10542176213,49,39,0,0,39,0,0,39,0,0,4445,2,4442,12121,4491,1,16329,4209,1912,,6551,121187
9368192,1790825663,10174999589,12,11,0,0,11,0,0,11,0,0,4412,6,4417,11951,4429,1,16559,4609,568,,1754,96236
9368195,1790825701,0,0,0,0,0,0,0,0,0,0,0,0,8,4,12,4,1,4482,4471,0,,0,0
9368197,1790825772,0,0,0,0,0,0,0,0,0,0,0,0,6,4,12,4,1,7158,7147,0,,0,0
9368200,1790825812,10809811561,38,34,0,0,34,0,0,34,0,0,4637,4,4636,12610,4674,1,16962,4353,1672,,3030,112926
9368201,1790825858,9387825244,24,19,0,0,19,0,0,19,0,0,4027,6,4030,10937,4054,1,16673,5737,952,,3332,96509
9368203,1790825926,9710593369,10,8,0,0,8,0,0,8,0,0,4211,2,4212,11395,4222,1,17295,5901,424,,1184,94815
9368206,1790825986,10827337017,27,19,0,0,19,0,0,19,0,0,4631,4,4631,12570,4658,1,16329,3760,952,,4285,108588
9368209,1790826029,10736252045,23,16,0,0,16,0,0,16,0,0,4629,6,4630,12557,4653,1,16348,3792,808,,2879,106976
9368210,1790826074,0,0,0,0,0,0,0,0,0,0,0,0,6,5,15,5,1,6879,6865,0,,0,0
9368211,1790826138,10743095962,31,29,0,0,29,0,0,29,0,0,4633,2,4630,12579,4661,1,19357,6779,1432,,2155,112042
9368214,1790826189,0,0,0,0,0,0,0,0,0,0,0,0,2,2,7,2,1,3763,3757,0,,0,0
9368215,1790826237,10718243989,99,39,0,0,39,0,0,39,0,0,4295,6,4240,11708,4339,1,18290,6583,1912,,19273,128073
9368220,1790826279,10685992385,18,16,0,0,16,0,0,16,0,0,4619,2,4620,12515,4638,1,16872,4358,808,,2341,108138
9368225,1790826341,0,0,0,0,0,0,0,0,0,0,0,0,10,9,25,9,1,4357,4333,0,,0,0
9368229,1790826366,10895376552,42,28,0,0,28,0,0,28,0,0,4644,10,4644,12647,4686,1,16867,4221,1384,,4971,115544
9368230,1790826441,28045294,11,11,0,0,11,0,0,11,0,0,2,8,8,52,19,1,7624,7573,568,,137,4284
9368233,1790826486,10840912841,33,25,0,0,25,0,0,25,0,0,4636,2,4635,12597,4668,1,16382,3786,1240,,4133,112486
9368234,1790826524,9258343652,17,17,0,0,17,0,0,17,0,0,4017,6,4022,10900,4039,1,16101,5202,856,,990,93126
9368237,1790826564,9927224234,8,6,0,0,6,0,0,6,0,0,4038,2,4040,10929,4048,1,15137,4209,328,,2038,104907
9368240,1790826600,10988095426,210,150,1,10,151,0,0,151,1,0,5066,6,891,2973,1101,1,7328,4356,7288,,7878,253481
9368244,1790826642,0,0,0,0,0,0,0,0,0,0,0,0,6,4,12,4,1,4338,4327,0,,0,0
9368247,1790826684,10858706016,371,250,0,0,250,0,0,250,0,0,4146,8,4046,11916,4417,1,16556,4641,12040,,12842,226407
9368251,1790826724,0,0,0,0,0,0,0,0,0,0,0,0,6,6,17,6,1,4657,4641,0,,0,0
9368253,1790826767,0,0,0,0,0,0,0,0,0,0,0,0,8,3,9,3,1,4092,4084,0,,0,0
9368258,1790826808,10994935047,285,159,0,0,159,0,0,159,0,0,4466,4,2711,8085,2996,1,12267,4183,7672,,11957,238344
9368261,1790826857,10996562618,939,667,0,0,667,0,0,667,0,0,3550,10,3320,11495,4259,1,15997,4503,32056,,16986,416986
9368263,1790827126,0,0,0,0,0,0,0,0,0,0,0,0,6,5,15,5,1,12237,12223,0,,0,0
9368267,1790827183,0,0,0,0,0,0,0,0,0,0,0,0,4,2,7,2,1,5035,5029,0,,0,0
9368268,1790827228,10814329887,150,133,0,0,133,0,0,133,0,0,4464,8,4451,12416,4601,1,18184,5769,6424,,7334,159485
9368275,1790827334,10475240232,62,53,0,0,53,0,0,53,0,0,4438,2,4437,12138,4499,1,19701,7564,2584,,5237,118668
9368277,1790827381,0,0,0,0,0,0,0,0,0,0,0,0,14,5,15,5,1,5763,5749,0,,0,0
9368279,1790827430,9860459744,14,10,0,0,10,0,0,10,0,0,4215,4,4215,11411,4229,1,16500,5090,520,,4306,97975
9368281,1790827498,0,0,0,0,0,0,0,0,0,0,0,0,4,3,9,3,1,5355,5347,0,,0,0
9368284,1790827537,9780852912,20,16,0,0,16,0,0,16,0,0,4220,4,4221,11448,4241,1,15771,4324,808,,2449,95785
9368287,1790827592,0,0,0,0,0,0,0,0,0,0,0,0,6,5,15,5,1,5187,5173,0,,0,0
9368292,1790827654,9823861814,25,19,0,0,19,0,0,19,0,0,4225,6,4219,11452,4244,1,16230,4779,952,,2917,99150
9368294,1790827688,9659868596,6,6,0,0,6,0,0,6,0,0,4206,10,4213,11382,4219,1,16166,4785,328,,933,90762
9368295,1790827743,10224642128,15,11,0,0,11,0,0,11,0,0,4417,4,4418,11963,4433,1,17443,5481,568,,2621,99640
9368301,1790827771,10240052748,10,10,0,0,10,0,0,10,0,0,4453,2,4455,12052,4465,1,15555,3504,520,,980,104012
9368304,1790827828,10322760337,29,17,0,0,17,0,0,17,0,0,4431,12,4434,12043,4463,1,17083,5041,856,,3633,115084
9368305,1790827862,10299448950,25,17,0,0,17,0,0,17,0,0,4427,6,4429,12014,4454,1,16792,4779,856,,3407,203674
9368306,1790827904,0,0,0,0,0,0,0,0,0,0,0,0,2,2,7,2,1,4186,4180,0,,0,0
9368309,1790827955,9877336753,23,13,0,0,13,0,0,13,0,0,4225,2,4222,11458,4245,1,17922,6465,664,,3991,99787
9368311,1790828024,10270620586,16,11,0,0,11,0,0,11,0,0,4418,6,4421,11973,4437,1,17347,5375,568,,3236,132336
9368316,1790828067,10702509222,30,29,0,0,29,0,0,29,0,0,4617,4,4619,12548,4649,1,16936,4389,1432,,3148,278156
9368319,1790828116,9326514138,11,6,0,0,6,0,0,6,0,0,4013,10,4019,10878,4030,1,15662,4785,328,,7279,209987
9368320,1790828165,0,0,0,0,0,0,0,0,0,0,0,0,6,5,15,5,1,5469,5455,0,,0,0
9368323,1790828225,10829442832,27,17,0,0,17,0,0,17,0,0,4636,2,4632,12576,4659,1,17348,4773,856,,4600,116482
9368327,1790828269,0,0,0,0,0,0,0,0,0,0,0,0,6,6,18,6,1,4767,4750,0,,0,0
9368328,1790828327,10734209199,28,23,0,0,23,0,0,23,0,0,4622,8,4623,12550,4651,1,19305,6756,1144,,3215,114503
9368333,1790828362,0,0,0,0,0,0,0,0,0,0,0,0,2,2,7,2,1,3904,3898,0,,0,0
9368336,1790828417,0,0,0,0,0,0,0,0,0,0,0,0,10,6,18,6,1,5196,5179,0,,0,0
9368340,1790828468,10817668444,37,31,0,0,31,0,0,31,0,0,4624,6,4622,12569,4659,1,17459,4891,1528,,4632,117566
9368342,1790828520,9426846872,71,67,0,0,67,0,0,67,0,0,4017,8,4018,11039,4089,1,16807,5769,3256,,2564,116230
9368344,1790828608,10755459710,20,16,0,0,16,0,0,16,0,0,4621,4,4623,12527,4643,1,20021,7495,808,,3520,106217
9368345,1790828657,0,0,0,0,0,0,0,0,0,0,0,0,4,4,12,4,1,4230,4219,0,,0,0
9368349,1790828688,0,0,0,0,0,0,0,0,0,0,0,0,2,1,4,1,1,3760,3757,0,,0,0
9368350,1790828758,0,0,0,0,0,0,0,0,0,0,0,0,8,5,15,5,1,7446,7432,0,,0,0
9368352,1790828797,10797555302,22,11,0,0,11,0,0,11,0,0,4625,2,4622,12532,4644,1,17304,4773,568,,4415,110509
9368358,1790828841,40474854,17,17,0,0,17,0,0,17,0,0,3,4,7,66,24,1,4107,4042,856,,160,6434
9368359,1790828877,10255184250,14,9,0,0,9,0,0,9,0,0,4417,12,4421,11967,4435,1,18023,6057,472,,3217,99781
9368360,1790828936,10706992879,16,10,0,0,10,0,0,10,0,0,4619,2,4619,12509,4635,1,17563,5055,520,,3124,104258
9368362,1790828979,0,0,0,0,0,0,0,0,0,0,0,0,2,2,7,2,1,4891,4885,0,,0,0
9368363,1790829026,0,0,0,0,0,0,0,0,0,0,0,0,4,3,10,3,1,5320,5311,0,,0,0
9368365,1790829059,10366148622,36,12,0,0,12,0,0,12,0,0,4439,2,4427,12044,4463,1,16393,4350,616,,4076,107117
9368366,1790829149,9325916092,12,7,0,0,7,0,0,7,0,0,4015,4,4016,10869,4028,1,16602,5734,376,,3195,92588
9368368,1790829179,10123266692,7,7,0,0,7,0,0,7,0,0,4407,2,4408,11913,4415,1,16092,4180,376,,919,95089
9368370,1790829235,9413224007,28,21,0,0,21,0,0,21,0,0,4023,4,4022,10932,4050,1,15880,4949,1048,,3956,97892
9368373,1790829299,0,0,0,0,0,0,0,0,0,0,0,0,4,3,9,3,1,4614,4606,0,,0,0
9368376,1790829336,9457024385,35,26,0,0,26,0,0,26,0,0,4044,6,4036,10990,4071,1,15627,4638,1288,,3867,99559
9368377,1790829417,9449784688,28,19,0,0,19,0,0,19,0,0,4031,6,4033,10959,4061,1,17682,6724,952,,4297,97784
9368379,1790829463,0,0,0,0,0,0,0,0,0,0,0,0,2,1,4,1,1,4465,4462,0,,0,0
9368381,1790829516,23896532,7,7,0,0,7,0,0,7,0,0,3,4,4,31,11,1,4918,4888,376,,134,2769
9368383,1790829559,10843923715,34,25,0,0,25,0,0,25,0,0,4636,4,4634,12595,4668,1,17229,4635,1240,,4224,115260
9368384,1790829595,10123266692,7,7,0,0,7,0,0,7,0,0,4407,4,4409,11914,4416,1,16660,4747,376,,905,97115
9368387,1790829664,9764472693,21,19,0,0,19,0,0,19,0,0,4222,2,4222,11450,4243,1,17491,6042,952,,1837,96339
9368394,1790829762,9893684023,36,30,0,0,30,0,0,30,0,0,4235,6,4236,11528,4272,1,17998,6471,1480,,3758,105486
9368396,1790829815,9196470500,5,5,0,0,5,0,0,5,0,0,4005,14,4017,10848,4022,1,17080,6233,280,,869,87903
9368398,1790829859,0,0,0,0,0,0,0,0,0,0,0,0,4,4,12,4,1,3807,3796,0,,0,0
9368402,1790829913,0,0,0,0,0,0,0,0,0,0,0,0,4,1,4,1,1,4750,4747,0,,0,0
9368405,1790829954,9945785747,28,16,0,0,16,0,0,16,0,0,4242,8,4232,11495,4260,1,16558,5064,808,,5109,101845
9368409,1790830001,9222686378,12,12,0,0,12,0,0,12,0,0,4009,6,4014,10867,4026,1,14940,4074,616,,968,89434
9368411,1790830028,10306547699,17,9,0,0,9,0,0,9,0,0,4420,8,4423,11980,4440,1,16479,4500,472,,4060,103492
9368414,1790830082,9194958500,5,5,0,0,5,0,0,5,0,0,4005,4,4007,10824,4012,1,15852,5029,280,,841,86095
9368415,1790830126,0,0,0,0,0,0,0,0,0,0,0,0,6,2,7,2,1,5038,5032,0,,0,0
9368417,1790830187,10174525150,8,7,0,0,7,0,0,7,0,0,4408,2,4409,11918,4417,1,18071,6154,376,,1766,97151
9368420,1790830263,9768286993,26,16,0,0,16,0,0,16,0,0,4220,4,4217,11449,4243,1,15096,3648,808,,1899,103446
9368422,1790830294,9316030591,13,7,0,0,7,0,0,7,0,0,4016,6,4017,10876,4030,1,15513,4638,376,,2879,93098
9368426,1790830341,9196470500,5,5,0,0,5,0,0,5,0,0,4005,4,4008,10826,4013,1,15037,4212,280,,914,89802
9368428,1790830388,10175504497,13,11,0,0,11,0,0,11,0,0,4412,8,4419,11960,4432,1,17023,5064,568,,1662,103020
9368432,1790830438,0,0,0,0,0,0,0,0,0,0,0,0,4,3,9,3,1,4787,4779,0,,0,0
9368435,1790830480,10751438048,56,56,0,0,56,0,0,56,0,0,4622,8,4623,12622,4679,1,17544,4923,2728,,1772,122803
9368439,1790830536,9777806560,18,11,0,0,11,0,0,11,0,0,4219,6,4220,11433,4238,1,16070,4638,568,,2463,94570
9368443,1790830617,9774782560,14,11,0,0,11,0,0,11,0,0,4214,8,4222,11428,4236,1,17872,6445,568,,2540,96274
9368444,1790830659,9196470500,5,5,0,0,5,0,0,5,0,0,4005,8,4007,10827,4012,1,16172,5346,280,,781,85658
9368447,1790830693,0,0,0,0,0,0,0,0,0,0,0,0,2,2,7,2,1,3481,3475,0,,0,0
9368450,1790830731,10647037704,10,8,0,0,8,0,0,8,0,0,4610,6,4613,12474,4623,1,16829,4356,424,,1977,102645
9368454,1790830783,10195922201,25,23,0,0,23,0,0,23,0,0,4412,6,4414,11978,4439,1,16727,4750,1144,,1692,104949
9368456,1790830853,9390089382,27,10,0,0,10,0,0,10,0,0,4028,8,4025,10932,4052,1,17687,6756,520,,3012,94154
9368459,1790830900,0,0,0,0,0,0,0,0,0,0,0,0,4,3,9,3,1,4332,4324,0,,0,0
9368467,1790831003,9926151909,30,25,0,0,25,0,0,25,0,0,4224,6,4224,11480,4254,1,18767,7288,1240,,4160,113548
9368471,1790831044,0,0,0,0,0,0,0,0,0,0,0,0,16,9,25,9,1,4543,4519,0,,0,0
9368474,1790831081,9236578960,12,12,0,0,12,0,0,12,0,0,4013,8,4018,10875,4030,1,15092,4218,616,,1042,88325
9368479,1790831131,0,0,0,0,0,0,0,0,0,0,0,0,6,5,15,5,1,4482,4468,0,,0,0
9368480,1790831176,0,0,0,0,0,0,0,0,0,0,0,0,10,5,15,5,1,5757,5743,0,,0,0
9368482,1790831219,9991075409,42,34,0,0,34,0,0,34,0,0,4232,2,4229,11526,4271,1,16580,5055,1672,,5329,110803
9368486,1790831261,9204367326,6,6,0,0,6,0,0,6,0,0,4007,4,4011,10836,4017,1,14483,3648,328,,793,85825
9368491,1790831319,0,0,0,0,0,0,0,0,0,0,0,0,8,5,15,5,1,5049,5035,0,,0,0
9368494,1790831381,10750254453,40,25,0,0,25,0,0,25,0,0,4615,10,4618,12571,4658,1,17637,5067,1240,,2929,111889
9368496,1790831434,0,0,0,0,0,0,0,0,0,0,0,0,6,5,15,5,1,4905,4891,0,,0,0
9368501,1790831453,0,0,0,0,0,0,0,0,0,0,0,0,4,3,9,3,1,3768,3760,0,,0,0
9368502,1790831509,0,0,0,0,0,0,0,0,0,0,0,0,10,6,18,6,1,6606,6589,0,,0,0
9368506,1790831541,10537484347,43,33,0,0,33,0,0,33,0,0,4444,2,4440,12098,4483,1,15319,3222,1624,,5921,120169
9368509,1790831598,0,0,0,0,0,0,0,0,0,0,0,0,8,7,20,7,1,4913,4894,0,,0,0
9368514,1790831678,10356492449,28,22,0,0,22,0,0,22,0,0,4432,6,4437,12050,4465,1,17710,5661,1096,,3783,106398
9368517,1790831716,9684496048,7,7,0,0,7,0,0,7,0,0,4215,10,4225,11423,4232,1,16037,4615,376,,911,92100
9368519,1790831754,0,0,0,0,0,0,0,0,0,0,0,0,6,5,15,5,1,4623,4609,0,,0,0
9368520,1790831814,0,0,0,0,0,0,0,0,0,0,0,0,4,2,7,2,1,6727,6721,0,,0,0
9368523,1790831861,9855538537,21,9,0,0,9,0,0,9,0,0,4224,2,4220,11446,4241,1,16077,4632,472,,3685,101705
9368525,1790831919,10216676746,29,28,0,0,28,0,0,28,0,0,4410,6,4414,11990,4443,1,17191,5202,1384,,1998,108039
9368527,1790831948,9247970912,7,6,0,0,6,0,0,6,0,0,4008,4,4010,10841,4017,1,15334,4494,328,,1866,90525
9368529,1790831993,10122510692,7,7,0,0,7,0,0,7,0,0,4407,4,4410,11920,4417,1,16554,4635,376,,916,97951
9368531,1790832036,0,0,0,0,0,0,0,0,0,0,0,0,4,4,12,4,1,4335,4324,0,,0,0
9368534,1790832081,9809927997,28,18,0,0,18,0,0,18,0,0,4229,4,4227,11481,4255,1,17243,5763,904,,2368,99873
9368536,1790832125,0,0,0,0,0,0,0,0,0,0,0,0,6,5,15,5,1,4059,4045,0,,0,0
9368539,1790832189,9371878958,32,27,0,0,27,0,0,27,0,0,4026,4,4026,10949,4058,1,16602,5654,1336,,2608,98719
9368542,1790832233,0,0,0,0,0,0,0,0,0,0,0,0,6,6,17,6,1,4202,4186,0,,0,0
9368546,1790832273,9301074597,20,18,0,0,18,0,0,18,0,0,4021,6,4023,10911,4043,1,15660,4750,904,,1765,98869
9368551,1790832388,10862371852,39,24,0,0,24,0,0,24,0,0,4636,8,4635,12613,4674,1,20749,8137,1192,,5078,125475
9368554,1790832430,0,0,0,0,0,0,0,0,0,0,0,0,10,6,18,6,1,4914,4897,0,,0,0
9368556,1790832454,9350036092,14,11,0,0,11,0,0,11,0,0,4013,6,4016,10874,4030,1,15229,4356,568,,2851,96886
9368558,1790832493,9195714500,5,5,0,0,5,0,0,5,0,0,4005,4,4008,10831,4013,1,15747,4917,280,,869,91682
9368559,1790832541,0,0,0,0,0,0,0,0,0,0,0,0,4,3,10,3,1,5602,5593,0,,0,0
9368562,1790832602,0,0,0,0,0,0,0,0,0,0,0,0,2,1,4,1,1,4888,4885,0,,0,0
9368563,1790832633,9341339430,18,13,0,0,13,0,0,13,0,0,4020,6,4021,10896,4039,1,16068,5173,664,,2976,96692
9368565,1790832692,0,0,0,0,0,0,0,0,0,0,0,0,2,1,4,1,1,5593,5590,0,,0,0
9368568,1790832726,9227761836,18,18,0,0,18,0,0,18,0,0,4007,4,4007,10863,4025,1,14651,3789,904,,1078,96636
9368571,1790832776,10586664788,8,8,0,0,8,0,0,8,0,0,4608,6,4613,12468,4621,1,17246,4779,424,,1041,103845
9368575,1790832824,10847288431,90,88,0,0,88,0,0,88,0,0,4612,6,4616,12699,4706,1,16949,4251,4264,,2521,133412
9368578,1790832946,10876630588,24,19,0,0,19,0,0,19,0,0,4692,8,4695,12732,4719,1,21884,9153,952,,2574,108815
9368581,1790833004,9786369482,24,24,0,0,24,0,0,24,0,0,4245,6,4249,11531,4273,1,16591,5061,1192,,936,98924
9368583,1790833042,0,0,0,0,0,0,0,0,0,0,0,0,6,3,9,3,1,4053,4045,0,,0,0
9368584,1790833091,10675898450,14,11,0,0,11,0,0,11,0,0,4614,4,4617,12501,4631,1,18657,6157,568,,2052,105889
9368588,1790833152,10631219746,29,29,0,0,29,0,0,29,0,0,4611,2,4612,12524,4641,1,17578,5055,1432,,994,108462
9368589,1790833225,10680534191,12,9,0,0,9,0,0,9,0,0,4613,8,4619,12497,4631,1,19816,7320,472,,2583,133463
9368593,1790833265,9256671742,8,7,0,0,7,0,0,7,0,0,4010,2,4012,10847,4020,1,15196,4350,376,,1822,152616
9368597,1790833326,0,0,0,0,0,0,0,0,0,0,0,0,8,6,17,6,1,4910,4894,0,,0,0
9368601,1790833352,0,0,0,0,0,0,0,0,0,0,0,0,8,4,12,4,1,4200,4189,0,,0,0
9368606,1790833396,9444090656,20,16,0,0,16,0,0,16,0,0,4053,8,4053,10992,4073,1,14442,3451,808,,3643,252922
9368611,1790833450,9315844013,11,7,0,0,7,0,0,7,0,0,4013,10,4019,10870,4030,1,14808,3939,376,,2334,98413
9368615,1790833501,0,0,0,0,0,0,0,0,0,0,0,0,10,5,15,5,1,5475,5461,0,,0,0
9368620,1790833538,0,0,0,0,0,0,0,0,0,0,0,0,8,3,9,3,1,4761,4753,0,,0,0
9368622,1790833603,10858067898,53,37,0,0,37,0,0,37,0,0,4635,10,4631,12643,4684,1,17145,4503,1816,,3829,124575
9368627,1790833627,9659868596,6,6,0,0,6,0,0,6,0,0,4206,4,4210,11375,4216,1,15022,3648,328,,838,92274
9368629,1790833682,10717856872,17,10,0,0,10,0,0,10,0,0,4618,10,4624,12525,4641,1,17844,5320,520,,2742,108608
9368632,1790833721,10228996958,14,9,1,2,10,0,0,10,1,0,4414,4,4416,11952,4430,1,16022,4071,520,,2358,103297
9368636,1790833759,10528479819,65,11,0,0,11,0,0,11,0,0,4413,6,4418,12095,4483,1,15857,3763,568,,5634,122120
9368638,1790833807,9674694884,9,9,0,0,9,0,0,9,0,0,4209,8,4216,11404,4225,1,16890,5487,472,,917,91746
9368640,1790833848,0,0,0,0,0,0,0,0,0,0,0,0,4,4,12,4,1,4194,4183,0,,0,0
9368642,1790833878,10835393833,42,28,2,2,30,0,0,30,2,0,4632,4,4628,12601,4670,1,17488,4888,1480,,3629,122829
9368648,1790833936,0,0,0,0,0,0,0,0,0,0,0,0,4,3,9,3,1,4191,4183,0,,0,0
9368655,1790834082,10873221683,31,14,2,2,16,0,0,16,2,0,4643,12,4635,12588,4666,1,22906,10319,808,,4310,183757
9368656,1790834123,9659868596,6,6,0,0,6,0,0,6,0,0,4206,14,4214,11384,4220,1,17584,6201,328,,914,91252
9368660,1790834204,10186951759,14,8,0,0,8,0,0,8,0,0,4415,2,4413,11948,4427,1,15451,3504,424,,1806,100587
9368662,1790834244,9208072564,7,7,1,2,8,0,0,8,1,0,4007,8,4014,10851,4021,1,15885,5035,424,,861,98136
9368665,1790834320,9196470500,5,5,0,0,5,0,0,5,0,0,4005,4,4007,10828,4012,1,15885,5058,280,,829,88306
9368670,1790834396,10244836907,14,9,0,0,9,0,0,9,0,0,4416,6,4420,11966,4434,1,18125,6160,472,,2758,102939
9368672,1790834531,9894626993,45,35,0,0,35,0,0,35,0,0,4230,10,4230,11538,4275,1,23625,12088,1720,,3600,117635
9368677,1790834570,9711235054,7,6,0,0,6,0,0,6,0,0,4207,4,4210,11382,4217,1,15705,4324,328,,1908,101744
9368679,1790834633,0,0,0,0,0,0,0,0,0,0,0,0,10,7,20,7,1,5935,5916,0,,0,0
9368680,1790834666,10301000698,15,10,0,0,10,0,0,10,0,0,4414,4,4415,11953,4430,1,17404,5452,520,,7955,133392
9368681,1790834714,9659868596,6,6,0,0,6,0,0,6,0,0,4206,2,4207,11371,4213,1,16707,5337,328,,926,90338
9368683,1790834805,9776455650,29,21,0,0,21,0,0,21,0,0,4222,2,4218,11459,4247,1,17782,6324,1048,,1835,98275
9368684,1790834844,9659112596,6,6,0,0,6,0,0,6,0,0,4206,4,4209,11374,4215,1,16572,5199,328,,829,90405
9368689,1790834888,10186656668,14,10,0,0,10,0,0,10,0,0,4414,2,4415,11950,4429,1,15735,3786,520,,1668,98042
9368693,1790834952,9222367710,10,10,0,0,10,0,0,10,0,0,4010,10,4017,10870,4027,1,17205,6336,520,,855,86748
9368699,1790835000,17152404,3,3,0,0,3,0,0,3,0,0,3,8,10,36,13,1,4224,4189,184,,110,1241
9368701,1790835037,9372368911,23,16,0,0,16,0,0,16,0,0,4023,12,4029,10935,4052,1,16004,5070,808,,3037,94011
9368705,1790835078,9423646838,11,10,0,0,10,0,0,10,0,0,4076,4,4080,11044,4091,1,15255,4212,520,,1674,89647
9368707,1790835124,0,0,0,0,0,0,0,0,0,0,0,0,8,5,15,5,1,5331,5317,0,,0,0
9368710,1790835157,10235296018,11,8,0,0,8,0,0,8,0,0,4412,4,4415,11949,4426,1,15878,3930,424,,2737,99696
9368712,1790835220,10609063998,17,17,0,0,17,0,0,17,0,0,4610,6,4616,12502,4633,1,17034,4533,856,,966,102305
9368716,1790835263,9771309152,12,10,0,0,10,0,0,10,0,0,4211,4,4214,11403,4226,1,15896,4494,520,,2623,94887
9368720,1790835331,0,0,0,0,0,0,0,0,0,0,0,0,8,7,20,7,1,4913,4894,0,,0,0
9368722,1790835368,0,0,0,0,0,0,0,0,0,0,0,0,8,5,15,5,1,4908,4894,0,,0,0
9368725,1790835417,9424527878,45,29,0,0,29,0,0,29,0,0,4042,4,4033,11005,4078,1,16174,5170,1432,,2560,103657
9368728,1790835470,9195714500,5,5,0,0,5,0,0,5,0,0,4005,6,4008,10830,4013,1,15326,4497,280,,781,85604
9368730,1790835518,0,0,0,0,0,0,0,0,0,0,0,0,6,3,9,3,1,4899,4891,0,,0,0
9368731,1790835571,9762594573,21,19,0,0,19,0,0,19,0,0,4221,4,4221,11445,4242,1,17207,5763,952,,1734,94800
9368734,1790835648,10292764915,25,14,0,0,14,0,0,14,0,0,4426,2,4423,12004,4448,1,18468,6465,712,,2858,101597
9368736,1790835688,9258343652,17,17,0,0,17,0,0,17,0,0,4017,6,4023,10906,4040,1,15966,5061,856,,996,90341
9368738,1790835736,9761905012,23,21,0,0,21,0,0,21,0,0,4213,4,4216,11438,4239,1,15931,4494,1048,,1852,101164
9368740,1790835795,0,0,0,0,0,0,0,0,0,0,0,0,4,4,12,4,1,5144,5133,0,,0,0
9368743,1790835839,9917802949,25,21,0,0,21,0,0,21,0,0,4223,4,4224,11464,4249,1,16662,5199,1048,,4373,108806
9368745,1790835880,9694291205,8,7,0,0,7,0,0,7,0,0,4208,6,4213,11390,4221,1,15628,4239,376,,1809,109566
9368748,1790835930,0,0,0,0,0,0,0,0,0,0,0,0,4,3,9,3,1,4896,4888,0,,0,10
9368750,1790835957,10854304893,23,13,0,0,13,0,0,13,0,0,4624,6,4623,12537,4646,1,17427,4891,664,,5732,118666
9368751,1790836004,9674452982,9,9,0,0,9,0,0,9,0,0,4209,4,4212,11393,4221,1,15857,4465,472,,961,95638
9368757,1790836099,9322493377,26,24,0,0,24,0,0,24,0,0,4023,2,4024,10927,4050,1,17503,6577,1192,,5345,170482
9368759,1790836164,0,0,0,0,0,0,0,0,0,0,0,0,12,9,26,9,1,5912,5887,0,,0,0
9368761,1790836200,10344045699,18,12,0,0,12,0,0,12,0,0,4418,4,4415,11966,4433,1,16007,4042,616,,4438,116325
9368765,1790836231,9746043785,17,7,0,0,7,0,0,7,0,0,4218,4,4215,11418,4232,1,15206,3789,376,,1983,101034
9368767,1790836281,9256442521,16,15,0,0,15,0,0,15,0,0,4009,8,4015,10877,4031,1,16081,5205,760,,1711,94846
9368771,1790836393,9721753748,18,18,0,0,18,0,0,18,0,0,4218,4,4221,11439,4239,1,18473,7035,904,,1077,99812
9368774,1790836437,9721249516,8,6,0,0,6,0,0,6,0,0,4208,8,4211,11383,4219,1,16164,4782,328,,1862,97881
9368776,1790836476,10637851248,9,8,0,0,8,0,0,8,0,0,4609,6,4614,12474,4623,1,16970,4497,424,,1910,105998
9368778,1790836533,0,0,0,0,0,0,0,0,0,0,0,0,4,3,9,3,1,5037,5029,0,,0,0
9368781,1790836566,9290432066,24,20,0,0,20,0,0,20,0,0,4016,4,4016,10903,4040,1,15255,4353,1000,,1817,96532
9368783,1790836602,9196470500,5,5,0,0,5,0,0,5,0,0,4005,6,4010,10836,4015,1,15162,4327,280,,884,89724
9368785,1790836665,10123266692,7,7,0,0,7,0,0,7,0,0,4407,4,4410,11917,4417,1,17368,5452,376,,963,98925
9368789,1790836713,9725917344,10,9,0,0,9,0,0,9,0,0,4210,4,4213,11398,4223,1,16003,4606,472,,1872,93803
9368791,1790836747,9196470500,5,5,0,0,5,0,0,5,0,0,4005,8,4011,10836,4016,1,15194,4359,280,,844,86926
9368793,1790836787,10131202578,8,8,0,0,8,0,0,8,0,0,4409,4,4412,11928,4420,1,15575,3648,424,,880,96008
9368794,1790836844,0,0,0,0,0,0,0,0,0,0,0,0,4,3,10,3,1,6166,6157,0,,0,0
9368795,1790836878,10200557212,19,15,0,0,15,0,0,15,0,0,4416,2,4414,11961,4433,1,16422,4462,760,,1861,100647
9368798,1790836939,9211284788,8,8,0,0,8,0,0,8,0,0,4008,2,4009,10835,4017,1,16879,6045,424,,922,88478
9368801,1790836986,9667804152,8,8,1,2,9,0,0,9,1,0,4207,6,4211,11389,4219,1,15046,3658,472,,953,93620
9368802,1790837031,0,0,0,0,0,0,0,0,0,0,0,0,6,4,12,4,1,5184,5173,0,,0,0
9368804,1790837053,10407113177,205,188,2,15,190,0,0,190,2,0,4299,2,4251,12024,4456,1,16062,4039,9160,,4355,172985
9368808,1790837095,10839191923,184,34,0,0,34,0,0,34,0,0,4185,4,4071,11479,4255,1,15690,4212,1672,,8571,162301
9368810,1790837147,10995947760,297,115,0,0,115,0,0,115,0,0,4496,8,4166,12042,4463,1,17246,5205,5560,,9034,174970
9368813,1790837268,0,0,0,0,0,0,0,0,0,0,0,0,4,4,12,4,1,8988,8977,0,,0,0
9368816,1790837301,10992200036,182,19,0,0,19,0,0,19,0,0,4442,6,3473,9864,3655,1,13937,4074,952,,7955,175455
9368820,1790837352,0,0,0,0,0,0,0,0,0,0,0,0,6,3,9,3,1,4617,4609,0,,0,0
9368822,1790837376,9091279547,158,99,2,22,101,0,0,101,2,0,3541,8,3441,9711,3599,1,13928,4218,4888,,15357,139701
9368824,1790837439,0,0,0,0,0,0,0,0,0,0,0,0,4,4,12,4,1,4899,4888,0,,0,0
9368828,1790837455,10840216364,61,17,0,0,17,0,0,17,0,0,4547,4,3690,10120,3751,1,13626,3507,856,,4284,137394
9368832,1790837516,9851174545,103,11,0,0,11,0,0,11,0,0,3988,8,2251,6354,2354,1,10994,4641,568,,20164,152013
9368833,1790837581,0,0,0,0,0,0,0,0,0,0,0,0,8,4,12,4,1,6802,6791,0,,0,0
9368837,1790837625,10400159522,15,13,0,0,13,0,0,13,0,0,4729,2,2243,6096,2258,1,10445,4350,664,,5612,170621
9368839,1790837710,10427370356,15,15,0,0,15,0,0,15,0,0,4951,8,1641,4471,1656,1,11790,7320,760,,1095,163455
9368843,1790837745,10228677056,32,23,0,0,23,0,0,23,0,0,4989,4,844,2366,876,1,6154,3789,1144,,3600,185199
9368846,1790837789,0,0,0,0,0,0,0,0,0,0,0,0,8,7,20,7,1,4349,4330,0,,0,0
9368850,1790837848,10705016549,17,10,0,0,10,0,0,10,0,0,5219,6,1076,2952,1093,1,7701,4750,520,,2400,174637
9368855,1790837873,10133581145,14,8,0,0,8,0,0,8,0,0,4983,8,839,2304,853,1,6774,4471,424,,1828,175393
9368856,1790837959,10540586273,26,12,0,0,12,0,0,12,0,0,4750,10,2259,6170,2285,1,13915,7746,616,,4991,156684
9368860,1790837995,10638344642,27,7,0,0,7,0,0,7,0,0,5195,2,1042,2887,1069,1,6531,3645,376,,2042,173966
9368862,1790838051,10323741396,116,108,0,0,108,0,0,108,0,0,4986,8,841,2585,957,1,8042,5458,5224,,6549,408271
9368863,1790838110,10605952698,19,18,0,0,18,0,0,18,0,0,5178,4,1035,2846,1054,1,9172,6327,904,,1832,173934
9368867,1790838178,9911258464,31,26,0,0,26,0,0,26,0,0,4220,2,4218,11464,4249,1,15256,3793,1288,,4081,108980
9368872,1790838217,10899389735,10,8,0,0,8,0,0,8,0,0,5151,8,1838,4989,1848,1,9347,4359,424,,1670,157385
9368874,1790838271,0,0,0,0,0,0,0,0,0,0,0,0,10,8,23,8,1,4778,4756,0,,0,0
9368876,1790838301,0,0,0,0,0,0,0,0,0,0,0,0,4,1,4,1,1,3763,3760,0,,0,0
9368878,1790838346,0,0,0,0,0,0,0,0,0,0,0,0,4,3,9,3,1,5037,5029,0,,0,0
9368881,1790838434,9588002178,37,28,0,0,28,0,0,28,0,0,4340,4,1852,5099,1889,1,12665,7567,1384,,3721,143736
9368883,1790838486,9540076349,12,11,0,0,11,0,0,11,0,0,3876,6,2242,6083,2254,1,10973,4891,568,,1971,113604
9368884,1790838547,0,0,0,0,0,0,0,0,0,0,0,0,4,3,9,3,1,5883,5875,0,,0,0
9368889,1790838579,0,0,0,0,0,0,0,0,0,0,0,0,2,1,4,1,1,4324,4321,0,,0,0
9368891,1790838636,0,0,0,0,0,0,0,0,0,0,0,0,10,6,18,6,1,4914,4897,0,,0,0
9368894,1790838686,0,0,0,0,0,0,0,0,0,0,0,0,4,2,7,2,1,5035,5029,0,,0,0
9368895,1790838728,0,0,0,0,0,0,0,0,0,0,0,0,6,2,7,2,1,5211,5205,0,,0,0
9368898,1790838774,10328236452,34,28,0,0,28,0,0,28,0,0,4321,2,1853,5092,1887,1,9618,4527,1384,,4563,213355
9368900,1790838836,10761357301,15,8,0,0,8,0,0,8,0,0,4730,6,1437,3923,1452,1,9970,6048,424,,6809,294662
9368904,1790838916,0,0,0,0,0,0,0,0,0,0,0,0,4,3,10,3,1,5461,5452,0,,0,0
9368909,1790838954,10179410773,24,10,0,0,10,0,0,10,0,0,4136,8,877,2433,901,1,6762,4330,520,,3293,158369
9368912,1790838997,0,0,0,0,0,0,0,0,0,0,0,0,10,6,18,6,1,4632,4615,0,,0,0
9368915,1790839049,10275106618,23,22,0,0,22,0,0,22,0,0,4531,6,1238,3405,1261,1,8577,5173,1096,,2480,157243
9368917,1790839101,10793915084,6,6,0,0,6,0,0,6,0,0,4955,6,833,2266,839,1,7185,4920,328,,1455,165819
9368920,1790839169,10266299948,168,60,0,0,60,0,0,60,0,0,3622,4,1056,3304,1224,1,8784,5481,2920,,37716,181150
9368921,1790839244,0,0,0,0,0,0,0,0,0,0,0,0,6,5,15,5,1,4482,4468,0,,0,0
9368926,1790839264,9866832903,13,8,0,0,8,0,0,8,0,0,4317,2,1039,2839,1052,1,6906,4068,424,,3888,147347
9368928,1790839307,0,0,0,0,0,0,0,0,0,0,0,0,10,6,18,6,1,4773,4756,0,,0,0
9368929,1790839401,10355080010,9,8,0,0,8,0,0,8,0,0,5063,4,1016,2767,1025,1,11099,8333,424,,1952,168930
9368933,1790839447,0,0,0,0,0,0,0,0,0,0,0,0,2,2,7,2,1,4186,4180,0,,0,0
9368935,1790839488,0,0,0,0,0,0,0,0,0,0,0,0,8,3,9,3,1,4902,4894,0,,0,0
9368940,1790839539,10243053052,14,10,0,0,10,0,0,10,0,0,4478,4,1240,3387,1254,1,8021,4635,520,,4185,150872
9368941,1790839587,10145540171,11,9,0,0,9,0,0,9,0,0,4985,10,842,2304,853,1,8639,6336,472,,1999,170125
9368944,1790839626,9779010539,11,8,0,0,8,0,0,8,0,0,4296,2,1038,2833,1049,1,7041,4209,424,,3340,143807
9368949,1790839667,0,0,0,0,0,0,0,0,0,0,0,0,6,5,15,5,1,3777,3763,0,,0,0
9368956,1790839719,10685410988,6,6,0,0,6,0,0,6,0,0,4898,10,833,2266,839,1,6486,4221,328,,1309,163435
9368959,1790839761,10888372029,107,5,0,0,5,0,0,5,0,0,4209,14,843,2565,950,1,8060,5496,280,,36101,169325
9368962,1790839813,86168252,41,41,0,0,41,0,0,41,0,0,2,6,5,126,46,1,4875,4750,2008,,516,15800
9368963,1790839849,10351969894,138,8,0,0,8,0,0,8,0,0,4322,6,1051,3211,1189,1,7848,4638,424,,8872,196623
9368966,1790839885,0,0,0,0,0,0,0,0,0,0,0,0,2,2,7,2,1,4468,4462,0,,0,0
9368971,1790839927,10992228071,39,9,0,0,9,0,0,9,0,0,4961,6,840,2374,879,1,5919,3546,472,,3695,183828
9368974,1790839973,10342941810,52,9,0,0,9,0,0,9,0,0,4328,10,1865,5174,1917,1,10099,4926,472,,3743,157046
9368975,1790840018,10115010159,39,34,0,0,34,0,0,34,0,0,3865,6,3057,8354,3096,1,13132,4779,1672,,4892,124783
9368977,1790840076,10774895485,198,11,1,4,12,0,0,12,1,0,3805,2,1241,3886,1439,1,9786,5901,616,,39790,192594
9368981,1790840128,8856748454,38,16,0,0,16,0,0,16,0,0,3739,4,3732,10175,3770,1,14386,4212,808,,6130,95224
9368986,1790840171,0,0,0,0,0,0,0,0,0,0,0,0,8,8,23,8,1,4634,4612,0,,0,0
9368990,1790840204,10710770104,25,20,0,0,20,0,0,20,0,0,4706,10,1451,3983,1476,1,8174,4192,1000,,2624,157647
9368993,1790840244,10073084676,7,6,0,0,6,0,0,6,0,0,4281,8,1836,4974,1843,1,9050,4077,328,,2164,134875
9368995,1790840285,10040606432,13,13,0,0,13,0,0,13,0,0,4440,6,2826,7662,2839,1,12299,4638,664,,991,128429
9368997,1790840351,0,0,0,0,0,0,0,0,0,0,0,0,4,3,9,3,1,5319,5311,0,,0,0
9369000,1790840399,10296423623,34,22,1,2,23,0,0,23,1,0,4254,4,3442,9377,3476,1,14011,4635,1144,,6553,132171
9369002,1790840473,10837314131,71,19,0,0,19,0,0,19,0,0,4314,6,1042,3006,1113,1,8348,5343,952,,26958,167069
9369005,1790840531,0,0,0,0,0,0,0,0,0,0,0,0,4,3,10,3,1,5634,5625,0,,0,0
9369009,1790840565,0,0,0,0,0,0,0,0,0,0,0,0,6,3,10,3,1,4618,4609,0,,0,0
9369011,1790840630,0,0,0,0,0,0,0,0,0,0,0,0,8,7,20,7,1,5759,5740,0,,0,0
9369015,1790840655,9622262776,12,11,0,0,11,0,0,11,0,0,4066,4,1639,4456,1651,1,8667,4212,568,,2225,128771
9369017,1790840698,9748687601,13,11,0,0,11,0,0,11,0,0,4449,8,2027,5508,2040,1,9866,4359,568,,2359,136063
9369020,1790840756,0,0,0,0,0,0,0,0,0,0,0,0,4,3,9,3,1,5037,5029,0,,0,0
9369021,1790840799,10816553094,8,7,0,0,7,0,0,7,0,0,4938,6,834,2274,842,1,7193,4920,376,,2202,165097
9369024,1790840834,10744776165,10,8,0,0,8,0,0,8,0,0,4915,2,835,2282,845,1,6631,4350,424,,2575,170136
9369026,1790840895,10174253465,10,7,0,0,7,0,0,7,0,0,4474,6,1237,3366,1247,1,7721,4356,376,,8035,391951
9369028,1790840952,9926446334,7,6,0,0,6,0,0,6,0,0,4036,4,4040,10919,4047,1,16511,5593,328,,3861,215254
9369029,1790840999,10243328746,29,28,0,0,28,0,0,28,0,0,4493,4,1237,3418,1266,1,8052,4635,1384,,2440,157926
9369031,1790841041,0,0,0,0,0,0,0,0,0,0,0,0,2,2,7,2,1,4609,4603,0,,0,0
9369033,1790841088,10831471148,114,10,0,0,10,0,0,10,0,0,4687,4,1437,4189,1551,1,9105,4917,520,,20505,195875
9369036,1790841141,0,0,0,0,0,0,0,0,0,0,0,0,4,3,9,3,1,4086,4078,0,,0,0
9369038,1790841175,10412563382,33,7,0,0,7,0,0,7,0,0,5063,6,1016,2833,1049,1,7329,4497,376,,2276,180535
9369039,1790841209,10526245406,80,7,0,0,7,0,0,7,0,0,4536,4,1241,3567,1321,1,8342,4776,376,,4567,177341
9369041,1790841284,21505164,7,7,0,0,7,0,0,7,0,0,2,2,4,31,11,1,5761,5731,376,,125,2664
9369046,1790841351,10717594731,42,9,0,0,9,0,0,9,0,0,4495,4,2045,5633,2087,1,9703,4071,472,,4117,153439
9369049,1790841475,10390903038,111,8,0,0,8,0,0,8,0,0,3785,10,1242,3655,1353,1,12810,9156,424,,36844,176693
9369053,1790841590,0,0,0,0,0,0,0,0,0,0,0,0,6,5,15,5,1,7161,7147,0,,0,0
9369056,1790841641,9859582157,41,17,0,0,17,0,0,17,0,0,4278,8,1040,2918,1081,1,8798,5881,856,,3941,163369
9369058,1790841695,0,0,0,0,0,0,0,0,0,0,0,0,6,5,15,5,1,5078,5064,0,,0,0
9369062,1790841722,10286022822,167,166,0,0,166,0,0,166,0,0,4332,4,1036,3250,1203,1,6792,3543,8008,,3599,212493
9369063,1790841779,10130645127,12,8,0,0,8,0,0,8,0,0,4093,8,839,2298,851,1,6233,3936,424,,4927,146288
9369066,1790841815,10057718630,7,6,0,0,6,0,0,6,0,0,4109,2,834,2272,841,1,6057,3786,328,,2877,144042
9369071,1790841854,10794927395,8,6,0,0,6,0,0,6,0,0,4938,6,836,2279,844,1,6464,4186,328,,2201,164131
9369076,1790841944,0,0,0,0,0,0,0,0,0,0,0,0,10,8,23,8,1,6188,6166,0,,0,0
9369078,1790841983,10871823240,36,28,0,0,28,0,0,28,0,0,4435,10,4436,12068,4472,1,17980,5913,1384,,6005,280391
9369079,1790842029,9165217088,204,4,0,0,4,0,0,4,0,0,2822,4,1819,5461,2023,1,9954,4494,232,,86772,307392
9369082,1790842079,10386243634,9,8,0,0,8,0,0,8,0,0,4064,2,1636,4440,1645,1,9776,5337,424,,6983,226784
9369085,1790842120,10700374154,5,5,0,0,5,0,0,5,0,0,4068,6,834,2266,839,1,6757,4492,280,,2426,135176
9369087,1790842179,10802469881,11,9,0,0,9,0,0,9,0,0,4093,6,836,2288,847,1,7207,4920,472,,3518,150917
9369090,1790842222,0,0,0,0,0,0,0,0,0,0,0,0,4,2,7,2,1,4471,4465,0,,0,0
9369093,1790842260,10848340889,35,29,0,0,29,0,0,29,0,0,4050,6,2429,6648,2464,1,11397,4750,1432,,4245,133415
9369096,1790842307,0,0,0,0,0,0,0,0,0,0,0,0,6,4,12,4,1,5075,5064,0,,0,0
9369102,1790842344,9826209852,7,7,0,0,7,0,0,7,0,0,3843,6,1416,3843,1423,1,8198,4356,376,,1658,123014
9369105,1790842377,10851117097,10,7,0,0,7,0,0,7,0,0,4940,12,841,2299,851,1,6953,4655,376,,3160,176277
9369108,1790842454,0,0,0,0,0,0,0,0,0,0,0,0,6,5,15,5,1,4764,4750,0,,0,0
9369111,1790842476,10629796404,18,16,0,0,16,0,0,16,0,0,4341,6,1053,2892,1071,1,6965,4074,808,,2546,148420
9369115,1790842513,10538762900,10,10,0,0,10,0,0,10,0,0,5176,6,1036,2825,1046,1,6757,3933,520,,1051,173048
9369119,1790842605,0,0,0,0,0,0,0,0,0,0,0,0,8,7,20,7,1,5900,5881,0,,0,0
9369120,1790842699,10270815541,9,7,0,0,7,0,0,7,0,0,3665,8,1238,3367,1247,1,12801,9435,376,,3429,117911
9369121,1790842735,10890314423,20,9,0,0,9,0,0,9,0,0,4949,2,838,2317,858,1,7201,4885,472,,3109,170391
9369124,1790842777,0,0,0,0,0,0,0,0,0,0,0,0,2,1,4,1,1,3619,3616,0,,0,0
9369128,1790842807,10355073277,209,207,0,0,207,0,0,207,0,0,3451,6,1022,3322,1231,1,7677,4356,9976,,4640,184285
9369132,1790842858,10341683081,276,270,0,0,270,0,0,270,0,0,3887,8,2248,6811,2524,1,11592,4782,13000,,4455,212327
9369136,1790842913,8753319551,170,167,0,0,167,0,0,167,0,0,3040,8,1427,4311,1597,1,7931,3621,8056,,3791,155223
9369138,1790842954,10286436330,165,125,0,0,125,0,0,125,0,0,3703,8,1243,3803,1408,1,7879,4077,6040,,12293,173114
9369140,1790843031,9568490934,30,21,0,0,21,0,0,21,0,0,3453,4,1833,5027,1863,1,10478,5452,1048,,5509,117552
9369142,1790843069,10043042246,6,6,0,0,6,0,0,6,0,0,4108,4,832,2263,838,1,6756,4494,328,,1490,131264
9369145,1790843112,0,0,0,0,0,0,0,0,0,0,0,0,4,2,7,2,1,3766,3760,0,,0,0
9369147,1790843147,9322768428,18,9,0,0,9,0,0,9,0,0,3256,6,827,2282,845,1,6355,4074,472,,4049,114321
9369149,1790843185,10502093062,6,6,0,0,6,0,0,6,0,0,4308,4,1034,2809,1040,1,6568,3760,328,,1744,139686
9369152,1790843223,0,0,0,0,0,0,0,0,0,0,0,0,4,3,9,3,1,4191,4183,0,,0,0
9369153,1790843252,10201219426,37,22,0,0,22,0,0,22,0,0,4061,6,4057,11044,4094,1,15963,4920,1096,,5579,113015
9369158,1790843293,9893734814,14,11,0,0,11,0,0,11,0,0,4105,2,1639,4464,1653,1,7685,3222,568,,2294,130725
9369163,1790843377,8655492077,16,10,0,0,10,0,0,10,0,0,3425,10,3427,9291,3443,1,15485,6195,520,,3899,95345
9369165,1790843429,9850792951,20,10,0,0,10,0,0,10,0,0,3666,10,2050,5586,2070,1,10793,5208,520,,2693,110144
9369166,1790843497,9706515980,138,137,0,0,137,0,0,137,0,0,4324,4,1840,5341,1978,1,12263,6923,6616,,2679,181761
9369168,1790843543,10372826402,275,196,2,3,198,0,0,198,2,0,4562,2,1246,4106,1521,1,8878,4773,9544,,5995,248739
9369170,1790843611,9388086355,23,20,0,0,20,0,0,20,0,0,4012,4,4013,10890,4036,1,17216,6327,1000,,4153,97567
9369174,1790843692,0,0,0,0,0,0,0,0,0,0,0,0,4,3,9,3,1,5037,5029,0,,0,0
9369177,1790843776,10244533450,16,11,0,0,11,0,0,11,0,0,4417,8,4421,11975,4437,1,17573,5599,568,,2836,99626
9369179,1790843817,0,0,0,0,0,0,0,0,0,0,0,0,6,2,7,2,1,4756,4750,0,,0,0
9369180,1790843840,10702528175,17,14,0,0,14,0,0,14,0,0,4617,4,4618,12506,4635,1,17393,4888,712,,3058,274683
9369182,1790843888,0,0,0,0,0,0,0,0,0,0,0,0,2,1,4,1,1,3901,3898,0,,2,0
9369185,1790843925,10485833890,37,34,0,0,34,0,0,34,0,0,4232,4,4234,11525,4271,1,16018,4494,1672,,4912,241461
9369189,1790843975,10303987965,13,12,0,0,12,0,0,12,0,0,3870,6,2256,6124,2269,1,10620,4497,616,,6165,217351
9369191,1790844074,10746990220,24,19,0,0,19,0,0,19,0,0,4626,8,4631,12564,4655,1,21325,8762,952,,2800,106377
9369192,1790844138,10631311660,17,17,0,0,17,0,0,17,0,0,4617,4,4621,12515,4638,1,18454,5940,856,,1072,101580
9369193,1790844183,10137828992,10,10,0,0,10,0,0,10,0,0,4410,2,4412,11935,4422,1,17271,5337,520,,938,97208
9369195,1790844246,0,0,0,0,0,0,0,0,0,0,0,0,2,2,7,2,1,4750,4744,0,,0,1
9369196,1790844274,0,0,0,0,0,0,0,0,0,0,0,0,4,1,4,1,1,4891,4888,0,,0,0
9369198,1790844315,9732544923,16,14,0,0,14,0,0,14,0,0,4215,2,4214,11411,4230,1,16154,4744,712,,1810,95086
9369201,1790844369,10434878879,11,7,0,0,7,0,0,7,0,0,4240,4,4242,11477,4253,1,15970,4494,376,,2847,107117
9369203,1790844420,0,0,0,0,0,0,0,0,0,0,0,0,6,4,12,4,1,5184,5173,0,,0,0
9369205,1790844480,9534613107,11,9,1,2,10,0,0,10,1,0,4133,4,836,2288,847,1,6640,4353,520,,1684,142645
9369206,1790844519,10998420403,13,9,0,0,9,0,0,9,0,0,5154,4,1841,5003,1854,1,9919,4917,472,,3598,168808
9369207,1790844584,9936747526,206,6,1,2,7,0,0,7,1,0,2851,2,1037,3355,1243,1,9537,6183,376,,38027,153287
9369211,1790844626,9379921102,29,20,0,0,20,0,0,20,0,0,3259,2,828,2314,857,1,6663,4350,1000,,3901,118692
9369213,1790844683,0,0,0,0,0,0,0,0,0,0,0,0,8,7,20,7,1,3329,3310,0,,0,0
9369215,1790844714,9277436294,15,13,0,0,13,0,0,13,0,0,4015,4,4016,10875,4031,1,15227,4353,664,,1741,92638
9369218,1790844787,10648330818,11,10,1,2,11,0,0,11,1,0,4610,4,4614,12478,4625,1,19086,6609,568,,1933,104931
9369219,1790844867,0,0,0,0,0,0,0,0,0,0,0,0,6,5,15,5,1,6456,6442,0,,0,0
9369221,1790844939,10704639503,21,13,0,0,13,0,0,13,0,0,4621,2,4619,12520,4640,1,19266,6747,664,,2701,107727
9369223,1790845009,9251880676,20,20,0,0,20,0,0,20,0,0,4014,4,4018,10896,4038,1,15501,4606,1000,,931,93013
9369228,1790845049,10736607896,7,7,0,0,7,0,0,7,0,0,4416,4,4418,11938,4425,1,16008,4071,376,,1023,109238
9369231,1790845083,8903585952,7,6,0,0,6,0,0,6,0,0,3424,10,2622,7096,2629,1,11880,4785,328,,2116,98137
9369233,1790845134,9286306992,7,5,0,0,5,0,0,5,0,0,3434,6,1817,4923,1824,1,10547,5625,280,,2826,108736
9369234,1790845174,9196470500,5,5,0,0,5,0,0,5,0,0,4005,4,4008,10830,4013,1,15464,4635,280,,897,87674
9369236,1790845235,10847893644,15,11,0,0,11,0,0,11,0,0,4425,2,4426,11982,4441,1,17318,5337,568,,2837,110011
9369238,1790845303,27094594,9,9,0,0,9,0,0,9,0,0,3,4,6,42,15,1,4824,4783,472,,140,3610
9369239,1790845349,9711589493,11,10,0,0,10,0,0,10,0,0,4211,4,4212,11396,4223,1,17158,5763,520,,1653,93653
9369246,1790845392,10123062708,7,7,0,0,7,0,0,7,0,0,4407,2,4409,11915,4416,1,15559,3645,376,,969,97275
9369247,1790845435,0,0,0,0,0,0,0,0,0,0,0,0,14,12,34,12,1,5500,5467,0,,0,0
9369251,1790845496,10250497881,25,23,0,0,23,0,0,23,0,0,4420,2,4419,11996,4444,1,16316,4321,1144,,2326,104733
9369259,1790845560,0,0,0,0,0,0,0,0,0,0,0,0,8,5,15,5,1,5049,5035,0,,0,0
9369261,1790845588,9373945234,18,12,0,0,12,0,0,12,0,0,4019,16,4024,10906,4042,1,16122,5217,616,,3513,95022
9369264,1790845651,28129292,11,11,0,0,11,0,0,11,0,0,2,4,6,47,17,1,5357,5311,568,,143,4416
9369265,1790845721,10172199419,11,9,0,0,9,0,0,9,0,0,4412,6,4416,11947,4427,1,17994,6048,472,,1704,169175
9369267,1790845786,0,0,0,0,0,0,0,0,0,0,0,0,2,2,7,2,1,3622,3616,0,,0,0
9369272,1790845842,9859536555,20,14,0,0,14,0,0,14,0,0,4221,4,4221,11447,4241,1,16222,4776,712,,3785,101606
9369278,1790845868,0,0,0,0,0,0,0,0,0,0,0,0,10,7,20,7,1,3542,3523,0,,0,0
9369279,1790845912,10213819007,21,15,0,0,15,0,0,15,0,0,4420,12,4424,11996,4445,1,16960,4965,760,,2016,102264
9369280,1790845952,10123362704,7,7,0,0,7,0,0,7,0,0,4407,2,4409,11919,4416,1,16691,4773,376,,1047,107632
9369283,1790845992,10639065210,10,9,0,0,9,0,0,9,0,0,4611,2,4613,12475,4623,1,16239,3765,472,,2237,115231
9369285,1790846062,0,0,0,0,0,0,0,0,0,0,0,0,6,5,15,5,1,6174,6160,0,,0,0
9369287,1790846090,10370861444,20,16,0,0,16,0,0,16,0,0,4227,4,4229,11465,4249,1,15817,4353,808,,2149,119631
9369290,1790846153,0,0,0,0,0,0,0,0,0,0,0,0,4,3,9,3,1,4332,4324,0,,0,0
9369292,1790846195,10740722301,23,16,0,0,16,0,0,16,0,0,4624,6,4625,12541,4648,1,17601,5061,808,,3035,109396
9369294,1790846261,9295761776,16,15,0,0,15,0,0,15,0,0,4017,4,4020,10890,4036,1,15947,5058,760,,2052,93197
9369296,1790846325,10288718236,8,8,0,0,8,0,0,8,0,0,4219,4,4222,11414,4230,1,17176,5763,424,,957,108784
9369300,1790846372,9228739084,11,11,0,0,11,0,0,11,0,0,4011,4,4015,10863,4026,1,15327,4465,568,,1022,91501
9369304,1790846423,10186697228,59,57,0,0,57,0,0,57,0,0,4099,8,2443,6752,2502,1,11786,5035,2776,,2595,141501
9369308,1790846472,9282645689,16,6,0,0,6,0,0,6,0,0,4017,8,4016,10881,4032,1,14472,3592,328,,1899,92571
9369312,1790846519,0,0,0,0,0,0,0,0,0,0,0,0,8,6,18,6,1,4206,4189,0,,0,0
9369313,1790846558,10284636263,21,11,0,0,11,0,0,11,0,0,4430,8,4420,11983,4441,1,17187,5205,568,,2741,103061
9369315,1790846614,0,0,0,0,0,0,0,0,0,0,0,0,2,2,7,2,1,3622,3616,0,,0,0
9369318,1790846627,10481933852,15,10,0,0,10,0,0,10,0,0,4224,4,4224,11438,4239,1,15761,4324,520,,4100,114505
9369321,1790846689,10741516424,8,8,0,0,8,0,0,8,0,0,4417,6,4421,11948,4429,1,17431,5484,424,,1026,106951
9369323,1790846719,10687110984,6,6,0,0,6,0,0,6,0,0,4224,6,3419,9242,3425,1,12892,3651,328,,1438,107470
9369325,1790846788,10907941304,41,27,0,0,27,0,0,27,0,0,4444,4,4440,12095,4481,1,17575,5481,1336,,5683,127107
9369326,1790846870,9768916918,10,9,0,0,9,0,0,9,0,0,3637,4,2020,5480,2030,1,13216,7737,472,,2561,117477
9369328,1790846931,0,0,0,0,0,0,0,0,0,0,0,0,2,2,7,2,1,4468,4462,0,,0,0
9369330,1790846952,10873175469,15,13,0,0,13,0,0,13,0,0,4425,4,4427,11984,4442,1,15772,3789,664,,3325,117990
9369334,1790847013,10730197129,10,8,0,0,8,0,0,8,0,0,4055,4,2439,6611,2449,1,10963,4353,424,,2546,129329
9369337,1790847095,10906897116,28,19,0,0,19,0,0,19,0,0,4434,8,4434,12046,4462,1,16056,4011,952,,2939,111683
9369339,1790847116,9809859708,5,5,0,0,5,0,0,5,0,0,4014,6,4018,10857,4023,1,15212,4356,280,,877,95680
9369345,1790847168,0,0,0,0,0,0,0,0,0,0,0,0,4,4,12,4,1,4335,4324,0,,0,0
9369349,1790847229,0,0,0,0,0,0,0,0,0,0,0,0,12,4,12,4,1,5334,5323,0,,0,0
9369354,1790847256,10736722991,24,19,0,0,19,0,0,19,0,0,4621,8,4626,12547,4650,1,17017,4471,952,,2779,116239
9369358,1790847304,10315964741,9,7,0,0,7,0,0,7,0,0,4219,10,4224,11421,4233,1,16346,4926,376,,1847,110821
9369362,1790847365,10124848977,16,6,0,0,6,0,0,6,0,0,4119,8,843,2321,859,1,6538,4218,328,,2776,151888
9369365,1790847428,9703487956,24,24,0,0,24,0,0,24,0,0,4210,8,4213,11434,4237,1,17907,6474,1192,,908,101436
9369369,1790847455,9701166703,9,7,0,0,7,0,0,7,0,0,4209,6,4213,11395,4222,1,15327,3933,376,,1580,92776
9369372,1790847541,9692053172,12,12,0,0,12,0,0,12,0,0,4212,8,4218,11414,4230,1,18845,7432,616,,973,95079
9369376,1790847582,9711235054,7,6,0,0,6,0,0,6,0,0,4207,6,4212,11381,4219,1,15595,4215,328,,1790,92424
9369379,1790847623,9226999876,13,13,0,0,13,0,0,13,0,0,4010,8,4016,10875,4029,1,16079,5205,664,,876,88624
9369381,1790847717,10187755763,14,8,0,0,8,0,0,8,0,0,4415,6,4417,11959,4431,1,19137,7179,424,,1751,96274
9369386,1790847749,9753834019,10,7,0,0,7,0,0,7,0,0,4211,4,4213,11397,4223,1,15608,4212,376,,2540,94071
9369388,1790847829,10960188425,19,14,0,0,14,0,0,14,0,0,4428,10,4432,12008,4451,1,18766,6759,712,,4221,122406
9369389,1790847933,0,0,0,0,0,0,0,0,0,0,0,0,4,3,10,3,1,8845,8836,0,,0,0
9369394,1790847983,9644445127,43,35,1,10,36,0,0,36,1,0,3667,2,2836,7772,2879,1,12403,4632,1768,,5344,118630
9369395,1790848022,9700494709,9,7,0,0,7,0,0,7,0,0,4209,10,4216,11400,4225,1,16607,5208,376,,1688,93526
9369396,1790848064,10687516534,6,5,0,0,5,0,0,5,0,0,4033,2,2415,6537,2421,1,11309,4773,280,,2443,114817
9369399,1790848103,10785018420,7,7,0,0,7,0,0,7,0,0,4432,2,2816,7620,2823,1,11123,3504,376,,1303,122824
9369400,1790848143,10695670295,12,10,0,0,10,0,0,10,0,0,4037,6,2423,6573,2435,1,11492,4920,520,,2536,130741
9369403,1790848183,0,0,0,0,0,0,0,0,0,0,0,0,2,2,7,2,1,4045,4039,0,,0,0
9369405,1790848243,10762765644,12,10,0,0,10,0,0,10,0,0,4041,6,2425,6578,2437,1,13612,7035,520,,3737,125102
9369407,1790848287,0,0,0,0,0,0,0,0,0,0,0,0,4,4,12,4,1,2610,2599,0,,0,0
9369410,1790848342,0,0,0,0,0,0,0,0,0,0,0,0,4,1,4,1,1,5173,5170,0,,0,0
9369411,1790848398,10380935673,29,23,0,0,23,0,0,23,0,0,3657,6,1225,3385,1254,1,9826,6442,1144,,5401,136764
9369413,1790848433,10828259807,10,7,0,0,7,0,0,7,0,0,4941,2,835,2282,845,1,6490,4209,376,,9027,407535
9369414,1790848527,9804757652,13,13,0,0,13,0,0,13,0,0,3831,4,3025,8198,3038,1,16498,8301,664,,3206,223581
9369418,1790848568,9389297441,27,9,0,0,9,0,0,9,0,0,3455,2,1828,5008,1855,1,9075,4068,472,,2943,107301
9369420,1790848610,10641535979,35,11,0,0,11,0,0,11,0,0,3852,8,2229,6111,2264,1,11315,5205,568,,10305,123181
9369421,1790848644,9914020162,14,13,0,0,13,0,0,13,0,0,3851,4,3045,8254,3059,1,13141,4888,664,,2139,108717
9369425,1790848682,10629867140,9,8,0,0,8,0,0,8,0,0,3845,2,1417,3852,1426,1,7496,3645,424,,3219,121894
9369427,1790848740,9939456029,28,26,0,0,26,0,0,26,0,0,4033,8,4039,10973,4067,1,15895,4923,1288,,1994,106443
9369430,1790848795,0,0,0,0,0,0,0,0,0,0,0,0,4,3,10,3,1,4615,4606,0,,0,0
9369431,1790848836,8745666490,115,114,0,0,114,0,0,114,0,0,3435,6,3228,9017,3343,1,14814,5798,5512,,2337,130696
9369434,1790848877,10768343479,29,23,0,0,23,0,0,23,0,0,4276,2,1638,4499,1667,1,8179,3681,1144,,2830,140094
9369438,1790848950,0,0,0,0,0,0,0,0,0,0,0,0,6,5,15,5,1,6315,6301,0,,0,0
9369442,1790849009,10975889673,23,18,0,0,18,0,0,18,0,0,4647,8,4444,12056,4467,1,16978,4923,904,,3240,113137
9369445,1790849153,10496238595,45,32,1,6,33,0,0,33,1,0,4479,8,3850,10513,3895,1,18255,7743,1624,,3416,123436
9369446,1790849215,9791679764,24,7,0,0,7,0,0,7,0,0,4225,6,4216,11441,4240,1,17770,6330,376,,2866,102523
9369449,1790849255,10832789242,13,11,0,0,11,0,0,11,0,0,4962,2,838,2299,851,1,6084,3786,568,,2036,445750
9369451,1790849313,0,0,0,0,0,0,0,0,0,0,0,0,6,5,15,5,1,4623,4609,0,,0,0
9369454,1790849356,10270294579,27,24,0,0,24,0,0,24,0,0,4418,4,4418,11994,4445,1,16628,4635,1192,,2720,105177
9369455,1790849393,9659868596,6,6,0,0,6,0,0,6,0,0,4206,6,4211,11378,4217,1,16015,4638,328,,981,90227
9369458,1790849490,0,0,0,0,0,0,0,0,0,0,0,0,2,2,7,2,1,6333,6327,0,,0,0
9369461,1790849524,0,0,0,0,0,0,0,0,0,0,0,0,6,3,9,3,1,4194,4186,0,,0,0
9369465,1790849561,0,0,0,0,0,0,0,0,0,0,0,0,6,3,9,3,1,4194,4186,0,,0,0
9369466,1790849666,9390291561,36,29,0,0,29,0,0,29,0,0,4025,8,4028,10965,4064,1,21245,10281,1432,,2844,99025
9369467,1790849723,0,0,0,0,0,0,0,0,0,0,0,0,2,2,7,2,1,6019,6013,0,,0,0
9369470,1790849773,10875838621,29,27,1,18,28,0,0,28,1,0,4665,2,4422,12010,4451,1,16077,4068,1384,,7044,269895
9369474,1790849824,9702803561,9,7,0,0,7,0,0,7,0,0,4210,6,4215,11398,4224,1,16035,4638,376,,1630,119808
9369476,1790849865,10223760892,5,5,0,0,5,0,0,5,0,0,4023,8,3220,8701,3225,1,14046,5346,280,,1240,104186
9369480,1790849903,10939249607,163,153,0,0,153,0,0,153,0,0,4094,4,1643,4873,1806,1,9337,4465,7384,,3548,183789
9369484,1790849944,10496769708,315,106,0,0,106,0,0,106,0,0,3703,8,1080,3767,1395,1,7955,4189,5128,,10789,224271
9369487,1790849987,9674742888,9,9,0,0,9,0,0,9,0,0,4209,8,4214,11396,4223,1,15866,4471,472,,1428,91202
9369490,1790850032,0,0,0,0,0,0,0,0,0,0,0,0,6,3,9,3,1,4053,4045,0,,0,0
9369492,1790850073,0,0,0,0,0,0,0,0,0,0,0,0,6,4,12,4,1,4511,4500,0,,0,0
9369497,1790850116,0,0,0,0,0,0,0,0,0,0,0,0,4,3,10,3,1,4756,4747,0,,0,0
9369500,1790850169,9912137860,44,23,0,0,23,0,0,23,0,0,4238,10,4234,11546,4278,1,16724,5179,1144,,3194,104824
9369503,1790850217,0,0,0,0,0,0,0,0,0,0,0,0,6,4,12,4,1,4056,4045,0,,0,0
9369504,1790850259,9504175101,29,22,1,6,23,0,0,23,1,0,4026,6,4027,10948,4056,1,16854,5907,1144,,5125,113106
9369505,1790850302,10604023076,11,11,0,0,11,0,0,11,0,0,4611,2,4613,12477,4624,1,16967,4491,568,,3137,295935
9369506,1790850350,10407467885,25,13,0,0,13,0,0,13,0,0,4426,2,4421,12000,4446,1,17900,5901,664,,5805,128095
9369510,1790850410,10188345416,12,11,0,0,11,0,0,11,0,0,4413,2,4414,11948,4426,1,16015,4068,568,,2224,114725
9369512,1790850464,23896534,7,7,0,0,7,0,0,7,0,0,3,8,11,50,18,1,4520,4471,376,,152,3054
9369514,1790850521,0,0,0,0,0,0,0,0,0,0,0,0,4,1,4,1,1,4609,4606,0,,0,0
9369516,1790850543,10578766550,14,12,0,0,12,0,0,12,0,0,4636,4,3019,8187,3033,1,11991,3805,616,,3199,150173
9369518,1790850592,0,0,0,0,0,0,0,0,0,0,0,0,4,4,12,4,1,4617,4606,0,,0,2
9369520,1790850640,0,0,0,0,0,0,0,0,0,0,0,0,4,3,10,3,1,5461,5452,0,,0,0
9369524,1790850668,0,0,0,0,0,0,0,0,0,0,0,0,4,3,9,3,1,4646,4638,0,,0,0
9369527,1790850701,9705866037,38,25,0,0,25,0,0,25,0,0,3843,8,3843,10470,3881,1,14940,4471,1240,,6375,125943
9369530,1790850746,0,0,0,0,0,0,0,0,0,0,0,0,6,2,7,2,1,4474,4468,0,,0,0
9369532,1790850805,9239530076,5,5,0,0,5,0,0,5,0,0,3432,6,1816,4918,1821,1,10824,5907,280,,1883,113556
9369534,1790850904,9412390348,8,7,0,0,7,0,0,7,0,0,3817,4,3820,10331,3828,1,18743,8413,376,,2063,107317
9369538,1790850997,0,0,0,0,0,0,0,0,0,0,0,0,4,2,7,2,1,5881,5875,0,,0,0
9369540,1790851018,9429482123,51,43,0,0,43,0,0,43,0,0,4036,8,4028,11005,4079,1,14940,3936,2104,,3405,119263
9369544,1790851071,9660024616,6,6,0,0,6,0,0,6,0,0,4206,4,4210,11375,4216,1,15275,3901,328,,1033,159525
9369550,1790851111,9678756992,6,5,0,0,5,0,0,5,0,0,3441,8,1016,2759,1022,1,7258,4500,280,,5914,230630
9369555,1790851152,0,0,0,0,0,0,0,0,0,0,0,0,12,9,26,9,1,4925,4900,0,,0,0
9369559,1790851206,9363416176,39,31,0,0,31,0,0,31,0,0,4033,10,4032,10981,4071,1,15906,4926,1528,,3975,211724
9369567,1790851278,10705535439,8,6,0,0,6,0,0,6,0,0,4054,8,819,2234,827,1,7188,4955,328,,5632,305546
9369569,1790851314,10317312784,19,15,0,0,15,0,0,15,0,0,4038,16,3237,8790,3256,1,14006,5217,760,,4407,207956
9369573,1790851354,9491953489,19,17,0,0,17,0,0,17,0,0,3828,4,3831,10388,3850,1,14317,3930,856,,4966,189903
9369578,1790851408,10764363858,7,6,0,0,6,0,0,6,0,0,4243,8,1819,4930,1826,1,9288,4359,328,,5884,167172
9369583,1790851476,10808336527,42,35,0,0,35,0,0,35,0,0,3893,10,1029,2892,1071,1,7083,4192,1720,,4425,163654
9369586,1790851510,10993887660,184,180,0,0,180,0,0,180,0,0,4159,10,1023,3259,1207,1,8466,5208,8680,,4492,202074
9369591,1790851586,10949783352,92,83,0,0,83,0,0,83,0,0,3839,6,849,2541,941,1,7891,5351,4024,,5381,166635
9369596,1790851629,0,0,0,0,0,0,0,0,0,0,0,0,10,8,23,8,1,4073,4051,0,,0,0
9369600,1790851678,10925874028,32,28,0,0,28,0,0,28,0,0,4103,10,2054,5629,2086,1,10525,4897,1384,,4321,352044
9369602,1790851718,0,0,0,0,0,0,0,0,0,0,0,0,8,7,20,7,1,4631,4612,0,,0,0
9369607,1790851751,0,0,0,0,0,0,0,0,0,0,0,0,4,3,9,3,1,4191,4183,0,,0,0
9369611,1790851800,5085689224,13,13,0,0,13,0,0,13,0,0,2213,10,2222,6031,2235,1,10786,4756,664,,686,51656
9369614,1790851859,0,0,0,0,0,0,0,0,0,0,0,0,8,6,17,6,1,5333,5317,0,,0,0
9369617,1790851900,10713121833,37,22,1,2,23,0,0,23,1,0,4487,6,3653,9958,3690,1,13644,3687,1144,,4036,131613
9369618,1790851953,10844652841,17,15,0,0,15,0,0,15,0,0,4293,6,2222,6043,2239,1,11074,5032,760,,3169,128522
9369622,1790851981,9712125008,8,7,0,0,7,0,0,7,0,0,4209,2,4210,11382,4218,1,15308,3927,376,,1918,93110
9369626,1790852041,10157725369,9,8,0,0,8,0,0,8,0,0,4409,8,4417,11942,4426,1,16159,4218,424,,1556,96095
9369629,1790852068,10712906578,335,7,0,0,7,0,0,7,0,0,3614,8,3425,10148,3760,1,14083,3936,376,,42945,197672
9369631,1790852105,10770796720,26,9,0,0,9,0,0,9,0,0,4089,6,1644,4508,1670,1,8581,4074,472,,4664,134693
9369634,1790852181,21517166,7,7,0,0,7,0,0,7,0,0,2,4,5,34,12,1,6613,6580,376,,130,2697
9369637,1790852225,0,0,0,0,0,0,0,0,0,0,0,0,6,3,10,3,1,4477,4468,0,,0,0
9369638,1790852292,9344897718,23,21,0,0,21,0,0,21,0,0,4025,6,4027,10930,4050,1,15115,4186,1048,,2055,94496
9369639,1790852317,10542339170,233,167,0,0,167,0,0,167,0,0,4212,2,4213,11995,4446,1,17020,5026,8056,,5711,181135
9369642,1790852363,0,0,0,0,0,0,0,0,0,0,0,0,2,1,4,1,1,3760,3757,0,,0,0
9369645,1790852396,10222009532,121,13,0,0,13,0,0,13,0,0,4121,6,4024,11187,4145,1,15119,3933,664,,13374,139825
9369646,1790852449,10920341251,108,18,0,0,18,0,0,18,0,0,4111,6,4085,11314,4193,1,16797,5484,904,,22454,136303
9369649,1790852508,0,0,0,0,0,0,0,0,0,0,0,0,2,2,7,2,1,5064,5058,0,,0,0
9369654,1790852561,0,0,0,0,0,0,0,0,0,0,0,0,6,5,15,5,1,4341,4327,0,,0,0
9369655,1790852715,0,0,0,0,0,0,0,0,0,0,0,0,10,5,15,5,1,12666,12652,0,,0,0
9369659,1790852777,10730222713,25,22,0,0,22,0,0,22,0,0,4621,2,4620,12536,4645,1,17026,4491,1096,,2639,107896
9369661,1790852823,9257875424,7,5,0,0,5,0,0,5,0,0,4007,8,4013,10843,4020,1,16159,5317,280,,1824,88045
9369663,1790852923,9659256612,6,6,0,0,6,0,0,6,0,0,4206,4,4208,11370,4214,1,19952,8583,328,,842,89506
9369668,1790853052,0,0,0,0,0,0,0,0,0,0,0,0,4,3,10,3,1,8422,8413,0,,0,0
9369670,1790853082,10911168710,23,15,0,0,15,0,0,15,0,0,4455,10,4455,12079,4478,1,16722,4644,760,,5689,129054
9369672,1790853133,23860530,7,7,0,0,7,0,0,7,0,0,3,4,7,39,14,1,4257,4219,376,,132,2697
9369675,1790853167,10492477103,88,11,0,0,11,0,0,11,0,0,3691,4,2053,5777,2141,1,10129,4353,568,,5158,147402
9369677,1790853206,0,0,0,0,0,0,0,0,0,0,0,0,6,5,15,5,1,4200,4186,0,,0,0
9369679,1790853273,10828371784,16,15,0,0,15,0,0,15,0,0,4255,4,3448,9352,3464,1,14268,4917,760,,2543,112818
9369680,1790853325,0,0,0,0,0,0,0,0,0,0,0,0,4,3,9,3,1,5037,5029,0,,0,0
9369682,1790853362,10530341514,236,225,0,0,225,0,0,225,0,0,4240,2,4236,12068,4472,1,16670,4603,10840,,4981,180481
9369685,1790853426,10477440272,26,25,0,0,25,0,0,25,0,0,3903,4,2242,6120,2268,1,11007,4888,1240,,2479,123057
9369687,1790853461,10413350026,50,9,0,0,9,0,0,9,0,0,3689,6,1241,3487,1291,1,8273,4787,472,,17729,137532
9369691,1790853515,10959730129,24,20,0,0,20,0,0,20,0,0,4453,4,4456,12087,4480,1,16157,4071,1000,,2932,116236
9369692,1790853542,10973606293,11,9,0,0,9,0,0,9,0,0,4152,8,877,2398,888,1,6586,4189,472,,2837,138725
9369695,1790853604,10568527608,48,43,0,0,43,0,0,43,0,0,3910,2,2250,6205,2298,1,10413,4209,2104,,3735,131022
9369696,1790853666,10940766774,19,15,0,0,15,0,0,15,0,0,4468,6,2852,7748,2871,1,13654,5907,760,,2262,130540
9369700,1790853710,10683475315,201,199,0,0,199,0,0,199,0,0,4418,2,4420,12471,4621,1,16227,3757,9592,,4050,172826
9369703,1790853743,10155463268,13,13,0,0,13,0,0,13,0,0,4413,8,4418,11954,4431,1,16207,4254,664,,1112,98542
9369707,1790853795,10158204771,9,8,0,0,8,0,0,8,0,0,4410,6,4415,11941,4424,1,16437,4497,424,,1578,99036
9369711,1790853835,10718819675,15,13,0,0,13,0,0,13,0,0,4615,8,4621,12505,4636,1,17116,4612,664,,3319,113643
9369713,1790853890,9282703037,8,6,0,0,6,0,0,6,0,0,4009,8,4015,10859,4023,1,15358,4500,328,,2440,94630
9369714,1790853941,9819080167,26,9,0,0,9,0,0,9,0,0,4227,4,4222,11461,4248,1,16941,5481,472,,3127,102101
9369718,1790854000,0,0,0,0,0,0,0,0,0,0,0,0,2,2,7,2,1,4891,4885,0,,0,0
9369720,1790854044,10711980223,26,24,0,0,24,0,0,24,0,0,4615,8,4619,12533,4645,1,17455,4923,1192,,2778,113500
9369723,1790854115,0,0,0,0,0,0,0,0,0,0,0,0,4,3,10,3,1,5038,5029,0,,0,0
9369729,1790854155,10123266692,7,7,0,0,7,0,0,7,0,0,4407,6,4410,11919,4417,1,16556,4638,376,,1062,99736
9369732,1790854198,9740899695,46,6,0,0,6,0,0,6,0,0,4046,12,4018,10969,4064,1,15192,4224,328,,11075,106919
9369735,1790854259,0,0,0,0,0,0,0,0,0,0,0,0,6,5,15,5,1,4482,4468,0,,0,0
9369740,1790854282,9861394076,29,12,0,0,12,0,0,12,0,0,4232,6,4229,11489,4258,1,15815,4327,616,,3547,117188
9369742,1790854334,9684709878,17,17,0,0,17,0,0,17,0,0,4208,10,4211,11412,4228,1,16159,4748,856,,1122,107736
9369746,1790854392,10678444791,13,10,0,0,10,0,0,10,0,0,4614,4,4616,12491,4629,1,16702,4212,520,,2961,110705
9369749,1790854441,10601611092,11,11,0,0,11,0,0,11,0,0,4611,8,4616,12486,4627,1,16956,4471,568,,1043,105461
9369751,1790854461,10123362700,7,7,0,0,7,0,0,7,0,0,4407,6,4412,11929,4419,1,16010,4082,376,,898,99549
9369755,1790854567,0,0,0,0,0,0,0,0,0,0,0,0,4,3,9,3,1,6447,6439,0,,0,0
9369758,1790854591,24823230,9,9,0,0,9,0,0,9,0,0,2,8,4,36,13,1,4083,4048,472,,140,3772
9369762,1790854649,0,0,0,0,0,0,0,0,0,0,0,0,6,5,15,5,1,4623,4609,0,,0,0
9369767,1790854688,9469433155,38,26,0,0,26,0,0,26,0,0,4031,8,4030,10982,4068,1,14917,3936,1288,,4374,101729
9369770,1790854756,9294980223,22,20,0,0,20,0,0,20,0,0,4013,10,4022,10913,4044,1,16261,5349,1000,,2010,99198
9369771,1790854796,9196518508,5,5,0,0,5,0,0,5,0,0,4005,6,4010,10832,4015,1,16597,5766,280,,874,92111
9369774,1790854862,0,0,0,0,0,0,0,0,0,0,0,0,2,2,7,2,1,4891,4885,0,,0,0
9369775,1790854925,9814124248,19,9,0,0,9,0,0,9,0,0,4223,6,4224,11452,4243,1,16616,5165,472,,3012,105511
9369777,1790854972,9248018922,7,6,0,0,6,0,0,6,0,0,4008,2,4009,10837,4016,1,15891,5055,328,,1920,92143
9369783,1790855041,9755591221,27,25,0,0,25,0,0,25,0,0,4215,4,4217,11452,4244,1,15663,4212,1240,,1916,104688
9369788,1790855072,9248798928,7,6,0,0,6,0,0,6,0,0,4008,12,4019,10864,4026,1,15401,4538,328,,2159,91846
9369790,1790855122,10957651574,49,45,0,0,45,0,0,45,0,0,4101,10,2446,6735,2495,1,11958,5224,2200,,2797,137780
9369793,1790855169,0,0,0,0,0,0,0,0,0,0,0,0,4,4,12,4,1,4899,4888,0,,0,0
9369796,1790855241,0,0,0,0,0,0,0,0,0,0,0,0,6,3,9,3,1,6168,6160,0,,0,0
9369797,1790855306,0,0,0,0,0,0,0,0,0,0,0,0,6,3,9,3,1,4335,4327,0,,0,0
9369799,1790855334,10794836364,25,10,0,0,10,0,0,10,0,0,4627,2,4621,12536,4646,1,16462,3927,520,,4342,111691
9369802,1790855379,0,0,0,0,0,0,0,0,0,0,0,0,4,3,10,3,1,4474,4465,0,,0,0
9369806,1790855424,0,0,0,0,0,0,0,0,0,0,0,0,6,3,9,3,1,4194,4186,0,,0,0
9369810,1790855456,0,0,0,0,0,0,0,0,0,0,0,0,8,6,17,6,1,4487,4471,0,,0,0
9369815,1790855493,10057389163,399,206,0,0,206,0,0,206,0,0,3427,8,3425,10321,3824,1,14538,4218,9928,,28873,241986
9369819,1790855542,8993796020,12,9,1,3,10,0,0,10,1,0,3449,10,2649,7182,2661,1,10664,3483,520,,2677,98832
9369820,1790855569,9520720037,12,11,0,0,11,0,0,11,0,0,3332,8,840,2301,852,1,7364,5064,568,,2420,110915
9369825,1790855630,10877398132,8,6,0,0,6,0,0,6,0,0,4268,2,3439,9299,3447,1,13196,3898,328,,2336,116066
9369826,1790855682,0,0,0,0,0,0,0,0,0,0,0,0,10,8,23,8,1,7034,7012,0,,0,0
9369828,1790855774,0,0,0,0,0,0,0,0,0,0,0,0,2,1,4,1,1,6862,6859,0,,0,0
9369831,1790855835,0,0,0,0,0,0,0,0,0,0,0,0,4,3,9,3,1,5037,5029,0,,0,0
9369835,1790855890,10358835995,107,39,0,0,39,0,0,39,0,0,4049,6,4049,11213,4156,1,16273,5061,1912,,5770,139302
9369837,1790855958,10694468310,207,193,0,0,193,0,0,193,0,0,3544,8,1050,3394,1257,1,9021,5628,9304,,5877,196424
9369841,1790855996,0,0,0,0,0,0,0,0,0,0,0,0,4,4,12,4,1,3489,3478,0,,0,0
9369842,1790856064,10531753532,346,137,0,0,137,0,0,137,0,0,3693,8,3495,10363,3841,1,17935,7573,6616,,40447,201258
9369844,1790856105,9952963378,41,11,0,0,11,0,0,11,0,0,4341,2,852,2413,893,1,6906,4494,568,,3450,159227
9369847,1790856164,37156788,15,15,0,0,15,0,0,15,0,0,3,4,4,52,19,1,4657,4606,760,,171,5934
9369850,1790856204,9932322524,19,15,0,0,15,0,0,15,0,0,4270,6,4273,11584,4292,1,16503,4920,760,,3281,99149
9369852,1790856252,0,0,0,0,0,0,0,0,0,0,0,0,6,5,15,5,1,4200,4186,0,,0,0
9369854,1790856285,0,0,0,0,0,0,0,0,0,0,0,0,4,3,10,3,1,4051,4042,0,,0,0
9369856,1790856318,9841008267,16,10,0,0,10,0,0,10,0,0,4217,4,4219,11426,4235,1,14932,3507,520,,3772,99556
9369860,1790856367,9701975553,9,7,0,0,7,0,0,7,0,0,4210,4,4212,11388,4221,1,15740,4353,376,,1610,93606
9369864,1790856416,0,0,0,0,0,0,0,0,0,0,0,0,8,3,10,3,1,4903,4894,0,,0,0
9369867,1790856446,9303981892,9,7,0,0,7,0,0,7,0,0,4010,8,4017,10862,4026,1,15191,4330,376,,2743,91716
9369872,1790856492,10259616614,7,7,0,0,7,0,0,7,0,0,4467,6,4471,12083,4478,1,16832,4750,376,,1068,106208
9369873,1790856538,10679152793,13,10,0,0,10,0,0,10,0,0,4614,10,4620,12502,4633,1,17962,5461,520,,2679,107666
9369877,1790856575,10935657524,11,7,0,0,7,0,0,7,0,0,4364,2,2351,6377,2362,1,10726,4350,376,,3509,138028
9369879,1790856623,9436524160,55,54,0,0,54,0,0,54,0,0,4012,8,4019,10996,4074,1,16030,5035,2632,,3469,112135
9369882,1790856716,0,0,0,0,0,0,0,0,0,0,0,0,4,2,7,2,1,5985,5979,0,,0,0
9369885,1790856763,0,0,0,0,0,0,0,0,0,0,0,0,6,4,12,4,1,4620,4609,0,,0,0
9369887,1790856805,10308430165,41,34,0,0,34,0,0,34,0,0,4421,6,4422,12039,4463,1,16817,4779,1672,,3226,114443
9369891,1790856903,10369909984,18,12,0,0,12,0,0,12,0,0,4418,4,4419,11974,4437,1,16015,4042,616,,5068,113626
9369896,1790856930,9766709995,16,9,0,0,9,0,0,9,0,0,4217,8,4220,11427,4236,1,15362,3936,472,,2583,98286
9369902,1790856987,10902322120,38,31,0,0,31,0,0,31,0,0,4630,10,4630,12598,4668,1,17071,4474,1528,,5307,127375
9369905,1790857012,10123362700,7,7,0,0,7,0,0,7,0,0,4407,12,4415,11935,4422,1,16440,4506,376,,997,98485
9369906,1790857047,10812282944,7,6,0,0,6,0,0,6,0,0,4130,6,2618,7085,2625,1,12145,5061,328,,3825,130840
9369909,1790857080,10966865412,9,9,0,0,9,0,0,9,0,0,4531,2,4408,11921,4417,1,15565,3645,472,,1643,111361
9369912,1790857126,10988106619,27,19,0,0,19,0,0,19,0,0,4348,6,3850,10462,3877,1,14817,4356,952,,6189,127946
9369917,1790857189,10549034374,14,14,0,0,14,0,0,14,0,0,4222,6,3255,8823,3269,1,13572,4750,712,,2400,119544
9369921,1790857226,10636409645,10,4,0,0,4,0,0,4,0,0,3771,10,1758,4771,1768,1,9667,4897,232,,3391,124015
9369923,1790857346,10697303249,27,24,0,0,24,0,0,24,0,0,4513,8,4516,12259,4543,1,19469,7211,1192,,3013,109515
9369925,1790857385,10997545755,19,14,0,0,14,0,0,14,0,0,4132,4,3175,8619,3194,1,13253,4635,712,,5406,130703
9369929,1790857444,10407298970,16,10,0,0,10,0,0,10,0,0,3735,4,2077,5651,2093,1,10285,4635,520,,3800,121620
9369933,1790857494,0,0,0,0,0,0,0,0,0,0,0,0,8,6,18,6,1,3924,3907,0,,0,0
9369936,1790857516,10241990832,21,20,0,0,20,0,0,20,0,0,4421,8,4426,12001,4447,1,16359,4359,1000,,1974,101125
9369940,1790857566,10127649077,9,7,0,0,7,0,0,7,0,0,4306,6,4308,11650,4317,1,16146,4497,376,,1639,96239
9369941,1790857626,9349349515,93,81,0,0,81,0,0,81,0,0,3637,8,3640,10073,3733,1,16405,6333,3928,,5334,128327
9369944,1790857697,41533548,19,19,0,0,19,0,0,19,0,0,2,2,4,63,23,1,4665,4603,952,,173,7454
9369947,1790857726,8834860382,18,17,0,0,17,0,0,17,0,0,3819,6,3820,10356,3838,1,15105,4750,856,,1785,87610
9369950,1790857773,0,0,0,0,0,0,0,0,0,0,0,0,6,4,12,4,1,4338,4327,0,,0,0
9369953,1790857809,0,0,0,0,0,0,0,0,0,0,0,0,6,5,15,5,1,4482,4468,0,,0,0
9369955,1790857838,9468773207,34,22,0,0,22,0,0,22,0,0,4028,6,4029,10965,4063,1,15714,4750,1096,,4762,100432
9369957,1790857885,10998842157,34,19,0,0,19,0,0,19,0,0,4005,4,1920,5273,1954,1,9766,4494,952,,4512,139828
9369960,1790857958,0,0,0,0,0,0,0,0,0,0,0,0,4,3,9,3,1,5214,5206,0,,0,0
9369964,1790858009,9802049662,19,13,0,0,13,0,0,13,0,0,4222,6,4223,11449,4242,1,16650,5202,664,,2788,95960
9369966,1790858078,10821811353,36,14,0,0,14,0,0,14,0,0,4636,8,4628,12584,4664,1,20156,7573,712,,3293,110132
9369967,1790858143,9839465281,25,13,0,0,13,0,0,13,0,0,4226,4,4223,11467,4248,1,17370,5904,664,,2982,100318
9369972,1790858220,0,0,0,0,0,0,0,0,0,0,0,0,2,2,7,2,1,3622,3616,0,,0,0
9369974,1790858240,10389124989,13,12,0,0,12,0,0,12,0,0,4293,10,4302,11645,4315,1,16006,4362,616,,1623,104361
9369978,1790858290,9839699162,97,94,0,0,94,0,0,94,0,0,3435,4,2327,6547,2424,1,10870,4324,4552,,19840,373429
9369980,1790858380,0,0,0,0,0,0,0,0,0,0,0,0,8,4,12,4,1,7161,7150,0,,0,0
9369985,1790858418,10638043258,9,8,0,0,8,0,0,8,0,0,4609,4,4612,12467,4621,1,16827,4361,424,,2122,103786
9369990,1790858496,10889172501,51,48,0,0,48,0,0,48,0,0,3830,10,2462,6782,2513,1,12194,5413,2344,,5606,145822
9369995,1790858598,10207250990,38,38,0,0,38,0,0,38,0,0,4415,10,4423,12032,4461,1,19607,7576,1864,,1423,116425
9369996,1790858637,9659964604,6,6,0,0,6,0,0,6,0,0,4206,10,4213,11386,4219,1,16593,5208,328,,1024,100119
9369998,1790858676,10293207740,5,5,0,0,5,0,0,5,0,0,3780,2,2885,7798,2890,1,12147,4350,280,,1725,120291
9370000,1790858725,10389421607,94,88,0,0,88,0,0,88,0,0,3749,4,3036,8447,3130,1,14321,5875,4264,,6593,138812
9370002,1790858788,0,0,0,0,0,0,0,0,0,0,0,0,4,3,9,3,1,5037,5029,0,,0,0
9370004,1790858866,0,0,0,0,0,0,0,0,0,0,0,0,4,1,4,1,1,6583,6580,0,,0,0
9370009,1790858912,10608361868,39,29,1,3,30,0,0,30,1,0,4246,4,4246,11562,4285,1,15491,3930,1480,,5575,117821
9370010,1790858966,0,0,0,0,0,0,0,0,0,0,0,0,10,7,20,7,1,6044,6025,0,,0,0
9370011,1790858992,0,0,0,0,0,0,0,0,0,0,0,0,2,1,4,1,1,4747,4744,0,,0,0
9370015,1790859067,0,0,0,0,0,0,0,0,0,0,0,0,2,1,4,1,1,5170,5167,0,,0,0
9370018,1790859138,10398125658,18,11,0,0,11,0,0,11,0,0,3815,8,3290,8925,3308,1,14165,5241,568,,4482,112160
9370019,1790859201,10974649493,119,8,0,0,8,0,0,8,0,0,4520,6,4422,12254,4541,1,18272,6019,424,,10201,134902
9370020,1790859229,10823153424,25,21,1,7,22,0,0,22,1,0,4155,2,2454,6694,2479,1,11325,4632,1096,,4318,135404
9370024,1790859261,10357960424,21,21,0,0,21,0,0,21,0,0,4236,2,4237,11490,4258,1,15134,3645,1048,,1105,206688
9370026,1790859356,0,0,0,0,0,0,0,0,0,0,0,0,8,6,18,6,1,7872,7855,0,,0,0
9370032,1790859427,0,0,0,0,0,0,0,0,0,0,0,0,4,1,4,1,1,4468,4465,0,,0,0
9370038,1790859464,10708736069,178,170,0,0,170,0,0,170,0,0,4385,12,4388,12323,4566,1,17251,4929,8200,,5087,165357
9370039,1790859534,0,0,0,0,0,0,0,0,0,0,0,0,12,8,23,8,1,6332,6310,0,,0,0
9370044,1790859596,10981803524,28,22,0,0,22,0,0,22,0,0,4216,2,3915,10642,3943,1,15978,5337,1096,,4890,121134
9370046,1790859651,10108727790,15,8,0,0,8,0,0,8,0,0,4119,10,3691,10006,3706,1,15495,5490,424,,2830,111064
9370048,1790859728,10383274195,18,12,0,0,12,0,0,12,0,0,4419,4,4420,11978,4438,1,18879,6902,616,,5055,109035
9370051,1790859777,10965870852,10,5,0,0,5,0,0,5,0,0,4386,4,4385,11859,4395,1,16775,4917,280,,1682,108793
9370056,1790859818,9731219953,13,7,0,0,7,0,0,7,0,0,4079,6,4082,11050,4095,1,15376,4327,376,,1820,96476
9370057,1790859860,9931600194,23,22,0,0,22,0,0,22,0,0,3834,10,3838,10418,3861,1,15625,5208,1096,,1900,108520
9370060,1790859960,9261715248,9,8,0,0,8,0,0,8,0,0,4009,2,4010,10846,4019,1,17310,6465,424,,1870,91349
9370063,1790860006,10493028760,32,16,0,0,16,0,0,16,0,0,4434,6,4432,12048,4464,1,16685,4638,808,,6396,118513
9370066,1790860043,0,0,0,0,0,0,0,0,0,0,0,0,6,5,15,5,1,4200,4186,0,,0,0
9370070,1790860119,10185163844,19,19,0,0,19,0,0,19,0,0,4419,6,4423,11988,4442,1,17612,5625,952,,1198,103916
9370072,1790860155,9446907284,5,5,0,0,5,0,0,5,0,0,4023,8,3220,8700,3225,1,13058,4359,280,,916,105134
9370073,1790860192,10876060398,109,8,0,0,8,0,0,8,0,0,4109,4,4014,11122,4123,1,16150,5029,424,,34612,121655
9370075,1790860244,10730174613,14,10,0,0,10,0,0,10,0,0,4616,2,4615,12491,4629,1,16981,4491,520,,3508,104396
9370076,1790860296,9927193300,27,27,0,0,27,0,0,27,0,0,4042,4,4045,10987,4072,1,15733,4747,1336,,1064,103144
9370078,1790860339,10130324110,12,12,0,0,12,0,0,12,0,0,3969,2,3971,10751,3983,1,14818,4068,616,,1081,103864
9370081,1790860393,9203773454,6,6,0,0,6,0,0,6,0,0,4007,4,4009,10836,4015,1,15752,4917,328,,990,86153
9370083,1790860439,0,0,0,0,0,0,0,0,0,0,0,0,6,5,15,5,1,4623,4609,0,,0,0
9370086,1790860498,0,0,0,0,0,0,0,0,0,0,0,0,4,3,9,3,1,4755,4747,0,,0,0
9370088,1790860543,10400339100,29,16,0,0,16,0,0,16,0,0,4430,6,4429,12029,4458,1,17201,5173,808,,4727,107622
9370091,1790860621,10658273333,15,12,0,0,12,0,0,12,0,0,4333,4,4336,11741,4351,1,17897,6157,616,,2695,106215
9370093,1790860697,0,0,0,0,0,0,0,0,0,0,0,0,6,3,9,3,1,4476,4468,0,,0,0
9370098,1790860748,0,0,0,0,0,0,0,0,0,0,0,0,4,2,7,2,1,4471,4465,0,,0,0
9370104,1790860781,10150636311,17,14,0,0,14,0,0,14,0,0,4106,10,2452,6665,2469,1,10893,4229,712,,3050,122915
9370106,1790860840,0,0,0,0,0,0,0,0,0,0,0,0,12,10,29,10,1,5633,5605,0,,0,0
9370107,1790860900,9053585622,30,13,0,0,13,0,0,13,0,0,3832,4,3826,10406,3856,1,16735,6330,664,,5512,94715
9370110,1790860971,10688382686,17,14,0,0,14,0,0,14,0,0,4079,2,2990,8117,3007,1,14581,6465,712,,3388,122633
9370116,1790861022,0,0,0,0,0,0,0,0,0,0,0,0,6,6,18,6,1,3921,3904,0,,0,0
9370120,1790861095,10690815819,15,12,0,0,12,0,0,12,0,0,4615,12,4622,12512,4637,1,18717,6206,616,,2445,102615
9370123,1790861148,10549998100,44,40,0,0,40,0,0,40,0,0,4234,8,2244,6176,2288,1,10957,4782,1960,,3638,141545
9370125,1790861201,0,0,0,0,0,0,0,0,0,0,0,0,6,5,15,5,1,5469,5455,0,,0,0
9370128,1790861245,0,0,0,0,0,0,0,0,0,0,0,0,4,3,9,3,1,4755,4747,0,,0,0
9370131,1790861296,9406636419,32,30,0,0,30,0,0,30,0,0,4014,6,4015,10923,4047,1,15983,5061,1480,,3896,98851
9370134,1790861348,10564474713,11,10,0,0,10,0,0,10,0,0,4577,6,2795,7572,2806,1,12350,4779,520,,1646,136205
9370136,1790861404,0,0,0,0,0,0,0,0,0,0,0,0,6,5,15,5,1,4341,4327,0,,0,0
9370137,1790861446,10606044272,34,29,0,0,29,0,0,29,0,0,4386,4,4384,11922,4418,1,17825,5904,1432,,2821,114080
9370140,1790861501,10266238630,34,34,0,0,34,0,0,34,0,0,3935,2,1836,5047,1870,1,9150,4104,1672,,1972,138567
9370142,1790861571,9864428122,6,5,0,0,5,0,0,5,0,0,3870,6,3875,10473,3881,1,16520,6048,280,,1769,99491
9370146,1790861610,0,0,0,0,0,0,0,0,0,0,0,0,4,4,12,4,1,3912,3901,0,,0,0
9370148,1790861637,10269774704,6,6,0,0,6,0,0,6,0,0,4068,8,4072,11006,4078,1,15928,4923,328,,960,106302
9370152,1790861697,10754116992,42,41,0,0,41,0,0,41,0,0,4187,4,3811,10395,3853,1,14718,4324,2008,,3064,126186
9370154,1790861750,9871424840,15,6,0,0,6,0,0,6,0,0,3560,8,2467,6700,2482,1,12186,5487,328,,3419,113107
9370157,1790861791,10913254899,117,7,0,0,7,0,0,7,0,0,3585,4,2494,7049,2611,1,11260,4212,376,,35334,146334
9370160,1790861841,10155111079,9,8,0,0,8,0,0,8,0,0,4409,6,4414,11937,4423,1,16292,4356,424,,1563,98788
9370163,1790861880,10974351798,6,6,0,0,6,0,0,6,0,0,4205,6,2887,7809,2893,1,12164,4356,328,,2473,124052
9370167,1790861973,9777761609,29,28,0,0,28,0,0,28,0,0,4221,6,4225,11478,4254,1,18230,6753,1384,,1827,99831
9370170,1790862029,10949742132,105,98,0,0,98,0,0,98,0,0,4435,8,4440,12268,4545,1,17443,5176,4744,,7249,134778
9370173,1790862127,10970206238,10,8,0,0,8,0,0,8,0,0,4669,6,4673,12635,4683,1,19282,6648,424,,1871,105568
9370176,1790862173,10001187602,111,111,0,0,111,0,0,111,0,0,3812,6,3817,10597,3928,1,15375,4779,5368,,8316,132013
9370178,1790862227,9746115397,9,6,0,0,6,0,0,6,0,0,4209,6,4212,11389,4221,1,15856,4468,328,,2635,93226
9370184,1790862260,9973939192,15,15,0,0,15,0,0,15,0,0,3720,4,1935,5262,1950,1,9191,3930,760,,2639,121900
9370185,1790862317,0,0,0,0,0,0,0,0,0,0,0,0,12,10,28,10,1,6619,6592,0,,0,0
9370189,1790862360,9577490214,40,23,0,0,23,0,0,23,0,0,4042,2,4034,10992,4074,1,16046,5055,1144,,5468,106113
9370190,1790862435,0,0,0,0,0,0,0,0,0,0,0,0,8,6,17,6,1,6743,6727,0,,0,0
9370193,1790862469,0,0,0,0,0,0,0,0,0,0,0,0,2,1,4,1,1,3619,3616,0,,0,0
9370197,1790862509,10426521988,28,15,0,0,15,0,0,15,0,0,4431,6,4430,12031,4458,1,16809,4779,760,,5273,105923
9370199,1790862556,10575362906,120,19,0,0,19,0,0,19,0,0,3429,8,2595,7326,2715,1,11543,4218,952,,33496,137040
9370202,1790862612,0,0,0,0,0,0,0,0,0,0,0,0,4,3,10,3,1,4474,4465,0,,0,0
9370205,1790862655,4746806682,22,9,0,0,9,0,0,9,0,0,2022,6,2020,5511,2042,1,9696,4186,472,,2596,55989
9370207,1790862728,10667281217,9,7,0,0,7,0,0,7,0,0,4319,6,4323,11689,4332,1,17208,5520,376,,2706,117268
9370212,1790862780,10544605280,25,12,0,0,12,0,0,12,0,0,3632,4,2222,6067,2247,1,10419,4353,616,,5727,130185
9370213,1790862839,24835230,9,9,0,0,9,0,0,9,0,0,2,10,9,50,18,1,5087,5038,472,,147,3525
9370219,1790862870,10767098147,12,10,0,0,10,0,0,10,0,0,3943,2,2860,7753,2872,1,12214,4462,520,,2552,116085
9370222,1790862921,10509144236,6,6,0,0,6,0,0,6,0,0,4014,12,1720,4659,1726,1,9164,4506,328,,3480,128988
9370224,1790862953,10998478622,21,9,0,0,9,0,0,9,0,0,4138,6,1903,5192,1924,1,10252,5061,472,,4450,137300
9370225,1790862999,10850074241,18,16,0,0,16,0,0,16,0,0,3981,4,3140,8526,3158,1,13272,4747,808,,2228,116506
9370226,1790863074,0,0,0,0,0,0,0,0,0,0,0,0,2,1,4,1,1,6862,6859,0,,0,0
9370229,1790863150,10613183235,19,17,1,4,18,0,0,18,1,0,4418,2,4371,11845,4390,1,18168,6324,904,,2104,106327
9370231,1790863182,10571930108,77,77,0,0,77,0,0,77,0,0,3486,6,1714,4832,1791,1,9440,4609,3736,,6881,138214
9370233,1790863267,10811003866,20,13,0,0,13,0,0,13,0,0,4552,4,4553,12340,4573,1,19092,6753,664,,3030,110234
9370237,1790863303,10853963355,8,5,0,0,5,0,0,5,0,0,3577,4,1747,4736,1755,1,8947,4212,280,,4273,120949
9370239,1790863362,10954090854,15,15,0,0,15,0,0,15,0,0,4171,8,3350,9083,3365,1,14146,5064,760,,1741,123867
9370242,1790863388,10122606700,7,7,0,0,7,0,0,7,0,0,4407,4,4410,11916,4417,1,15957,4042,376,,1042,95683
9370245,1790863475,0,0,0,0,0,0,0,0,0,0,0,0,6,4,12,4,1,7017,7006,0,,0,0
9370250,1790863510,9306665383,13,10,0,0,10,0,0,10,0,0,4015,6,4018,10880,4031,1,15094,4215,520,,2733,92406
9370253,1790863584,14761036,3,3,0,0,3,0,0,3,0,0,2,10,11,39,14,1,6627,6589,184,,125,1376
9370254,1790863700,0,0,0,0,0,0,0,0,0,0,0,0,6,3,9,3,1,9693,9685,0,,0,0
9370260,1790863734,0,0,0,0,0,0,0,0,0,0,0,0,2,1,4,1,1,3478,3475,0,,0,0
9370261,1790863774,0,0,0,0,0,0,0,0,0,0,0,0,12,5,15,5,1,5619,5605,0,,0,0
9370262,1790863817,9271362021,14,12,0,0,12,0,0,12,0,0,4015,2,4015,10871,4029,1,16319,5449,616,,1931,101427
9370265,1790863861,10267572010,13,9,0,0,9,0,0,9,0,0,4415,2,4415,11947,4428,1,16328,4382,472,,3876,112535
9370268,1790863901,10860954761,23,21,0,0,21,0,0,21,0,0,3875,6,1944,5308,1967,1,9381,4074,1048,,4422,146720
9370269,1790863934,10716897572,141,129,0,0,129,0,0,129,0,0,3650,6,1717,5015,1858,1,9652,4638,6232,,5290,173255
9370271,1790863984,0,0,0,0,0,0,0,0,0,0,0,0,2,2,7,2,1,4891,4885,0,,0,0
9370272,1790864025,0,0,0,0,0,0,0,0,0,0,0,0,4,3,10,3,1,5320,5311,0,,0,0
9370273,1790864075,10991104171,22,15,0,0,15,0,0,15,0,0,4623,2,4620,12526,4642,1,18426,5901,760,,4734,115305
9370276,1790864127,10940083629,17,7,0,0,7,0,0,7,0,0,4056,2,2489,6763,2506,1,11551,4789,376,,3554,124761
9370278,1790864181,10857500417,12,9,0,0,9,0,0,9,0,0,4578,6,4583,12404,4595,1,17182,4779,472,,2928,105682
9370282,1790864224,9825109359,11,8,0,0,8,0,0,8,0,0,4211,4,4214,11403,4225,1,15755,4353,424,,3944,117008
9370284,1790864274,10867404068,6,6,0,0,6,0,0,6,0,0,4420,8,4236,11448,4242,1,15665,4218,328,,2714,281446
9370285,1790864300,0,0,0,0,0,0,0,0,0,0,0,0,4,4,12,4,1,5040,5029,0,,0,0
9370288,1790864333,10893521191,18,11,0,0,11,0,0,11,0,0,3988,2,3373,9150,3391,1,13358,4209,568,,12417,249874
9370290,1790864381,10962518560,37,37,0,0,37,0,0,37,0,0,3986,6,1760,4849,1797,1,9486,4638,1816,,7049,173842
9370293,1790864418,0,0,0,0,0,0,0,0,0,0,0,0,4,4,12,4,1,3348,3337,0,,0,0
9370294,1790864490,0,0,0,0,0,0,0,0,0,0,0,0,6,1,4,1,1,6336,6333,0,,0,0
9370295,1790864541,10982271912,39,17,0,0,17,0,0,17,0,0,4181,2,2502,6859,2541,1,13323,6465,856,,6243,153235
9370297,1790864587,10939717740,110,8,0,0,8,0,0,8,0,0,3583,2,1823,5216,1933,1,8437,3222,424,,36151,150527
9370299,1790864622,0,0,0,0,0,0,0,0,0,0,0,0,4,3,9,3,1,4191,4183,0,,0,0
9370307,1790864679,31435356,13,13,0,0,13,0,0,13,0,0,2,4,3,44,16,1,4649,4606,664,,147,4860
9370309,1790864735,10945511699,37,27,0,0,27,0,0,27,0,0,4177,16,2965,8101,3002,1,13599,5499,1336,,5332,136747
9370310,1790864775,10870162087,26,19,0,0,19,0,0,19,0,0,4050,4,1708,4680,1734,1,9567,4888,952,,3989,137060
9370314,1790864835,10956619897,12,8,0,0,8,0,0,8,0,0,3847,2,2502,6787,2514,1,11559,4773,424,,3222,121094
9370316,1790864881,9788386551,23,12,1,2,13,0,0,13,1,0,4222,8,4214,11433,4237,1,16637,5205,664,,2421,99661
9370320,1790864942,10697862564,20,19,0,0,19,0,0,19,0,0,4576,4,4566,12373,4586,1,17712,5340,952,,2042,110006
9370323,1790865055,10586760800,8,8,0,0,8,0,0,8,0,0,4608,8,4613,12473,4621,1,20500,8028,424,,1109,101445
9370325,1790865097,10607475147,11,9,0,0,9,0,0,9,0,0,4041,6,2463,6675,2474,1,11207,4533,472,,3251,122577
9370329,1790865159,0,0,0,0,0,0,0,0,0,0,0,0,4,4,12,4,1,4758,4747,0,,0,0
9370331,1790865196,0,0,0,0,0,0,0,0,0,0,0,0,8,5,15,5,1,4344,4330,0,,0,0
9370332,1790865252,10548548169,30,25,0,0,25,0,0,25,0,0,4465,4,4466,12133,4496,1,18459,6327,1240,,2757,105666
9370336,1790865306,0,0,0,0,0,0,0,0,0,0,0,0,2,2,7,2,1,3904,3898,0,,0,0
9370338,1790865340,10949444504,31,8,0,0,8,0,0,8,0,0,4411,8,4271,11612,4302,1,16505,4894,424,,3894,117556
9370342,1790865389,0,0,0,0,0,0,0,0,0,0,0,0,4,3,9,3,1,3627,3619,0,,0,0
9370345,1790865417,10884287070,73,23,0,0,23,0,0,23,0,0,4448,8,4420,12125,4493,1,16060,3936,1144,,14550,121532
9370348,1790865461,0,0,0,0,0,0,0,0,0,0,0,0,6,5,15,5,1,4341,4327,0,,0,0
9370349,1790865490,10552518606,56,56,1,50,57,0,0,57,1,0,4276,6,4129,11293,4185,1,15930,4638,2776,,1496,121527
9370350,1790865526,10670423290,113,7,0,0,7,0,0,7,0,0,3364,2,2095,5961,2208,1,10733,4773,376,,34225,141964
9370354,1790865587,0,0,0,0,0,0,0,0,0,0,0,0,2,2,7,2,1,5455,5449,0,,0,0
9370357,1790865655,10859109479,90,54,1,30,55,0,0,55,1,0,4298,8,4265,11751,4355,1,16354,4604,2680,,19922,144207
9370359,1790865692,10633771656,17,17,0,0,17,0,0,17,0,0,4617,6,4621,12514,4638,1,16840,4327,856,,2116,109068
9370362,1790865764,9659916600,6,6,0,0,6,0,0,6,0,0,4206,4,4209,11372,4215,1,18233,6862,328,,2589,241206
9370364,1790865843,0,0,0,0,0,0,0,0,0,0,0,0,6,5,15,5,1,7443,7429,0,,0,0
9370368,1790865905,10286140145,12,9,0,0,9,0,0,9,0,0,4412,4,4414,11947,4426,1,16552,4606,472,,3861,142870
9370370,1790865926,10847314917,8,7,0,0,7,0,0,7,0,0,4545,8,4550,12302,4558,1,16378,4077,376,,1629,105131
9370371,1790865974,10976463321,17,6,0,0,6,0,0,6,0,0,4048,4,3194,8664,3211,1,13974,5311,328,,4845,204802
9370373,1790866048,9297189182,36,36,0,0,36,0,0,36,0,0,4019,2,4020,10942,4056,1,17406,6465,1768,,3318,219340
9370376,1790866099,0,0,0,0,0,0,0,0,0,0,0,0,4,2,7,2,1,4471,4465,0,,0,0
9370380,1790866140,0,0,0,0,0,0,0,0,0,0,0,0,6,3,10,3,1,4618,4609,0,,0,0
9370381,1790866189,9811239223,20,17,0,0,17,0,0,17,0,0,4219,8,4222,11449,4242,1,16624,5176,856,,3255,97892
9370382,1790866242,9308984785,16,8,0,0,8,0,0,8,0,0,4017,2,4014,10877,4030,1,16067,5191,424,,2366,89413
9370383,1790866291,9673974888,9,9,0,0,9,0,0,9,0,0,4209,2,4210,11392,4219,1,16840,5449,472,,859,127623
9370385,1790866358,0,0,0,0,0,0,0,0,0,0,0,0,2,1,4,1,1,5029,5026,0,,0,0
9370388,1790866387,10796384542,39,36,0,0,36,0,0,36,0,0,4631,4,4633,12604,4672,1,16533,3930,1768,,3328,283183
9370390,1790866450,10889995735,74,73,0,0,73,0,0,73,0,0,4628,6,4633,12703,4707,1,18298,5596,3544,,4203,126236
9370392,1790866485,10186722716,11,11,0,0,11,0,0,11,0,0,4136,4,4138,11199,4149,1,15974,4776,568,,1096,101749
9370394,1790866555,0,0,0,0,0,0,0,0,0,0,0,0,4,3,9,3,1,5883,5875,0,,0,0
9370399,1790866593,0,0,0,0,0,0,0,0,0,0,0,0,4,1,4,1,1,3904,3901,0,,0,0
9370401,1790866634,10721056846,28,25,0,0,25,0,0,25,0,0,4624,10,4627,12563,4655,1,18023,5461,1240,,2580,109087
9370404,1790866683,9196470500,5,5,0,0,5,0,0,5,0,0,4005,4,4008,10827,4013,1,15320,4494,280,,820,85383
9370406,1790866735,9324072148,11,6,0,0,6,0,0,6,0,0,4012,6,4017,10872,4028,1,14804,3933,328,,2871,93454
9370409,1790866764,9659256608,6,6,0,0,6,0,0,6,0,0,4206,4,4208,11372,4214,1,16006,4635,328,,925,90840
9370413,1790866806,9781335727,14,8,0,0,8,0,0,8,0,0,4215,6,4216,11412,4230,1,15517,4106,424,,2773,97492
9370416,1790866895,0,0,0,0,0,0,0,0,0,0,0,0,8,6,18,6,1,6498,6481,0,,0,0
9370417,1790866926,9785132709,31,29,0,0,29,0,0,29,0,0,4223,6,4223,11480,4254,1,16681,5202,1432,,1853,100295
9370420,1790866995,9547596120,120,113,0,0,113,0,0,113,0,0,4021,2,4022,11177,4142,1,15808,4632,5464,,3528,132954
9370425,1790867051,9779918737,23,19,0,0,19,0,0,19,0,0,4224,6,4230,11476,4253,1,16395,4920,952,,1841,96947
9370426,1790867090,9826603250,20,7,0,0,7,0,0,7,0,0,4226,10,4218,11435,4238,1,16642,5208,376,,3174,97192
9370428,1790867123,10775529264,8,8,0,0,8,0,0,8,0,0,4477,2,4479,12106,4487,1,15580,3475,424,,957,105110
9370429,1790867158,10441723093,29,23,0,0,23,0,0,23,0,0,4102,4,4101,11144,4130,1,16060,4917,1144,,2022,111825
9370430,1790867224,10194669171,15,12,0,0,12,0,0,12,0,0,4417,2,4418,11967,4433,1,18149,6183,616,,1884,97643
9370432,1790867263,10673953352,7,7,0,0,7,0,0,7,0,0,4543,2,4544,12280,4551,1,16629,4350,376,,1007,104388
9370436,1790867302,9674742888,9,9,0,0,9,0,0,9,0,0,4209,4,4212,11387,4221,1,15324,3938,472,,945,91758
9370438,1790867355,9768836508,19,18,1,3,19,0,0,19,1,0,4217,8,4222,11448,4241,1,16511,5064,952,,1933,96535
9370441,1790867394,10477106022,16,14,0,0,14,0,0,14,0,0,4270,4,4271,11570,4287,1,15954,4385,712,,1822,105991
9370446,1790867470,10925987589,18,11,0,0,11,0,0,11,0,0,4293,6,4296,11643,4314,1,16421,4779,568,,3266,111894
9370450,1790867508,10804915528,14,13,0,0,13,0,0,13,0,0,4140,10,2659,7214,2673,1,11716,4503,664,,3345,124607
9370453,1790867596,9970885271,34,31,0,0,31,0,0,31,0,0,3965,8,3776,10281,3810,1,16472,6192,1528,,2255,107066
9370456,1790867647,10842870911,29,18,1,2,19,0,0,19,1,0,4001,6,1749,4798,1778,1,9688,4891,952,,4918,138478
9370459,1790867671,10684513642,7,6,0,0,6,0,0,6,0,0,3869,6,1707,4626,1714,1,8558,3933,328,,3624,130954
9370460,1790867714,10860083980,15,9,0,0,9,0,0,9,0,0,4079,6,1750,4763,1765,1,9653,4891,472,,4336,139215
9370465,1790867754,10992728955,16,7,0,0,7,0,0,7,0,0,3800,2,1793,4882,1809,1,8526,3645,376,,3945,126105
9370467,1790867792,10614603143,375,96,0,0,96,0,0,96,0,0,3239,10,2525,7829,2900,1,12754,4926,4648,,30998,233391
9370473,1790867828,10422751463,9,6,0,0,6,0,0,6,0,0,3636,4,2664,7215,2673,1,11256,4042,328,,2335,116250
9370477,1790867916,10564224723,11,8,0,0,8,0,0,8,0,0,4479,12,4485,12136,4496,1,16471,4336,424,,2552,101773
9370480,1790867954,10636653910,12,12,0,0,12,0,0,12,0,0,3780,8,2857,7741,2869,1,12945,5205,616,,1963,115234
9370481,1790868085,10956568851,34,24,0,0,24,0,0,24,0,0,4213,6,3056,8338,3090,1,17519,9182,1192,,3812,132862
9370482,1790868121,0,0,0,0,0,0,0,0,0,0,0,0,2,2,7,2,1,4750,4744,0,,0,0
9370484,1790868222,0,0,0,0,0,0,0,0,0,0,0,0,2,1,4,1,1,6862,6859,0,,0,0
9370487,1790868248,10806162165,26,19,0,0,19,0,0,19,0,0,3950,4,3296,8967,3322,1,13601,4635,952,,3892,119461
9370489,1790868304,10961800054,16,12,0,0,12,0,0,12,0,0,4197,6,3244,8798,3260,1,14534,5737,616,,4196,124887
9370493,1790868348,10698901416,7,7,0,0,7,0,0,7,0,0,3980,4,2867,7757,2874,1,11404,3648,376,,2979,128803
9370497,1790868394,9056522347,41,37,0,0,37,0,0,37,0,0,3832,8,3837,10465,3878,1,15781,5317,1816,,4438,104568
9370499,1790868452,10819202671,26,23,0,0,23,0,0,23,0,0,4471,8,4476,12146,4502,1,17914,5769,1144,,1978,110251
9370501,1790868515,10663965950,22,18,0,0,18,0,0,18,0,0,4160,4,4161,11291,4183,1,16630,5340,904,,4465,119628
9370505,1790868551,0,0,0,0,0,0,0,0,0,0,0,0,4,3,9,3,1,3909,3901,0,,0,0
9370510,1790868608,0,0,0,0,0,0,0,0,0,0,0,0,8,5,15,5,1,5222,5208,0,,0,0
9370512,1790868643,10895232852,39,20,0,0,20,0,0,20,0,0,3859,10,3216,8787,3255,1,13607,4821,1000,,3652,275070
9370515,1790868703,10285632909,23,12,0,0,12,0,0,12,0,0,3530,4,2197,5992,2220,1,10738,4747,616,,11046,150939
9370516,1790868762,10851481588,11,11,0,0,11,0,0,11,0,0,4092,6,3464,9377,3475,1,16241,6865,568,,2115,120679
9370518,1790868807,10896767882,19,15,0,0,15,0,0,15,0,0,4218,2,4109,11139,4128,1,15600,4462,760,,1878,113897
9370523,1790868855,10266617306,20,18,0,0,18,0,0,18,0,0,3990,4,3573,9698,3593,1,14021,4324,904,,3467,122476
9370526,1790868899,10523030204,23,23,0,0,23,0,0,23,0,0,3691,10,2343,6386,2366,1,11029,4644,1144,,2320,124685
9370531,1790868993,10492319727,29,12,0,0,12,0,0,12,0,0,4015,6,3207,8732,3236,1,15202,6471,616,,4380,136021
9370534,1790869032,10998466229,29,20,0,0,20,0,0,20,0,0,4285,10,4196,11402,4225,1,15593,4192,1000,,5273,138270
9370539,1790869109,10821422016,14,13,0,0,13,0,0,13,0,0,3769,6,3140,8511,3154,1,14247,5737,664,,1285,118712
9370541,1790869177,10847304977,20,6,0,0,6,0,0,6,0,0,3699,10,2661,7236,2681,1,13289,6054,328,,4870,129895
9370542,1790869207,10252191218,178,175,0,0,175,0,0,175,0,0,3592,4,2664,7672,2842,1,13014,5343,8440,,5352,179033
9370544,1790869272,0,0,0,0,0,0,0,0,0,0,0,0,2,1,4,1,1,5629,5626,0,,0,0
9370547,1790869319,9382663055,43,8,0,0,8,0,0,8,0,0,3289,4,2485,6821,2528,1,10862,4042,424,,4505,112646
9370549,1790869343,10757180506,5,5,0,0,5,0,0,5,0,0,3757,6,2612,7061,2617,1,11246,4186,280,,2153,121502
9370554,1790869423,35263356,13,13,0,0,13,0,0,13,0,0,2,4,5,50,18,1,5219,5170,664,,236,5082
9370555,1790869502,10212120800,7,6,0,0,6,0,0,6,0,0,3882,10,2097,5678,2104,1,13846,8169,328,,3833,155332
9370557,1790869557,10885597411,225,4,0,0,4,0,0,4,0,0,3551,2,2304,6825,2529,1,12020,5196,232,,15425,202442
9370559,1790869622,9096755749,7,4,0,0,4,0,0,4,0,0,3076,4,2605,7047,2612,1,10947,3901,232,,2698,98583
9370560,1790869650,9693677171,13,3,0,0,3,0,0,3,0,0,3493,4,2510,6807,2523,1,12005,5199,184,,2670,207511
9370562,1790869691,10904831190,7,7,0,0,7,0,0,7,0,0,3930,2,2125,5757,2132,1,10388,4632,376,,6505,224780
9370564,1790869744,10636325869,12,9,0,0,9,0,0,9,0,0,3856,4,2462,6677,2474,1,11452,4776,472,,3706,124116
9370568,1790869793,10258766149,20,15,0,0,15,0,0,15,0,0,3649,4,1888,5150,1908,1,8656,3507,760,,6133,166740
9370570,1790869837,0,0,0,0,0,0,0,0,0,0,0,0,8,7,20,7,1,4526,4507,0,,0,0
9370572,1790869886,0,0,0,0,0,0,0,0,0,0,0,0,4,3,9,3,1,4755,4747,0,,0,0
9370573,1790869943,10935507568,86,20,0,0,20,0,0,20,0,0,3996,4,3573,9875,3659,1,16060,6186,1000,,8848,154339
9370575,1790869998,0,0,0,0,0,0,0,0,0,0,0,0,2,2,7,2,1,4891,4885,0,,0,0
9370576,1790870059,10259845138,12,9,0,0,9,0,0,9,0,0,3593,4,2581,7000,2593,1,13185,6186,472,,3197,121741
9370580,1790870097,8204837349,12,11,0,0,11,0,0,11,0,0,2804,2,1715,4661,1727,1,8869,4209,568,,2170,98027
9370583,1790870257,26275900,7,7,0,0,7,0,0,7,0,0,4,8,10,47,17,1,11003,10957,376,,138,2790
9370586,1790870293,10727925295,30,24,0,0,24,0,0,24,0,0,4631,6,4632,12580,4662,1,16512,3933,1192,,2191,108547
9370588,1790870355,8809783844,19,19,0,0,19,0,0,19,0,0,3819,6,3822,10366,3841,1,15990,5625,952,,1078,86599
9370595,1790870446,8791744850,35,22,0,0,22,0,0,22,0,0,3342,4,3339,9106,3374,1,12998,3893,1096,,2963,97038
9370597,1790870501,7999270134,42,42,0,0,42,0,0,42,0,0,3053,14,3063,8377,3105,1,15141,6765,2056,,941,96357
9370600,1790870546,0,0,0,0,0,0,0,0,0,0,0,0,4,4,12,4,1,4617,4606,0,,0,0
9370602,1790870579,9310036128,12,10,0,0,10,0,0,10,0,0,3698,6,3695,10003,3707,1,14358,4356,520,,1528,97546
9370610,1790870617,10317187520,3,3,0,0,3,0,0,3,0,0,3646,4,2368,6402,2371,1,10190,3789,184,,2003,121952
9370613,1790870675,10933009196,15,13,0,0,13,0,0,13,0,0,3778,16,2768,7509,2783,1,13148,5640,664,,2963,124822
9370615,1790870710,10995474335,59,56,0,0,56,0,0,56,0,0,3756,6,2756,7600,2815,1,12208,4609,2728,,2900,137622
9370617,1790870792,9390116079,27,20,0,0,20,0,0,20,0,0,3589,4,3588,9756,3615,1,15377,5622,1000,,3172,202706
9370619,1790870872,0,0,0,0,0,0,0,0,0,0,0,0,4,3,10,3,1,6166,6157,0,,0,0
9370623,1790870941,0,0,0,0,0,0,0,0,0,0,0,0,4,2,7,2,1,5176,5170,0,,0,0
9370626,1790870979,0,0,0,0,0,0,0,0,0,0,0,0,8,4,12,4,1,4341,4330,0,,0,0
9370630,1790871049,9603797176,45,33,0,0,33,0,0,33,0,0,3845,6,3842,10487,3887,1,16014,5528,1624,,3359,105913
9370634,1790871167,9499509678,13,9,0,0,9,0,0,9,0,0,3631,8,3638,9853,3651,1,14493,4641,472,,3164,95988
9370636,1790871196,0,0,0,0,0,0,0,0,0,0,0,0,8,5,15,5,1,4767,4753,0,,0,0
9370639,1790871263,0,0,0,0,0,0,0,0,0,0,0,0,4,3,10,3,1,5320,5311,0,,0,0
9370641,1790871309,10391117185,32,24,0,0,24,0,0,24,0,0,4433,6,4433,12047,4465,1,16543,4497,1192,,4539,104230
9370642,1790871422,0,0,0,0,0,0,0,0,0,0,0,0,4,3,10,3,1,8704,8695,0,,0,0
9370643,1790871445,37132786,15,15,0,0,15,0,0,15,0,0,3,2,3,50,18,1,4511,4462,760,,156,5648
9370645,1790871505,0,0,0,0,0,0,0,0,0,0,0,0,2,1,4,1,1,4606,4603,0,,0,0
9370646,1790871549,10694045911,13,9,0,0,9,0,0,9,0,0,4615,4,4616,12488,4629,1,18532,6045,472,,2571,102333
9370648,1790871616,0,0,0,0,0,0,0,0,0,0,0,0,2,2,7,2,1,5314,5308,0,,0,0
9370649,1790871656,10371607191,23,11,1,2,12,0,0,12,1,0,3483,4,2632,7164,2655,1,13352,6189,616,,2933,115001
9370652,1790871691,10371188692,5,5,0,0,5,0,0,5,0,0,3946,2,1868,5056,1873,1,9235,4180,280,,1788,122403
9370655,1790871748,10944286658,6,5,0,0,5,0,0,5,0,0,4596,6,1889,5116,1895,1,9894,4779,280,,1869,150962
9370662,1790871819,9775484048,25,22,0,0,22,0,0,22,0,0,3591,6,2887,7859,2912,1,12214,4356,1096,,2458,111404
9370666,1790871863,10700150625,122,20,0,0,20,0,0,20,0,0,3895,14,1898,5452,2020,1,10495,5044,1000,,33495,162089
9370670,1790871907,9931336996,4,4,0,0,4,0,0,4,0,0,3420,8,1886,5101,1890,1,9177,4077,232,,1942,108385
9370673,1790871951,0,0,0,0,0,0,0,0,0,0,0,0,8,6,18,6,1,4911,4894,0,,0,0
9370676,1790872019,10192020041,10,7,0,0,7,0,0,7,0,0,3737,6,3162,8561,3172,1,14890,6330,376,,4550,118466
9370678,1790872085,10983653646,41,33,0,0,33,0,0,33,0,0,4021,6,2599,7124,2640,1,11479,4356,1624,,3900,152998
9370685,1790872110,10212037032,5,5,0,0,5,0,0,5,0,0,4214,4,1354,3669,1359,1,7316,3648,280,,1987,145901
9370688,1790872163,10951168112,112,11,0,0,11,0,0,11,0,0,3644,14,1817,5208,1929,1,10985,5778,568,,39502,158968
9370692,1790872208,0,0,0,0,0,0,0,0,0,0,0,0,6,5,15,5,1,4796,4782,0,,0,0
9370693,1790872272,0,0,0,0,0,0,0,0,0,0,0,0,8,3,9,3,1,5079,5071,0,,0,0
9370695,1790872289,10376354383,20,13,0,0,13,0,0,13,0,0,3865,2,1977,5391,1997,1,9035,3645,664,,5258,130540
9370701,1790872356,9666158095,17,11,0,0,11,0,0,11,0,0,3751,4,2003,5452,2020,1,10057,4606,568,,5731,130234
9370704,1790872392,10854784421,8,7,0,0,7,0,0,7,0,0,4076,12,1856,5031,1864,1,9930,4900,376,,4143,137190
9370708,1790872441,0,0,0,0,0,0,0,0,0,0,0,0,6,5,15,5,1,4764,4750,0,,0,0
9370711,1790872497,0,0,0,0,0,0,0,0,0,0,0,0,8,4,12,4,1,4905,4894,0,,0,0
9370713,1790872550,0,0,0,0,0,0,0,0,0,0,0,0,6,4,12,4,1,4902,4891,0,,0,0
9370714,1790872627,10935992499,15,7,1,2,8,0,0,8,1,0,3817,4,2087,5673,2102,1,9996,4324,424,,4505,125940
9370717,1790872687,0,0,0,0,0,0,0,0,0,0,0,0,2,1,4,1,1,4888,4885,0,,0,0
9370718,1790872737,0,0,0,0,0,0,0,0,0,0,0,0,6,4,12,4,1,6030,6019,0,,0,0
9370721,1790872793,10892493804,56,52,0,0,52,0,0,52,0,0,4064,2,2579,7111,2635,1,12306,5196,2536,,4167,141491
9370724,1790872917,10986067525,28,16,0,0,16,0,0,16,0,0,4056,6,2425,6621,2453,1,16084,9464,808,,4695,137318
9370727,1790872957,10759355736,17,17,0,0,17,0,0,17,0,0,3966,6,2364,6425,2381,1,10892,4468,856,,2861,133216
9370731,1790873015,0,0,0,0,0,0,0,0,0,0,0,0,6,5,15,5,1,4905,4891,0,,0,0
9370733,1790873060,0,0,0,0,0,0,0,0,0,0,0,0,8,5,15,5,1,4485,4471,0,,0,0
9370737,1790873110,10911649874,31,27,0,0,27,0,0,27,0,0,4032,4,2262,6189,2293,1,10964,4776,1336,,5097,136217
9370741,1790873185,10949853276,26,19,0,0,19,0,0,19,0,0,4078,8,2494,6801,2520,1,12569,5769,952,,4516,137539
9370745,1790873219,10960244934,23,22,0,0,22,0,0,22,0,0,3957,8,2497,6803,2520,1,11132,4330,1096,,3934,136669
9370746,1790873270,9706490570,10,7,0,0,7,0,0,7,0,0,4211,8,4215,11400,4225,1,16716,5317,376,,1546,91910
9370747,1790873317,10586664788,8,8,0,0,8,0,0,8,0,0,4608,2,4609,12457,4617,1,18075,5619,424,,1031,102094
9370749,1790873354,9659112596,6,6,0,0,6,0,0,6,0,0,4206,2,4207,11368,4213,1,15717,4350,328,,868,90238
9370755,1790873403,0,0,0,0,0,0,0,0,0,0,0,0,4,3,10,3,1,4333,4324,0,,0,0
9370758,1790873457,9952387367,61,32,1,2,33,0,0,33,1,0,4252,12,4241,11613,4302,1,16436,4824,1624,,3161,113138
9370761,1790873503,9660060612,6,6,0,0,6,0,0,6,0,0,4206,6,4211,11379,4217,1,15705,4327,328,,957,90374
9370762,1790873570,0,0,0,0,0,0,0,0,0,0,0,0,6,4,12,4,1,6171,6160,0,,0,0
9370766,1790873604,10246772760,21,19,0,0,19,0,0,19,0,0,4421,2,4422,11991,4443,1,16029,4039,952,,2092,103171
9370768,1790873645,9233347941,7,6,0,0,6,0,0,6,0,0,4008,8,4014,10851,4021,1,15209,4359,328,,1463,86476
9370769,1790873736,10245143408,34,26,0,0,26,0,0,26,0,0,4421,4,4421,12024,4455,1,16376,4353,1288,,1977,104382
9370770,1790873779,9283946409,8,6,0,0,6,0,0,6,0,0,4009,2,4010,10842,4018,1,16713,5872,328,,2290,91729
9370772,1790873828,10386682658,40,40,0,0,40,0,0,40,0,0,4383,2,4367,11896,4407,1,16668,4773,1960,,1166,110905
9370774,1790873865,10770455898,17,13,0,0,13,0,0,13,0,0,4516,4,4501,12192,4518,1,16262,4071,664,,1863,137601
9370777,1790873906,9674694884,9,9,0,0,9,0,0,9,0,0,4209,4,4213,11397,4222,1,15757,4361,472,,938,90958
9370778,1790873948,9312183450,8,6,0,0,6,0,0,6,0,0,4008,6,4013,10852,4021,1,15912,5061,328,,2954,92774
9370781,1790874029,0,0,0,0,0,0,0,0,0,0,0,0,2,2,7,2,1,5455,5449,0,,0,0
9370783,1790874050,9813835792,30,30,0,0,30,0,0,30,0,0,4250,6,4253,11561,4283,1,14614,3054,1480,,1145,102465
9370784,1790874092,9492561413,36,6,0,0,6,0,0,6,0,0,4036,4,4012,10921,4048,1,15414,4494,328,,6268,100082
9370786,1790874158,0,0,0,0,0,0,0,0,0,0,0,0,2,2,7,2,1,5878,5872,0,,0,0
9370788,1790874206,10683173362,20,19,0,0,19,0,0,19,0,0,4618,4,4620,12519,4640,1,16419,3901,952,,2055,110810
9370789,1790874251,10529112921,110,108,0,0,108,0,0,108,0,0,4415,4,4417,12217,4527,1,18261,6045,5224,,3144,141808
9370790,1790874299,10958800212,14,14,0,0,14,0,0,14,0,0,4159,2,3145,8528,3159,1,13018,4491,712,,2578,131289
9370792,1790874346,0,0,0,0,0,0,0,0,0,0,0,0,2,2,7,2,1,5455,5449,0,,0,0
9370795,1790874381,10879967739,24,14,0,0,14,0,0,14,0,0,4660,4,4658,12635,4682,1,16846,4212,712,,8560,246388
9370798,1790874438,21397164,7,7,0,0,7,0,0,7,0,0,2,6,6,37,13,1,5773,5737,376,,140,2684
9370801,1790874469,10539430153,26,24,1,7,25,0,0,25,1,0,4143,6,4135,11232,4161,1,15728,4497,1240,,2245,208258
9370803,1790874528,10154040691,72,70,0,0,70,0,0,70,0,0,3517,6,2353,6548,2425,1,11749,5202,3400,,3749,139315
9370808,1790874571,10256568176,8,7,0,0,7,0,0,7,0,0,3681,4,2590,7011,2598,1,11504,4494,376,,2046,238190
9370810,1790874616,24955230,9,9,0,0,9,0,0,9,0,0,2,10,8,47,17,1,4943,4897,472,,407,10275
9370812,1790874655,9407746251,24,14,0,0,14,0,0,14,0,0,4025,4,4025,10927,4049,1,14751,3825,712,,10759,170945
9370817,1790874694,10330355048,6,6,0,0,6,0,0,6,0,0,3774,4,3250,8788,3256,1,12576,3789,328,,1528,111467
9370820,1790874757,10861944240,6,6,0,0,6,0,0,6,0,0,4556,10,4563,12331,4569,1,17368,5038,328,,976,102315
9370822,1790874782,10527767396,8,8,0,0,8,0,0,8,0,0,4209,6,4131,11170,4139,1,15948,4779,424,,1020,104052
9370823,1790874842,0,0,0,0,0,0,0,0,0,0,0,0,4,3,10,3,1,5179,5170,0,,0,0
9370824,1790874867,0,0,0,0,0,0,0,0,0,0,0,0,2,1,4,1,1,4747,4744,0,,0,0
9370827,1790874907,10553861355,15,13,0,0,13,0,0,13,0,0,4556,2,4556,12335,4571,1,16684,4350,664,,2430,105264
9370828,1790874948,9876738973,15,8,0,0,8,0,0,8,0,0,3915,6,3884,10525,3899,1,15585,5061,424,,2712,100562
9370829,1790874994,10652962116,75,75,0,0,75,0,0,75,0,0,4151,2,3961,10891,4036,1,16227,5337,3640,,1971,134185
9370830,1790875040,10891623663,119,8,0,0,8,0,0,8,0,0,3577,2,2822,7934,2941,1,12988,5055,424,,17213,146126
9370831,1790875103,10885249177,55,9,0,0,9,0,0,9,0,0,3626,2,2686,7396,2741,1,13860,6465,472,,11350,129769
9370835,1790875192,9804941746,27,21,0,0,21,0,0,21,0,0,4228,2,4229,11485,4256,1,15693,4209,1048,,1892,97768
9370838,1790875221,0,0,0,0,0,0,0,0,0,0,0,0,8,5,15,5,1,4940,4926,0,,0,0
9370840,1790875259,0,0,0,0,0,0,0,0,0,0,0,0,6,3,9,3,1,3807,3799,0,,0,0
9370841,1790875312,10932238687,24,12,0,0,12,0,0,12,0,0,3981,4,3412,9272,3436,1,13172,3901,616,,3214,120479
9370845,1790875350,10342745700,121,18,0,0,18,0,0,18,0,0,3162,2,2749,7744,2870,1,12516,4773,904,,35033,133113
9370847,1790875406,0,0,0,0,0,0,0,0,0,0,0,0,8,8,23,8,1,4211,4189,0,,0,0
9370851,1790875429,10833581536,12,9,0,0,9,0,0,9,0,0,3949,4,3322,8999,3334,1,12646,3648,472,,3270,120468
9370854,1790875473,10724939083,9,8,0,0,8,0,0,8,0,0,3823,8,2883,7803,2892,1,12302,4500,424,,2640,123181
9370856,1790875591,10989424920,51,29,0,0,29,0,0,29,0,0,3954,6,2771,7619,2822,1,17162,9544,1432,,5062,147004
9370858,1790875648,10725285746,20,9,0,0,9,0,0,9,0,0,3788,4,3121,8478,3141,1,13655,5178,472,,3081,120097
9370861,1790875680,10657393856,9,9,0,0,9,0,0,9,0,0,4022,4,3425,9266,3434,1,13448,4183,472,,2065,119517
9370865,1790875777,9961880163,23,19,0,0,19,0,0,19,0,0,3891,6,3779,10261,3802,1,16449,6189,952,,3421,124307
9370866,1790875823,10670126104,11,7,0,0,7,0,0,7,0,0,3723,8,2885,7816,2896,1,14010,6195,376,,3050,128448
9370868,1790875867,9900066178,12,8,0,0,8,0,0,8,0,0,3406,2,2890,7828,2902,1,12459,4632,424,,1835,106306
9370870,1790875930,0,0,0,0,0,0,0,0,0,0,0,0,4,3,10,3,1,5602,5593,0,,0,0
9370871,1790875980,10818600156,17,15,0,0,15,0,0,15,0,0,3830,4,3103,8421,3120,1,13901,5481,760,,2576,119652
9370875,1790876069,0,0,0,0,0,0,0,0,0,0,0,0,2,2,7,2,1,6442,6436,0,,9,0
9370879,1790876096,10723628256,15,14,0,0,14,0,0,14,0,0,4061,8,3892,10543,3907,1,15183,4641,712,,2598,112337
9370881,1790876157,10344522344,15,9,0,0,9,0,0,9,0,0,3663,8,2906,7884,2921,1,13229,5346,472,,3107,116542
9370883,1790876209,10291259528,26,24,0,0,24,0,0,24,0,0,3815,4,3439,9352,3465,1,14550,5199,1192,,2205,114027
9370885,1790876274,10746785312,7,7,0,0,7,0,0,7,0,0,3786,4,3088,8353,3095,1,13551,5199,376,,1327,114933
9370889,1790876315,10472183434,5,4,0,0,4,0,0,4,0,0,3593,4,2710,7327,2715,1,11256,3930,232,,2625,115188
9370892,1790876360,10605080424,10,9,0,0,9,0,0,9,0,0,3851,8,2725,7384,2735,1,11601,4218,472,,3816,125408
9370896,1790876393,10177545980,7,7,0,0,7,0,0,7,0,0,3756,6,2661,7199,2668,1,11695,4497,376,,2379,120571
9370900,1790876441,10648487602,24,15,0,0,15,0,0,15,0,0,3987,8,3716,10097,3740,1,14491,4395,760,,3209,115074
9370905,1790876575,10499833116,14,14,0,0,14,0,0,14,0,0,4049,8,3935,10658,3949,1,19528,8871,712,,1251,108816
9370909,1790876679,10637006986,5,4,0,0,4,0,0,4,0,0,3702,10,2797,7565,2802,1,15169,7605,232,,2832,118813
9370912,1790876729,10806536993,35,33,0,0,33,0,0,33,0,0,3913,8,2718,7430,2753,1,12211,4782,1624,,3786,138219
9370916,1790876792,10779598708,7,7,0,0,7,0,0,7,0,0,4015,6,2608,7056,2615,1,12962,5907,376,,3282,132319
9370920,1790876848,0,0,0,0,0,0,0,0,0,0,0,0,8,7,20,7,1,4067,4048,0,,0,0
9370926,1790876873,10830132716,8,7,0,0,7,0,0,7,0,0,4033,8,2870,7770,2878,1,12128,4359,376,,3039,132956
9370928,1790876923,0,0,0,0,0,0,0,0,0,0,0,0,12,8,23,8,1,4640,4618,0,,0,0
9370930,1790877066,0,0,0,0,0,0,0,0,0,0,0,0,4,3,9,3,1,10004,9996,0,,0,0
9370933,1790877153,10869653559,23,10,0,0,10,0,0,10,0,0,3817,4,3010,8187,3033,1,15500,7314,520,,4197,124532
9370935,1790877288,10318896452,108,7,0,0,7,0,0,7,0,0,3252,6,2507,7057,2615,1,12793,5737,376,,37077,140741
9370938,1790877289,10993416159,11,6,0,0,6,0,0,6,0,0,3744,4,2627,7120,2638,1,11190,4071,328,,4885,127715
9370939,1790877290,8049958779,11,8,0,0,8,0,0,8,0,0,3401,6,2541,6886,2552,1,11954,5069,424,,3070,115135
9370943,1790877377,0,0,0,0,0,0,0,0,0,0,0,0,2,2,7,2,1,7006,7000,0,,0,0
9370948,1790877415,10450312755,117,10,0,0,10,0,0,10,0,0,3571,8,2870,8061,2987,1,12278,4218,520,,11781,145879
9370949,1790877458,10554579741,6,4,0,0,4,0,0,4,0,0,3689,10,2649,7169,2655,1,12911,5743,232,,2838,125194
9370950,1790877503,10834571006,153,153,0,0,153,0,0,153,0,0,3930,2,2719,7752,2872,1,13208,5457,7384,,4359,183941
9370952,1790877550,0,0,0,0,0,0,0,0,0,0,0,0,2,1,4,1,1,4747,4744,0,,0,0
9370955,1790877596,10066833351,15,12,0,0,12,0,0,12,0,0,3611,4,2937,7969,2952,1,13340,5372,616,,3542,112429
9370957,1790877656,0,0,0,0,0,0,0,0,0,0,0,0,6,4,12,4,1,4902,4891,0,,0,0
9370960,1790877698,0,0,0,0,0,0,0,0,0,0,0,0,4,3,10,3,1,4474,4465,0,,0,0
9370962,1790877733,10680625248,59,45,0,0,45,0,0,45,0,0,3739,6,2577,7113,2636,1,11758,4646,2200,,5675,147462
9370965,1790877789,0,0,0,0,0,0,0,0,0,0,0,0,4,4,12,4,1,4194,4183,0,,0,0
9370968,1790877814,10892883482,11,11,0,0,11,0,0,11,0,0,4094,6,2923,7917,2934,1,12413,4497,568,,2990,133779
9370969,1790877854,10550069183,44,41,0,0,41,0,0,41,0,0,3866,6,3566,9741,3610,1,14378,4638,2008,,3389,131363
9370970,1790877888,10498483416,7,4,0,0,4,0,0,4,0,0,3569,2,3024,8180,3031,1,12952,4773,232,,3239,123852
9370973,1790877940,10877412261,34,19,0,0,19,0,0,19,0,0,3716,2,3058,8345,3092,1,13681,5337,952,,3576,127939
9370975,1790877982,10864143332,20,11,0,0,11,0,0,11,0,0,3813,6,3058,8308,3078,1,12381,4074,568,,7037,138651
9370977,1790878037,10881902901,9,8,0,0,8,0,0,8,0,0,4241,4,3302,8939,3311,1,14850,5912,424,,3615,129228
9370979,1790878082,10996530014,18,12,0,0,12,0,0,12,0,0,4003,4,3059,8301,3077,1,12653,4353,616,,6189,143070
9370982,1790878118,10988844352,8,7,0,0,7,0,0,7,0,0,4020,4,3627,9810,3635,1,13457,3648,376,,7753,285284
9370984,1790878159,10478979550,11,11,0,0,11,0,0,11,0,0,3869,6,3141,8505,3152,1,13283,4779,568,,5420,151455
9370986,1790878209,10486482128,104,99,0,0,99,0,0,99,0,0,3590,4,3245,9035,3349,1,13141,4107,4792,,4373,145888
9370991,1790878272,10707608713,30,21,0,0,21,0,0,21,0,0,4140,4,3959,10764,3989,1,15369,4606,1048,,5565,131641
9370993,1790878340,0,0,0,0,0,0,0,0,0,0,0,0,10,5,15,5,1,5898,5884,0,,0,0
9370996,1790878398,10296202383,15,10,0,0,10,0,0,10,0,0,4116,4,3918,10614,3933,1,17334,6721,520,,3106,114805
9370998,1790878448,10734713748,6,6,0,0,6,0,0,6,0,0,3954,6,3601,9731,3607,1,14368,4638,328,,1261,111212
9371001,1790878534,0,0,0,0,0,0,0,0,0,0,0,0,4,4,12,4,1,6732,6721,0,,0,0
9371004,1790878568,10566217334,35,22,1,2,23,0,0,23,1,0,3651,6,3257,8883,3292,1,13238,4356,1144,,4597,123416
9371005,1790878611,0,0,0,0,0,0,0,0,0,0,0,0,6,3,10,3,1,4900,4891,0,,0,0
9371007,1790878644,10729885078,33,16,0,0,16,0,0,16,0,0,3636,2,2651,7241,2684,1,11843,4603,808,,6894,136130
9371009,1790878694,10908859247,17,13,0,0,13,0,0,13,0,0,3795,4,3246,8806,3263,1,13440,4635,664,,2403,122283
9371010,1790878735,10972634246,8,7,0,0,7,0,0,7,0,0,3995,4,3622,9796,3630,1,14994,5199,376,,2899,123808
9371011,1790878858,0,0,0,0,0,0,0,0,0,0,0,0,2,2,7,2,1,9576,9570,0,,0,0
9371014,1790878942,10986713378,61,38,0,0,38,0,0,38,0,0,3989,2,3747,10279,3808,1,16320,6042,1864,,5024,138838
9371018,1790878974,10639012056,7,7,0,0,7,0,0,7,0,0,3981,6,3324,8989,3331,1,13203,4215,376,,2489,134127
9371021,1790879009,10977274658,14,8,0,0,8,0,0,8,0,0,3773,8,3116,8452,3130,1,12922,4471,424,,5889,133786
9371025,1790879053,0,0,0,0,0,0,0,0,0,0,0,0,6,5,15,5,1,4059,4045,0,,0,0
9371027,1790879150,10669679535,38,23,0,0,23,0,0,23,0,0,3664,8,2996,8190,3034,1,15368,7179,1144,,8052,138840
9371032,1790879191,10547971731,20,15,0,0,15,0,0,15,0,0,3669,4,3010,8179,3030,1,12249,4071,760,,3266,121931
9371033,1790879242,10993283485,19,12,0,0,12,0,0,12,0,0,3775,10,3026,8217,3045,1,13706,5490,616,,5055,128231
9371034,1790879285,0,0,0,0,0,0,0,0,0,0,0,0,2,2,7,2,1,5314,5308,0,,0,0
9371035,1790879324,10761336416,39,28,1,3,29,0,0,29,1,0,3729,2,2960,8095,2999,1,12867,4773,1432,,5416,132423
9371037,1790879361,10308511921,9,8,0,0,8,0,0,8,0,0,3636,2,2850,7717,2859,1,12239,4523,424,,2796,119435
9371043,1790879401,10336789928,35,30,0,0,30,0,0,30,0,0,3681,4,3047,8321,3082,1,12109,3789,1480,,3291,133127
9371044,1790879453,10808413976,137,14,0,0,14,0,0,14,0,0,3733,12,3043,8585,3180,1,15064,6480,712,,40518,360809
9371047,1790879520,10717337343,35,17,0,0,17,0,0,17,0,0,4497,2,4499,12232,4534,1,16722,4491,856,,7123,114879
9371050,1790879571,10699679412,11,11,0,0,11,0,0,11,0,0,4449,6,4455,12051,4466,1,16265,4215,568,,1185,104691
9371053,1790879625,10932417133,18,17,0,0,17,0,0,17,0,0,4611,6,4617,12507,4635,1,18131,5625,856,,1785,137287
9371056,1790879694,10312545192,9,8,0,0,8,0,0,8,0,0,3922,6,3688,9976,3697,1,15994,6019,424,,1872,110052
9371058,1790879739,10213695536,19,9,0,0,9,0,0,9,0,0,3911,6,3514,9537,3533,1,14568,5032,472,,4598,119682
9371061,1790879793,10679185900,19,13,0,0,13,0,0,13,0,0,3948,4,3362,9127,3381,1,14043,4917,664,,4442,131927
9371062,1790879866,10351403440,24,19,0,0,19,0,0,19,0,0,3967,6,3526,9579,3550,1,16895,7317,952,,7041,156417
9371064,1790879928,0,0,0,0,0,0,0,0,0,0,0,0,2,2,7,2,1,5737,5731,0,,0,0
9371067,1790879957,10996320123,12,11,0,0,11,0,0,11,0,0,4412,4,4322,11695,4334,1,14322,2628,568,,2040,111784
9371070,1790880059,10720479165,21,12,0,0,12,0,0,12,0,0,3927,6,3416,9276,3437,1,14025,4750,616,,6358,253023
9371072,1790880111,0,0,0,0,0,0,0,0,0,0,0,0,6,4,12,4,1,5325,5314,0,,0,1
9371073,1790880150,9736308926,112,6,0,0,6,0,0,6,0,0,2964,4,2565,7227,2677,1,12002,4776,328,,86655,270550
9371075,1790880208,0,0,0,0,0,0,0,0,0,0,0,0,2,2,7,2,1,4468,4462,0,,0,0
9371077,1790880252,27202598,9,9,0,0,9,0,0,9,0,0,3,4,5,39,14,1,4926,4888,472,,322,7447
9371078,1790880319,0,0,0,0,0,0,0,0,0,0,0,0,4,2,7,2,1,6022,6016,0,,0,0
9371081,1790880346,0,0,0,0,0,0,0,0,0,0,0,0,2,1,4,1,1,4183,4180,0,,0,0
9371084,1790880411,10286505813,31,14,0,0,14,0,0,14,0,0,3723,6,3218,8767,3249,1,13686,4920,712,,12744,167303
9371087,1790880446,10669571436,5,5,0,0,5,0,0,5,0,0,3777,6,2550,6894,2555,1,11390,4497,280,,2878,126099
9371089,1790880503,0,0,0,0,0,0,0,0,0,0,0,0,6,5,15,5,1,5328,5314,0,,0,0
9371091,1790880559,10900306984,24,22,0,0,22,0,0,22,0,0,4037,4,2680,7298,2704,1,13374,6077,1096,,4173,142909
9371093,1790880624,10785389833,23,12,0,0,12,0,0,12,0,0,3954,4,2704,7362,2727,1,12849,5488,616,,4748,132389
9371098,1790880657,10984726284,5,5,0,0,5,0,0,5,0,0,3968,4,2641,7141,2646,1,11211,4071,280,,2994,127318
9371102,1790880696,10965593342,50,6,0,0,6,0,0,6,0,0,3797,10,2550,7016,2600,1,11207,4192,328,,15410,138203
9371105,1790880759,0,0,0,0,0,0,0,0,0,0,0,0,8,5,15,5,1,4767,4753,0,,0,0
9371107,1790880796,10752676013,112,105,0,0,105,0,0,105,0,0,3749,6,2641,7431,2753,1,12209,4779,5080,,7541,159101
9371108,1790880836,0,0,0,0,0,0,0,0,0,0,0,0,4,4,12,4,1,4617,4606,0,,0,0
9371109,1790880879,10976517510,13,10,0,0,10,0,0,10,0,0,3924,2,2620,7107,2633,1,13119,6013,520,,4849,131412
9371112,1790880940,0,0,0,0,0,0,0,0,0,0,0,0,2,1,4,1,1,4324,4321,0,,0,0
9371115,1790880971,0,0,0,0,0,0,0,0,0,0,0,0,6,3,9,3,1,4194,4186,0,,0,0
9371117,1790881043,10734560484,25,21,0,0,21,0,0,21,0,0,3883,6,2649,7217,2674,1,11966,4750,1048,,5315,131111
9371118,1790881078,31471358,13,13,0,0,13,0,0,13,0,0,2,4,5,50,18,1,5642,5593,664,,141,4843
9371121,1790881143,10814059145,30,26,0,0,26,0,0,26,0,0,4031,2,2737,7467,2767,1,12803,5337,1288,,5393,137513
9371123,1790881186,10301683615,8,5,0,0,5,0,0,5,0,0,3707,6,2565,6942,2573,1,12457,5516,280,,3270,119100
9371125,1790881221,0,0,0,0,0,0,0,0,0,0,0,0,4,4,12,4,1,4617,4606,0,,0,0
9371128,1790881258,0,0,0,0,0,0,0,0,0,0,0,0,4,3,9,3,1,4332,4324,0,,0,0
9371129,1790881305,10996813247,124,18,0,0,18,0,0,18,0,0,3672,6,2627,7425,2751,1,13049,5625,904,,7431,162463
9371132,1790881343,10865798966,11,9,0,0,9,0,0,9,0,0,3935,2,2741,7430,2752,1,11920,4491,472,,3336,148052
9371137,1790881415,0,0,0,0,0,0,0,0,0,0,0,0,6,6,17,6,1,4625,4609,0,,0,0
9371139,1790881464,0,0,0,0,0,0,0,0,0,0,0,0,10,8,23,8,1,5342,5320,0,,0,0
9371141,1790881492,10941250693,22,11,0,0,11,0,0,11,0,0,3967,4,2926,7956,2948,1,12279,4324,568,,4132,142370
9371142,1790881528,22969838,5,5,0,0,5,0,0,5,0,0,4,4,7,34,12,1,4921,4888,280,,114,1981
9371145,1790881592,10847908579,35,15,0,0,15,0,0,15,0,0,3837,2,2911,7954,2946,1,12867,4914,760,,6929,132504
9371147,1790881635,9950190588,6,6,0,0,6,0,0,6,0,0,3605,6,2625,7102,2631,1,11992,4891,328,,2611,113184
9371150,1790881670,10727242226,10,6,0,0,6,0,0,6,0,0,3730,4,2520,6830,2530,1,11294,4465,328,,3099,122098
9371154,1790881716,0,0,0,0,0,0,0,0,0,0,0,0,6,2,7,2,1,4192,4186,0,,0,0
9371157,1790881823,0,0,0,0,0,0,0,0,0,0,0,0,8,7,20,7,1,8361,8342,0,,0,0
9371159,1790881860,10428340628,25,21,0,0,21,0,0,21,0,0,3674,6,2660,7245,2685,1,12164,4920,1048,,4687,152001
9371164,1790881898,10728168140,14,10,0,0,10,0,0,10,0,0,3937,4,2746,7451,2760,1,11380,3930,520,,4305,133377
9371170,1790881945,0,0,0,0,0,0,0,0,0,0,0,0,10,9,26,9,1,4781,4756,0,,0,0
9371171,1790882031,0,0,0,0,0,0,0,0,0,0,0,0,12,11,31,11,1,8173,8143,0,,0,0
9371173,1790882073,9891181534,29,26,0,0,26,0,0,26,0,0,3730,2,3415,9293,3444,1,13783,4491,1288,,3453,118383
9371175,1790882114,10742382248,10,7,0,0,7,0,0,7,0,0,3894,4,2623,7106,2633,1,11176,4071,376,,4597,134074
9371177,1790882162,0,0,0,0,0,0,0,0,0,0,0,0,4,3,9,3,1,4614,4606,0,,0,0
9371179,1790882197,0,0,0,0,0,0,0,0,0,0,0,0,4,3,10,3,1,4897,4888,0,,0,0
9371180,1790882249,0,0,0,0,0,0,0,0,0,0,0,0,4,1,4,1,1,4891,4888,0,,0,0
9371184,1790882271,10213686323,20,13,0,0,13,0,0,13,0,0,3789,2,3468,9415,3488,1,13312,3898,664,,3407,113673
9371188,1790882311,10540677796,25,23,0,0,23,0,0,23,0,0,3658,8,2996,8156,3021,1,12373,4218,1144,,2654,128688
9371189,1790882363,0,0,0,0,0,0,0,0,0,0,0,0,8,6,17,6,1,5929,5913,0,,0,0
9371191,1790882459,10801348339,64,43,0,0,43,0,0,43,0,0,3853,2,3242,8923,3306,1,15951,7029,2104,,3851,144457
9371193,1790882503,0,0,0,0,0,0,0,0,0,0,0,0,4,3,10,3,1,4333,4324,0,,0,0
9371196,1790882568,10492099370,14,11,0,0,11,0,0,11,0,0,4026,4,3328,9019,3342,1,14217,5199,568,,4063,130814
9371197,1790882619,0,0,0,0,0,0,0,0,0,0,0,0,6,5,15,5,1,5469,5455,0,,0,0
9371199,1790882650,10398307208,7,7,0,0,7,0,0,7,0,0,3669,2,2659,7197,2666,1,10849,3653,376,,2483,121595
9371202,1790882702,10904582374,25,23,0,0,23,0,0,23,0,0,3943,4,2941,8004,2966,1,12497,4494,1144,,3480,132367
9371204,1790882746,10931335474,23,8,0,0,8,0,0,8,0,0,3816,6,2625,7147,2648,1,12771,5625,424,,4564,132154
9371208,1790882786,10944619705,113,11,0,0,11,0,0,11,0,0,4023,4,3396,9470,3509,1,13258,3789,568,,13639,148645
9371210,1790882826,10369369628,9,9,0,0,9,0,0,9,0,0,3652,8,2532,6857,2541,1,11609,4753,472,,2455,118458
9371213,1790882867,10747865821,12,9,0,0,9,0,0,9,0,0,3957,4,2570,6969,2582,1,11462,4494,472,,4971,131691
9371219,1790882904,23872530,7,7,0,0,7,0,0,7,0,0,3,6,5,34,12,1,4078,4045,376,,122,2711
9371220,1790882939,0,0,0,0,0,0,0,0,0,0,0,0,12,9,26,9,1,5662,5637,0,,0,0
9371221,1790882970,10610623450,25,19,0,0,19,0,0,19,0,0,4157,2,4084,11089,4109,1,14628,3540,952,,2763,111354
9371223,1790883020,0,0,0,0,0,0,0,0,0,0,0,0,2,2,7,2,1,4891,4885,0,,0,0
9371226,1790883061,0,0,0,0,0,0,0,0,0,0,0,0,4,2,7,2,1,3766,3760,0,,0,0
9371227,1790883103,10929529664,22,14,0,0,14,0,0,14,0,0,4242,6,3539,9609,3561,1,15092,5484,712,,3770,130097
9371231,1790883158,10346879968,97,90,0,0,90,0,0,90,0,0,3778,2,3048,8488,3145,1,12837,4350,4360,,4738,175035
9371234,1790883196,10790778108,10,10,0,0,10,0,0,10,0,0,4021,8,3228,8738,3238,1,12830,4093,520,,2346,127844
9371237,1790883255,0,0,0,0,0,0,0,0,0,0,0,0,6,3,9,3,1,5040,5032,0,,0,0
9371238,1790883316,10986431892,15,15,0,0,15,0,0,15,0,0,4258,6,4098,11098,4113,1,17850,6753,760,,1314,112937
9371242,1790883358,10906206790,133,18,0,0,18,0,0,18,0,0,3697,2,2516,7151,2649,1,11359,4209,904,,7771,163570
9371243,1790883408,10873672378,13,13,0,0,13,0,0,13,0,0,3876,8,2864,7765,2877,1,12546,4782,664,,2308,123597
9371245,1790883434,10430756956,6,6,0,0,6,0,0,6,0,0,4413,2,4415,11931,4421,1,15998,4068,328,,954,98639
9371248,1790883510,8951700574,9,8,0,0,8,0,0,8,0,0,3821,4,3131,8473,3140,1,11705,3233,424,,2406,115935
9371249,1790883570,9721753748,18,18,0,0,18,0,0,18,0,0,4218,6,4223,11447,4241,1,17146,5700,904,,1074,95937
9371251,1790883607,0,0,0,0,0,0,0,0,0,0,0,0,2,1,4,1,1,4465,4462,0,,0,0
9371252,1790883646,10314190753,12,6,0,0,6,0,0,6,0,0,4167,4,4167,11276,4179,1,16192,4917,328,,1911,102613
9371253,1790883695,0,0,0,0,0,0,0,0,0,0,0,0,2,2,7,2,1,4891,4885,0,,0,0
9371261,1790883722,10619085758,15,11,0,0,11,0,0,11,0,0,4078,2,3914,10604,3929,1,13966,3363,568,,2052,110727
9371266,1790883809,0,0,0,0,0,0,0,0,0,0,0,0,16,10,28,10,1,6484,6457,0,,0,0
9371267,1790883858,9458736174,15,14,0,0,14,0,0,14,0,0,4075,10,3840,10402,3855,1,16878,6477,712,,2083,111071
9371269,1790883917,0,0,0,0,0,0,0,0,0,0,0,0,2,2,7,2,1,4186,4180,0,,0,0
9371270,1790883933,10019204486,18,9,0,0,9,0,0,9,0,0,3719,4,3163,8585,3181,1,12937,4353,472,,3456,111111
9371273,1790883983,10012079907,8,6,0,0,6,0,0,6,0,0,3894,2,3606,9752,3614,1,14101,4350,328,,3119,110190
9371277,1790884032,0,0,0,0,0,0,0,0,0,0,0,0,6,6,18,6,1,4344,4327,0,,0,0
9371280,1790884074,10749812109,32,26,0,0,26,0,0,26,0,0,4446,8,4446,12082,4478,1,17286,5205,1288,,4770,118125
9371283,1790884111,10328923339,8,6,0,0,6,0,0,6,0,0,3706,6,3082,8340,3090,1,12272,3933,328,,2424,112681
9371288,1790884168,10553368473,124,16,0,0,16,0,0,16,0,0,3669,6,3060,8593,3184,1,12843,4251,808,,9424,168492
9371290,1790884218,0,0,0,0,0,0,0,0,0,0,0,0,10,3,9,3,1,5469,5461,0,,0,0
9371295,1790884256,0,0,0,0,0,0,0,0,0,0,0,0,4,1,4,1,1,3763,3760,0,,0,0
9371297,1790884335,10660596711,51,34,0,0,34,0,0,34,0,0,3832,10,3191,8751,3242,1,15621,6871,1672,,7233,134361
9371301,1790884366,10526349222,88,8,0,0,8,0,0,8,0,0,3467,4,2550,7119,2638,1,11442,4324,424,,8803,144696
9371302,1790884402,10923777812,14,11,0,0,11,0,0,11,0,0,3893,8,2563,6956,2577,1,12583,5628,568,,4787,131417
9371307,1790884447,10678285450,13,9,0,0,9,0,0,9,0,0,3737,2,2457,6665,2470,1,11437,4773,472,,4334,124949
9371309,1790884480,10515787547,22,20,0,0,20,0,0,20,0,0,3937,10,2542,6921,2564,1,12128,5208,1000,,4003,135572
9371310,1790884559,10931125167,17,11,0,0,11,0,0,11,0,0,4098,4,2769,7516,2786,1,12996,5481,568,,4431,141682
9371311,1790884586,10691788321,14,11,0,0,11,0,0,11,0,0,3941,2,2609,7075,2623,1,11565,4491,568,,4278,139510
9371315,1790884676,0,0,0,0,0,0,0,0,0,0,0,0,2,2,7,2,1,5878,5872,0,,0,0
9371316,1790884700,10618706498,219,10,0,0,10,0,0,10,0,0,2452,8,1889,5690,2108,1,10894,5205,520,,88247,171163
9371320,1790884748,10546502982,11,9,0,0,9,0,0,9,0,0,3819,2,2676,7252,2687,1,10791,3540,472,,3718,128376
9371322,1790884790,10915192179,15,13,0,0,13,0,0,13,0,0,3839,8,2558,6942,2573,1,11300,4359,664,,3450,126889
9371323,1790884843,0,0,0,0,0,0,0,0,0,0,0,0,4,3,9,3,1,5742,5734,0,,0,0
9371325,1790884899,0,0,0,0,0,0,0,0,0,0,0,0,2,1,4,1,1,4888,4885,0,,0,0
9371327,1790884969,10113578911,123,14,0,0,14,0,0,14,0,0,3013,4,2272,6464,2395,1,13354,6891,712,,35475,131290
9371329,1790885007,0,0,0,0,0,0,0,0,0,0,0,0,4,3,10,3,1,4192,4183,0,,0,0
9371330,1790885036,0,0,0,0,0,0,0,0,0,0,0,0,4,2,7,2,1,4471,4465,0,,0,0
9371334,1790885067,10751288808,18,12,0,0,12,0,0,12,0,0,3759,2,2572,6988,2590,1,11055,4068,616,,4241,127005
9371337,1790885117,10181934318,24,22,0,0,22,0,0,22,0,0,3690,8,2883,7846,2907,1,12345,4500,1096,,3852,124794
9371341,1790885166,10997795741,115,9,0,0,9,0,0,9,0,0,3414,6,2481,7008,2596,1,11363,4356,472,,35607,142246
9371342,1790885207,10572802324,6,6,0,0,6,0,0,6,0,0,3705,8,2782,7526,2788,1,13124,5599,328,,2163,114424
9371344,1790885260,10834696688,17,17,0,0,17,0,0,17,0,0,4258,2,4161,11274,4178,1,15341,4068,856,,1363,110861
9371349,1790885315,0,0,0,0,0,0,0,0,0,0,0,0,4,3,10,3,1,4615,4606,0,,0,0
9371352,1790885342,10486769686,14,12,0,0,12,0,0,12,0,0,3914,10,3205,8691,3219,1,12455,3765,616,,3208,126772
9371355,1790885432,9601322199,18,10,0,0,10,0,0,10,0,0,3487,6,2642,7179,2660,1,14072,6894,520,,4411,117728
9371358,1790885472,0,0,0,0,0,0,0,0,0,0,0,0,6,4,12,4,1,4338,4327,0,,0,0
9371361,1790885541,0,0,0,0,0,0,0,0,0,0,0,0,6,3,9,3,1,5886,5878,0,,0,0
9371364,1790885593,0,0,0,0,0,0,0,0,0,0,0,0,6,3,9,3,1,4617,4609,0,,0,0
9371368,1790885626,10508978176,53,29,0,0,29,0,0,29,0,0,3838,6,2891,7945,2944,1,12018,4074,1432,,5071,133527
9371372,1790885685,0,0,0,0,0,0,0,0,0,0,0,0,8,5,15,5,1,5190,5176,0,,0,0
9371375,1790885739,9887866245,24,12,0,0,12,0,0,12,0,0,3544,8,2951,8029,2975,1,13768,5740,616,,12059,346059
9371382,1790885781,10751409419,11,9,0,0,9,0,0,9,0,0,3787,6,2792,7566,2803,1,11639,4074,472,,4196,122484
9371384,1790885820,10945484395,29,26,0,0,26,0,0,26,0,0,3756,14,2543,6943,2572,1,12015,5073,1288,,2901,129397
9371386,1790885878,10595708766,12,9,0,0,9,0,0,9,0,0,3852,4,2691,7298,2703,1,12044,4747,472,,4452,233531
9371389,1790885929,0,0,0,0,0,0,0,0,0,0,0,0,4,2,7,2,1,5349,5343,0,,0,0
9371391,1790885976,0,0,0,0,0,0,0,0,0,0,0,0,6,3,9,3,1,4230,4222,0,,0,0
9371394,1790886008,10737309864,9,7,0,0,7,0,0,7,0,0,3958,4,2709,7337,2718,1,11942,4606,376,,9222,210395
9371396,1790886071,0,0,0,0,0,0,0,0,0,0,0,0,6,4,12,4,1,5325,5314,0,,0,0
9371400,1790886152,0,0,0,0,0,0,0,0,0,0,0,0,4,3,10,3,1,6166,6157,0,,0,0
9371403,1790886214,10925566495,31,23,0,0,23,0,0,23,0,0,3729,8,2928,7984,2959,1,14598,6615,1144,,5986,139635
9371404,1790886255,9968790465,9,7,0,0,7,0,0,7,0,0,3722,6,2637,7141,2646,1,12201,5061,376,,4021,141190
9371407,1790886294,10921546676,22,13,0,0,13,0,0,13,0,0,3981,2,2931,7969,2953,1,12430,4462,664,,6850,148863
9371410,1790886401,10968883000,30,17,0,0,17,0,0,17,0,0,4229,6,3649,9927,3679,1,17807,7881,856,,5055,131290
9371413,1790886446,10765501690,16,10,0,0,10,0,0,10,0,0,3827,6,3029,8216,3045,1,12542,4327,520,,3696,120436
9371414,1790886514,10659069226,32,32,0,0,32,0,0,32,0,0,4097,6,3639,9915,3671,1,17545,7631,1576,,2678,123607
9371415,1790886558,10963258964,7,7,0,0,7,0,0,7,0,0,3903,2,2752,7448,2759,1,11240,3793,376,,2588,127349
9371417,1790886594,0,0,0,0,0,0,0,0,0,0,0,0,2,1,4,1,1,3760,3757,0,,0,0
9371422,1790886640,0,0,0,0,0,0,0,0,0,0,0,0,4,3,10,3,1,4615,4606,0,,0,0
9371425,1790886670,0,0,0,0,0,0,0,0,0,0,0,0,10,3,10,3,1,4201,4192,0,,0,0
9371427,1790886724,0,0,0,0,0,0,0,0,0,0,0,0,6,3,10,3,1,5041,5032,0,,0,0
9371431,1790886771,10190436172,80,13,0,0,13,0,0,13,0,0,3723,4,3356,9273,3436,1,13173,3901,664,,6955,127277
9371432,1790886835,9674282108,9,9,0,0,9,0,0,9,0,0,3578,8,3111,8420,3120,1,14731,6312,472,,1742,106252
9371433,1790886885,10836161595,33,31,0,0,31,0,0,31,0,0,4004,2,2993,8170,3026,1,13365,5196,1528,,3929,133093
9371437,1790886940,0,0,0,0,0,0,0,0,0,0,0,0,2,2,7,2,1,4045,4039,0,,0,0
9371439,1790886971,10766302068,9,6,0,0,6,0,0,6,0,0,3841,8,2634,7132,2643,1,11631,4500,328,,4512,125097
9371443,1790887033,10769509013,10,9,0,0,9,0,0,9,0,0,4029,4,2870,7776,2880,1,12381,4606,472,,3971,128367
9371446,1790887072,10490748713,15,10,0,0,10,0,0,10,0,0,3984,8,3094,8393,3109,1,12892,4500,520,,4490,130054
9371450,1790887115,10505929472,13,12,0,0,12,0,0,12,0,0,3849,6,2517,6829,2530,1,11195,4367,616,,3994,128773
9371453,1790887155,10733746957,9,8,0,0,8,0,0,8,0,0,3853,8,2734,7402,2743,1,11373,3972,424,,3433,123282
9371457,1790887201,0,0,0,0,0,0,0,0,0,0,0,0,6,5,15,5,1,4482,4468,0,,0,0
9371460,1790887234,10489407927,128,27,0,0,27,0,0,27,0,0,3079,8,2244,6401,2372,1,10900,4500,1336,,35466,138796
9371462,1790887272,0,0,0,0,0,0,0,0,0,0,0,0,6,4,12,4,1,4479,4468,0,,0,0
9371465,1790887392,10956099937,24,22,0,0,22,0,0,22,0,0,3942,4,2655,7231,2679,1,16236,9006,1096,,4052,135242
9371472,1790887445,10255128558,268,166,0,0,166,0,0,166,0,0,3027,6,2277,6867,2545,1,11475,4609,8008,,105329,457309
9371475,1790887501,10556181741,8,7,0,0,7,0,0,7,0,0,3805,14,2718,7356,2726,1,12710,5355,376,,3730,123902
9371477,1790887548,10609804674,14,6,0,0,6,0,0,6,0,0,3579,6,2637,7155,2651,1,11651,4497,328,,2666,119794
9371482,1790887598,0,0,0,0,0,0,0,0,0,0,0,0,4,4,12,4,1,4053,4042,0,,0,0
9371487,1790887623,10912086976,12,12,0,0,12,0,0,12,0,0,4029,10,3554,9623,3566,1,13673,4051,616,,1580,116947
9371491,1790887682,0,0,0,0,0,0,0,0,0,0,0,0,10,8,23,8,1,5060,5038,0,,0,0
9371495,1790887728,10790677131,12,10,0,0,10,0,0,10,0,0,4069,8,2886,7822,2898,1,12635,4814,520,,5359,134261
9371498,1790887769,10723904272,35,33,0,0,33,0,0,33,0,0,3830,8,2710,7406,2745,1,12187,4782,1624,,4138,134660
9371500,1790887852,10607934279,25,9,0,0,9,0,0,9,0,0,3897,6,2855,7771,2880,1,14241,6471,472,,4975,128648
9371502,1790887898,10455571392,12,8,0,0,8,0,0,8,0,0,3665,4,2668,7232,2680,1,12260,5029,424,,3073,122419
9371505,1790887962,10744806308,11,11,0,0,11,0,0,11,0,0,3882,4,2877,7795,2888,1,12147,4353,568,,2394,125967
9371509,1790888015,10798712276,9,9,0,0,9,0,0,9,0,0,4095,6,3048,8248,3057,1,13279,5032,472,,3284,131728
9371512,1790888083,10952651220,25,25,0,0,25,0,0,25,0,0,4129,8,3700,10051,3725,1,15819,5769,1240,,1818,120159
9371514,1790888122,10992384086,16,11,0,0,11,0,0,11,0,0,4191,6,2643,7176,2659,1,11390,4215,568,,5367,138255
9371517,1790888180,0,0,0,0,0,0,0,0,0,0,0,0,4,3,10,3,1,5320,5311,0,,0,0
9371520,1790888276,10755984136,13,9,0,0,9,0,0,9,0,0,3830,6,2960,8025,2973,1,15200,7176,472,,2984,119366
9371522,1790888313,0,0,0,0,0,0,0,0,0,0,0,0,6,5,15,5,1,4969,4955,0,,0,0
9371525,1790888359,10627266503,22,19,0,0,19,0,0,19,0,0,3875,4,2879,7828,2901,1,12039,4212,952,,4191,126920
9371529,1790888399,10691629918,7,6,0,0,6,0,0,6,0,0,3992,6,2621,7091,2628,1,11587,4497,328,,3891,129551
9371530,1790888473,0,0,0,0,0,0,0,0,0,0,0,0,8,8,23,8,1,7031,7009,0,,0,0
9371532,1790888509,0,0,0,0,0,0,0,0,0,0,0,0,2,1,4,1,1,4324,4321,0,,0,0
9371534,1790888552,10526352167,16,12,0,0,12,0,0,12,0,0,3923,4,3441,9328,3457,1,13821,4494,616,,3603,117057
9371536,1790888596,10356163124,11,11,0,0,11,0,0,11,0,0,3824,4,3100,8394,3111,1,12576,4183,568,,2448,114557
9371538,1790888632,10438432738,14,14,0,0,14,0,0,14,0,0,3703,4,2496,6775,2510,1,11239,4465,712,,2929,122195
9371539,1790888684,0,0,0,0,0,0,0,0,0,0,0,0,4,2,7,2,1,5881,5875,0,,0,0
9371541,1790888726,10528245198,12,8,0,0,8,0,0,8,0,0,3732,2,2819,7639,2831,1,11847,4209,424,,3221,121572
9371545,1790888797,10933386482,18,18,1,9,19,0,0,19,1,0,3928,4,2694,7321,2712,1,12772,5452,952,,3299,128463
9371548,1790888875,0,0,0,0,0,0,0,0,0,0,0,0,8,6,18,6,1,6180,6163,0,,0,0
9371550,1790888917,10548993911,14,9,0,0,9,0,0,9,0,0,3930,6,2736,7423,2750,1,10899,3477,472,,5015,131190
9371556,1790889021,0,0,0,0,0,0,0,0,0,0,0,0,4,4,12,4,1,7014,7003,0,,0,0
9371559,1790889050,10913450420,24,19,0,0,19,0,0,19,0,0,3908,12,2572,7007,2596,1,11089,4083,952,,5030,133485
9371560,1790889090,10569185178,18,10,0,0,10,0,0,10,0,0,3665,6,2690,7310,2708,1,12341,5032,520,,2857,119689
9371565,1790889230,0,0,0,0,0,0,0,0,0,0,0,0,2,1,4,1,1,8695,8692,0,,0,0
9371567,1790889272,10281925467,92,88,1,73,89,0,0,89,1,0,3641,10,2497,6986,2589,1,12193,5208,4312,,5302,154025
9371569,1790889311,0,0,0,0,0,0,0,0,0,0,0,0,4,3,10,3,1,4756,4747,0,,0,0
9371571,1790889350,10188187441,52,43,0,0,43,0,0,43,0,0,3490,4,2661,7322,2713,1,11815,4494,2104,,5946,128817
9371574,1790889403,10317353516,25,24,0,0,24,0,0,24,0,0,3652,4,2484,6773,2509,1,11942,5170,1192,,3760,132565
9371576,1790889457,9566389012,6,6,0,0,6,0,0,6,0,0,3301,6,2582,6983,2588,1,12184,5202,328,,1645,107384
9371579,1790889514,0,0,0,0,0,0,0,0,0,0,0,0,4,3,10,3,1,3454,3445,0,,0,0
9371583,1790889546,10148517040,8,8,0,0,8,0,0,8,0,0,3804,6,2723,7371,2731,1,11133,3763,424,,2934,121514
9371586,1790889596,0,0,0,0,0,0,0,0,0,0,0,0,8,6,18,6,1,5052,5035,0,,0,0
9371588,1790889645,0,0,0,0,0,0,0,0,0,0,0,0,6,3,10,3,1,5182,5173,0,,0,0
9371589,1790889690,10899584221,109,6,0,0,6,0,0,6,0,0,3464,4,2509,7063,2618,1,11838,4776,328,,35971,144264
9371590,1790889742,31435356,13,13,0,0,13,0,0,13,0,0,2,2,4,47,17,1,5495,5449,664,,142,4857
9371592,1790889770,10249351820,9,9,0,0,9,0,0,9,0,0,3845,2,2915,7890,2924,1,11534,3645,472,,2533,121266
9371595,1790889823,0,0,0,0,0,0,0,0,0,0,0,0,4,3,9,3,1,4050,4042,0,,0,0
9371596,1790889854,10476165482,8,8,0,0,8,0,0,8,0,0,3737,6,3039,8221,3047,1,13393,5173,424,,1840,130442
9371597,1790889881,10773143363,10,8,0,0,8,0,0,8,0,0,4016,2,2657,7194,2667,1,11825,4632,424,,4380,134683
9371599,1790889933,10447491868,19,7,0,0,7,0,0,7,0,0,3676,2,2780,7555,2799,1,12609,5055,376,,3549,133085
9371602,1790889973,0,0,0,0,0,0,0,0,0,0,0,0,4,3,9,3,1,4050,4042,0,,0,0
9371604,1790890009,0,0,0,0,0,0,0,0,0,0,0,0,6,3,10,3,1,4900,4891,0,,0,0
9371605,1790890042,10858585394,17,14,0,0,14,0,0,14,0,0,4166,4,3551,9630,3568,1,14658,5029,712,,3346,129655
9371607,1790890128,10396697306,107,7,0,0,7,0,0,7,0,0,3231,2,2717,7621,2824,1,13130,5510,376,,34644,130958
9371613,1790890186,10816146642,9,9,0,0,9,0,0,9,0,0,3803,4,2891,7829,2900,1,11476,3648,472,,1920,118555
9371616,1790890253,0,0,0,0,0,0,0,0,0,0,0,0,12,7,20,7,1,6470,6451,0,,0,0
9371620,1790890335,10811133851,45,37,0,0,37,0,0,37,0,0,4008,6,3030,8300,3075,1,11921,3622,1816,,5426,140226
9371621,1790890438,10706851587,12,10,0,0,10,0,0,10,0,0,3956,8,3262,8841,3274,1,13763,4923,520,,3062,121248
9371622,1790890489,0,0,0,0,0,0,0,0,0,0,0,0,2,2,7,2,1,5878,5872,0,,0,0
9371625,1790890593,9946495984,15,12,0,0,12,0,0,12,0,0,3588,2,3052,8279,3067,1,15025,6747,616,,3125,112757
9371626,1790890623,10921130260,4,4,0,0,4,0,0,4,0,0,3754,6,2560,6918,2564,1,11696,4779,232,,2014,125764
9371630,1790890675,0,0,0,0,0,0,0,0,0,0,0,0,2,2,7,2,1,4609,4603,0,,0,0
9371633,1790890713,10884436566,31,29,0,0,29,0,0,29,0,0,3914,8,2716,7412,2747,1,11911,4500,1432,,4087,161836
9371636,1790890776,9978650635,11,10,0,0,10,0,0,10,0,0,3831,6,3248,8793,3259,1,15013,6221,520,,9139,267730
9371639,1790890827,10554943784,9,5,0,0,5,0,0,5,0,0,3600,6,2540,6878,2549,1,10951,4074,280,,4427,126502
9371642,1790890853,0,0,0,0,0,0,0,0,0,0,0,0,6,6,18,6,1,4767,4750,0,,0,0
9371648,1790890890,10520767113,8,7,0,0,7,0,0,7,0,0,3834,6,2711,7340,2719,1,11272,3933,376,,3804,127260
9371651,1790890943,10567539368,11,10,0,0,10,0,0,10,0,0,4009,12,2703,7323,2714,1,12533,5211,520,,3554,132093
9371654,1790890990,10709408931,8,6,0,0,6,0,0,6,0,0,3999,6,3587,9698,3595,1,13912,4215,328,,2240,114967
9371655,1790891072,34825422,15,15,0,0,15,0,0,15,0,0,2,6,6,58,21,1,8050,7993,760,,170,5847
9371658,1790891100,10870537553,15,13,0,0,13,0,0,13,0,0,4062,2,2981,8085,2996,1,11700,3616,664,,4609,131970
9371660,1790891151,0,0,0,0,0,0,0,0,0,0,0,0,6,3,9,3,1,4899,4891,0,,0,0
9371661,1790891200,10412594086,22,10,0,0,10,0,0,10,0,0,3728,4,2978,8096,3000,1,13584,5489,520,,3176,118068
9371667,1790891250,10365760616,5,5,0,0,5,0,0,5,0,0,3832,2,3068,8297,3073,1,12364,4068,280,,2356,115532
9371670,1790891315,10085829816,27,25,0,0,25,0,0,25,0,0,3511,12,2456,6701,2483,1,11741,5041,1240,,4098,123547
9371673,1790891363,10855999652,8,8,0,0,8,0,0,8,0,0,4018,6,2886,7812,2894,1,12590,4779,424,,2925,128654
9371675,1790891476,10977699588,22,13,0,0,13,0,0,13,0,0,4053,6,3677,9981,3699,1,19137,9157,664,,3417,120416
9371679,1790891530,10472713052,5,5,0,0,5,0,0,5,0,0,4052,4,3872,10464,3877,1,14928,4465,280,,1234,105419
9371682,1790891571,10688043899,10,8,0,0,8,0,0,8,0,0,4063,8,3243,8778,3253,1,13136,4359,424,,3203,124440
9371685,1790891614,10423167443,13,11,0,0,11,0,0,11,0,0,3921,6,3484,9437,3497,1,13792,4356,568,,3126,112101
9371688,1790891671,0,0,0,0,0,0,0,0,0,0,0,0,6,5,15,5,1,4200,4186,0,,0,0
9371690,1790891709,10938992043,13,9,0,0,9,0,0,9,0,0,4076,6,3389,9179,3402,1,13816,4638,472,,3788,123439
9371692,1790891753,10516364935,50,42,0,0,42,0,0,42,0,0,3817,4,3119,8555,3169,1,13865,5311,2056,,5539,135259
9371694,1790891866,10521836208,15,14,0,0,14,0,0,14,0,0,4008,4,3352,9089,3367,1,16261,7173,712,,2441,165430
9371699,1790891920,10781990797,28,25,0,0,25,0,0,25,0,0,3804,4,2885,7862,2913,1,12326,4465,1240,,3927,129035
9371703,1790891961,10075100036,18,18,0,0,18,0,0,18,0,0,3640,10,2862,7775,2880,1,12277,4503,904,,2176,118001
9371706,1790891992,10865585334,16,12,0,0,12,0,0,12,0,0,3987,8,3178,8620,3194,1,12703,4084,616,,3080,121075
9371707,1790892073,0,0,0,0,0,0,0,0,0,0,0,0,6,5,15,5,1,7302,7288,0,,0,0
9371711,1790892127,0,0,0,0,0,0,0,0,0,0,0,0,2,1,4,1,1,4183,4180,0,,0,0
9371713,1790892152,10690047215,38,19,0,0,19,0,0,19,0,0,3977,8,3329,9089,3367,1,13870,4782,952,,5135,129661
9371715,1790892195,10585895244,7,7,0,0,7,0,0,7,0,0,3826,4,2833,7666,2840,1,11707,4042,376,,2465,124029
9371718,1790892250,0,0,0,0,0,0,0,0,0,0,0,0,4,2,7,2,1,4189,4183,0,,0,0
9371722,1790892289,10808704860,8,8,0,0,8,0,0,8,0,0,3992,6,2990,8089,2998,1,13008,4920,424,,2793,123488
9371725,1790892358,10912081422,36,28,0,0,28,0,0,28,0,0,4105,8,3821,10411,3857,1,15445,5035,1384,,2513,126247
9371728,1790892387,10555790508,5,5,0,0,5,0,0,5,0,0,3601,6,2488,6727,2493,1,10941,4215,280,,2310,121408
9371730,1790892436,10885648540,7,7,0,0,7,0,0,7,0,0,4082,6,2634,7128,2641,1,11765,4638,376,,3514,135420
9371731,1790892480,0,0,0,0,0,0,0,0,0,0,0,0,4,4,12,4,1,5322,5311,0,,0,0
9371732,1790892504,10295531806,11,10,0,0,10,0,0,10,0,0,3814,2,3003,8137,3014,1,12627,4491,520,,3574,118887
9371735,1790892561,9674355876,12,12,0,0,12,0,0,12,0,0,3754,2,3557,9630,3569,1,14293,4664,616,,1860,104610
9371738,1790892597,10389150038,9,8,0,0,8,0,0,8,0,0,3733,6,2870,7770,2879,1,11879,4110,424,,2802,120552
9371740,1790892662,34789420,15,15,0,0,15,0,0,15,0,0,2,6,8,63,23,1,4671,4609,760,,161,5597
9371743,1790892699,10518141293,19,17,0,0,17,0,0,17,0,0,4067,4,3689,10010,3708,1,14474,4465,856,,3135,116113
9371745,1790892759,0,0,0,0,0,0,0,0,0,0,0,0,6,4,12,4,1,4761,4750,0,,0,0
9371747,1790892798,10429686290,36,34,0,0,34,0,0,34,0,0,3695,4,2986,8157,3022,1,12791,4635,1672,,2944,124024
9371750,1790892851,9709563283,10,8,0,0,8,0,0,8,0,0,3400,4,2804,7597,2814,1,11824,4228,424,,1509,106081
9371754,1790892910,10524138689,108,6,0,0,6,0,0,6,0,0,3394,6,2730,7657,2838,1,11560,3904,328,,34434,136375
9371758,1790892946,10872020730,16,8,0,0,8,0,0,8,0,0,4005,8,2609,7083,2625,1,11723,4641,424,,4670,131361
9371760,1790892995,10944632548,7,7,0,0,7,0,0,7,0,0,3982,8,3022,8173,3029,1,13066,4894,376,,2416,122029
9371763,1790893090,0,0,0,0,0,0,0,0,0,0,0,0,4,3,9,3,1,6588,6580,0,,0,0
9371765,1790893169,10567902289,20,16,0,0,16,0,0,16,0,0,3892,6,2900,7881,2920,1,14383,6503,808,,4941,132482
9371768,1790893203,0,0,0,0,0,0,0,0,0,0,0,0,4,3,9,3,1,4896,4888,0,,0,0
9371771,1790893238,10909241154,15,11,0,0,11,0,0,11,0,0,3996,6,2936,7965,2951,1,12038,4074,568,,3610,129196
9371772,1790893286,10917245262,5,4,0,0,4,0,0,4,0,0,3703,6,2569,6946,2574,1,12429,5484,232,,2801,122841
9371775,1790893324,0,0,0,0,0,0,0,0,0,0,0,0,2,2,7,2,1,4186,4180,0,,0,0
9371778,1790893364,10931215066,262,162,0,0,162,0,0,162,0,0,3508,6,3031,8887,3293,1,13354,4468,7816,,35325,189763
9371780,1790893431,9547926558,8,7,0,0,7,0,0,7,0,0,3467,6,2779,7522,2787,1,13258,5737,376,,3315,125143
9371782,1790893464,10223905000,10,9,0,0,9,0,0,9,0,0,3785,4,2832,7671,2842,1,12276,4606,472,,2572,126465
9371785,1790893508,10755159214,8,7,0,0,7,0,0,7,0,0,3843,4,2698,7303,2706,1,11062,3760,376,,4099,125063
9371789,1790893548,0,0,0,0,0,0,0,0,0,0,0,0,6,5,15,5,1,4482,4468,0,,0,0
9371793,1790893586,10536009198,22,18,0,0,18,0,0,18,0,0,3988,8,3165,8602,3187,1,12931,4330,904,,3836,129491
9371796,1790893627,10702311512,60,5,0,0,5,0,0,5,0,0,3840,8,2681,7399,2741,1,11898,4500,280,,4238,111776
9371800,1790893681,10975388068,7,7,0,0,7,0,0,7,0,0,3822,6,2955,7994,2962,1,12602,4609,376,,1927,132343
9371801,1790893762,10548209804,10,10,0,0,10,0,0,10,0,0,3979,8,3438,9307,3448,1,15743,6437,520,,2402,122244
9371803,1790893814,0,0,0,0,0,0,0,0,0,0,0,0,2,2,7,2,1,3622,3616,0,,0,0
9371804,1790893860,31985330,9,9,0,0,9,0,0,9,0,0,5,4,5,39,14,1,5631,5593,472,,147,3695
9371805,1790893890,10758360050,36,31,2,10,33,0,0,33,2,0,4176,2,3624,9876,3660,1,15071,5196,1624,,4394,135424
9371809,1790893927,0,0,0,0,0,0,0,0,0,0,0,0,2,2,7,2,1,4045,4039,0,,0,0
9371812,1790893967,10311207756,7,7,0,0,7,0,0,7,0,0,3755,8,2816,7618,2823,1,11694,4077,376,,2662,120388
9371813,1790894017,0,0,0,0,0,0,0,0,0,0,0,0,6,4,12,4,1,5184,5173,0,,0,0
9371818,1790894066,10571115355,16,13,0,0,13,0,0,13,0,0,3858,2,3292,8926,3308,1,12993,4068,664,,3426,116615
9371821,1790894101,10886401676,16,16,0,0,16,0,0,16,0,0,3980,10,2663,7229,2679,1,11449,4221,808,,2931,135202
9371823,1790894165,10738071255,21,10,0,0,10,0,0,10,0,0,3741,6,2784,7571,2805,1,11362,3792,520,,4092,123601
9371829,1790894184,0,0,0,0,0,0,0,0,0,0,0,0,4,3,10,3,1,4051,4042,0,,0,0
9371830,1790894230,10861859706,8,7,1,2,8,0,0,8,1,0,3899,12,2767,7494,2775,1,12845,5352,424,,3610,125016
9371832,1790894297,10879431276,9,9,0,0,9,0,0,9,0,0,4133,2,3150,8527,3159,1,13017,4491,472,,2672,128122
9371833,1790894383,10727958078,21,21,0,0,21,0,0,21,0,0,3965,4,2633,7161,2654,1,14203,7043,1048,,3251,134329
9371835,1790894441,10291071469,16,10,0,0,10,0,0,10,0,0,3755,2,3131,8495,3147,1,13690,5196,520,,2884,117546
9371836,1790894477,10597204127,36,5,0,0,5,0,0,5,0,0,3829,4,2601,7115,2637,1,12031,4917,280,,4876,139850
9371838,1790894529,0,0,0,0,0,0,0,0,0,0,0,0,2,2,7,2,1,4468,4462,0,,0,0
9371839,1790894563,10684114094,118,118,0,0,118,0,0,118,0,0,3761,4,2834,7965,2952,1,12881,4917,5704,,3175,163922
9371842,1790894605,10214283412,4,4,0,0,4,0,0,4,0,0,3563,2,2499,6754,2503,1,11103,4350,232,,2300,119716
9371845,1790894636,10658053954,14,8,0,0,8,0,0,8,0,0,3814,6,2551,6924,2565,1,10997,4074,424,,5576,132956
9371848,1790894690,10794628989,11,10,0,0,10,0,0,10,0,0,3976,6,2962,8028,2973,1,12918,4891,520,,3844,129139
9371852,1790894739,0,0,0,0,0,0,0,0,0,0,0,0,6,5,15,5,1,3918,3904,0,,0,0
9371855,1790894783,10152083302,22,17,0,0,17,0,0,17,0,0,3669,8,2747,7476,2769,1,12257,4782,856,,4264,127119
9371859,1790894824,10946414700,7,7,0,0,7,0,0,7,0,0,3878,6,2847,7701,2854,1,12450,4750,376,,2600,127111
9371863,1790894869,0,0,0,0,0,0,0,0,0,0,0,0,8,6,17,6,1,5051,5035,0,,0,0
9371866,1790894919,0,0,0,0,0,0,0,0,0,0,0,0,8,2,7,2,1,4759,4753,0,,0,0
9371868,1790894976,10284152654,13,12,0,0,12,0,0,12,0,0,3862,6,3503,9488,3516,1,15397,5910,616,,2701,118329
9371869,1790895074,10648167582,137,32,0,0,32,0,0,32,0,0,3326,4,2518,7167,2655,1,16031,8865,1576,,37418,152783
9371871,1790895139,10649293080,14,12,0,0,12,0,0,12,0,0,3842,2,2959,8024,2973,1,12767,4744,616,,4612,200526
9371878,1790895173,10876648228,7,7,0,0,7,0,0,7,0,0,3792,4,2983,8070,2990,1,12140,4071,376,,4979,239078
9371882,1790895266,19519768,3,3,0,0,3,0,0,3,0,0,4,14,13,45,16,1,6498,6454,184,,109,1259
9371885,1790895310,10093968339,11,8,0,0,8,0,0,8,0,0,3590,8,2707,7336,2718,1,12117,4782,424,,4189,115168
9371886,1790895364,10198659209,22,19,0,0,19,0,0,19,0,0,3849,6,3173,8626,3195,1,12388,3763,952,,3544,121724
9371887,1790895410,10745476572,8,8,0,0,8,0,0,8,0,0,4071,2,3030,8201,3038,1,14495,6295,424,,2894,125897
9371889,1790895453,10943050244,6,6,0,0,6,0,0,6,0,0,4019,2,2635,7129,2641,1,11478,4350,328,,3119,129656
9371891,1790895517,10950569396,113,12,0,0,12,0,0,12,0,0,3595,4,3094,8653,3207,1,14527,5875,616,,35011,135193
9371894,1790895586,10995814490,17,15,0,0,15,0,0,15,0,0,4007,4,2946,7997,2963,1,12215,4219,760,,4159,129404
9371898,1790895627,10751897502,20,8,0,0,8,0,0,8,0,0,3703,6,2678,7281,2698,1,11072,3792,424,,3129,123914
9371902,1790895698,9876980260,9,9,0,0,9,0,0,9,0,0,3724,8,3101,8395,3110,1,14727,6333,472,,2097,110853
9371905,1790895774,21505164,7,7,0,0,7,0,0,7,0,0,2,8,5,33,12,1,5349,5317,376,,121,2720
9371906,1790895793,10967605404,10,10,0,0,10,0,0,10,0,0,4103,6,3257,8819,3267,1,13597,4779,520,,2482,124144
9371907,1790895835,10848567660,5,5,0,0,5,0,0,5,0,0,3910,2,2604,7040,2609,1,11812,4773,280,,3056,126159
9371910,1790895896,10446710464,15,13,0,0,13,0,0,13,0,0,3935,2,3502,9493,3517,1,14829,5337,664,,2921,116139
9371913,1790895952,10881056270,12,12,0,0,12,0,0,12,0,0,3940,6,2738,7423,2750,1,11214,3792,616,,2986,131057
9371915,1790895988,0,0,0,0,0,0,0,0,0,0,0,0,6,5,15,5,1,5046,5032,0,,0,0
9371919,1790896048,10976726195,15,14,0,0,14,0,0,14,0,0,3958,4,2982,8085,2997,1,12578,4494,712,,3232,124384
9371924,1790896093,10517646138,7,7,0,0,7,0,0,7,0,0,3837,8,2707,7324,2714,1,12105,4782,376,,2845,120852
9371925,1790896157,10697468475,11,9,0,0,9,0,0,9,0,0,3616,10,2479,6720,2490,1,13260,6541,472,,3417,119569
9371928,1790896214,10837469674,183,176,0,0,176,0,0,176,0,0,3685,2,3014,8629,3197,1,12949,4321,8488,,6755,184865
9371931,1790896264,0,0,0,0,0,0,0,0,0,0,0,0,6,5,15,5,1,4482,4468,0,,0,0
9371932,1790896301,0,0,0,0,0,0,0,0,0,0,0,0,6,3,9,3,1,5604,5596,0,,0,0
9371935,1790896366,10966895755,18,12,0,0,12,0,0,12,0,0,4131,2,3682,9983,3700,1,15431,5449,616,,6460,134684
9371938,1790896451,10517596843,13,8,0,0,8,0,0,8,0,0,3893,6,2621,7109,2634,1,12169,5061,424,,5612,140437
9371941,1790896502,0,0,0,0,0,0,0,0,0,0,0,0,6,5,15,5,1,5610,5596,0,,0,0
9371943,1790896576,0,0,0,0,0,0,0,0,0,0,0,0,6,4,12,4,1,6876,6865,0,,0,0
9371948,1790896621,24811228,9,9,0,0,9,0,0,9,0,0,2,4,2,31,11,1,3367,3337,472,,144,3628
9371952,1790896663,10889299247,33,12,0,0,12,0,0,12,0,0,4020,10,3413,9301,3446,1,13521,4221,616,,5374,128797
9371955,1790896719,0,0,0,0,0,0,0,0,0,0,0,0,8,7,20,7,1,5368,5349,0,,0,0
9371956,1790896841,10726496391,28,17,1,3,18,0,0,18,1,0,3736,6,2913,7936,2941,1,17515,9580,904,,7059,136016
9371958,1790896873,10254080380,7,7,0,0,7,0,0,7,0,0,3737,2,2524,6831,2531,1,10616,3786,376,,3000,123492
9371961,1790896924,43984918,19,19,0,0,19,0,0,19,0,0,3,4,7,71,26,1,4535,4465,952,,171,7893
9371963,1790896965,0,0,0,0,0,0,0,0,0,0,0,0,6,3,10,3,1,5182,5173,0,,0,0
9371964,1790897002,10285222710,43,38,1,3,39,0,0,39,1,0,3455,4,2540,6969,2583,1,11462,4494,1912,,4792,126751
9371967,1790897037,0,0,0,0,0,0,0,0,0,0,0,0,2,2,7,2,1,4327,4321,0,,0,0
9371968,1790897096,10616428100,111,6,0,0,6,0,0,6,0,0,3371,6,2312,6540,2423,1,12869,6330,328,,36487,145653
9371970,1790897139,10981909550,41,5,0,0,5,0,0,5,0,0,3793,2,2584,7085,2625,1,10729,3645,280,,3521,129950
9371972,1790897187,10942953983,18,11,0,0,11,0,0,11,0,0,3892,4,2848,7739,2866,1,12232,4494,568,,4507,128291
9371975,1790897243,10483456335,12,10,0,0,10,0,0,10,0,0,4011,4,3079,8342,3091,1,13229,4888,520,,4119,124158
9371978,1790897283,10881965516,12,9,0,0,9,0,0,9,0,0,3857,6,2943,7972,2955,1,12758,4787,472,,3528,138705
9371981,1790897333,10535093380,15,15,0,0,15,0,0,15,0,0,4253,6,3914,10605,3929,1,14573,3969,760,,2274,118512
9371983,1790897387,0,0,0,0,0,0,0,0,0,0,0,0,6,5,15,5,1,5187,5173,0,,0,0
9371984,1790897445,0,0,0,0,0,0,0,0,0,0,0,0,4,3,9,3,1,3909,3901,0,,0,0
9371987,1790897473,10749912714,27,17,1,3,18,0,0,18,1,0,3936,2,3412,9283,3439,1,13491,4209,904,,3689,119865
9371989,1790897566,9794411795,21,16,1,3,17,0,0,17,1,0,3672,6,3320,9016,3341,1,16473,7458,856,,2535,110129
9371991,1790897609,0,0,0,0,0,0,0,0,0,0,0,0,4,4,12,4,1,4617,4606,0,,0,0
9371992,1790897655,0,0,0,0,0,0,0,0,0,0,0,0,4,1,4,1,1,5596,5593,0,,0,0
9371996,1790897715,10935383322,62,52,2,3,54,0,0,54,2,0,3796,2,2691,7431,2753,1,11780,4350,2632,,3996,143743
9371998,1790897784,0,0,0,0,0,0,0,0,0,0,0,0,8,5,15,5,1,5331,5317,0,,0,0
9371999,1790897812,10598678028,22,17,1,3,18,0,0,18,1,0,3981,4,3625,9843,3647,1,14195,4353,904,,2184,116957
9372001,1790897862,0,0,0,0,0,0,0,0,0,0,0,0,2,2,7,2,1,4045,4039,0,,0,0
9372003,1790897898,10671991796,30,24,1,13,25,0,0,25,1,0,3743,4,2786,7602,2816,1,12944,5343,1240,,4026,132338
9372004,1790897942,10729474232,32,25,0,0,25,0,0,25,0,0,3890,4,2699,7370,2731,1,11476,4107,1240,,4212,134273
9372007,1790898001,10522846844,30,23,1,7,24,0,0,24,1,0,3895,2,3559,9683,3589,1,13891,4209,1192,,3358,119761
9372009,1790898048,10659711320,25,22,1,3,23,0,0,23,1,0,3866,6,2766,7534,2791,1,11607,4074,1144,,3367,130789
9372011,1790898082,0,0,0,0,0,0,0,0,0,0,0,0,4,4,12,4,1,5463,5452,0,,0,0
9372014,1790898195,10432237590,21,19,0,0,19,0,0,19,0,0,3717,4,2808,7636,2829,1,15513,7878,952,,3288,123928
9372018,1790898241,10672977848,8,7,0,0,7,0,0,7,0,0,3930,6,2761,7474,2769,1,12393,4920,376,,3698,130382
9372022,1790898283,0,0,0,0,0,0,0,0,0,0,0,0,8,6,17,6,1,4487,4471,0,,0,0
9372024,1790898324,0,0,0,0,0,0,0,0,0,0,0,0,8,2,7,2,1,4900,4894,0,,0,0
9372026,1790898353,0,0,0,0,0,0,0,0,0,0,0,0,4,3,9,3,1,4473,4465,0,,0,0
9372029,1790898471,10854540934,133,19,0,0,19,0,0,19,0,0,3421,4,2469,7022,2602,1,16200,9179,952,,37546,152109
9372031,1790898532,10868860222,7,6,0,0,6,0,0,6,0,0,3860,6,2576,6973,2583,1,12492,5520,328,,3968,128779
9372033,1790898580,10732308956,41,5,0,0,5,0,0,5,0,0,3746,4,2602,7133,2643,1,11626,4494,280,,4857,134452
9372035,1790898615,10965879030,8,7,0,0,7,0,0,7,0,0,4102,4,2669,7224,2677,1,11020,3797,376,,4220,138642
9372038,1790898661,9740684143,15,8,0,0,8,0,0,8,0,0,3451,4,2401,6520,2416,1,11154,4635,424,,3933,117891
9372040,1790898721,0,0,0,0,0,0,0,0,0,0,0,0,6,4,12,4,1,4902,4891,0,,0,0
9372041,1790898757,10888126864,91,24,0,0,24,0,0,24,0,0,3566,4,2693,7515,2784,1,12008,4494,1192,,14231,150026
9372043,1790898801,10569866516,7,7,0,0,7,0,0,7,0,0,3762,2,2682,7257,2689,1,12311,5055,376,,2665,119746
9372045,1790898842,0,0,0,0,0,0,0,0,0,0,0,0,4,4,12,4,1,4194,4183,0,,0,0
9372048,1790898883,10819958762,18,11,0,0,11,0,0,11,0,0,3909,4,2723,7398,2741,1,12032,4635,568,,6641,137890
9372049,1790898929,0,0,0,0,0,0,0,0,0,0,0,0,6,5,15,5,1,4905,4891,0,,0,0
9372055,1790899094,24823230,9,9,0,0,9,0,0,9,0,0,2,2,2,31,11,1,7416,7386,472,,128,3486
9372058,1790899133,0,0,0,0,0,0,0,0,0,0,0,0,12,6,18,6,1,4635,4618,0,,0,0
9372059,1790899197,0,0,0,0,0,0,0,0,0,0,0,0,6,3,10,3,1,6592,6583,0,,0,0
9372061,1790899222,0,0,0,0,0,0,0,0,0,0,0,0,2,1,4,1,1,4465,4462,0,,0,0
9372062,1790899273,10634286175,28,18,0,0,18,0,0,18,0,0,3902,4,2969,8090,2997,1,14246,6157,904,,4067,125835
9372065,1790899326,0,0,0,0,0,0,0,0,0,0,0,0,2,1,4,1,1,3055,3052,0,,0,0
9372068,1790899367,0,0,0,0,0,0,0,0,0,0,0,0,6,5,15,5,1,4059,4045,0,,0,0
9372071,1790899409,0,0,0,0,0,0,0,0,0,0,0,0,6,4,12,4,1,4620,4609,0,,0,0
9372073,1790899459,10991629611,68,60,0,0,60,0,0,60,0,0,3969,6,2867,7922,2935,1,12418,4497,2920,,6887,150913
9372075,1790899505,10451027645,19,11,0,0,11,0,0,11,0,0,3633,4,2513,6834,2532,1,11609,4776,568,,4689,123384
9372077,1790899563,10770276347,17,8,0,0,8,0,0,8,0,0,3830,4,2555,6939,2572,1,11685,4747,424,,4555,127048
9372079,1790899660,10838819465,24,16,0,0,16,0,0,16,0,0,3802,4,2635,7178,2659,1,13898,6721,808,,6728,138380
9372083,1790899694,10730494966,14,8,0,0,8,0,0,8,0,0,4016,4,3558,9644,3572,1,12553,2910,424,,2433,114763
9372085,1790899757,30508660,11,11,0,0,11,0,0,11,0,0,3,8,9,55,20,1,5230,5176,568,,408,12429
9372088,1790899784,0,0,0,0,0,0,0,0,0,0,0,0,4,1,4,1,1,4045,4042,0,,0,0
9372090,1790899818,10477599863,14,11,0,0,11,0,0,11,0,0,3702,6,2548,6915,2562,1,10988,4074,568,,10115,360297
9372093,1790899864,10771471466,21,15,0,0,15,0,0,15,0,0,3914,4,2725,7413,2746,1,12300,4888,760,,6106,132321
9372097,1790899905,0,0,0,0,0,0,0,0,0,0,0,0,6,4,12,4,1,4902,4891,0,,0,0
9372099,1790899975,9777089135,17,14,0,0,14,0,0,14,0,0,3657,8,3164,8584,3181,1,14368,5785,712,,2782,108759
9372100,1790900033,10431125390,15,8,0,0,8,0,0,8,0,0,3673,4,2645,7181,2660,1,12661,5481,424,,4865,121011
9372102,1790900057,10928437711,13,10,0,0,10,0,0,10,0,0,4009,2,2720,7377,2733,1,11444,4068,520,,4335,129574
9372105,1790900103,10943128486,14,11,0,0,11,0,0,11,0,0,3914,4,2744,7442,2758,1,12217,4776,568,,4446,129397
9372109,1790900140,0,0,0,0,0,0,0,0,0,0,0,0,6,3,10,3,1,3772,3763,0,,0,0
9372113,1790900203,10868694078,55,32,0,0,32,0,0,32,0,0,3951,8,3234,8879,3289,1,13942,5064,1576,,7357,144532
9372116,1790900245,10457918074,15,14,0,0,14,0,0,14,0,0,3778,8,2563,6959,2578,1,11740,4782,712,,4714,145662
9372119,1790900286,10335335254,111,11,0,0,11,0,0,11,0,0,3221,6,2679,7529,2790,1,10933,3405,568,,36218,349655
9372120,1790900377,10854000531,32,27,0,0,27,0,0,27,0,0,4632,6,4635,12594,4667,1,20510,7917,1336,,9925,114151
9372122,1790900444,0,0,0,0,0,0,0,0,0,0,0,0,2,2,7,2,1,6583,6577,0,,0,0
9372128,1790900509,10278184999,39,29,0,0,29,0,0,29,0,0,3455,4,2650,7256,2689,1,12172,4917,1432,,5453,132087
9372129,1790900590,10746839561,108,7,0,0,7,0,0,7,0,0,3434,12,2772,7774,2880,1,15804,8031,376,,34646,134681
9372133,1790900648,0,0,0,0,0,0,0,0,0,0,0,0,2,2,7,2,1,4186,4180,0,,0,0
9372136,1790900694,0,0,0,0,0,0,0,0,0,0,0,0,8,5,15,5,1,5368,5354,0,,0,0
9372137,1790900792,0,0,0,0,0,0,0,0,0,0,0,0,6,5,15,5,1,8571,8557,0,,0,0
9372139,1790900827,10459204750,29,12,0,0,12,0,0,12,0,0,3685,2,2992,8153,3021,1,12361,4209,616,,4838,124753
9372141,1790900876,10844362192,28,23,0,0,23,0,0,23,0,0,3948,4,2576,7029,2604,1,10050,3022,1144,,5065,140586
9372145,1790900918,10236685550,17,6,0,0,6,0,0,6,0,0,3454,4,2475,6724,2492,1,10794,4071,328,,3010,116839
9372149,1790900967,10607949188,6,6,0,0,6,0,0,6,0,0,3767,8,2529,6841,2535,1,11763,4923,328,,2806,122934
9372152,1790901067,28667266,7,7,0,0,7,0,0,7,0,0,5,8,11,50,18,1,6776,6727,376,,122,2839
9372155,1790901134,10745565186,18,7,0,0,7,0,0,7,0,0,4040,6,3596,9754,3614,1,15519,5766,376,,2986,118152
9372158,1790901165,10608562628,6,6,0,0,6,0,0,6,0,0,3872,6,2606,7047,2612,1,11120,4074,328,,2742,127032
9372160,1790901215,10958330305,13,7,0,0,7,0,0,7,0,0,3900,6,2577,6986,2590,1,11482,4497,376,,3787,130145
9372164,1790901265,10997490221,17,15,0,0,15,0,0,15,0,0,4015,4,3107,8432,3124,1,12643,4212,760,,3195,154407
9372167,1790901374,10569570968,12,6,0,0,6,0,0,6,0,0,3761,8,2561,6946,2573,1,15082,8137,328,,4567,127696
9372169,1790901426,10872666045,7,6,0,0,6,0,0,6,0,0,4029,6,2670,7226,2677,1,11722,4497,328,,3605,132390
9372172,1790901464,10802406433,28,7,0,0,7,0,0,7,0,0,4308,4,4238,11509,4266,1,14136,2628,376,,3325,115003
9372175,1790901530,10831088929,21,19,0,0,19,0,0,19,0,0,3722,6,2522,6862,2543,1,11640,4779,952,,4042,126973
9372178,1790901563,10973340284,12,11,0,0,11,0,0,11,0,0,3932,6,3071,8324,3083,1,12932,4609,568,,2922,125803
9372182,1790901611,0,0,0,0,0,0,0,0,0,0,0,0,6,5,15,5,1,4905,4891,0,,0,0
9372186,1790901656,0,0,0,0,0,0,0,0,0,0,0,0,8,4,12,4,1,4482,4471,0,,0,0
9372190,1790901770,10502908233,37,15,0,0,15,0,0,15,0,0,4389,8,4386,11932,4423,1,20379,8448,760,,3211,110283
9372192,1790901821,0,0,0,0,0,0,0,0,0,0,0,0,8,7,20,7,1,4349,4330,0,,0,0
9372193,1790901871,10497246491,11,9,0,0,9,0,0,9,0,0,3904,4,3480,9421,3491,1,16029,6609,472,,2048,111420
9372197,1790901918,0,0,0,0,0,0,0,0,0,0,0,0,2,2,7,2,1,4327,4321,0,,0,0
9372199,1790902009,0,0,0,0,0,0,0,0,0,0,0,0,8,7,20,7,1,8015,7996,0,,0,0
9372204,1790902074,10447381304,229,220,0,0,220,0,0,220,0,0,3496,4,2822,8233,3051,1,13185,4953,10600,,5251,195254
9372208,1790902113,0,0,0,0,0,0,0,0,0,0,0,0,10,5,15,5,1,4629,4615,0,,0,0
9372209,1790902147,10938754266,7,6,0,0,6,0,0,6,0,0,4053,8,3135,8476,3142,1,13680,5205,328,,3495,126555
9372211,1790902193,10734179436,5,5,0,0,5,0,0,5,0,0,3777,2,2540,6867,2545,1,11187,4321,280,,3095,137328
9372216,1790902272,10734439273,125,14,0,0,14,0,0,14,0,0,3268,4,2726,7698,2851,1,13178,5481,712,,42095,163036
9372219,1790902311,0,0,0,0,0,0,0,0,0,0,0,0,10,8,23,8,1,4778,4756,0,,0,0
9372220,1790902340,0,0,0,0,0,0,0,0,0,0,0,0,6,5,15,5,1,4482,4468,0,,0,0
9372223,1790902402,0,0,0,0,0,0,0,0,0,0,0,0,2,1,4,1,1,4183,4180,0,,0,0
9372228,1790902497,0,0,0,0,0,0,0,0,0,0,0,0,6,2,7,2,1,6871,6865,0,,0,0
9372231,1790902538,0,0,0,0,0,0,0,0,0,0,0,0,10,8,23,8,1,4637,4615,0,,0,0
9372233,1790902571,10502022760,27,16,0,0,16,0,0,16,0,0,3811,6,2536,6916,2563,1,11242,4327,808,,8881,142476
9372235,1790902611,10976177601,10,8,0,0,8,0,0,8,0,0,4041,4,2749,7448,2759,1,11377,3930,424,,4172,132294
9372237,1790902648,0,0,0,0,0,0,0,0,0,0,0,0,4,3,9,3,1,4787,4779,0,,0,0
9372239,1790902680,10790362772,30,27,0,0,27,0,0,27,0,0,4326,4,4271,11608,4301,1,15678,4071,1336,,2683,114265
9372242,1790902734,0,0,0,0,0,0,0,0,0,0,0,0,4,4,12,4,1,4335,4324,0,,0,0
9372244,1790902772,9758642245,56,48,0,0,48,0,0,48,0,0,3467,6,2392,6606,2448,1,11102,4497,2344,,4896,134695
9372245,1790902807,10484386705,113,8,0,0,8,0,0,8,0,0,3277,4,2294,6494,2407,1,11410,4917,424,,34742,142724
9372246,1790902862,10973237266,128,113,0,0,113,0,0,113,0,0,3824,2,2577,7302,2705,1,13202,5901,5464,,5140,170989
9372249,1790902900,10866679558,14,11,0,0,11,0,0,11,0,0,4068,2,3118,8455,3132,1,12099,3645,568,,3353,126762
9372253,1790902945,0,0,0,0,0,0,0,0,0,0,0,0,6,3,9,3,1,4053,4045,0,,0,0
9372254,1790902985,10680554516,27,21,0,0,21,0,0,21,0,0,4085,8,3878,10538,3905,1,15742,5205,1048,,5022,127328
9372257,1790903031,10597368620,8,7,0,0,7,0,0,7,0,0,3862,2,2576,6974,2584,1,10900,3927,376,,3599,128248
9372260,1790903064,0,0,0,0,0,0,0,0,0,0,0,0,6,5,15,5,1,4623,4609,0,,0,0
9372264,1790903133,10106593974,11,6,0,0,6,0,0,6,0,0,3523,6,2482,6728,2493,1,11647,4920,328,,3576,118657
9372268,1790903184,0,0,0,0,0,0,0,0,0,0,0,0,8,5,15,5,1,4203,4189,0,,0,0
9372270,1790903223,10801439063,18,10,0,0,10,0,0,10,0,0,3767,8,2560,6960,2578,1,12901,5942,520,,6099,131738
9372277,1790903282,10723057066,12,7,0,0,7,0,0,7,0,0,3863,4,2552,6918,2564,1,11523,4606,376,,4600,126774
9372280,1790903332,0,0,0,0,0,0,0,0,0,0,0,0,14,8,23,8,1,4925,4903,0,,0,0
9372282,1790903418,10989952175,26,16,0,0,16,0,0,16,0,0,4048,6,3553,9660,3579,1,16271,6612,808,,3667,121802
9372285,1790903453,10220163281,30,12,0,0,12,0,0,12,0,0,3768,4,2671,7290,2701,1,11190,3901,616,,4971,126642
9372290,1790903511,0,0,0,0,0,0,0,0,0,0,0,0,6,4,12,4,1,4902,4891,0,,0,0
9372292,1790903565,0,0,0,0,0,0,0,0,0,0,0,0,10,2,7,2,1,4762,4756,0,,0,0
9372297,1790903597,10334644027,63,61,0,0,61,0,0,61,0,0,4431,4,4433,12127,4496,1,15774,3648,2968,,2070,115197
9372299,1790903688,10421614288,17,10,0,0,10,0,0,10,0,0,3648,10,2620,7119,2637,1,14835,7717,520,,3652,120026
9372300,1790903734,0,0,0,0,0,0,0,0,0,0,0,0,4,2,7,2,1,5599,5593,0,,0,0
9372301,1790903782,0,0,0,0,0,0,0,0,0,0,0,0,2,1,4,1,1,4888,4885,0,,0,0
9372303,1790903848,10396975137,37,18,1,3,19,0,0,19,1,0,3698,2,2877,7866,2914,1,14083,6218,952,,3832,123751
9372305,1790903897,0,0,0,0,0,0,0,0,0,0,0,0,4,2,7,2,1,4612,4606,0,,0,0
9372306,1790903948,10968911645,11,7,0,0,7,0,0,7,0,0,3818,4,2596,7036,2607,1,12346,5311,376,,4223,133060
9372311,1790903985,0,0,0,0,0,0,0,0,0,0,0,0,2,1,4,1,1,4324,4321,0,,0,0
9372313,1790904026,10642430904,70,57,0,0,57,0,0,57,0,0,3741,10,2632,7291,2702,1,12610,5320,2776,,5186,146772
9372315,1790904072,10757945448,26,17,1,5,18,0,0,18,1,0,3938,4,2620,7141,2646,1,11746,4606,904,,3823,133425
9372318,1790904152,10013041405,55,30,0,0,30,0,0,30,0,0,3581,4,3135,8612,3190,1,14656,6045,1480,,6638,126638
9372324,1790904217,0,0,0,0,0,0,0,0,0,0,0,0,6,5,15,5,1,4623,4609,0,,0,0
9372327,1790904246,10488702485,38,29,0,0,29,0,0,29,0,0,3831,12,2967,8109,3005,1,13157,5049,1432,,6399,136170
9372329,1790904338,10957050445,21,8,0,0,8,0,0,8,0,0,4025,6,3224,8758,3245,1,15228,6471,424,,4128,123801
9372332,1790904367,0,0,0,0,0,0,0,0,0,0,0,0,4,4,12,4,1,4053,4042,0,,0,0
9372334,1790904419,10490474333,121,12,0,0,12,0,0,12,0,0,3476,6,3175,8894,3296,1,13986,5093,616,,37668,136938
9372336,1790904473,0,0,0,0,0,0,0,0,0,0,0,0,4,4,12,4,1,4053,4042,0,,0,0
9372338,1790904495,10694587132,25,13,0,0,13,0,0,13,0,0,4288,4,4277,11606,4302,1,15676,4071,664,,1920,116380
9372339,1790904537,10573330514,55,33,0,0,33,0,0,33,0,0,3814,4,3046,8369,3101,1,13285,4917,1624,,5150,133598
9372343,1790904636,10599268594,40,26,0,0,26,0,0,26,0,0,3946,2,3664,9994,3704,1,17163,7170,1288,,4507,117426
9372345,1790904698,10826134842,28,20,1,3,21,0,0,21,1,0,3851,8,2562,6989,2590,1,11629,4641,1048,,4720,137138
9372347,1790904738,0,0,0,0,0,0,0,0,0,0,0,0,4,3,10,3,1,3628,3619,0,,0,0
9372349,1790904775,10363967306,16,10,0,0,10,0,0,10,0,0,3771,4,2831,7685,2847,1,12319,4635,520,,3208,121295
9372354,1790904841,10833699136,19,16,0,0,16,0,0,16,0,0,3951,4,3193,8670,3212,1,13586,4917,808,,2506,119886
9372358,1790904901,10786556770,107,7,0,0,7,0,0,7,0,0,3531,10,2773,7772,2880,1,12979,5208,376,,34341,141028
9372365,1790904963,10608433871,42,34,2,5,36,0,0,36,2,0,3925,8,2940,8047,2982,1,12094,4048,1768,,4609,132726
9372366,1790905001,10795877982,17,13,0,0,13,0,0,13,0,0,3755,14,2789,7575,2806,1,13775,6201,664,,3618,124333
9372368,1790905069,0,0,0,0,0,0,0,0,0,0,0,0,2,2,7,2,1,4363,4357,0,,0,0
9372370,1790905127,0,0,0,0,0,0,0,0,0,0,0,0,4,1,4,1,1,6160,6157,0,,0,0
9372372,1790905163,10773149440,18,11,0,0,11,0,0,11,0,0,3918,4,3385,9183,3403,1,13958,4776,568,,3956,125689
9372373,1790905211,10687203177,15,14,0,0,14,0,0,14,0,0,4185,4,3625,9820,3640,1,15159,5340,712,,2923,123608
9372376,1790905251,10529667649,30,11,0,0,11,0,0,11,0,0,3720,2,2559,6988,2589,1,10773,3786,568,,4549,134118
9372380,1790905278,10179543604,10,10,0,0,10,0,0,10,0,0,3650,6,2461,6667,2471,1,10740,4074,520,,5649,145980
9372382,1790905343,10658989107,14,8,0,0,8,0,0,8,0,0,3801,8,2603,7063,2617,1,12520,5458,424,,4451,134553
9372386,1790905392,10465078491,10,8,0,0,8,0,0,8,0,0,3844,4,2991,8099,3001,1,12451,4353,424,,4335,124639
9372391,1790905463,0,0,0,0,0,0,0,0,0,0,0,0,8,7,20,7,1,4913,4894,0,,0,0
9372396,1790905551,0,0,0,0,0,0,0,0,0,0,0,0,10,7,20,7,1,6608,6589,0,,0,0
9372398,1790905582,10909034612,31,15,0,0,15,0,0,15,0,0,3890,10,2563,7001,2594,1,12067,5067,760,,5167,140134
9372401,1790905662,0,0,0,0,0,0,0,0,0,0,0,0,4,3,9,3,1,5915,5907,0,,0,0
9372404,1790905707,47170980,21,21,0,0,21,0,0,21,0,0,3,6,4,69,25,1,4395,4327,1048,,183,8114
9372409,1790905788,10303245920,28,14,0,0,14,0,0,14,0,0,3698,6,2977,8110,3005,1,14298,6189,712,,7230,131720
9372410,1790905832,10960855857,25,13,1,3,14,0,0,14,1,0,3985,10,2619,7134,2644,1,12764,5631,712,,4986,139079
9372412,1790905883,10955588125,23,11,0,0,11,0,0,11,0,0,3822,2,2564,6983,2587,1,11444,4462,568,,6579,138720
9372415,1790905987,10550048694,30,26,0,0,26,0,0,26,0,0,3791,4,2563,6996,2593,1,15437,8442,1288,,3626,133602
9372417,1790906033,0,0,0,0,0,0,0,0,0,0,0,0,6,3,10,3,1,5182,5173,0,,0,0
9372419,1790906154,0,0,0,0,0,0,0,0,0,0,0,0,4,3,10,3,1,9409,9400,0,,0,0
9372422,1790906222,9746564504,22,13,0,0,13,0,0,13,0,0,3364,4,2344,6383,2366,1,11374,4992,664,,6481,130456
9372424,1790906264,10598005129,20,9,0,0,9,0,0,9,0,0,3874,6,2578,7012,2598,1,12072,5061,472,,4492,132597
9372427,1790906304,10735872972,5,5,0,0,5,0,0,5,0,0,3814,4,2566,6936,2571,1,11006,4071,280,,2699,123167
9372428,1790906344,10421173372,9,6,0,0,6,0,0,6,0,0,3566,6,2474,6702,2483,1,11762,5061,328,,2932,118147
9372430,1790906394,10605389202,12,8,0,0,8,0,0,8,0,0,3780,2,2509,6803,2521,1,11575,4773,424,,3980,124564
9372433,1790906540,10622799018,241,233,0,0,233,0,0,233,0,0,3433,4,2453,7271,2694,1,12751,5481,11224,,5259,200165
9372434,1790906588,10667278006,51,50,0,0,50,0,0,50,0,0,3625,6,2511,6912,2562,1,12395,5484,2440,,3194,138473
9372436,1790906636,10110610252,55,46,0,0,46,0,0,46,0,0,3520,2,2443,6743,2498,1,11204,4462,2248,,7139,146183
9372438,1790906665,10860502542,32,32,0,0,32,0,0,32,0,0,3844,4,2612,7133,2644,1,11597,4465,1576,,3141,134689
9372439,1790906731,10706169131,70,68,0,0,68,0,0,68,0,0,4065,4,2659,7364,2729,1,13520,6157,3304,,4698,160073
9372442,1790906798,8440348752,59,49,0,0,49,0,0,49,0,0,3591,2,2954,8133,3013,1,13581,5449,2392,,2158,205382
9372444,1790906829,10553709405,134,33,0,0,33,0,0,33,0,0,3289,6,2314,6606,2448,1,9941,3336,1624,,36168,151194
9372446,1790906887,10357618839,54,52,0,0,52,0,0,52,0,0,4033,4,3839,10506,3893,1,15281,4776,2536,,2466,127742
9372450,1790906956,10991697700,53,53,0,0,53,0,0,53,0,0,4027,4,3145,8632,3198,1,13979,5348,2584,,2675,146246
9372454,1790907055,10684348235,36,27,0,0,27,0,0,27,0,0,3749,8,2488,6810,2524,1,14382,7573,1336,,4492,135025
9372457,1790907115,10739481790,7,6,0,0,6,0,0,6,0,0,3916,8,2608,7057,2615,1,12543,5487,328,,3936,130330
9372462,1790907171,10531886948,6,6,0,0,6,0,0,6,0,0,3812,6,2576,6969,2582,1,11606,4638,328,,2968,124165
9372464,1790907196,10664551804,7,7,0,0,7,0,0,7,0,0,4145,10,2691,7281,2698,1,11924,4644,376,,3498,137150
9372467,1790907245,10496625992,31,31,0,0,31,0,0,31,0,0,3781,4,2561,6996,2592,1,11630,4635,1528,,3038,134409
9372469,1790907293,10740286653,25,23,0,0,23,0,0,23,0,0,3798,6,2546,6937,2571,1,12279,5343,1144,,3994,135264
9372472,1790907363,0,0,0,0,0,0,0,0,0,0,0,0,4,3,10,3,1,5602,5593,0,,0,0
9372477,1790907394,10865948562,82,56,0,0,56,0,0,56,0,0,3955,6,3489,9637,3571,1,14306,4670,2728,,6805,144079
9372479,1790907479,10257123426,43,42,0,0,42,0,0,42,0,0,3507,10,2464,6768,2507,1,13844,7077,2056,,4239,128863
9372481,1790907532,10761338154,105,5,0,0,5,0,0,5,0,0,3308,4,2335,6588,2440,1,11334,4747,280,,34272,136369
9372485,1790907561,10896007348,4,4,0,0,4,0,0,4,0,0,3900,4,2665,7205,2669,1,11416,4212,232,,2668,125578
9372486,1790907601,10379106662,31,31,0,0,31,0,0,31,0,0,3734,8,2550,6968,2581,1,11608,4641,1528,,4373,128380
9372488,1790907677,0,0,0,0,0,0,0,0,0,0,0,0,2,2,7,2,1,6583,6577,0,,0,0
9372489,1790907798,0,0,0,0,0,0,0,0,0,0,0,0,4,1,4,1,1,9544,9541,0,,0,0
9372491,1790907831,10014575751,30,16,0,0,16,0,0,16,0,0,3656,2,2474,6758,2504,1,10684,3927,808,,4205,128001
9372494,1790907867,10254457468,7,7,0,0,7,0,0,7,0,0,3883,4,2545,6886,2552,1,11097,4212,376,,3380,125889
9372497,1790907952,0,0,0,0,0,0,0,0,0,0,0,0,6,5,15,5,1,5751,5737,0,,0,0
9372499,1790907995,10278996565,37,34,0,0,34,0,0,34,0,0,3676,6,2749,7519,2786,1,13311,5793,1672,,4173,125423
9372501,1790908033,10874286969,10,7,0,0,7,0,0,7,0,0,3743,4,2523,6833,2533,1,10903,4071,376,,4595,138518
9372503,1790908089,0,0,0,0,0,0,0,0,0,0,0,0,4,3,9,3,1,5319,5311,0,,0,0
9372504,1790908133,0,0,0,0,0,0,0,0,0,0,0,0,4,3,9,3,1,4755,4747,0,,0,0
9372505,1790908184,0,0,0,0,0,0,0,0,0,0,0,0,2,1,4,1,1,5875,5872,0,,0,0
9372507,1790908211,10385657766,20,14,0,0,14,0,0,14,0,0,4423,2,4416,11970,4436,1,15755,3786,712,,4973,112618
9372508,1790908256,10871777012,7,7,0,0,7,0,0,7,0,0,4196,4,3585,9692,3592,1,14326,4635,376,,2307,118850
9372510,1790908287,10910697630,25,14,1,6,15,0,0,15,1,0,3978,2,2574,7013,2599,1,11503,4491,760,,5907,137576
9372512,1790908338,0,0,0,0,0,0,0,0,0,0,0,0,4,4,12,4,1,4194,4183,0,,0,0
9372515,1790908370,0,0,0,0,0,0,0,0,0,0,0,0,4,1,4,1,1,3763,3760,0,,0,0
9372518,1790908410,10916522428,34,26,0,0,26,0,0,26,0,0,3702,6,2541,6948,2575,1,11444,4497,1288,,6045,136228
9372523,1790908458,0,0,0,0,0,0,0,0,0,0,0,0,6,5,15,5,1,4059,4045,0,,0,0
9372524,1790908528,10408108197,14,11,0,0,11,0,0,11,0,0,3915,10,2977,8073,2991,1,15113,7041,568,,4017,125977
9372528,1790908577,0,0,0,0,0,0,0,0,0,0,0,0,2,2,7,2,1,4186,4180,0,,0,0
9372530,1790908653,10958415834,34,27,0,0,27,0,0,27,0,0,4083,8,3355,9145,3389,1,14779,5635,1336,,3926,136061
9372533,1790908685,10462205321,16,10,0,0,10,0,0,10,0,0,3681,4,2490,6764,2506,1,11398,4635,520,,6364,136206
9372534,1790908722,10982379970,105,5,0,0,5,0,0,5,0,0,3393,6,2514,7068,2619,1,12128,5061,280,,35105,147920
9372536,1790908801,10996722174,17,13,0,0,13,0,0,13,0,0,4044,2,3578,9702,3595,1,15179,5478,664,,3202,124454
9372538,1790908845,10475160398,16,9,0,0,9,0,0,9,0,0,3817,4,2974,8071,2990,1,13381,5311,472,,4681,130857
9372542,1790908882,10864858682,113,13,0,0,13,0,0,13,0,0,3662,4,3396,9472,3509,1,13683,4212,664,,36291,141887
9372546,1790908917,10176921854,19,19,0,0,19,0,0,19,0,0,3582,8,2480,6745,2499,1,11074,4330,952,,2544,123456
9372551,1790908961,10327424438,21,8,0,0,8,0,0,8,0,0,3779,8,2551,6943,2572,1,10596,3654,424,,4643,134376
9372554,1790908997,0,0,0,0,0,0,0,0,0,0,0,0,10,9,26,9,1,4640,4615,0,,0,0
9372557,1790909040,10318745840,20,15,0,0,15,0,0,15,0,0,3974,6,3655,9921,3675,1,14417,4497,760,,3822,116304
9372558,1790909080,10449377063,9,7,0,0,7,0,0,7,0,0,3816,6,2579,6985,2588,1,11622,4638,376,,3934,126653
9372560,1790909141,10823517615,42,32,0,0,32,0,0,32,0,0,3999,2,2886,7904,2928,1,13240,5337,1576,,3957,141322
9372564,1790909181,9915009836,10,10,0,0,10,0,0,10,0,0,3748,4,3332,9021,3342,1,12422,3402,520,,1488,110295
9372571,1790909228,10826836420,11,11,0,0,11,0,0,11,0,0,4107,8,3484,9430,3495,1,14211,4782,568,,2587,123328
9372573,1790909312,10782050733,13,11,0,0,11,0,0,11,0,0,3840,14,3195,8660,3208,1,15536,6877,568,,4047,124293
9372574,1790909351,10733785666,11,7,0,0,7,0,0,7,0,0,3753,4,2543,6892,2554,1,11949,5058,376,,3372,129193
9372577,1790909390,14761036,3,3,0,0,3,0,0,3,0,0,2,2,4,20,7,1,4058,4039,184,,110,1186
9372580,1790909423,10475163752,13,9,0,0,9,0,0,9,0,0,3765,6,3008,8154,3021,1,12480,4327,472,,2749,120799
9372582,1790909465,10397154605,13,7,0,0,7,0,0,7,0,0,3734,6,2531,6868,2544,1,11646,4779,376,,3712,122621
9372584,1790909511,10823691466,110,6,0,0,6,0,0,6,0,0,3564,4,2468,6957,2578,1,11309,4353,328,,10303,153241
9372586,1790909553,10689962176,7,5,0,0,5,0,0,5,0,0,3737,4,2537,6863,2544,1,11215,4353,280,,3296,123903
9372587,1790909595,10010340806,6,5,0,0,5,0,0,5,0,0,3632,4,2488,6733,2494,1,11226,4494,280,,3829,120142
9372589,1790909628,0,0,0,0,0,0,0,0,0,0,0,0,2,2,7,2,1,3622,3616,0,,0,0
9372594,1790909722,9324524398,21,20,0,0,20,0,0,20,0,0,4021,4,4024,10919,4045,1,18232,7314,1000,,1962,94679
9372595,1790909776,0,0,0,0,0,0,0,0,0,0,0,0,10,9,26,9,1,6364,6339,0,,0,0
9372596,1790909815,10123260916,4,4,0,0,4,0,0,4,0,0,3581,2,2475,6692,2479,1,11218,4527,232,,2383,120612
9372600,1790909877,0,0,0,0,0,0,0,0,0,0,0,0,2,2,7,2,1,4327,4321,0,,0,0
9372601,1790909917,10479398478,8,8,0,0,8,0,0,8,0,0,3800,8,2568,6952,2576,1,11986,5035,424,,3979,124605
9372602,1790909950,0,0,0,0,0,0,0,0,0,0,0,0,2,1,4,1,1,4888,4885,0,,0,0
9372604,1790909985,10989635436,5,5,0,0,5,0,0,5,0,0,3902,2,2586,6992,2591,1,10777,3786,280,,2794,127035
9372605,1790910028,10784758913,122,108,0,0,108,0,0,108,0,0,3878,4,2560,7241,2682,1,12721,5481,5224,,5430,165900
9372606,1790910076,0,0,0,0,0,0,0,0,0,0,0,0,2,2,7,2,1,5314,5308,0,,0,0
9372611,1790910105,10288419070,11,7,0,0,7,0,0,7,0,0,4024,2,3931,10639,3942,1,14424,3786,376,,1857,102982
9372612,1790910144,10984783425,81,79,1,74,80,0,0,80,1,0,3719,10,2568,7147,2649,1,12495,5349,3880,,3049,146242
9372614,1790910238,10683728906,32,31,0,0,31,0,0,31,0,0,4611,2,4613,12538,4645,1,19848,7311,1528,,1837,108690
9372618,1790910325,0,0,0,0,0,0,0,0,0,0,0,0,4,3,10,3,1,6166,6157,0,,0,0
9372620,1790910352,10846962312,36,23,0,0,23,0,0,23,0,0,4645,8,4634,12604,4670,1,16994,4391,1144,,3836,111799
9372623,1790910402,10495307337,10,8,0,0,8,0,0,8,0,0,3983,4,3195,8649,3205,1,12585,3937,424,,3795,119712
9372625,1790910445,0,0,0,0,0,0,0,0,0,0,0,0,6,4,12,4,1,5607,5596,0,,0,0
9372627,1790910527,10619130662,15,14,0,0,14,0,0,14,0,0,3713,4,2701,7331,2716,1,14051,6721,712,,3636,125944
9372630,1790910581,0,0,0,0,0,0,0,0,0,0,0,0,4,3,9,3,1,4896,4888,0,,0,0
9372634,1790910632,10424724745,106,4,0,0,4,0,0,4,0,0,3195,6,2264,6394,2370,1,11454,5061,232,,35888,135804
9372635,1790910667,10196285030,8,8,0,0,8,0,0,8,0,0,3836,8,2550,6902,2558,1,12218,5317,424,,3502,134388
9372638,1790910723,0,0,0,0,0,0,0,0,0,0,0,0,2,1,4,1,1,4465,4462,0,,0,0
9372641,1790910764,0,0,0,0,0,0,0,0,0,0,0,0,6,2,7,2,1,4897,4891,0,,0,0
9372645,1790910825,10241399946,41,41,0,0,41,0,0,41,0,0,4426,6,4429,12060,4470,1,17655,5596,2008,,1366,116321
9372648,1790910919,0,0,0,0,0,0,0,0,0,0,0,0,8,6,18,6,1,7872,7855,0,,0,0
9372649,1790910964,10769818493,14,10,0,0,10,0,0,10,0,0,3677,6,2644,7173,2658,1,13111,5939,520,,4472,121762
9372653,1790911012,10955416456,10,8,0,0,8,0,0,8,0,0,4065,2,2604,7052,2614,1,11090,4039,424,,4501,141291
9372655,1790911135,0,0,0,0,0,0,0,0,0,0,0,0,8,4,12,4,1,9699,9688,0,,0,0
9372659,1790911168,10095060270,9,8,0,0,8,0,0,8,0,0,3690,4,3001,8120,3010,1,12020,3901,424,,3553,120610
9372664,1790911236,10616227759,124,14,0,0,14,0,0,14,0,0,3471,8,2454,6959,2578,1,11711,4753,712,,10705,158286
9372665,1790911270,0,0,0,0,0,0,0,0,0,0,0,0,10,6,18,6,1,5478,5461,0,,0,0
9372668,1790911312,9499888540,19,19,0,0,19,0,0,19,0,0,3362,2,2562,6967,2581,1,11739,4773,952,,2474,118070
9372671,1790911347,10677571260,7,6,0,0,6,0,0,6,0,0,3751,6,2688,7271,2695,1,11626,4356,328,,3201,127604
9372674,1790911390,9545973824,11,11,0,0,11,0,0,11,0,0,3679,6,3179,8611,3190,1,12543,3933,568,,2582,115075
9372675,1790911426,10658353668,18,14,0,0,14,0,0,14,0,0,4037,6,3286,8914,3304,1,14115,5202,712,,3469,129684
9372679,1790911483,0,0,0,0,0,0,0,0,0,0,0,0,2,2,7,2,1,4327,4321,0,,0,0
9372682,1790911504,0,0,0,0,0,0,0,0,0,0,0,0,8,2,7,2,1,4054,4048,0,,0,0
9372684,1790911589,10913469118,20,19,0,0,19,0,0,19,0,0,4398,6,4402,11933,4422,1,18765,6833,952,,2399,117708
9372687,1790911632,0,0,0,0,0,0,0,0,0,0,0,0,4,4,12,4,1,4758,4747,0,,0,0
9372689,1790911701,0,0,0,0,0,0,0,0,0,0,0,0,6,4,12,4,1,5325,5314,0,,0,0
9372693,1790911798,0,0,0,0,0,0,0,0,0,0,0,0,4,3,9,3,1,7434,7426,0,,0,0
9372697,1790911842,10609002958,38,33,0,0,33,0,0,33,0,0,3867,8,2930,8011,2968,1,12651,4641,1624,,4870,144335
9372699,1790911888,10678959451,13,10,0,0,10,0,0,10,0,0,3893,8,2828,7667,2841,1,13012,5346,520,,4332,128542
9372700,1790911995,10650971932,7,7,0,0,7,0,0,7,0,0,3971,4,2586,6996,2593,1,15972,8977,376,,3552,132305
9372701,1790912033,9996032962,105,5,0,0,5,0,0,5,0,0,2982,2,2271,6411,2376,1,11324,4914,280,,35146,128735
9372704,1790912081,10391121655,13,11,0,0,11,0,0,11,0,0,4009,2,3310,8968,3323,1,13035,4068,568,,3258,120245
9372707,1790912126,0,0,0,0,0,0,0,0,0,0,0,0,6,3,10,3,1,4336,4327,0,,0,0
9372711,1790912172,10294346899,33,27,0,0,27,0,0,27,0,0,3751,6,3251,8863,3284,1,13113,4251,1336,,2694,121189
9372712,1790912227,10590125772,5,5,0,0,5,0,0,5,0,0,3664,8,2537,6861,2542,1,13052,6192,280,,2048,119831
9372717,1790912357,10682118518,13,12,0,0,12,0,0,12,0,0,4094,2,3467,9390,3480,1,13428,4039,616,,3439,123918
9372722,1790912358,0,0,0,0,0,0,0,0,0,0,0,0,10,6,18,6,1,4773,4756,0,,0,0
9372723,1790912393,0,0,0,0,0,0,0,0,0,0,0,0,10,4,12,4,1,5895,5884,0,,0,0
9372728,1790912445,10476540370,29,26,0,0,26,0,0,26,0,0,3839,2,2815,7675,2844,1,12306,4632,1288,,3904,134972
9372730,1790912494,10943290321,45,7,0,0,7,0,0,7,0,0,3933,10,2574,7069,2619,1,12699,5631,376,,4747,142930
9372732,1790912539,10995431335,13,8,0,0,8,0,0,8,0,0,3889,4,2572,6976,2585,1,11440,4465,424,,4166,131940
9372736,1790912562,10739760068,6,6,0,0,6,0,0,6,0,0,3727,4,2499,6761,2505,1,11084,4324,328,,2427,123786
9372740,1790912610,0,0,0,0,0,0,0,0,0,0,0,0,8,5,15,5,1,4062,4048,0,,0,0
9372746,1790912672,10643182949,32,23,0,0,23,0,0,23,0,0,3779,8,2798,7640,2830,1,12280,4641,1144,,3724,129903
9372748,1790912699,10441260956,5,5,0,0,5,0,0,5,0,0,3568,12,2781,7519,2786,1,12136,4618,280,,1458,115567
9372752,1790912792,0,0,0,0,0,0,0,0,0,0,0,0,4,3,9,3,1,5633,5625,0,,0,0
9372753,1790912850,10666903355,26,8,0,0,8,0,0,8,0,0,3651,8,2530,6900,2556,1,13796,6897,424,,3460,125131
9372758,1790912935,10915852454,16,16,0,0,16,0,0,16,0,0,3752,2,2552,6931,2568,1,12831,5901,808,,2288,126153
9372760,1790912984,0,0,0,0,0,0,0,0,0,0,0,0,10,6,18,6,1,4914,4897,0,,0,0
9372763,1790913041,10879039243,22,19,0,0,19,0,0,19,0,0,3827,4,2571,6998,2593,1,12204,5207,952,,4399,133559
9372764,1790913089,0,0,0,0,0,0,0,0,0,0,0,0,6,3,9,3,1,5745,5737,0,,0,0
9372765,1790913132,0,0,0,0,0,0,0,0,0,0,0,0,2,1,4,1,1,4465,4462,0,,0,0
9372768,1790913172,10793011397,15,9,0,0,9,0,0,9,0,0,3921,2,2814,7636,2829,1,12126,4491,472,,4584,130363
9372771,1790913237,10442949027,8,6,0,0,6,0,0,6,0,0,3715,6,2528,6844,2536,1,11311,4468,328,,3418,121564
9372773,1790913356,10501863482,9,9,0,0,9,0,0,9,0,0,3857,6,2808,7604,2817,1,17349,9746,472,,2822,122045
9372774,1790913438,10198770486,109,9,0,0,9,0,0,9,0,0,3290,4,2737,7681,2846,1,12492,4812,472,,35434,130906
9372778,1790913439,9955718012,5,5,0,0,5,0,0,5,0,0,3570,2,2750,7437,2755,1,11334,3898,280,,2212,115163
9372780,1790913473,0,0,0,0,0,0,0,0,0,0,0,0,8,5,15,5,1,4485,4471,0,,0,0
9372784,1790913512,10987447652,12,8,0,0,8,0,0,8,0,0,4416,4,4330,11719,4342,1,15507,3789,424,,2211,111935
9372786,1790913578,0,0,0,0,0,0,0,0,0,0,0,0,8,6,18,6,1,5334,5317,0,,0,0
9372790,1790913629,10250073095,11,9,0,0,9,0,0,9,0,0,3421,4,2468,6692,2479,1,11720,5029,472,,2376,114389
9372794,1790913667,10622793272,6,6,0,0,6,0,0,6,0,0,4153,8,3604,9743,3610,1,14383,4641,328,,2063,117229
9372796,1790913708,10572763778,12,7,0,0,7,0,0,7,0,0,3842,8,2621,7106,2633,1,11576,4471,376,,4913,126353
9372802,1790913757,0,0,0,0,0,0,0,0,0,0,0,0,4,3,9,3,1,4332,4324,0,,0,0
9372805,1790913838,10269776938,34,32,0,0,32,0,0,32,0,0,4009,12,3831,10430,3865,1,16909,6480,1576,,2535,119421
9372810,1790913889,10906894680,9,8,0,0,8,0,0,8,0,0,4117,6,2623,7103,2632,1,11458,4356,424,,4168,133948
9372811,1790913939,10576232800,10,6,0,0,6,0,0,6,0,0,3653,10,2514,6810,2524,1,14023,7214,328,,3351,119471
9372814,1790913978,0,0,0,0,0,0,0,0,0,0,0,0,2,2,7,2,1,4186,4180,0,,0,0
9372816,1790914088,0,0,0,0,0,0,0,0,0,0,0,0,6,3,10,3,1,8425,8416,0,,0,0
9372817,1790914126,10989152782,21,21,0,0,21,0,0,21,0,0,4285,4,3637,9872,3658,1,14788,4917,1048,,2363,126562
9372819,1790914163,10904641460,7,7,0,0,7,0,0,7,0,0,3825,2,2581,6981,2588,1,11724,4744,376,,2984,123352
9372821,1790914215,0,0,0,0,0,0,0,0,0,0,0,0,4,2,7,2,1,5035,5029,0,,0,0
9372823,1790914261,0,0,0,0,0,0,0,0,0,0,0,0,4,3,10,3,1,4756,4747,0,,0,0
9372825,1790914288,10258364134,24,12,0,0,12,0,0,12,0,0,4083,4,4080,11074,4104,1,15160,4087,616,,4950,113944
9372826,1790914355,0,0,0,0,0,0,0,0,0,0,0,0,4,4,12,4,1,5745,5734,0,,0,0
9372827,1790914383,10935814587,13,7,0,0,7,0,0,7,0,0,3974,2,3091,8376,3104,1,13260,4885,376,,4505,125747
9372830,1790914457,33838722,13,13,0,0,13,0,0,13,0,0,3,2,4,47,17,1,4649,4603,664,,166,4926
9372832,1790914482,10199451561,16,10,0,0,10,0,0,10,0,0,3682,6,2516,6832,2532,1,11046,4215,520,,5508,125922
9372834,1790914539,10735266184,20,10,0,0,10,0,0,10,0,0,4000,4,3517,9542,3537,1,13857,4316,520,,2887,116999
9372836,1790914600,9554677496,17,11,0,0,11,0,0,11,0,0,3583,4,3329,9031,3346,1,13665,4635,568,,4599,112185
9372838,1790914644,10527168004,5,5,0,0,5,0,0,5,0,0,3721,4,3022,8170,3027,1,12099,3930,280,,1481,113866
9372842,1790914679,10102615828,4,4,0,0,4,0,0,4,0,0,3435,4,2470,6676,2474,1,10858,4183,232,,1758,122544
9372848,1790914743,9264264726,27,27,0,0,27,0,0,27,0,0,4011,8,4016,10909,4043,1,15238,4330,1336,,1246,101902
9372851,1790914767,10626914892,5,5,0,0,5,0,0,5,0,0,3704,12,2542,6873,2547,1,11378,4506,280,,2564,121345
9372854,1790914853,10413891900,31,18,0,0,18,0,0,18,0,0,3638,6,2520,6886,2551,1,12904,6019,904,,4639,128841
9372857,1790914906,0,0,0,0,0,0,0,0,0,0,0,0,6,2,7,2,1,4333,4327,0,,0,0
9372860,1790914941,10267761056,6,6,0,0,6,0,0,6,0,0,3816,6,3115,8422,3121,1,12636,4215,328,,1961,120607
9372862,1790914989,10742911006,20,19,0,0,19,0,0,19,0,0,3810,6,2596,7063,2616,1,12123,5061,952,,4100,134743
9372864,1790915050,10909002388,116,10,0,0,10,0,0,10,0,0,3754,4,3275,9151,3391,1,12798,3648,520,,37782,150380
9372865,1790915074,0,0,0,0,0,0,0,0,0,0,0,0,4,4,12,4,1,5040,5029,0,,0,0
9372867,1790915113,10717818342,12,7,0,0,7,0,0,7,0,0,3944,2,3104,8409,3116,1,13072,4664,376,,4236,125598
9372869,1790915146,10953058234,12,9,0,0,9,0,0,9,0,0,3974,4,2569,6964,2581,1,10365,3402,472,,11845,277361
9372871,1790915227,10655867708,7,7,0,0,7,0,0,7,0,0,4492,4,4479,12108,4486,1,18828,6721,376,,1066,107680
9372874,1790915274,10562760588,109,6,0,0,6,0,0,6,0,0,3294,4,2734,7672,2843,1,11601,3930,328,,34557,136222
9372876,1790915338,24823230,9,9,0,0,9,0,0,9,0,0,2,6,6,42,15,1,5637,5596,472,,176,3630
9372880,1790915393,0,0,0,0,0,0,0,0,0,0,0,0,4,2,7,2,1,5035,5029,0,,0,0
9372881,1790915455,0,0,0,0,0,0,0,0,0,0,0,0,8,3,10,3,1,6736,6727,0,,0,0
9372884,1790915503,10851649394,15,12,0,0,12,0,0,12,0,0,4401,2,4273,11575,4288,1,16177,4603,616,,2510,115498
9372886,1790915544,10701795915,10,8,0,0,8,0,0,8,0,0,3959,6,2562,6940,2572,1,11577,4638,424,,4239,133333
9372887,1790915594,0,0,0,0,0,0,0,0,0,0,0,0,4,3,9,3,1,4896,4888,0,,0,0
9372892,1790915623,10885979932,26,22,0,0,22,0,0,22,0,0,3795,2,2559,6973,2585,1,10899,3927,1096,,4380,136087
9372894,1790915681,10544669340,18,11,0,0,11,0,0,11,0,0,3662,10,2533,6886,2551,1,12234,5349,568,,6525,138475
9372896,1790915732,0,0,0,0,0,0,0,0,0,0,0,0,4,4,12,4,1,2892,2881,0,,0,0
9372902,1790915769,10173773169,22,10,0,0,10,0,0,10,0,0,3637,4,2514,6845,2536,1,10886,4042,520,,5070,128429
9372904,1790915800,10517085026,9,8,0,0,8,0,0,8,0,0,3733,12,2579,6985,2588,1,11743,4759,424,,3634,129564
9372907,1790915871,9902320610,28,19,0,0,19,0,0,19,0,0,3357,4,2415,6593,2443,1,10099,3507,952,,6162,140840
9372908,1790915886,0,0,0,0,0,0,0,0,0,0,0,0,6,5,15,5,1,5187,5173,0,,0,0
9372909,1790915969,0,0,0,0,0,0,0,0,0,0,0,0,2,1,4,1,1,7285,7282,0,,0,0
9372911,1790916018,9850293092,40,26,1,3,27,0,0,27,1,0,3355,2,2489,6825,2529,1,11991,5167,1336,,3702,122235
9372913,1790916067,10346812893,20,14,0,0,14,0,0,14,0,0,3940,4,3750,10177,3770,1,15234,5058,712,,2043,110397
9372915,1790916106,0,0,0,0,0,0,0,0,0,0,0,0,4,3,9,3,1,4473,4465,0,,0,0
9372916,1790916196,0,0,0,0,0,0,0,0,0,0,0,0,4,3,10,3,1,8281,8272,0,,0,0
9372918,1790916238,10902925579,31,25,0,0,25,0,0,25,0,0,4527,2,4528,12302,4559,1,16763,4462,1240,,3229,111263
9372920,1790916282,10863281410,24,23,0,0,23,0,0,23,0,0,4137,4,2638,7185,2662,1,11537,4353,1144,,3968,146197
9372924,1790916330,10746215114,24,13,0,0,13,0,0,13,0,0,3975,4,2997,8153,3021,1,11562,3410,664,,6076,136222
9372925,1790916394,0,0,0,0,0,0,0,0,0,0,0,0,8,7,20,7,1,6464,6445,0,,0,0
9372927,1790916432,0,0,0,0,0,0,0,0,0,0,0,0,2,1,4,1,1,4606,4603,0,,0,0
9372930,1790916487,0,0,0,0,0,0,0,0,0,0,0,0,4,3,9,3,1,4755,4747,0,,0,0
9372934,1790916554,31447356,13,13,0,0,13,0,0,13,0,0,2,6,5,50,18,1,4799,4750,664,,149,4970
9372938,1790916602,0,0,0,0,0,0,0,0,0,0,0,0,8,5,15,5,1,4485,4471,0,,0,0
9372939,1790916637,10769467728,34,23,0,0,23,0,0,23,0,0,4295,8,4153,11299,4187,1,17038,5740,1144,,3551,117063
9372944,1790916714,10149008200,8,7,0,0,7,0,0,7,0,0,3684,2,2757,7462,2765,1,12798,5337,376,,3516,330922
9372948,1790916754,10559678404,5,5,0,0,5,0,0,5,0,0,3896,10,3094,8365,3099,1,13120,4756,280,,6634,122048
9372950,1790916795,10763572236,19,16,0,0,16,0,0,16,0,0,3905,8,2585,7027,2604,1,11920,4894,808,,4666,134037
9372952,1790916855,0,0,0,0,0,0,0,0,0,0,0,0,4,2,7,2,1,5035,5029,0,,0,0
9372954,1790916887,10637958095,36,13,0,0,13,0,0,13,0,0,3790,4,3047,8317,3083,1,12701,4385,664,,6834,142898
9372956,1790916931,0,0,0,0,0,0,0,0,0,0,0,0,4,3,9,3,1,3486,3478,0,,0,0
9372957,1790916967,0,0,0,0,0,0,0,0,0,0,0,0,4,2,7,2,1,4894,4888,0,,0,0
9372958,1790917066,10578115670,16,11,0,0,11,0,0,11,0,0,3935,2,3109,8436,3125,1,17587,9152,568,,3916,122890
9372961,1790917106,10817231969,67,64,0,0,64,0,0,64,0,0,3893,2,3103,8554,3170,1,12198,3645,3112,,3557,141226
9372963,1790917148,0,0,0,0,0,0,0,0,0,0,0,0,6,6,17,6,1,4061,4045,0,,0,0
9372969,1790917205,29593964,9,9,0,0,9,0,0,9,0,0,4,4,6,42,15,1,4224,4183,472,,133,3484
9372973,1790917239,10580841871,58,49,0,0,49,0,0,49,0,0,3959,12,3239,8895,3297,1,13823,4929,2392,,4620,139173
9372975,1790917289,0,0,0,0,0,0,0,0,0,0,0,0,8,7,20,7,1,4631,4612,0,,0,0
9372977,1790917331,10535179140,20,16,0,0,16,0,0,16,0,0,3919,4,2668,7252,2688,1,11886,4635,808,,4223,131114
9372981,1790917365,10808203282,18,18,1,10,19,0,0,19,1,0,3856,4,2700,7333,2718,1,11262,3930,952,,2983,129934
9372983,1790917441,10630927374,30,25,0,0,25,0,0,25,0,0,3984,8,3499,9524,3529,1,15010,5487,1240,,3599,127160
9372988,1790917514,0,0,0,0,0,0,0,0,0,0,0,0,4,3,9,3,1,5069,5061,0,,0,0
9372991,1790917530,10721470292,19,13,0,0,13,0,0,13,0,0,3833,10,3062,8314,3081,1,12534,4221,664,,4452,127914
9372993,1790917568,10903432494,12,9,0,0,9,0,0,9,0,0,4035,6,2639,7157,2651,1,11483,4327,472,,4495,134204
9372995,1790917621,10811596624,20,18,0,0,18,0,0,18,0,0,4161,4,3842,10422,3862,1,14915,4494,904,,2860,118344
9372996,1790917650,0,0,0,0,0,0,0,0,0,0,0,0,4,3,9,3,1,5601,5593,0,,0,0
9372998,1790917717,10987518734,20,19,0,0,19,0,0,19,0,0,4438,2,4355,11807,4375,1,17989,6183,952,,2199,113106
9373000,1790917757,10799959734,21,12,0,0,12,0,0,12,0,0,3694,4,2641,7183,2662,1,11958,4776,616,,2657,125432
9373005,1790917801,9937068688,13,9,0,0,9,0,0,9,0,0,3751,4,2802,7598,2815,1,11104,3507,472,,3470,119388
9373008,1790917880,0,0,0,0,0,0,0,0,0,0,0,0,10,5,15,5,1,4911,4897,0,,0,0
9373009,1790917897,9909762511,65,24,0,0,24,0,0,24,0,0,4159,6,4132,11327,4197,1,16499,5173,1192,,6837,114580
9373010,1790917979,10980355441,23,16,1,2,17,0,0,17,1,0,3994,2,3429,9317,3452,1,16627,7311,856,,2430,120981
9373011,1790918035,10529261981,213,8,0,0,8,0,0,8,0,0,3379,2,2969,8583,3182,1,13355,4773,424,,37600,159985
9373013,1790918062,0,0,0,0,0,0,0,0,0,0,0,0,2,2,7,2,1,4468,4462,0,,0,0
9373016,1790918097,0,0,0,0,0,0,0,0,0,0,0,0,4,3,10,3,1,3523,3514,0,,0,0
9373017,1790918136,10882359545,39,24,1,2,25,0,0,25,1,0,3892,6,2826,7732,2865,1,12687,4956,1240,,5722,134540
9373022,1790918184,10955426702,12,9,1,2,10,0,0,10,1,0,3971,2,2609,7073,2621,1,11422,4350,520,,3705,131350
9373026,1790918293,10649517759,41,37,0,0,37,0,0,37,0,0,4002,10,3619,9875,3660,1,18155,8281,1816,,3739,129466
9373030,1790918373,0,0,0,0,0,0,0,0,0,0,0,0,8,3,10,3,1,5890,5881,0,,0,0
9373035,1790918412,10470839000,6,6,0,0,6,0,0,6,0,0,3839,8,2569,6949,2575,1,11871,4923,328,,2879,129617
9373037,1790918456,10888128604,7,7,0,0,7,0,0,7,0,0,3995,10,2593,7014,2600,1,11628,4615,376,,3219,134709
9373041,1790918508,10950671236,19,19,0,0,19,0,0,19,0,0,4011,4,2771,7532,2790,1,12025,4494,952,,3312,139701
9373046,1790918607,10431843562,34,34,0,0,34,0,0,34,0,0,3799,8,2651,7248,2685,1,14538,7291,1672,,6427,145371
9373048,1790918652,0,0,0,0,0,0,0,0,0,0,0,0,10,9,26,9,1,4781,4756,0,,0,0
9373052,1790918692,0,0,0,0,0,0,0,0,0,0,0,0,4,1,4,1,1,3940,3937,0,,0,0
9373053,1790918798,10371218863,63,39,0,0,39,0,0,39,0,0,3623,8,2766,7636,2829,1,16683,9048,1912,,6712,139831
9373058,1790918832,10041054532,16,9,0,0,9,0,0,9,0,0,3537,2,2439,6625,2455,1,10381,3757,472,,6389,128693
9373061,1790918866,10316566008,7,6,0,0,6,0,0,6,0,0,3655,10,2528,6843,2535,1,11204,4362,328,,2255,121065
9373066,1790918910,0,0,0,0,0,0,0,0,0,0,0,0,6,4,12,4,1,4197,4186,0,,0,0
9373069,1790918996,10799565540,18,10,0,0,10,0,0,10,0,0,3904,10,2983,8099,3001,1,12883,4785,520,,6054,132966
9373073,1790919090,10602633607,13,7,0,0,7,0,0,7,0,0,3762,6,2666,7231,2679,1,14547,7317,376,,3508,123119
9373078,1790919150,0,0,0,0,0,0,0,0,0,0,0,0,8,7,20,7,1,5477,5458,0,,0,0
9373081,1790919215,0,0,0,0,0,0,0,0,0,0,0,0,10,5,15,5,1,4770,4756,0,,0,0
9373084,1790919261,10138206062,33,22,0,0,22,0,0,22,0,0,3785,6,2854,7793,2887,1,12430,4638,1096,,7129,141752
9373086,1790919308,10165936524,5,5,0,0,5,0,0,5,0,0,3673,6,2523,6820,2528,1,11521,4702,280,,3133,123471
9373090,1790919380,10805563838,19,14,0,0,14,0,0,14,0,0,4620,4,4621,12521,4640,1,19270,6750,712,,4700,113606
9373092,1790919418,0,0,0,0,0,0,0,0,0,0,0,0,8,6,18,6,1,4347,4330,0,,0,0
9373093,1790919457,10338048392,14,10,0,0,10,0,0,10,0,0,3990,4,3817,10338,3831,1,15254,4917,520,,2000,108780
9373098,1790919521,0,0,0,0,0,0,0,0,0,0,0,0,2,2,7,2,1,4327,4321,0,,0,0
9373100,1790919578,10973209109,51,47,0,0,47,0,0,47,0,0,3716,10,2540,6993,2591,1,13751,6759,2296,,3995,140785
9373104,1790919637,9800103527,17,6,0,0,6,0,0,6,0,0,3710,4,2988,8107,3005,1,13023,4917,328,,4151,118916
9373108,1790919695,10569864367,11,8,0,0,8,0,0,8,0,0,3729,8,2561,6940,2572,1,11447,4508,424,,4128,124905
9373112,1790919768,29569960,9,9,0,0,9,0,0,9,0,0,4,8,11,55,20,1,4948,4894,472,,156,3580
9373114,1790919799,0,0,0,0,0,0,0,0,0,0,0,0,8,3,10,3,1,4198,4189,0,,0,0
9373117,1790919860,10666027733,15,13,1,3,14,0,0,14,1,0,4298,4,4199,11371,4214,1,16399,5029,712,,2235,110621
9373122,1790919905,10581465536,14,10,0,0,10,0,0,10,0,0,3940,6,2611,7084,2625,1,10882,3799,520,,3784,131477
9373125,1790919961,24847228,9,9,0,0,9,0,0,9,0,0,2,10,5,39,14,1,5076,5038,472,,134,3507
9373127,1790920011,0,0,0,0,0,0,0,0,0,0,0,0,6,1,4,1,1,5599,5596,0,,0,0
9373130,1790920037,10625978374,11,10,0,0,10,0,0,10,0,0,3859,4,3405,9218,3416,1,13006,3789,520,,2356,113662
9373132,1790920075,10644040485,11,6,0,0,6,0,0,6,0,0,3684,6,2678,7257,2689,1,11612,4356,328,,2679,120666
9373133,1790920127,10727540610,18,7,0,0,7,0,0,7,0,0,3733,4,2534,6887,2552,1,12508,5622,376,,3833,128134
9373137,1790920189,0,0,0,0,0,0,0,0,0,0,0,0,2,2,7,2,1,4609,4603,0,,0,0
9373140,1790920225,0,0,0,0,0,0,0,0,0,0,0,0,8,6,17,6,1,4346,4330,0,,0,0
9373142,1790920279,10346913644,42,9,0,0,9,0,0,9,0,0,3724,6,2980,8153,3022,1,12620,4468,472,,5600,135463
9373147,1790920300,10960413542,25,24,0,0,24,0,0,24,0,0,3760,4,2546,6940,2571,1,11010,4071,1192,,3141,134024
9373150,1790920367,0,0,0,0,0,0,0,0,0,0,0,0,10,7,20,7,1,4775,4756,0,,0,0
9373153,1790920385,10673426519,83,10,0,0,10,0,0,10,0,0,4050,6,3962,10915,4045,1,15129,4215,520,,7174,134687
9373155,1790920422,10732402986,105,5,0,0,5,0,0,5,0,0,3302,6,2336,6590,2441,1,11086,4497,280,,34974,139121
9373156,1790920468,10772161254,123,19,0,0,19,0,0,19,0,0,3710,4,2552,7220,2675,1,12732,5513,952,,6235,158273
9373158,1790920518,10049066236,5,5,0,0,5,0,0,5,0,0,3592,2,2682,7250,2687,1,11035,3786,280,,2058,114522
9373163,1790920573,0,0,0,0,0,0,0,0,0,0,0,0,4,3,9,3,1,4896,4888,0,,0,0
9373164,1790920606,0,0,0,0,0,0,0,0,0,0,0,0,10,2,7,2,1,5044,5038,0,,0,0
9373167,1790920706,0,0,0,0,0,0,0,0,0,0,0,0,2,1,4,1,1,6580,6577,0,,0,0
9373168,1790920742,0,0,0,0,0,0,0,0,0,0,0,0,6,5,15,5,1,5046,5032,0,,0,0
9373171,1790920772,10874902506,43,31,0,0,31,0,0,31,0,0,4642,2,4628,12605,4671,1,16390,3786,1528,,4416,117095
9373175,1790920881,10833130498,56,52,0,0,52,0,0,52,0,0,4114,6,3573,9795,3629,1,18239,8445,2536,,3653,142276
9373176,1790920938,10271343095,19,14,0,0,14,0,0,14,0,0,3726,8,3207,8706,3226,1,15038,6333,712,,5035,137131
9373177,1790920979,10945334986,9,9,0,0,9,0,0,9,0,0,4191,2,3460,9364,3469,1,13572,4209,472,,2518,125470
9373179,1790921016,10159561768,10,10,0,0,10,0,0,10,0,0,4037,2,3968,10734,3978,1,15195,4462,520,,1079,104921
9373182,1790921070,9857706113,16,11,0,0,11,0,0,11,0,0,4216,4,4219,11431,4235,1,16350,4920,568,,4103,104236
9373184,1790921115,0,0,0,0,0,0,0,0,0,0,0,0,6,4,12,4,1,5184,5173,0,,0,0
9373185,1790921154,10968572634,21,13,0,0,13,0,0,13,0,0,4571,4,4570,12387,4591,1,18431,6045,664,,2194,111335
9373187,1790921197,9505182721,10,8,0,0,8,0,0,8,0,0,3658,2,3393,9184,3403,1,14068,4885,424,,2401,102412
9373189,1790921255,9915325304,32,26,0,0,26,0,0,26,0,0,4220,4,4217,11466,4249,1,16494,5029,1288,,4079,109441
9373193,1790921290,10586016796,8,8,0,0,8,0,0,8,0,0,4608,4,4609,12458,4617,1,16810,4353,424,,956,99479
9373199,1790921355,10123266692,7,7,0,0,7,0,0,7,0,0,4407,8,4412,11927,4419,1,16849,4923,376,,883,94226
9373202,1790921411,0,0,0,0,0,0,0,0,0,0,0,0,12,7,20,7,1,4919,4900,0,,0,0
9373205,1790921485,9830548396,28,23,0,0,23,0,0,23,0,0,4222,6,4223,11469,4251,1,19913,8445,1144,,2809,100646
9373208,1790921547,0,0,0,0,0,0,0,0,0,0,0,0,6,5,15,5,1,4200,4186,0,,0,0
9373211,1790921576,10928883881,9,7,0,0,7,0,0,7,0,0,4423,6,4425,11969,4434,1,16888,4920,376,,1680,107099
9373214,1790921617,10559930371,8,6,0,0,6,0,0,6,0,0,3703,6,2557,6922,2565,1,10684,3763,328,,3253,120901
9373218,1790921682,10906910218,18,18,0,0,18,0,0,18,0,0,4612,6,4617,12507,4635,1,18586,6080,904,,989,108551
9373222,1790921732,10123266692,7,7,0,0,7,0,0,7,0,0,4407,8,4412,11925,4419,1,16565,4641,376,,942,94573
9373228,1790921830,9444126042,29,20,0,0,20,0,0,20,0,0,4031,8,4035,10966,4064,1,14901,3936,1000,,3768,98245
9373230,1790921846,10518786280,6,6,0,0,6,0,0,6,0,0,4442,12,4453,12029,4459,1,16646,4618,328,,924,103148
9373232,1790921896,10679678065,15,14,0,0,14,0,0,14,0,0,4486,4,4488,12153,4503,1,16646,4494,712,,2143,108480
9373237,1790921951,10122558696,7,7,0,0,7,0,0,7,0,0,4407,4,4409,11913,4416,1,16688,4776,376,,979,98827
9373241,1790922001,10133568386,10,10,0,0,10,0,0,10,0,0,4408,10,4415,11939,4425,1,17005,5067,520,,964,96126
9373243,1790922054,9504636903,45,28,0,0,28,0,0,28,0,0,4044,8,4038,11015,4083,1,17318,6304,1384,,4151,101119
9373248,1790922096,9659868596,6,6,0,0,6,0,0,6,0,0,4206,4,4208,11373,4214,1,15584,4212,328,,849,89204
9373250,1790922149,9291948130,17,13,0,0,13,0,0,13,0,0,4018,10,4025,10905,4042,1,16817,5913,664,,1900,89342
9373252,1790922195,10876664118,6,6,0,0,6,0,0,6,0,0,4185,4,3987,10775,3993,1,14111,3337,328,,1106,109877
9373254,1790922230,10895631836,5,5,0,0,5,0,0,5,0,0,3878,4,3204,8663,3209,1,13156,4494,280,,1587,113769
9373255,1790922275,9712277721,13,12,0,0,12,0,0,12,0,0,4211,4,4213,11403,4226,1,16463,5061,616,,1519,93560
9373258,1790922309,9797973240,27,14,0,0,14,0,0,14,0,0,4216,2,4217,11453,4244,1,15802,4350,712,,2579,101312
9373261,1790922363,10702163251,15,8,0,0,8,0,0,8,0,0,4522,6,4523,12245,4538,1,15895,3651,424,,2731,106744
9373263,1790922408,9756744959,21,11,0,0,11,0,0,11,0,0,4222,6,4220,11444,4241,1,17180,5737,568,,2027,107925
9373265,1790922464,10828702663,21,13,0,0,13,0,0,13,0,0,4621,4,4621,12523,4642,1,16282,3760,664,,5356,118543
9373269,1790922488,0,0,0,0,0,0,0,0,0,0,0,0,4,2,7,2,1,4048,4042,0,,0,0
9373270,1790922529,23884532,7,7,0,0,7,0,0,7,0,0,3,8,6,37,13,1,5917,5881,376,,127,2903
9373271,1790922580,10640407441,14,9,0,0,9,0,0,9,0,0,4614,2,4614,12486,4628,1,17258,4773,472,,1854,105862
9373273,1790922612,9701927547,9,7,0,0,7,0,0,7,0,0,4210,2,4210,11386,4219,1,15453,4068,376,,1610,96257
9373274,1790922644,9239297455,8,6,0,0,6,0,0,6,0,0,4009,4,4011,10847,4019,1,15875,5029,328,,1715,86773
9373277,1790922686,9694357417,8,7,0,0,7,0,0,7,0,0,4208,2,4208,11376,4216,1,15443,4068,376,,1628,90386
9373279,1790922733,0,0,0,0,0,0,0,0,0,0,0,0,6,3,9,3,1,4194,4186,0,,0,0
9373281,1790922770,9270550152,10,8,0,0,8,0,0,8,0,0,4011,4,4012,10856,4022,1,15490,4635,424,,1846,90615
9373284,1790922858,37264786,15,15,0,0,15,0,0,15,0,0,3,4,7,61,22,1,6672,6612,760,,159,5625
9373285,1790922928,0,0,0,0,0,0,0,0,0,0,0,0,6,4,12,4,1,6207,6196,0,,0,0
9373288,1790922949,9763092593,16,11,0,0,11,0,0,11,0,0,4217,2,4216,11418,4232,1,15344,3927,568,,2360,94592
9373290,1790922993,9659220608,6,6,0,0,6,0,0,6,0,0,4206,6,4210,11377,4216,1,15873,4497,328,,882,92525
9373291,1790923037,0,0,0,0,0,0,0,0,0,0,0,0,4,4,12,4,1,4758,4747,0,,0,0
9373293,1790923070,9659112596,6,6,0,0,6,0,0,6,0,0,4206,2,4206,11368,4212,1,15999,4632,328,,841,89524
9373295,1790923172,33970726,13,13,0,0,13,0,0,13,0,0,3,4,7,55,20,1,7339,7285,664,,147,4994
9373297,1790923203,9446820383,28,19,0,0,19,0,0,19,0,0,4028,4,4027,10946,4055,1,15157,4212,952,,4479,98212
9373300,1790923261,9729817879,13,11,0,0,11,0,0,11,0,0,4217,4,4220,11425,4233,1,16341,4917,568,,1719,96136
9373305,1790923329,9769860785,21,18,0,0,18,0,0,18,0,0,4222,6,4225,11454,4246,1,16937,5484,904,,1834,97128
9373306,1790923382,14773038,3,3,0,0,3,0,0,3,0,0,2,10,8,31,11,1,6055,6025,184,,114,1305
9373309,1790923425,9189265577,156,154,0,0,154,0,0,154,0,0,3818,2,3819,10728,3975,1,15814,5087,7432,,3685,148664
9373311,1790923484,9695070519,8,7,0,0,7,0,0,7,0,0,4209,6,4213,11391,4221,1,15753,4363,376,,1476,93940
9373313,1790923509,9755893628,5,5,0,0,5,0,0,5,0,0,3996,4,3998,10809,4003,1,15020,4212,280,,899,98771
9373315,1790923555,9818581556,26,15,0,0,15,0,0,15,0,0,4228,4,4226,11475,4252,1,16673,5199,760,,3124,105774
9373316,1790923624,0,0,0,0,0,0,0,0,0,0,0,0,4,4,12,4,1,6168,6157,0,,0,0
9373321,1790923668,9816676643,35,29,0,0,29,0,0,29,0,0,4227,2,4227,11499,4262,1,15566,4068,1432,,1967,109164
9373322,1790923729,9676150808,9,9,0,0,9,0,0,9,0,0,4209,10,4216,11402,4225,1,15734,4333,472,,960,96392
9373325,1790923765,10173817154,8,7,0,0,7,0,0,7,0,0,4408,2,4408,11919,4416,1,16380,4462,376,,1861,97278
9373327,1790923841,0,0,0,0,0,0,0,0,0,0,0,0,6,4,12,4,1,6312,6301,0,,0,0
9373330,1790923872,10301878768,25,14,0,0,14,0,0,14,0,0,4426,4,4424,12005,4449,1,16357,4353,712,,3079,105199
9373331,1790923924,9245347121,10,9,0,0,9,0,0,9,0,0,4009,6,4013,10855,4023,1,15745,4891,472,,1664,90233
9373333,1790924009,0,0,0,0,0,0,0,0,0,0,0,0,2,1,4,1,1,6580,6577,0,,0,0
9373335,1790924062,9283460690,18,16,0,0,16,0,0,16,0,0,4009,4,4009,10870,4027,1,16100,5231,808,,1763,93342
9373336,1790924201,9674694884,9,9,0,0,9,0,0,9,0,0,4209,4,4212,11390,4221,1,23074,11685,472,,938,95218
9373339,1790924269,0,0,0,0,0,0,0,0,0,0,0,0,2,2,7,2,1,4186,4180,0,,0,0
9373343,1790924306,10665453781,18,16,0,0,16,0,0,16,0,0,4618,6,4622,12520,4640,1,16875,4356,808,,1927,103711
9373345,1790924348,10123374708,7,7,0,0,7,0,0,7,0,0,4407,8,4411,11920,4418,1,16842,4923,376,,914,95848
9373349,1790924390,9711247066,7,6,0,0,6,0,0,6,0,0,4207,4,4211,11382,4218,1,15000,3619,328,,1759,94521
9373352,1790924469,10450621709,136,130,0,0,130,0,0,130,0,0,4427,8,4426,12308,4562,1,19204,6897,6280,,2893,145326
9373354,1790924507,9692053172,12,12,0,0,12,0,0,12,0,0,4212,6,4215,11409,4227,1,15482,4074,616,,1088,94467
9373356,1790924540,0,0,0,0,0,0,0,0,0,0,0,0,4,3,9,3,1,4473,4465,0,,0,0
9373359,1790924574,9292813954,12,11,0,0,11,0,0,11,0,0,4018,4,4019,10878,4031,1,15089,4212,568,,1765,90380
9373363,1790924594,9660012608,6,6,0,0,6,0,0,6,0,0,4206,6,4210,11381,4216,1,16050,4670,328,,952,92085
9373367,1790924679,0,0,0,0,0,0,0,0,0,0,0,0,8,6,17,6,1,4628,4612,0,,0,0
9373369,1790924719,9336817527,25,22,0,0,22,0,0,22,0,0,4015,8,4019,10914,4044,1,15272,4359,1096,,2763,96374
9373372,1790924776,9311634958,17,8,0,0,8,0,0,8,0,0,4018,4,4019,10886,4036,1,15661,4776,424,,2454,91937
9373373,1790924821,10208719767,10,8,0,0,8,0,0,8,0,0,4410,6,4415,11939,4425,1,16576,4638,424,,2508,99128
9373379,1790924845,0,0,0,0,0,0,0,0,0,0,0,0,2,2,7,2,1,3763,3757,0,,0,0
9373383,1790924888,0,0,0,0,0,0,0,0,0,0,0,0,12,7,20,7,1,4496,4477,0,,0,0
9373386,1790924931,9258909234,21,21,0,0,21,0,0,21,0,0,4015,8,4017,10897,4038,1,15537,4641,1048,,1150,163602
9373387,1790924981,9239654681,8,6,0,0,6,0,0,6,0,0,4009,6,4013,10851,4021,1,15749,4899,328,,4585,224283
9373390,1790925016,9711295070,7,6,0,0,6,0,0,6,0,0,4207,2,4208,11373,4215,1,15158,3786,328,,1702,90466
9373394,1790925098,10766083443,26,20,0,0,20,0,0,20,0,0,4651,6,4653,12626,4679,1,18221,5596,1000,,1991,107441
9373397,1790925170,0,0,0,0,0,0,0,0,0,0,0,0,8,4,12,4,1,6597,6586,0,,0,0
9373400,1790925255,0,0,0,0,0,0,0,0,0,0,0,0,6,2,7,2,1,6339,6333,0,,0,0
9373406,1790925297,28033292,11,11,0,0,11,0,0,11,0,0,2,6,4,42,15,1,4791,4750,568,,145,4120
9373409,1790925325,9331001658,20,11,0,0,11,0,0,11,0,0,4022,12,4026,10915,4046,1,15673,4759,568,,2337,89336
9373411,1790925398,10316794760,82,80,0,0,80,0,0,80,0,0,4411,6,4413,12128,4495,1,17300,5173,3880,,2110,125536
9373414,1790925422,10653467141,7,5,0,0,5,0,0,5,0,0,4082,4,3907,10560,3914,1,15053,4494,280,,2476,107582
9373418,1790925528,0,0,0,0,0,0,0,0,0,0,0,0,6,5,15,5,1,7302,7288,0,,0,0
9373421,1790925569,10829451195,25,20,0,0,20,0,0,20,0,0,4116,8,3959,10752,3984,1,15363,4612,1000,,4215,127983
9373426,1790925647,10491825112,23,11,0,0,11,0,0,11,0,0,3727,6,3005,8170,3028,1,14358,6189,568,,5141,123652
9373428,1790925701,0,0,0,0,0,0,0,0,0,0,0,0,10,8,23,8,1,5624,5602,0,,0,0
9373430,1790925767,0,0,0,0,0,0,0,0,0,0,0,0,4,3,10,3,1,6166,6157,0,,0,0
9373434,1790925814,0,0,0,0,0,0,0,0,0,0,0,0,4,3,9,3,1,4787,4779,0,,0,0
9373437,1790925895,10796857536,55,54,0,0,54,0,0,54,0,0,4626,8,4629,12645,4684,1,18384,5740,2632,,2498,119530
9373439,1790925944,0,0,0,0,0,0,0,0,0,0,0,0,6,3,9,3,1,5745,5737,0,,0,0
9373441,1790926010,0,0,0,0,0,0,0,0,0,0,0,0,4,3,10,3,1,6166,6157,0,,0,0
9373443,1790926045,0,0,0,0,0,0,0,0,0,0,0,0,4,3,9,3,1,4332,4324,0,,0,0
9373446,1790926078,10893022683,17,15,0,0,15,0,0,15,0,0,4647,4,4647,12588,4664,1,17363,4776,760,,1800,105629
9373449,1790926138,10962334399,147,15,1,6,16,0,0,16,1,0,3737,6,3550,9975,3697,1,15035,5061,808,,34162,139009
9373454,1790926176,10883103110,6,5,0,0,5,0,0,5,0,0,4000,6,2607,7050,2613,1,11687,4638,280,,3663,128706
9373457,1790926227,9331191146,52,48,0,0,48,0,0,48,0,0,4013,10,4016,10976,4068,1,15731,4756,2344,,1748,101374
9373460,1790926273,0,0,0,0,0,0,0,0,0,0,0,0,6,4,12,4,1,4056,4045,0,,0,0
9373463,1790926363,0,0,0,0,0,0,0,0,0,0,0,0,6,5,15,5,1,7725,7711,0,,0,0
9373465,1790926411,10166273635,10,8,0,0,8,0,0,8,0,0,4411,6,4416,11945,4426,1,17351,5407,424,,1594,94230
9373468,1790926511,34777420,15,15,0,0,15,0,0,15,0,0,2,4,6,58,21,1,6214,6157,760,,149,5575
9373471,1790926546,0,0,0,0,0,0,0,0,0,0,0,0,6,3,9,3,1,4194,4186,0,,0,0
9373474,1790926599,9270599142,10,9,0,0,9,0,0,9,0,0,4011,6,4016,10863,4026,1,15641,4779,472,,1701,88006
9373478,1790926646,9196662520,5,5,0,0,5,0,0,5,0,0,4005,6,4009,10833,4014,1,15047,4215,280,,782,84456
9373483,1790926722,9738772121,21,19,0,0,19,0,0,19,0,0,4215,8,4217,11438,4238,1,16360,4923,952,,1658,99555
9373488,1790926762,0,0,0,0,0,0,0,0,0,0,0,0,10,8,23,8,1,4637,4615,0,,0,0
9373490,1790926811,0,0,0,0,0,0,0,0,0,0,0,0,10,6,18,6,1,5196,5179,0,,0,0
9373492,1790926860,0,0,0,0,0,0,0,0,0,0,0,0,4,3,9,3,1,5742,5734,0,,0,0
9373495,1790926905,0,0,0,0,0,0,0,0,0,0,0,0,4,1,4,1,1,4468,4465,0,,0,0
9373499,1790926988,9375411701,31,26,0,0,26,0,0,26,0,0,4022,6,4026,10948,4057,1,16995,6048,1288,,2683,97936
9373502,1790927044,9241033372,14,14,0,0,14,0,0,14,0,0,4014,8,4020,10884,4034,1,14967,4084,712,,885,87604
9373508,1790927082,0,0,0,0,0,0,0,0,0,0,0,0,6,4,12,4,1,4620,4609,0,,0,0
9373509,1790927141,0,0,0,0,0,0,0,0,0,0,0,0,12,7,20,7,1,6752,6733,0,,0,0
9373511,1790927183,10170409564,16,16,0,0,16,0,0,16,0,0,4416,2,4417,11964,4433,1,16595,4632,808,,1049,96962
9373513,1790927241,0,0,0,0,0,0,0,0,0,0,0,0,4,4,12,4,1,5463,5452,0,,0,0
9373515,1790927289,0,0,0,0,0,0,0,0,0,0,0,0,4,3,10,3,1,5461,5452,0,,0,0
9373517,1790927329,10344557208,193,188,0,0,188,0,0,188,0,0,4313,4,4311,12156,4504,1,16931,4776,9064,,3047,163362
9373521,1790927372,9231259908,20,20,0,0,20,0,0,20,0,0,4007,4,4009,10874,4029,1,14944,4071,1000,,921,89979
9373522,1790927405,10633826602,209,4,0,0,4,0,0,4,0,0,3635,8,2884,8348,3093,1,13278,4931,232,,9583,174237
9373524,1790927459,9543874760,5,5,0,0,5,0,0,5,0,0,3562,2,3067,8291,3072,1,12922,4632,280,,2453,124691
9373527,1790927503,9674694884,9,9,0,0,9,0,0,9,0,0,4209,4,4212,11391,4221,1,15602,4212,472,,1007,97911
9373530,1790927546,0,0,0,0,0,0,0,0,0,0,0,0,6,6,17,6,1,4484,4468,0,,0,0
9373534,1790927577,10201459335,16,11,0,0,11,0,0,11,0,0,4416,6,4418,11962,4434,1,16317,4356,568,,1856,99267
9373537,1790927644,10637995246,9,8,0,0,8,0,0,8,0,0,4609,8,4616,12482,4625,1,17017,4536,424,,1896,100185
9373540,1790927682,9196470500,5,5,0,0,5,0,0,5,0,0,4005,6,4009,10830,4014,1,14903,4074,280,,868,85654
9373541,1790927729,9382576795,74,36,0,0,36,0,0,36,0,0,3874,6,3855,10605,3929,1,15777,5173,1768,,10180,111851
9373543,1790927766,9659208604,6,6,0,0,6,0,0,6,0,0,4206,2,4206,11364,4212,1,15431,4068,328,,943,90499
9373547,1790927811,0,0,0,0,0,0,0,0,0,0,0,0,4,4,12,4,1,3630,3619,0,,0,0
9373549,1790927850,9724965451,20,18,0,0,18,0,0,18,0,0,4211,8,4212,11417,4232,1,16903,5487,904,,1590,95517
9373552,1790927894,9196614512,5,5,0,0,5,0,0,5,0,0,4005,4,4009,10831,4014,1,15606,4776,280,,831,86426
9373555,1790927959,0,0,0,0,0,0,0,0,0,0,0,0,6,5,15,5,1,5187,5173,0,,0,0
9373557,1790928043,9867748807,31,19,0,0,19,0,0,19,0,0,4231,6,4228,11493,4259,1,19232,7740,952,,3144,106170
9373562,1790928085,0,0,0,0,0,0,0,0,0,0,0,0,4,3,9,3,1,4191,4183,0,,0,0
9373568,1790928140,29617964,9,9,0,0,9,0,0,9,0,0,4,10,8,47,17,1,4943,4897,472,,143,3744
9373571,1790928188,9750494641,10,7,0,0,7,0,0,7,0,0,4210,12,4215,11402,4225,1,16785,5384,376,,2509,96113
9373574,1790928245,9247800962,6,5,0,0,5,0,0,5,0,0,4006,6,4010,10840,4016,1,15025,4186,280,,1670,88357
9373577,1790928290,0,0,0,0,0,0,0,0,0,0,0,0,6,4,12,4,1,4479,4468,0,,0,0
9373582,1790928322,10650865705,15,13,0,0,13,0,0,13,0,0,4615,6,4620,12507,4635,1,16580,4074,664,,1838,102992
9373585,1790928369,9762228694,29,25,0,0,25,0,0,25,0,0,4218,10,4223,11476,4252,1,14991,3516,1240,,1733,97367
9373588,1790928511,0,0,0,0,0,0,0,0,0,0,0,0,6,5,15,5,1,10968,10954,0,,0,0
9373593,1790928560,0,0,0,0,0,0,0,0,0,0,0,0,6,2,7,2,1,4615,4609,0,,0,0
9373595,1790928593,9386815215,21,16,1,3,17,0,0,17,1,0,4018,10,4022,10914,4043,1,15387,4474,856,,3293,115935
9373600,1790928668,0,0,0,0,0,0,0,0,0,0,0,0,4,2,7,2,1,5035,5029,0,,0,0
9373603,1790928708,9347421487,30,23,0,0,23,0,0,23,0,0,4016,10,4020,10931,4050,1,15292,4362,1144,,4779,222862
9373606,1790928740,9317930700,15,11,1,4,12,0,0,12,1,0,4013,6,4017,10881,4032,1,14813,3933,616,,2684,90745
9373609,1790928778,9259847536,11,7,0,0,7,0,0,7,0,0,4012,6,4017,10869,4028,1,15477,4609,376,,1673,87335
9373613,1790928824,9247896970,6,5,0,0,5,0,0,5,0,0,4006,6,4010,10840,4016,1,13752,2913,280,,1723,86481
9373615,1790928876,0,0,0,0,0,0,0,0,0,0,0,0,8,7,20,7,1,4631,4612,0,,0,0
9373617,1790928898,9250910286,20,20,0,0,20,0,0,20,0,0,4013,4,4013,10883,4033,1,14953,4071,1000,,975,90647
9373620,1790928940,0,0,0,0,0,0,0,0,0,0,0,0,4,4,12,4,1,4335,4324,0,,0,0
9373624,1790929003,10772514451,29,18,0,0,18,0,0,18,0,0,4630,6,4628,12572,4657,1,17350,4779,904,,2906,108340
9373628,1790929057,9196566512,5,5,0,0,5,0,0,5,0,0,4005,8,4012,10839,4017,1,15591,4753,280,,860,84332
9373631,1790929087,9239717463,8,6,0,0,6,0,0,6,0,0,4009,8,4015,10854,4023,1,15917,5064,328,,1552,87381
9373634,1790929133,0,0,0,0,0,0,0,0,0,0,0,0,6,4,12,4,1,3915,3904,0,,0,0
9373637,1790929166,9272372702,27,27,0,0,27,0,0,27,0,0,4016,6,4018,10915,4045,1,15270,4356,1336,,1067,97979
9373639,1790929204,10637995246,9,8,0,0,8,0,0,8,0,0,4609,6,4615,12475,4624,1,17083,4609,424,,1833,105966
9373641,1790929279,10738768354,32,24,0,0,24,0,0,24,0,0,4633,4,4631,12582,4663,1,19190,6609,1192,,2296,114175
9373642,1790929349,10192027438,11,10,0,0,10,0,0,10,0,0,4411,4,4415,11942,4426,1,18127,6186,520,,2598,206698
9373644,1790929380,9405152844,14,9,0,0,9,0,0,9,0,0,4014,2,4012,10864,4026,1,15213,4350,472,,11542,198714
9373647,1790929423,10585212792,8,8,0,0,8,0,0,8,0,0,4608,4,4609,12460,4617,1,15510,3051,424,,942,98680
9373650,1790929459,9247740964,6,5,0,0,5,0,0,5,0,0,4006,6,4011,10840,4017,1,14631,3792,280,,1711,87001
9373653,1790929521,31351356,13,13,0,0,13,0,0,13,0,0,2,6,7,55,20,1,5086,5032,664,,145,4920
9373656,1790929548,0,0,0,0,0,0,0,0,0,0,0,0,6,3,9,3,1,4335,4327,0,,0,0
9373658,1790929621,0,0,0,0,0,0,0,0,0,0,0,0,6,1,4,1,1,6163,6160,0,,0,0
9373660,1790929651,9838320152,23,14,0,0,14,0,0,14,0,0,4226,4,4226,11469,4249,1,15398,3930,712,,2946,96292
9373663,1790929717,0,0,0,0,0,0,0,0,0,0,0,0,4,4,12,4,1,4335,4324,0,,0,0
9373664,1790929744,9255205028,11,7,0,0,7,0,0,7,0,0,4012,6,4015,10867,4026,1,15898,5032,376,,1589,86374
9373670,1790929832,9253979731,11,9,0,0,9,0,0,9,0,0,4012,2,4012,10856,4023,1,16192,5337,472,,1578,87695
9373672,1790929867,9659304616,6,6,0,0,6,0,0,6,0,0,4206,12,4217,11396,4223,1,16465,5070,328,,825,92489
9373674,1790929920,9258055438,7,5,0,0,5,0,0,5,0,0,4007,4,4010,10842,4017,1,15899,5058,280,,1718,88221
9373675,1790929956,10693289370,23,21,0,0,21,0,0,21,0,0,3948,4,3252,8836,3275,1,13752,4917,1048,,2830,125666
9373677,1790929998,9275613442,31,31,0,0,31,0,0,31,0,0,4015,2,4017,10923,4048,1,16009,5087,1528,,1046,99304
9373681,1790930060,9659868596,6,6,0,0,6,0,0,6,0,0,4206,4,4210,11374,4216,1,16290,4917,328,,865,89297
9373683,1790930108,0,0,0,0,0,0,0,0,0,0,0,0,8,6,18,6,1,4206,4189,0,,0,0
9373686,1790930172,9809530588,20,11,0,0,11,0,0,11,0,0,4222,4,4220,11439,4240,1,15198,3760,568,,7910,283897
9373689,1790930236,0,0,0,0,0,0,0,0,0,0,0,0,6,3,9,3,1,4899,4891,0,,0,0
9373692,1790930257,18079100,5,5,0,0,5,0,0,5,0,0,2,6,6,31,11,1,4075,4045,280,,126,1981
9373694,1790930309,0,0,0,0,0,0,0,0,0,0,0,0,6,1,4,1,1,4612,4609,0,,0,0
9373698,1790930357,9381990854,13,8,0,0,8,0,0,8,0,0,4043,4,4045,10952,4058,1,15839,4888,424,,2437,89548
9373700,1790930400,9213471416,11,5,0,0,5,0,0,5,0,0,4007,8,4013,10856,4024,1,15073,4218,280,,827,85935
9373702,1790930435,9271862646,14,6,0,0,6,0,0,6,0,0,4015,4,4014,10869,4028,1,14939,4071,328,,1715,87533
9373704,1790930482,9213145948,8,8,0,0,8,0,0,8,0,0,4008,4,4012,10851,4020,1,15485,4635,424,,861,85786
9373705,1790930526,9235151938,18,18,0,0,18,0,0,18,0,0,4010,4,4012,10875,4030,1,15932,5058,904,,935,89541
9373707,1790930665,0,0,0,0,0,0,0,0,0,0,0,0,2,2,7,2,1,8730,8724,0,,0,0
9373708,1790930716,10748839652,23,17,0,0,17,0,0,17,0,0,4621,4,4621,12534,4644,1,18578,6045,856,,3010,107046
9373712,1790930763,9301098962,11,6,0,0,6,0,0,6,0,0,4012,2,4012,10857,4023,1,14783,3927,328,,2481,87790
9373715,1790930802,9680338468,10,10,0,0,10,0,0,10,0,0,4210,8,4215,11402,4225,1,16183,4782,520,,869,91626
9373720,1790930846,10586712796,8,8,0,0,8,0,0,8,0,0,4608,6,4614,12474,4622,1,17082,4609,424,,915,97976
9373724,1790930905,32912026,11,11,0,0,11,0,0,11,0,0,4,10,9,55,20,1,5092,5038,568,,136,4168
9373726,1790930944,0,0,0,0,0,0,0,0,0,0,0,0,8,6,17,6,1,4910,4894,0,,0,0
9373729,1790930986,10649492909,15,14,0,0,14,0,0,14,0,0,4615,4,4618,12506,4633,1,16999,4494,712,,1634,101207
9373732,1790931035,9367534770,19,7,0,0,7,0,0,7,0,0,4020,6,4019,10896,4038,1,15392,4497,376,,3229,90933
9373735,1790931103,9229436664,15,15,0,0,15,0,0,15,0,0,4009,6,4013,10873,4028,1,16779,5907,760,,963,88106
9373736,1790931189,0,0,0,0,0,0,0,0,0,0,0,0,6,4,12,4,1,7472,7461,0,,0,0
9373737,1790931210,9262615246,9,8,0,0,8,0,0,8,0,0,4009,2,4010,10846,4019,1,14526,3681,424,,1643,87364
9373741,1790931269,9245701445,9,7,0,0,7,0,0,7,0,0,4010,2,4012,10853,4021,1,15061,4209,376,,1530,86910
9373742,1790931317,0,0,0,0,0,0,0,0,0,0,0,0,8,5,15,5,1,5331,5317,0,,0,0
9373744,1790931379,10816057446,25,14,1,3,15,0,0,15,1,0,4625,2,4623,12538,4648,1,17733,5196,760,,4379,108123
9373748,1790931420,10123374704,7,7,0,0,7,0,0,7,0,0,4407,4,4410,11918,4417,1,16382,4465,376,,1054,109599
9373753,1790931478,9333114920,27,25,0,0,25,0,0,25,0,0,4019,8,4023,10930,4050,1,15288,4359,1240,,2258,104538
9373754,1790931509,9196614512,5,5,0,0,5,0,0,5,0,0,4005,10,4011,10837,4016,1,16467,5631,280,,887,87066
9373758,1790931565,0,0,0,0,0,0,0,0,0,0,0,0,2,2,7,2,1,4327,4321,0,,0,0
9373761,1790931615,0,0,0,0,0,0,0,0,0,0,0,0,8,3,10,3,1,4621,4612,0,,0,0
9373765,1790931654,0,0,0,0,0,0,0,0,0,0,0,0,6,5,15,5,1,4059,4045,0,,0,0
9373766,1790931694,24823228,9,9,0,0,9,0,0,9,0,0,2,8,4,36,13,1,5352,5317,472,,135,3474
9373769,1790931752,9539903502,35,24,0,0,24,0,0,24,0,0,4031,2,4027,10964,4062,1,15848,4885,1192,,4812,108898
9373773,1790931877,0,0,0,0,0,0,0,0,0,0,0,0,6,5,15,5,1,8466,8452,0,,0,0
9373776,1790931928,9417541505,26,9,0,0,9,0,0,9,0,0,4027,8,4026,10934,4052,1,16561,5628,472,,3645,97208
9373779,1790931971,33970722,13,13,0,0,13,0,0,13,0,0,3,6,9,61,22,1,5092,5032,664,,143,5679
9373784,1790932007,9659964604,6,6,0,0,6,0,0,6,0,0,4206,6,4210,11378,4216,1,15028,3651,328,,970,95385
9373786,1790932076,9667864490,7,7,0,0,7,0,0,7,0,0,4208,10,4215,11396,4222,1,17872,6477,376,,961,96551
9373787,1790932119,0,0,0,0,0,0,0,0,0,0,0,0,4,4,12,4,1,4758,4747,0,,0,0
9373791,1790932150,9300164400,17,15,0,0,15,0,0,15,0,0,4017,2,4013,10874,4030,1,14377,3504,760,,1882,95462
9373795,1790932220,0,0,0,0,0,0,0,0,0,0,0,0,8,5,15,5,1,4062,4048,0,,0,0
9373796,1790932241,9365847392,26,14,0,0,14,0,0,14,0,0,4025,8,4025,10931,4051,1,16135,5205,712,,2687,94250
9373802,1790932287,9660072616,6,6,0,0,6,0,0,6,0,0,4206,2,4208,11371,4214,1,15438,4068,328,,893,90820
9373806,1790932352,0,0,0,0,0,0,0,0,0,0,0,0,12,11,31,11,1,5212,5182,0,,0,0
9373812,1790932375,10169009214,16,16,0,0,16,0,0,16,0,0,4415,8,4422,11975,4438,1,15353,3379,808,,1119,99665
9373815,1790932435,10196831617,17,15,0,0,15,0,0,15,0,0,4418,12,4426,11988,4443,1,17375,5388,760,,1626,99451
9373816,1790932489,9257971416,7,5,0,0,5,0,0,5,0,0,4007,6,4011,10845,4018,1,17049,6205,280,,1760,90941
9373819,1790932532,9735344742,15,7,0,0,7,0,0,7,0,0,4216,2,4214,11410,4229,1,15307,3898,376,,1937,94268
9373823,1790932571,0,0,0,0,0,0,0,0,0,0,0,0,6,4,12,4,1,3633,3622,0,,0,0
9373825,1790932640,9692053172,12,12,0,0,12,0,0,12,0,0,4212,8,4217,11413,4229,1,16447,5035,616,,1007,93376
9373827,1790932687,0,0,0,0,0,0,0,0,0,0,0,0,4,3,10,3,1,4756,4747,0,,0,0
9373831,1790932760,9783926009,21,18,0,0,18,0,0,18,0,0,4215,4,4216,11432,4237,1,15896,4465,904,,2466,98266
9373834,1790932782,9405439276,14,9,0,0,9,0,0,9,0,0,4014,8,4015,10871,4029,1,15229,4359,472,,3884,98838
9373837,1790932848,9976882010,39,14,0,0,14,0,0,14,0,0,4240,6,4233,11529,4272,1,17153,5625,712,,5363,104311
9373840,1790932889,10586808800,8,8,0,0,8,0,0,8,0,0,4608,6,4611,12463,4619,1,16113,3651,424,,1074,100032
9373844,1790932925,0,0,0,0,0,0,0,0,0,0,0,0,6,5,15,5,1,4341,4327,0,,0,0
9373845,1790932982,28165294,11,11,0,0,11,0,0,11,0,0,2,8,5,45,16,1,5989,5945,568,,140,4397
9373847,1790933040,9441842782,22,16,0,0,16,0,0,16,0,0,4020,2,4017,10903,4039,1,15965,5063,808,,4160,101205
9373851,1790933103,10607215610,12,12,0,0,12,0,0,12,0,0,4612,4,4616,12490,4628,1,16954,4465,616,,1018,99722
9373854,1790933154,10280192460,14,10,0,0,10,0,0,10,0,0,4415,8,4417,11959,4431,1,16429,4471,520,,3619,101087
9373857,1790933180,10140708988,10,10,0,0,10,0,0,10,0,0,4410,6,4413,11935,4423,1,16149,4215,520,,991,95055
9373859,1790933221,30568662,11,11,0,0,11,0,0,11,0,0,3,6,7,50,18,1,4517,4468,568,,136,4367
9373861,1790933264,10202005900,12,10,0,0,10,0,0,10,0,0,4412,4,4414,11941,4426,1,16575,4635,520,,1891,99529
9373866,1790933311,0,0,0,0,0,0,0,0,0,0,0,0,4,3,9,3,1,4614,4606,0,,0,0
9373869,1790933377,9221515698,10,10,0,0,10,0,0,10,0,0,4010,10,4012,10853,4022,1,16765,5913,520,,906,87683
9373871,1790933415,9260016490,12,8,0,0,8,0,0,8,0,0,4012,6,4014,10861,4026,1,15498,4638,424,,1539,91539
9373872,1790933486,10335757824,39,30,0,0,30,0,0,30,0,0,4432,4,4427,12052,4466,1,19083,7032,1480,,3178,112057
9373876,1790933518,9660036612,6,6,0,0,6,0,0,6,0,0,4206,2,4208,11371,4214,1,15127,3757,328,,944,90914
9373878,1790933574,0,0,0,0,0,0,0,0,0,0,0,0,8,7,20,7,1,5086,5067,0,,0,0
9373881,1790933628,10862400867,29,24,0,0,24,0,0,24,0,0,4629,4,4629,12574,4658,1,16785,4212,1192,,4399,120057
9373885,1790933708,24835230,9,9,0,0,9,0,0,9,0,0,2,6,7,45,16,1,5922,5878,472,,155,3508
9373888,1790933736,10948298825,40,26,0,0,26,0,0,26,0,0,4641,8,4638,12625,4678,1,16560,3936,1288,,5381,123037
9373890,1790933770,9196662516,5,5,0,0,5,0,0,5,0,0,4005,6,4009,10829,4014,1,15607,4779,280,,871,85040
9373892,1790933821,10990789863,8,6,0,0,6,0,0,6,0,0,4286,4,4111,11113,4119,1,14872,3760,328,,2204,112597
9373895,1790933845,10990125260,20,17,0,0,17,0,0,17,0,0,4665,4,4667,12648,4687,1,16577,3930,856,,2529,115593
9373896,1790933926,0,0,0,0,0,0,0,0,0,0,0,0,6,3,10,3,1,7720,7711,0,,0,0
9373897,1790933970,9261635812,19,19,0,0,19,0,0,19,0,0,4017,2,4017,10889,4036,1,15491,4603,952,,1042,93440
9373898,1790934017,9659112596,6,6,0,0,6,0,0,6,0,0,4206,2,4206,11362,4212,1,16839,5478,328,,948,92068
9373899,1790934101,9730425387,14,12,0,0,12,0,0,12,0,0,4214,2,4214,11408,4228,1,18859,7452,616,,1901,95058
9373904,1790934137,9247692960,6,5,0,0,5,0,0,5,0,0,4006,2,4008,10831,4014,1,14757,3927,280,,1621,90592
9373908,1790934199,0,0,0,0,0,0,0,0,0,0,0,0,10,7,20,7,1,4811,4792,0,,0,0
9373913,1790934240,0,0,0,0,0,0,0,0,0,0,0,0,8,3,9,3,1,4902,4894,0,,0,0
9373917,1790934281,18187100,5,5,0,0,5,0,0,5,0,0,2,10,8,36,13,1,4368,4333,280,,115,2084
9373921,1790934333,0,0,0,0,0,0,0,0,0,0,0,0,8,5,15,5,1,4485,4471,0,,0,0
9373923,1790934374,9211284788,8,8,0,0,8,0,0,8,0,0,4008,8,4014,10858,4022,1,15357,4500,424,,855,86743
9373926,1790934436,10170313556,16,16,0,0,16,0,0,16,0,0,4416,4,4420,11966,4436,1,17840,5875,808,,1071,103778
9373928,1790934444,9760232242,19,18,0,0,18,0,0,18,0,0,4219,6,4215,11425,4234,1,16879,5455,904,,4482,144259
9373930,1790934527,10740961262,23,17,0,0,17,0,0,17,0,0,4623,4,4626,12543,4649,1,17148,4606,856,,4869,146229
9373934,1790934569,0,0,0,0,0,0,0,0,0,0,0,0,4,3,9,3,1,4332,4324,0,,0,0
9373937,1790934633,0,0,0,0,0,0,0,0,0,0,0,0,8,5,15,5,1,5895,5881,0,,0,0
9373939,1790934669,9305528492,20,16,0,0,16,0,0,16,0,0,4022,6,4021,10906,4041,1,15232,4327,808,,1905,96330
9373941,1790934720,0,0,0,0,0,0,0,0,0,0,0,0,4,3,9,3,1,5037,5029,0,,0,0
9373943,1790934801,0,0,0,0,0,0,0,0,0,0,0,0,4,3,10,3,1,5775,5766,0,,0,0
9373945,1790934835,9788594477,43,40,0,0,40,0,0,40,0,0,4216,4,4214,11490,4257,1,16518,5029,1960,,1797,108191
9373946,1790934879,0,0,0,0,0,0,0,0,0,0,0,0,4,1,4,1,1,4750,4747,0,,0,0
9373948,1790934916,9342781815,20,18,0,0,18,0,0,18,0,0,4020,2,4021,10906,4041,1,14832,3927,904,,2508,95035
9373951,1790934971,9311225972,21,17,0,0,17,0,0,17,0,0,4023,4,4024,10914,4045,1,16083,5170,856,,1976,94396
9373955,1790935123,9289823192,12,8,0,0,8,0,0,8,0,0,4013,6,4016,10870,4028,1,15901,5032,424,,2347,88838
9373961,1790935124,9196470500,5,5,0,0,5,0,0,5,0,0,4005,8,4010,10836,4015,1,15053,4218,280,,794,91898
9373963,1790935151,9461160830,43,39,0,0,39,0,0,39,0,0,4034,12,4042,11026,4085,1,16912,5887,1912,,4067,110654
9373966,1790935225,0,0,0,0,0,0,0,0,0,0,0,0,4,2,7,2,1,6163,6157,0,,0,0
9373968,1790935276,10577687627,124,116,0,0,116,0,0,116,0,0,4432,6,4430,12288,4554,1,17601,5314,5608,,5373,147538
9373974,1790935308,0,0,0,0,0,0,0,0,0,0,0,0,4,3,10,3,1,4051,4042,0,,0,0
9373978,1790935358,0,0,0,0,0,0,0,0,0,0,0,0,12,8,23,8,1,5518,5496,0,,0,0
9373982,1790935429,0,0,0,0,0,0,0,0,0,0,0,0,8,6,18,6,1,5511,5494,0,,0,0
9373986,1790935472,9269447520,19,19,0,0,19,0,0,19,0,0,4019,8,4025,10912,4044,1,15975,5064,952,,1177,95067
9373987,1790935549,9343697453,14,8,0,0,8,0,0,8,0,0,4016,8,4021,10889,4035,1,17192,6304,424,,3202,100755
9373989,1790935625,9659868596,6,6,0,0,6,0,0,6,0,0,4206,2,4207,11364,4213,1,17799,6436,328,,858,90574
9373993,1790935681,45361550,19,19,0,0,19,0,0,19,0,0,2,4,5,66,24,1,4953,4888,952,,258,7349
9373998,1790935750,9439428411,20,15,0,0,15,0,0,15,0,0,4020,8,4021,10904,4041,1,16390,5487,760,,4315,102986
9374001,1790935786,0,0,0,0,0,0,0,0,0,0,0,0,10,9,26,9,1,4922,4897,0,,0,0
9374003,1790935873,10040086803,111,23,0,0,23,0,0,23,0,0,4114,6,4044,11217,4155,1,15120,3904,1144,,9679,133017
9374004,1790935911,9221465098,14,14,0,0,14,0,0,14,0,0,4008,4,4009,10858,4023,1,16902,6045,712,,948,92193
9374006,1790936001,10440049491,32,25,0,0,25,0,0,25,0,0,4433,2,4431,12043,4463,1,15799,3757,1240,,5005,117544
9374008,1790936031,9300168748,12,8,0,0,8,0,0,8,0,0,4012,4,4013,10862,4025,1,16241,5380,424,,2817,92276
9374010,1790936080,9196470500,5,5,0,0,5,0,0,5,0,0,4005,4,4008,10828,4013,1,14898,4071,280,,912,87775
9374013,1790936124,10708507540,17,12,0,0,12,0,0,12,0,0,4618,4,4619,12506,4636,1,16153,3648,616,,2923,107904
9374015,1790936161,10795198592,17,12,0,0,12,0,0,12,0,0,4617,6,4619,12504,4636,1,17705,5202,616,,4108,111098
9374016,1790936214,10604075252,13,13,0,0,13,0,0,13,0,0,4611,4,4612,12481,4625,1,17397,4917,664,,973,101454
9374019,1790936286,10365941598,21,15,0,0,15,0,0,15,0,0,4421,2,4419,11984,4440,1,17150,5167,760,,4650,118259
9374022,1790936336,0,0,0,0,0,0,0,0,0,0,0,0,6,5,15,5,1,4341,4327,0,,0,0
9374023,1790936388,0,0,0,0,0,0,0,0,0,0,0,0,6,3,10,3,1,6874,6865,0,,0,0
9374025,1790936430,10692051674,18,11,0,0,11,0,0,11,0,0,4620,2,4618,12506,4636,1,16432,3927,568,,2714,112239
9374027,1790936484,0,0,0,0,0,0,0,0,0,0,0,0,4,4,12,4,1,5040,5029,0,,0,0
9374031,1790936528,10602872694,57,45,0,0,45,0,0,45,0,0,4470,4,4460,12186,4517,1,16932,4747,2200,,6412,136619
9374034,1790936573,10629095747,11,9,0,0,9,0,0,9,0,0,4612,8,4616,12490,4627,1,16707,4218,472,,1706,100543
9374040,1790936608,9706284294,7,7,0,0,7,0,0,7,0,0,4225,6,4229,11427,4236,1,15955,4529,376,,858,90710
9374043,1790936665,10182910708,18,18,0,0,18,0,0,18,0,0,4421,12,4428,11998,4446,1,17208,5211,904,,1132,101043
9374046,1790936731,9763796989,15,10,0,0,10,0,0,10,0,0,4218,6,4222,11439,4237,1,16188,4750,520,,2249,94994
9374047,1790936763,9776192369,28,6,0,0,6,0,0,6,0,0,4228,6,4221,11465,4249,1,16525,5061,328,,2019,103568
9374050,1790936800,9773824448,15,6,0,0,6,0,0,6,0,0,4215,2,4215,11415,4230,1,15171,3757,328,,2578,94258
9374052,1790936847,0,0,0,0,0,0,0,0,0,0,0,0,6,4,12,4,1,5043,5032,0,,0,0
9374053,1790936896,9211284788,8,8,0,0,8,0,0,8,0,0,4008,4,4010,10845,4018,1,16889,6045,424,,982,87590
9374055,1790936936,9238660469,8,7,0,0,7,0,0,7,0,0,4010,2,4011,10845,4019,1,14771,3927,376,,1419,86266
9374057,1790936999,10737425778,29,26,0,0,26,0,0,26,0,0,4626,4,4630,12571,4659,1,18022,5452,1288,,2587,109192
9374060,1790937046,9669959184,41,7,0,0,7,0,0,7,0,0,4070,4,4013,10941,4054,1,16703,5763,376,,7745,104869
9374063,1790937087,9734945543,13,11,0,0,11,0,0,11,0,0,4213,6,4215,11408,4228,1,15481,4074,568,,1973,94453
9374066,1790937128,9196614520,5,5,0,0,5,0,0,5,0,0,4005,6,4010,10832,4015,1,15863,5032,280,,870,89244
9374070,1790937199,10679400674,18,15,0,0,15,0,0,15,0,0,4614,6,4618,12506,4636,1,17739,5234,760,,2236,108308
9374074,1790937251,9236750081,8,6,0,0,6,0,0,6,0,0,4008,8,4013,10853,4021,1,15070,4218,328,,1557,87876
9374077,1790937294,0,0,0,0,0,0,0,0,0,0,0,0,8,7,20,7,1,5336,5317,0,,0,0
9374080,1790937346,0,0,0,0,0,0,0,0,0,0,0,0,6,5,15,5,1,4905,4891,0,,0,0
9374082,1790937403,9310857685,22,16,0,0,16,0,0,16,0,0,4022,6,4021,10910,4043,1,16082,5173,808,,1974,93258
9374084,1790937453,9203928920,6,6,0,0,6,0,0,6,0,0,4007,4,4010,10838,4016,1,15472,4635,328,,853,85704
9374086,1790937516,9248076978,6,5,0,0,5,0,0,5,0,0,4006,4,4009,10837,4015,1,17022,6186,280,,1633,87175
9374089,1790937570,0,0,0,0,0,0,0,0,0,0,0,0,4,4,12,4,1,4476,4465,0,,0,0
9374091,1790937615,0,0,0,0,0,0,0,0,0,0,0,0,6,4,12,4,1,4479,4468,0,,0,0
9374093,1790937647,23908534,7,7,0,0,7,0,0,7,0,0,3,4,5,34,12,1,4921,4888,376,,130,2706
9374094,1790937683,10707078714,24,16,0,0,16,0,0,16,0,0,4627,4,4623,12542,4647,1,17881,5340,808,,2104,104917
9374097,1790937725,9196566508,5,5,0,0,5,0,0,5,0,0,4005,2,4007,10823,4012,1,14608,3786,280,,864,87795
9374098,1790937769,10319379062,11,11,0,0,11,0,0,11,0,0,4485,6,4490,12147,4501,1,16896,4750,568,,1007,97879
9374100,1790937843,10760329369,20,13,0,0,13,0,0,13,0,0,4622,2,4622,12527,4642,1,19587,7061,664,,3449,107586
9374103,1790937901,0,0,0,0,0,0,0,0,0,0,0,0,4,3,10,3,1,3769,3760,0,,0,0
9374104,1790937931,9843604425,32,24,0,0,24,0,0,24,0,0,4224,6,4221,11478,4253,1,17496,6019,1192,,2788,108103
9374107,1790937971,10964810932,8,8,0,0,8,0,0,8,0,0,4589,2,4589,12406,4597,1,15768,3363,424,,1034,110681
9374113,1790938013,9297892798,195,195,0,0,195,0,0,195,0,0,3083,6,2730,7892,2925,1,11965,4074,9400,,2848,167591
9374115,1790938059,9731832420,19,7,0,0,7,0,0,7,0,0,4219,12,4218,11436,4237,1,16787,5352,376,,1827,97929
9374116,1790938108,28153294,11,11,0,0,11,0,0,11,0,0,2,4,5,44,16,1,5495,5452,568,,161,4411
9374120,1790938175,0,0,0,0,0,0,0,0,0,0,0,0,2,1,4,1,1,4888,4885,0,,0,0
9374124,1790938230,0,0,0,0,0,0,0,0,0,0,0,0,8,6,18,6,1,5052,5035,0,,0,0
9374130,1790938264,9341867727,20,14,0,0,14,0,0,14,0,0,4021,8,4024,10911,4044,1,15240,4330,712,,3157,92508
9374133,1790938306,9204442060,7,7,0,0,7,0,0,7,0,0,4006,12,4017,10858,4024,1,15645,4788,376,,845,88522
9374135,1790938360,9659916600,6,6,0,0,6,0,0,6,0,0,4206,6,4210,11378,4216,1,16579,5202,328,,904,94243
9374140,1790938404,9203950414,6,6,0,0,6,0,0,6,0,0,4007,4,4010,10837,4016,1,14238,3402,328,,813,87005
9374142,1790938459,0,0,0,0,0,0,0,0,0,0,0,0,10,5,15,5,1,5229,5215,0,,0,0
9374144,1790938500,0,0,0,0,0,0,0,0,0,0,0,0,4,3,10,3,1,4615,4606,0,,0,0
9374148,1790938651,9689006916,73,46,0,0,46,0,0,46,0,0,4093,4,4084,11222,4157,1,16673,5452,2248,,4612,117814
9374149,1790938691,9301050350,14,11,1,3,12,0,0,12,1,0,4012,8,4017,10877,4031,1,16757,5881,616,,2647,90871
9374151,1790938742,10174057170,8,7,0,0,7,0,0,7,0,0,4408,2,4408,11918,4416,1,15562,3645,376,,1775,100572
9374153,1790938791,0,0,0,0,0,0,0,0,0,0,0,0,4,4,12,4,1,4476,4465,0,,0,0
9374155,1790938830,10763491577,24,21,0,0,21,0,0,21,0,0,4640,4,4641,12590,4665,1,17195,4606,1048,,2126,118615
9374157,1790938897,10960533733,22,19,0,0,19,0,0,19,0,0,4521,4,4522,12265,4544,1,17011,4747,952,,2064,111392
9374158,1790938935,10464834044,11,7,0,0,7,0,0,7,0,0,3761,4,3064,8295,3075,1,12900,4606,376,,3009,132598
9374160,1790938976,0,0,0,0,0,0,0,0,0,0,0,0,2,1,4,1,1,4324,4321,0,,0,0
9374163,1790939019,0,0,0,0,0,0,0,0,0,0,0,0,4,3,9,3,1,4928,4920,0,,0,0
9374164,1790939082,10568679647,75,66,0,0,66,0,0,66,0,0,4510,6,4513,12385,4588,1,18186,5802,3208,,2580,132276
9374168,1790939205,0,0,0,0,0,0,0,0,0,0,0,0,2,2,7,2,1,8698,8692,0,,0,0
9374171,1790939243,10806426635,32,27,0,0,27,0,0,27,0,0,4632,8,4633,12585,4665,1,16943,4359,1336,,3553,116783
9374174,1790939322,9706903460,15,15,0,0,15,0,0,15,0,0,4215,6,4220,11432,4235,1,18043,6612,760,,1093,94445
9374177,1790939381,0,0,0,0,0,0,0,0,0,0,0,0,6,5,15,5,1,5328,5314,0,,0,0
9374180,1790939422,0,0,0,0,0,0,0,0,0,0,0,0,6,3,10,3,1,3913,3904,0,,0,0
9374184,1790939532,36218090,13,13,0,0,13,0,0,13,0,0,4,6,4,47,17,1,8885,8839,664,,156,5075
9374186,1790939646,10729007930,30,26,0,0,26,0,0,26,0,0,4628,8,4632,12579,4662,1,20635,8057,1288,,2311,107217
9374188,1790939701,9247752958,6,5,0,0,5,0,0,5,0,0,4006,4,4010,10833,4016,1,14198,3366,280,,1726,87119
9374192,1790939714,9196566512,5,5,0,0,5,0,0,5,0,0,4005,4,4009,10833,4014,1,14786,3954,280,,834,86154
9374195,1790939766,0,0,0,0,0,0,0,0,0,0,0,0,8,7,20,7,1,4913,4894,0,,0,0
9374200,1790939804,9808407549,32,25,0,0,25,0,0,25,0,0,4224,6,4224,11488,4256,1,15138,3651,1240,,2337,102223
9374203,1790939847,10282557093,56,55,0,0,55,0,0,55,0,0,4412,10,4418,12076,4474,1,17001,4926,2680,,2072,115939
9374207,1790939894,10170409564,16,16,0,0,16,0,0,16,0,0,4416,6,4422,11978,4438,1,16610,4633,808,,1043,99278
9374208,1790939967,9326085268,18,15,0,0,15,0,0,15,0,0,4018,8,4022,10902,4040,1,18051,7150,760,,2138,93451
9374212,1790940042,0,0,0,0,0,0,0,0,0,0,0,0,2,1,4,1,1,4747,4744,0,,0,0
9374215,1790940086,0,0,0,0,0,0,0,0,0,0,0,0,8,4,12,4,1,5046,5035,0,,0,0
9374217,1790940115,10697510612,23,15,0,0,15,0,0,15,0,0,4625,6,4623,12540,4646,1,16613,4074,760,,2000,104976
9374220,1790940191,0,0,0,0,0,0,0,0,0,0,0,0,4,4,12,4,1,6168,6157,0,,0,0
9374223,1790940243,0,0,0,0,0,0,0,0,0,0,0,0,6,5,15,5,1,4659,4645,0,,0,0
9374227,1790940277,0,0,0,0,0,0,0,0,0,0,0,0,6,5,15,5,1,4200,4186,0,,0,0
9374230,1790940346,10738817803,40,31,0,0,31,0,0,31,0,0,4623,8,4621,12576,4661,1,17610,5035,1528,,2560,110858
9374232,1790940378,9549682163,124,122,0,0,122,0,0,122,0,0,4011,6,4016,11173,4140,1,16063,4891,5896,,3049,133346
9374233,1790940418,9678273864,11,11,0,0,11,0,0,11,0,0,4208,4,4211,11394,4222,1,16310,4917,568,,904,92803
9374236,1790940469,0,0,0,0,0,0,0,0,0,0,0,0,2,2,7,2,1,4327,4321,0,,0,0
9374237,1790940507,10633723652,17,17,0,0,17,0,0,17,0,0,4617,6,4621,12515,4638,1,18110,5596,856,,1164,104583
9374240,1790940547,9231414906,7,5,0,0,5,0,0,5,0,0,4007,2,4007,10835,4014,1,15184,4350,280,,1469,85962
9374245,1790940624,10661960914,17,9,0,0,9,0,0,9,0,0,4618,6,4620,12510,4637,1,18275,5766,472,,1883,102922
9374247,1790940677,0,0,0,0,0,0,0,0,0,0,0,0,10,9,26,9,1,4640,4615,0,,0,0
9374251,1790940715,9268069874,8,5,0,0,5,0,0,5,0,0,4008,4,4009,10838,4017,1,14626,3789,280,,1795,89630
9374253,1790940745,10122558700,7,7,0,0,7,0,0,7,0,0,4407,8,4413,11927,4420,1,15721,3795,376,,901,94458
9374254,1790940797,9284503611,24,22,0,0,22,0,0,22,0,0,4015,4,4017,10904,4041,1,17262,6359,1096,,1605,95431
9374258,1790940832,10123362700,7,7,0,0,7,0,0,7,0,0,4407,2,4409,11919,4416,1,15845,3927,376,,945,100412
9374259,1790940897,0,0,0,0,0,0,0,0,0,0,0,0,8,7,20,7,1,5195,5176,0,,0,0
9374260,1790940917,10183631923,13,11,0,0,11,0,0,11,0,0,4414,2,4415,11951,4428,1,16835,4885,568,,1960,104013
9374264,1790940976,0,0,0,0,0,0,0,0,0,0,0,0,2,1,4,1,1,3760,3757,0,,0,0
9374267,1790941072,10347498040,30,16,0,0,16,0,0,16,0,0,4430,8,4431,12037,4461,1,20596,8560,808,,3970,107521
9374270,1790941172,0,0,0,0,0,0,0,0,0,0,0,0,6,4,12,4,1,7440,7429,0,,0,0
9374273,1790941201,0,0,0,0,0,0,0,0,0,0,0,0,6,3,10,3,1,4759,4750,0,,0,0
9374276,1790941258,10245492582,20,14,0,0,14,0,0,14,0,0,4422,6,4422,11990,4442,1,16627,4638,712,,2517,103333
9374278,1790941309,10711605593,23,20,0,0,20,0,0,20,0,0,4614,6,4617,12517,4640,1,17436,4920,1000,,2860,106789
9374279,1790941352,10633819660,17,17,0,0,17,0,0,17,0,0,4617,4,4620,12514,4637,1,17994,5481,856,,1082,102129
9374281,1790941397,10179568744,9,8,0,0,8,0,0,8,0,0,4409,2,4410,11926,4419,1,16701,4776,424,,1756,101225
9374286,1790941439,0,0,0,0,0,0,0,0,0,0,0,0,4,3,10,3,1,3805,3796,0,,0,0
9374288,1790941493,0,0,0,0,0,0,0,0,0,0,0,0,10,6,18,6,1,6042,6025,0,,0,0
9374289,1790941532,10262875733,21,15,0,0,15,0,0,15,0,0,4422,4,4421,11989,4442,1,17328,5340,760,,2712,102815
9374293,1790941575,9196518504,5,5,0,0,5,0,0,5,0,0,4005,2,4007,10831,4012,1,14616,3786,280,,886,86043
9374296,1790941627,0,0,0,0,0,0,0,0,0,0,0,0,8,7,20,7,1,4913,4894,0,,0,0
9374299,1790941673,9844708746,28,23,0,0,23,0,0,23,0,0,4224,6,4226,11478,4254,1,16538,5061,1144,,2955,99879
9374302,1790941731,0,0,0,0,0,0,0,0,0,0,0,0,6,6,18,6,1,4908,4891,0,,0,0
9374305,1790941771,0,0,0,0,0,0,0,0,0,0,0,0,6,4,12,4,1,4197,4186,0,,0,0
9374310,1790941805,10158136662,16,16,1,6,17,0,0,17,1,0,4411,6,4416,11962,4432,1,16035,4074,856,,1008,97987
9374311,1790941862,10198547643,15,9,0,0,9,0,0,9,0,0,4417,10,4422,11970,4437,1,18446,6477,472,,1812,97271
9374315,1790941912,9660060616,6,6,0,0,6,0,0,6,0,0,4206,2,4208,11371,4214,1,15579,4209,328,,872,92052
9374317,1790941938,10048811612,11,11,0,0,11,0,0,11,0,0,3943,8,3947,10680,3958,1,15602,4923,568,,992,101446
9374319,1790941984,0,0,0,0,0,0,0,0,0,0,0,0,4,3,10,3,1,5775,5766,0,,0,0
9374321,1790942047,0,0,0,0,0,0,0,0,0,0,0,0,4,3,9,3,1,5355,5347,0,,0,0
9374325,1790942149,0,0,0,0,0,0,0,0,0,0,0,0,4,2,7,2,1,7150,7144,0,,0,0
9374329,1790942179,55387742,25,25,0,0,25,0,0,25,0,0,2,8,6,85,31,1,3709,3625,1240,,272,9458
9374333,1790942226,10706798037,21,16,0,0,16,0,0,16,0,0,4622,8,4623,12533,4644,1,17173,4641,808,,2434,103952
9374335,1790942264,9268069874,8,5,0,0,5,0,0,5,0,0,4008,8,4014,10854,4022,1,15494,4641,280,,1807,89436
9374337,1790942310,0,0,0,0,0,0,0,0,0,0,0,0,4,3,9,3,1,4332,4324,0,,0,0
9374338,1790942341,0,0,0,0,0,0,0,0,0,0,0,0,4,3,9,3,1,4332,4324,0,,0,0
9374343,1790942411,44875614,21,21,0,0,21,0,0,21,0,0,2,2,2,63,23,1,4665,4603,1048,,174,7837
9374346,1790942459,9614848310,79,70,0,0,70,0,0,70,0,0,4082,10,4082,11231,4161,1,16579,5349,3400,,2989,114935
9374349,1790942497,9196470500,5,5,0,0,5,0,0,5,0,0,4005,6,4008,10833,4013,1,14765,3933,280,,792,84806
9374352,1790942539,10254363648,11,11,0,0,11,0,0,11,0,0,4457,6,4462,12071,4473,1,16708,4638,568,,1047,97322
9374356,1790942577,9659112596,6,6,0,0,6,0,0,6,0,0,4206,6,4210,11375,4216,1,15730,4356,328,,890,89961
9374359,1790942621,0,0,0,0,0,0,0,0,0,0,0,0,8,5,15,5,1,3183,3169,0,,0,0
9374362,1790942658,0,0,0,0,0,0,0,0,0,0,0,0,6,2,7,2,1,4474,4468,0,,0,0
9374366,1790942734,31603356,13,13,0,0,13,0,0,13,0,0,2,6,2,42,15,1,5496,5455,664,,142,5093
9374369,1790942757,10717447257,24,14,0,0,14,0,0,14,0,0,4632,8,4631,12554,4655,1,16883,4330,712,,2270,109802
9374370,1790942803,0,0,0,0,0,0,0,0,0,0,0,0,6,4,12,4,1,5184,5173,0,,0,0
9374372,1790942832,9196470500,5,5,0,0,5,0,0,5,0,0,4005,2,4006,10824,4011,1,14468,3645,280,,867,88713
9374376,1790942870,9273865562,12,11,0,0,11,0,0,11,0,0,4012,4,4013,10865,4025,1,14624,3760,568,,1830,91571
9374379,1790942944,0,0,0,0,0,0,0,0,0,0,0,0,8,5,15,5,1,5049,5035,0,,0,0
9374382,1790942995,0,0,0,0,0,0,0,0,0,0,0,0,6,5,15,5,1,4905,4891,0,,0,0
9374384,1790943023,10833688800,35,24,1,2,25,0,0,25,1,0,4635,6,4636,12606,4671,1,16509,3904,1240,,3939,112296
9374388,1790943081,9254366356,34,34,0,0,34,0,0,34,0,0,4007,4,4009,10910,4043,1,15262,4353,1672,,943,96703
9374390,1790943122,9196626520,5,5,0,0,5,0,0,5,0,0,4005,8,4011,10836,4016,1,15476,4641,280,,807,85134
9374394,1790943156,9239477443,8,6,0,0,6,0,0,6,0,0,4009,4,4013,10849,4021,1,15201,4353,328,,1511,86213
9374395,1790943206,9675824830,34,9,0,0,9,0,0,9,0,0,4046,8,4053,11027,4087,1,16524,5498,472,,6738,117482
9374398,1790943250,9196518504,5,5,0,0,5,0,0,5,0,0,4005,2,4006,10826,4011,1,15457,4632,280,,786,84821
9374404,1790943289,9196470500,5,5,0,0,5,0,0,5,0,0,4005,6,4011,10837,4016,1,14346,3510,280,,788,84989
9374407,1790943373,0,0,0,0,0,0,0,0,0,0,0,0,12,8,23,8,1,7037,7015,0,,0,0
9374410,1790943417,10643932113,14,12,0,0,12,0,0,12,0,0,4615,6,4618,12494,4632,1,16820,4327,616,,1665,101147
9374414,1790943457,0,0,0,0,0,0,0,0,0,0,0,0,6,5,15,5,1,4200,4186,0,,0,0
9374415,1790943502,9783363215,16,13,0,0,13,0,0,13,0,0,4216,8,4217,11426,4233,1,16912,5487,664,,2598,95252
9374417,1790943541,0,0,0,0,0,0,0,0,0,0,0,0,2,2,7,2,1,3622,3616,0,,0,0
9374419,1790943604,0,0,0,0,0,0,0,0,0,0,0,0,4,3,9,3,1,4896,4888,0,,0,0
9374424,1790943632,10738448118,23,18,0,0,18,0,0,18,0,0,4624,4,4624,12542,4647,1,16612,4071,904,,2814,106416
9374428,1790943715,9330565663,25,21,0,0,21,0,0,21,0,0,4012,10,4019,10913,4044,1,16825,5913,1048,,2463,95032
9374432,1790943778,10627004375,11,9,0,0,9,0,0,9,0,0,4611,8,4614,12483,4625,1,17517,5035,472,,1680,102661
9374433,1790943824,0,0,0,0,0,0,0,0,0,0,0,0,8,7,20,7,1,5650,5631,0,,0,0
9374435,1790943852,9735366168,20,20,0,0,20,0,0,20,0,0,4221,2,4222,11448,4242,1,15797,4350,1000,,1088,95967
9374441,1790943892,0,0,0,0,0,0,0,0,0,0,0,0,4,4,12,4,1,4053,4042,0,,0,0
9374443,1790943940,0,0,0,0,0,0,0,0,0,0,0,0,12,6,18,6,1,4494,4477,0,,0,0
9374448,1790944012,10248077472,24,12,0,0,12,0,0,12,0,0,4427,4,4422,11999,4446,1,16463,4465,616,,2214,114614
9374451,1790944052,0,0,0,0,0,0,0,0,0,0,0,0,10,3,9,3,1,4341,4333,0,,0,0
9374455,1790944083,9770285000,177,170,0,0,170,0,0,170,0,0,4029,6,4031,11358,4208,1,15431,4074,8200,,3863,160089
9374457,1790944133,0,0,0,0,0,0,0,0,0,0,0,0,8,7,20,7,1,4772,4753,0,,0,0
9374461,1790944165,10263017660,20,18,0,0,18,0,0,18,0,0,4421,4,4423,11991,4443,1,16314,4324,904,,2878,101714
9374464,1790944220,0,0,0,0,0,0,0,0,0,0,0,0,8,6,17,6,1,4064,4048,0,,0,0
9374469,1790944257,9837090588,204,194,0,0,194,0,0,194,0,0,4025,6,4025,11411,4229,1,16189,4779,9352,,4132,165414
9374470,1790944305,0,0,0,0,0,0,0,0,0,0,0,0,10,5,15,5,1,5475,5461,0,,0,0
9374473,1790944382,9962156508,212,208,0,0,208,0,0,208,0,0,4015,2,4015,11407,4227,1,16714,5308,10024,,5049,168283
9374475,1790944426,9247848966,6,5,0,0,5,0,0,5,0,0,4006,6,4010,10836,4016,1,14291,3456,280,,1756,89080
9374478,1790944493,0,0,0,0,0,0,0,0,0,0,0,0,4,3,9,3,1,4614,4606,0,,0,0
9374480,1790944546,9250020504,10,6,0,0,6,0,0,6,0,0,4011,6,4014,10856,4024,1,17044,6189,328,,1666,88875
9374482,1790944650,10795813969,207,206,0,0,206,0,0,206,0,0,4412,4,4415,12471,4622,1,20348,7878,9928,,3572,175369
9374485,1790944686,9660012608,6,6,0,0,6,0,0,6,0,0,4206,4,4209,11379,4215,1,15702,4324,328,,989,92517
9374488,1790944742,10618873364,14,14,0,0,14,0,0,14,0,0,4614,6,4618,12498,4632,1,17558,5061,712,,1101,104542
9374491,1790944824,0,0,0,0,0,0,0,0,0,0,0,0,6,5,15,5,1,5328,5314,0,,0,0
9374495,1790944847,10705036551,25,15,0,0,15,0,0,15,0,0,4626,6,4624,12547,4649,1,16197,3651,760,,2116,106822
9374497,1790944900,0,0,0,0,0,0,0,0,0,0,0,0,8,7,20,7,1,4913,4894,0,,0,0
9374500,1790944942,0,0,0,0,0,0,0,0,0,0,0,0,4,3,9,3,1,3768,3760,0,,0,0
9374503,1790944975,9805976061,32,28,0,0,28,0,0,28,0,0,4214,6,4218,11471,4250,1,15403,3933,1384,,2891,104630
9374505,1790945040,0,0,0,0,0,0,0,0,0,0,0,0,6,5,15,5,1,4800,4786,0,,0,0
9374508,1790945078,0,0,0,0,0,0,0,0,0,0,0,0,4,1,4,1,1,4045,4042,0,,0,0
9374512,1790945116,0,0,0,0,0,0,0,0,0,0,0,0,6,5,15,5,1,4200,4186,0,,0,0
9374515,1790945217,0,0,0,0,0,0,0,0,0,0,0,0,8,5,15,5,1,6882,6868,0,,0,0
9374519,1790945267,9512152617,247,239,0,0,239,0,0,239,0,0,3830,6,3832,11009,4079,1,15944,4936,11512,,5469,176967
9374522,1790945308,9258295436,7,5,0,0,5,0,0,5,0,0,4007,8,4014,10852,4021,1,15774,4923,280,,1788,91422
9374525,1790945368,0,0,0,0,0,0,0,0,0,0,0,0,6,5,15,5,1,4764,4750,0,,0,0
9374529,1790945395,9806181487,24,19,0,0,19,0,0,19,0,0,4225,6,4225,11467,4249,1,15117,3651,952,,2422,98899
9374532,1790945447,9841619389,38,29,0,0,29,0,0,29,0,0,4226,8,4230,11515,4268,1,16408,4894,1432,,2810,103917
9374534,1790945491,0,0,0,0,0,0,0,0,0,0,0,0,6,3,9,3,1,3771,3763,0,,0,0
9374536,1790945532,0,0,0,0,0,0,0,0,0,0,0,0,4,3,9,3,1,5037,5029,0,,0,0
9374538,1790945567,10681622906,15,13,0,0,13,0,0,13,0,0,4615,4,4618,12505,4633,1,16434,3930,664,,2168,106961
9374540,1790945608,10286290984,204,204,0,0,204,0,0,204,0,0,4211,4,4214,11922,4418,1,16772,4851,9832,,2926,167678
9374543,1790945669,10633819660,17,17,0,0,17,0,0,17,0,0,4617,4,4620,12511,4637,1,16411,3901,856,,1203,104038
9374545,1790945705,9214648968,10,10,0,0,10,0,0,10,0,0,4008,6,4012,10851,4022,1,15770,4920,520,,2495,203543
9374547,1790945764,9778216359,23,13,0,0,13,0,0,13,0,0,4224,4,4222,11455,4245,1,16201,4747,664,,2036,97652
9374553,1790945807,0,0,0,0,0,0,0,0,0,0,0,0,4,2,7,2,1,4753,4747,0,,0,0
9374556,1790945848,9251569166,18,18,0,0,18,0,0,18,0,0,4016,12,4018,10891,4036,1,15819,4929,904,,1113,91818
9374562,1790945890,9716379927,12,10,0,0,10,0,0,10,0,0,4213,6,4215,11407,4227,1,15762,4356,520,,1604,94013
9374564,1790945937,10586760796,8,8,0,0,8,0,0,8,0,0,4608,12,4617,12486,4625,1,17978,5493,424,,1038,104856
9374566,1790946013,0,0,0,0,0,0,0,0,0,0,0,0,4,3,9,3,1,6024,6016,0,,0,0
9374569,1790946041,10671200985,326,314,0,0,314,0,0,314,0,0,4240,4,4235,12310,4561,1,16521,4212,15112,,5333,218668
9374574,1790946081,9245767461,10,9,0,0,9,0,0,9,0,0,4010,6,4015,10865,4025,1,14797,3933,472,,1486,88764
9374577,1790946148,37168786,15,15,0,0,15,0,0,15,0,0,3,10,9,66,24,1,5385,5320,760,,165,5716
9374578,1790946174,10300053579,30,25,0,0,25,0,0,25,0,0,4431,6,4432,12043,4462,1,16821,4779,1240,,2410,104045
9374581,1790946223,9710527058,7,6,0,0,6,0,0,6,0,0,4207,2,4208,11371,4215,1,14418,3048,328,,1891,91663
9374583,1790946262,0,0,0,0,0,0,0,0,0,0,0,0,6,5,15,5,1,5187,5173,0,,0,0
9374584,1790946326,9373913557,24,13,0,0,13,0,0,13,0,0,4026,4,4024,10921,4048,1,17641,6721,664,,2930,98141
9374585,1790946371,9196614512,5,5,0,0,5,0,0,5,0,0,4005,2,4006,10824,4011,1,15032,4209,280,,907,173585
9374588,1790946414,9660072616,6,6,0,0,6,0,0,6,0,0,4206,2,4208,11377,4214,1,16157,4781,328,,2597,200165
9374591,1790946458,0,0,0,0,0,0,0,0,0,0,0,0,6,5,15,5,1,4482,4468,0,,0,0
9374594,1790946502,0,0,0,0,0,0,0,0,0,0,0,0,6,3,10,3,1,4477,4468,0,,0,0
9374595,1790946528,9316591591,32,30,0,0,30,0,0,30,0,0,4019,6,4022,10940,4054,1,16000,5061,1480,,2394,98536
9374598,1790946578,10586664788,8,8,0,0,8,0,0,8,0,0,4608,2,4610,12462,4618,1,16811,4350,424,,951,104393
9374601,1790946616,9299028331,11,7,0,0,7,0,0,7,0,0,4011,6,4014,10859,4025,1,14903,4045,376,,2442,90822
9374603,1790946673,10254306714,13,9,0,0,9,0,0,9,0,0,4414,6,4418,11959,4431,1,17019,5061,472,,3248,99501
9374605,1790946757,0,0,0,0,0,0,0,0,0,0,0,0,4,3,10,3,1,6730,6721,0,,0,0
9374610,1790946843,9398817472,215,213,0,0,213,0,0,213,0,0,3816,4,3818,10889,4033,1,16264,5376,10264,,2754,158195
9374613,1790946931,0,0,0,0,0,0,0,0,0,0,0,0,10,9,26,9,1,6755,6730,0,,0,0
9374615,1790946976,9315324651,13,9,0,0,9,0,0,9,0,0,4014,6,4017,10873,4030,1,15933,5061,472,,2468,89684
9374617,1790947017,9195882516,5,5,0,0,5,0,0,5,0,0,4005,4,4007,10826,4012,1,15431,4606,280,,778,84393
9374619,1790947055,9843886652,5,5,0,0,5,0,0,5,0,0,3877,4,3754,10148,3759,1,14359,4212,280,,1224,100804
9374621,1790947133,0,0,0,0,0,0,0,0,0,0,0,0,4,4,12,4,1,7296,7285,0,,0,0
9374625,1790947169,9884888664,13,13,0,0,13,0,0,13,0,0,4085,4,4086,11061,4099,1,14426,3366,664,,998,97410
9374626,1790947243,0,0,0,0,0,0,0,0,0,0,0,0,8,5,15,5,1,7446,7432,0,,0,0
9374628,1790947293,9819449061,22,11,0,0,11,0,0,11,0,0,4223,2,4218,11443,4240,1,16750,5308,568,,2802,97754
9374631,1790947325,10976437234,87,83,0,0,83,0,0,83,0,0,3897,4,3158,8760,3245,1,12689,3930,4024,,3021,146725
9374633,1790947369,0,0,0,0,0,0,0,0,0,0,0,0,6,5,15,5,1,4059,4045,0,,0,0
9374635,1790947394,10190655611,15,13,0,0,13,0,0,13,0,0,4415,4,4418,11966,4433,1,16773,4808,664,,1879,97316
9374636,1790947456,10427781267,224,221,0,0,221,0,0,221,0,0,4216,4,4220,11989,4444,1,17928,5940,10648,,4592,171401
9374638,1790947526,10370125836,290,81,0,0,81,0,0,81,0,0,4048,2,3844,11154,4134,1,17477,6324,3928,,13244,181140
9374639,1790947563,10544232276,15,15,0,0,15,0,0,15,0,0,4111,4,4033,10923,4048,1,15698,4776,760,,1233,108772
9374642,1790947623,0,0,0,0,0,0,0,0,0,0,0,0,2,2,7,2,1,4609,4603,0,,0,0
9374643,1790947655,10730036372,27,26,0,0,26,0,0,26,0,0,4625,6,4628,12560,4655,1,16915,4356,1288,,2190,107409
9374645,1790947709,0,0,0,0,0,0,0,0,0,0,0,0,2,2,7,2,1,4609,4603,0,,0,0
9374649,1790947769,9480471860,211,209,0,0,209,0,0,209,0,0,3816,4,3818,10873,4029,1,17199,6327,10072,,4365,170208
9374652,1790947816,0,0,0,0,0,0,0,0,0,0,0,0,8,7,20,7,1,3926,3907,0,,0,0
9374654,1790947853,0,0,0,0,0,0,0,0,0,0,0,0,6,1,4,1,1,4612,4609,0,,0,0
9374657,1790947926,0,0,0,0,0,0,0,0,0,0,0,0,4,3,10,3,1,5320,5311,0,,0,0
9374658,1790947991,0,0,0,0,0,0,0,0,0,0,0,0,6,2,7,2,1,6903,6897,0,,0,0
9374662,1790948042,0,0,0,0,0,0,0,0,0,0,0,0,2,1,4,1,1,4324,4321,0,,0,0
9374665,1790948079,0,0,0,0,0,0,0,0,0,0,0,0,8,7,20,7,1,4490,4471,0,,0,0
9374668,1790948150,38119486,17,17,0,0,17,0,0,17,0,0,2,6,4,58,21,1,5935,5878,856,,190,6946
9374669,1790948188,9401963500,269,215,0,0,215,0,0,215,0,0,3461,6,3454,10043,3723,1,15215,5173,10360,,20405,192435
9374672,1790948223,0,0,0,0,0,0,0,0,0,0,0,0,2,1,4,1,1,3760,3757,0,,0,0
9374673,1790948254,9246996958,6,5,0,0,5,0,0,5,0,0,4006,6,4008,10833,4014,1,15893,5061,280,,1783,90111
9374676,1790948350,9333052977,16,12,0,0,12,0,0,12,0,0,4018,2,4020,10889,4036,1,14392,3504,616,,2546,92803
9374677,1790948368,9196710520,5,5,0,0,5,0,0,5,0,0,4005,6,4009,10831,4014,1,15580,4750,280,,936,86491
9374682,1790948409,0,0,0,0,0,0,0,0,0,0,0,0,2,1,4,1,1,3760,3757,0,,0,0
9374685,1790948447,10701179715,35,33,0,0,33,0,0,33,0,0,4620,10,4623,12570,4658,1,16761,4192,1624,,2075,110584
9374688,1790948582,9935716708,204,198,0,0,198,0,0,198,0,0,4019,6,4022,11405,4226,1,20695,9291,9544,,4742,172653
9374694,1790948624,9196710520,5,5,0,0,5,0,0,5,0,0,4005,6,4008,10826,4013,1,13948,3123,280,,850,92389
9374697,1790948663,0,0,0,0,0,0,0,0,0,0,0,0,12,8,23,8,1,4640,4618,0,,0,0
9374699,1790948719,10707872909,20,17,0,0,17,0,0,17,0,0,4616,6,4619,12514,4639,1,16305,3792,856,,2722,111119
9374700,1790948768,9255721038,11,7,0,0,7,0,0,7,0,0,4012,4,4014,10863,4025,1,14651,3789,376,,1668,89916
9374702,1790948788,10655451656,15,11,0,0,11,0,0,11,0,0,4126,2,3911,10588,3926,1,14626,4039,568,,2338,112177
9374705,1790948830,10638401615,13,12,0,0,12,0,0,12,0,0,4614,4,4617,12493,4630,1,16140,3648,616,,1632,102941
9374706,1790948924,10637995246,9,8,0,0,8,0,0,8,0,0,4609,6,4613,12472,4622,1,21339,8868,424,,1821,101728
9374712,1790948974,0,0,0,0,0,0,0,0,0,0,0,0,2,2,7,2,1,3763,3757,0,,0,0
9374714,1790949025,0,0,0,0,0,0,0,0,0,0,0,0,12,6,18,6,1,6045,6028,0,,0,0
9374718,1790949089,10362743959,38,24,0,0,24,0,0,24,0,0,4430,4,4425,12041,4463,1,16816,4776,1192,,3558,110814
9374721,1790949133,9915797743,205,203,0,0,203,0,0,203,0,0,4010,8,4017,11394,4222,1,16710,5317,9784,,4101,164102
9374722,1790949181,0,0,0,0,0,0,0,0,0,0,0,0,6,2,7,2,1,4756,4750,0,,0,0
9374723,1790949249,0,0,0,0,0,0,0,0,0,0,0,0,2,1,4,1,1,6894,6891,0,,0,0
9374725,1790949280,0,0,0,0,0,0,0,0,0,0,0,0,2,1,4,1,1,3514,3511,0,,0,0
9374730,1790949326,10266337754,37,36,0,0,36,0,0,36,0,0,4421,4,4422,12035,4459,1,17374,5340,1768,,2019,108787
9374733,1790949380,0,0,0,0,0,0,0,0,0,0,0,0,10,8,23,8,1,5624,5602,0,,0,0
9374736,1790949419,9297792368,10,7,0,0,7,0,0,7,0,0,4010,6,4011,10854,4021,1,15321,4468,376,,2654,90142
9374737,1790949492,9207166366,7,7,1,2,8,0,0,8,1,0,4007,6,4010,10837,4017,1,17589,6753,424,,824,86599
9374740,1790949529,9229422221,7,6,0,0,6,0,0,6,0,0,4007,2,4009,10836,4016,1,14733,3898,328,,1440,89052
9374742,1790949579,9673166344,174,174,2,13,176,0,0,176,2,0,4026,6,4031,11349,4205,1,16380,5032,8488,,2077,149391
9374745,1790949617,10123266692,7,7,0,0,7,0,0,7,0,0,4407,4,4410,11920,4417,1,15961,4042,376,,1865,98507
9374748,1790949675,9377038138,22,10,0,0,10,0,0,10,0,0,4023,6,4020,10904,4042,1,15541,4638,520,,3226,93158
9374752,1790949722,0,0,0,0,0,0,0,0,0,0,0,0,6,6,18,6,1,4767,4750,0,,0,0
9374754,1790949757,9393322932,193,192,0,0,192,0,0,192,0,0,3810,8,3813,10809,4006,1,14603,3795,9256,,3407,154341
9374758,1790949822,9672049612,9,9,0,0,9,0,0,9,0,0,4208,4,4212,11392,4221,1,16340,4949,472,,936,92010
9374760,1790949913,0,0,0,0,0,0,0,0,0,0,0,0,8,6,18,6,1,6462,6445,0,,0,0
9374763,1790949971,10215571643,19,9,0,0,9,0,0,9,0,0,4420,4,4416,11967,4435,1,16854,4888,472,,1871,101356
9374765,1790950014,0,0,0,0,0,0,0,0,0,0,0,0,6,3,9,3,1,4758,4750,0,,0,0
9374769,1790950055,10757262214,189,187,1,4,188,0,0,188,1,0,4413,4,4414,12421,4603,1,16491,4071,9064,,3585,166475
9374773,1790950103,9228847916,20,20,0,0,20,0,0,20,0,0,4007,8,4012,10882,4032,1,15240,4359,1000,,956,91932
9374774,1790950144,0,0,0,0,0,0,0,0,0,0,0,0,8,7,20,7,1,5195,5176,0,,0,0
9374777,1790950185,0,0,0,0,0,0,0,0,0,0,0,0,2,1,4,1,1,4183,4180,0,,0,0
9374781,1790950232,10351363796,209,205,0,0,205,0,0,205,0,0,4214,6,4215,11937,4424,1,16715,4779,9880,,3547,165797
9374783,1790950291,10166462879,10,8,0,0,8,0,0,8,0,0,4411,8,4414,11936,4424,1,15871,3936,424,,1589,95139
9374786,1790950324,41911484,17,17,0,0,17,0,0,17,0,0,2,4,5,61,22,1,4807,4747,856,,234,6424
9374788,1790950389,9815617764,27,24,0,0,24,0,0,24,0,0,4219,6,4224,11471,4251,1,16954,5484,1192,,2481,101062
9374795,1790950433,9406299256,14,9,0,0,9,0,0,9,0,0,4014,4,4014,10875,4028,1,15935,5061,472,,3941,101613
9374796,1790950507,9271662019,14,12,0,0,12,0,0,12,0,0,4015,14,4024,10897,4038,1,17838,6942,616,,1814,92045
9374798,1790950550,0,0,0,0,0,0,0,0,0,0,0,0,2,2,7,2,1,3904,3898,0,,0,0
9374799,1790950592,10898572973,190,183,0,0,183,0,0,183,0,0,4422,4,4422,12448,4612,1,17646,5199,8824,,6717,172173
9374802,1790950664,9350735231,18,13,0,0,13,0,0,13,0,0,4019,2,4020,10896,4038,1,16203,5308,664,,2769,93199
9374806,1790950769,9280615289,22,19,0,0,19,0,0,19,0,0,4013,6,4016,10898,4038,1,18073,7176,952,,1566,92234
9374808,1790950802,9196614512,5,5,0,0,5,0,0,5,0,0,4005,8,4009,10832,4014,1,15472,4641,280,,788,85148
9374809,1790950882,10888055320,29,17,0,0,17,0,0,17,0,0,4630,4,4626,12562,4655,1,19452,6891,856,,4976,115177
9374811,1790950924,0,0,0,0,0,0,0,0,0,0,0,0,2,2,7,2,1,4468,4462,0,,0,0
9374815,1790950956,0,0,0,0,0,0,0,0,0,0,0,0,4,3,10,3,1,4192,4183,0,,0,0
9374818,1790951012,24811228,9,9,0,0,9,0,0,9,0,0,2,8,6,42,15,1,5390,5349,472,,142,3384
9374820,1790951047,10656894056,12,11,0,0,11,0,0,11,0,0,4613,6,4618,12492,4630,1,16854,4363,568,,1815,101418
9374822,1790951105,9809449742,198,198,0,0,198,0,0,198,0,0,4010,4,4012,11360,4210,1,15712,4353,9544,,2624,156763
9374825,1790951176,9361020840,22,9,0,0,9,0,0,9,0,0,4023,4,4020,10905,4042,1,14693,3789,472,,2741,92079
9374826,1790951207,9659916600,6,6,0,0,6,0,0,6,0,0,4206,6,4211,11376,4217,1,17282,5907,328,,830,89527
9374831,1790951289,9838890218,25,19,0,0,19,0,0,19,0,0,4219,2,4221,11453,4246,1,17183,5731,952,,3102,99793
9374833,1790951324,9196710520,5,5,0,0,5,0,0,5,0,0,4005,10,4013,10846,4018,1,15489,4644,280,,824,84309
9374835,1790951363,0,0,0,0,0,0,0,0,0,0,0,0,4,3,9,3,1,5037,5029,0,,0,0
9374840,1790951402,10501472812,318,279,0,0,279,0,0,279,0,0,3305,4,2832,8503,3150,1,12573,4071,13432,,6671,214695
9374843,1790951455,9983494746,53,13,0,0,13,0,0,13,0,0,4039,10,4042,11049,4095,1,16368,5320,664,,15149,114877
9374845,1790951495,9711589493,11,10,0,0,10,0,0,10,0,0,4211,6,4214,11401,4225,1,15333,3933,520,,1547,91119
9374846,1790951549,10934175313,227,191,0,0,191,0,0,191,0,0,4236,4,4238,12050,4465,1,17953,5904,9208,,18775,217688
9374850,1790951605,0,0,0,0,0,0,0,0,0,0,0,0,2,2,7,2,1,4609,4603,0,,0,0
9374853,1790951629,10487640181,43,13,0,0,13,0,0,13,0,0,4429,8,4435,12086,4478,1,16407,4322,664,,6673,133456
9374855,1790951675,10627818885,11,9,0,0,9,0,0,9,0,0,4611,6,4616,12485,4627,1,17404,4920,472,,1662,101819
9374858,1790951730,9306141239,16,7,0,0,7,0,0,7,0,0,4017,4,4017,10887,4033,1,15662,4776,376,,2439,106602
9374860,1790951781,9711021613,10,8,0,0,8,0,0,8,0,0,4212,6,4216,11402,4226,1,16039,4638,424,,1811,98747
9374863,1790951823,21505166,7,7,0,0,7,0,0,7,0,0,2,4,6,36,13,1,4359,4324,376,,208,4336
9374865,1790951855,10277204102,181,179,0,0,179,0,0,179,0,0,4213,6,4217,11867,4398,1,16334,4468,8632,,4855,406306
9374868,1790951894,9307252247,11,6,0,0,6,0,0,6,0,0,4011,4,4013,10858,4024,1,15069,4212,328,,2670,93533
9374870,1790951964,10594156380,9,9,0,0,9,0,0,9,0,0,4610,6,4613,12474,4622,1,19226,6753,472,,994,101326
9374871,1790952011,0,0,0,0,0,0,0,0,0,0,0,0,4,3,9,3,1,4614,4606,0,,0,0
9374874,1790952045,0,0,0,0,0,0,0,0,0,0,0,0,2,1,4,1,1,4324,4321,0,,0,0
9374875,1790952099,9952895347,207,189,0,0,189,0,0,189,0,0,4034,6,4029,11429,4236,1,16912,5484,9112,,4407,162879
9374877,1790952124,9196710520,5,5,0,0,5,0,0,5,0,0,4005,2,4007,10828,4012,1,14472,3645,280,,898,86694
9374881,1790952195,10604023076,11,11,0,0,11,0,0,11,0,0,4611,4,4615,12485,4626,1,18279,5795,568,,1168,101694
9374882,1790952278,0,0,0,0,0,0,0,0,0,0,0,0,8,7,20,7,1,6641,6622,0,,0,0
9374883,1790952314,10585908788,8,8,0,0,8,0,0,8,0,0,4608,2,4608,12456,4616,1,17904,5449,424,,914,98921
9374887,1790952361,9260935569,12,6,0,0,6,0,0,6,0,0,4013,2,4011,10859,4023,1,14926,4068,328,,1645,87605
9374889,1790952411,0,0,0,0,0,0,0,0,0,0,0,0,8,6,18,6,1,5334,5317,0,,0,0
9374892,1790952464,10343488242,200,199,0,0,199,0,0,199,0,0,4216,4,4218,11923,4418,1,16134,4212,9592,,3774,166851
9374894,1790952566,48847614,21,21,0,0,21,0,0,21,0,0,2,6,7,77,28,1,8210,8134,1048,,260,7790
9374898,1790952603,0,0,0,0,0,0,0,0,0,0,0,0,4,1,4,1,1,4186,4183,0,,0,0
9374901,1790952653,0,0,0,0,0,0,0,0,0,0,0,0,8,7,20,7,1,4913,4894,0,,0,0
9374903,1790952690,9357362400,158,149,0,0,149,0,0,149,0,0,3825,6,3825,10749,3983,1,15809,5061,7192,,4716,144166
9374906,1790952761,0,0,0,0,0,0,0,0,0,0,0,0,4,3,10,3,1,5038,5029,0,,0,0
9374908,1790952782,9277691664,19,18,0,0,18,0,0,18,0,0,4009,6,4009,10871,4028,1,15399,4529,904,,1855,92423
9374912,1790952879,0,0,0,0,0,0,0,0,0,0,0,0,4,3,9,3,1,6447,6439,0,,0,0
9374913,1790952931,9730812892,14,10,0,0,10,0,0,10,0,0,4215,8,4216,11413,4230,1,17745,6333,520,,1821,95676
9374915,1790952986,0,0,0,0,0,0,0,0,0,0,0,0,2,2,7,2,1,5314,5308,0,,0,0
9374917,1790953026,10607230670,12,12,0,0,12,0,0,12,0,0,4612,4,4613,12479,4625,1,16831,4353,616,,999,104831
9374919,1790953115,9280806211,27,26,0,0,26,0,0,26,0,0,4013,4,4017,10911,4044,1,18224,7314,1288,,1525,94498
9374923,1790953167,0,0,0,0,0,0,0,0,0,0,0,0,4,3,9,3,1,4473,4465,0,,0,0
9374927,1790953192,0,0,0,0,0,0,0,0,0,0,0,0,8,4,12,4,1,4905,4894,0,,0,0
9374932,1790953241,21481164,7,7,0,0,7,0,0,7,0,0,2,8,6,37,13,1,4225,4189,376,,127,2705
9374937,1790953292,10314257539,23,9,0,0,9,0,0,9,0,0,4135,10,4135,11219,4158,1,15833,4615,472,,3578,108214
9374942,1790953318,0,0,0,0,0,0,0,0,0,0,0,0,10,8,23,8,1,4214,4192,0,,0,0
9374945,1790953366,0,0,0,0,0,0,0,0,0,0,0,0,10,4,12,4,1,4203,4192,0,,0,0
9374949,1790953423,9561581665,23,19,0,0,19,0,0,19,0,0,3700,6,3703,10056,3726,1,16247,6192,952,,2687,104437
9374950,1790953476,10875200134,68,68,0,0,68,0,0,68,0,0,4001,8,2951,8147,3019,1,13633,5487,3304,,3228,152549
9374951,1790953517,10916770960,20,20,1,4,21,0,0,21,1,0,4271,2,4273,11587,4293,1,16077,4491,1048,,1243,114825
9374953,1790953573,9303939202,20,12,0,0,12,0,0,12,0,0,4021,2,4019,10901,4039,1,16237,5337,616,,1913,93508
9374956,1790953625,10814629168,290,239,0,0,239,0,0,239,0,0,4293,4,4269,12307,4559,1,16771,4465,11512,,7870,198172
9374958,1790953665,0,0,0,0,0,0,0,0,0,0,0,0,6,3,10,3,1,5041,5032,0,,0,0
9374961,1790953787,10773402938,20,13,0,0,13,0,0,13,0,0,4640,4,4642,12580,4662,1,17214,4635,664,,2464,108337
9374964,1790953813,0,0,0,0,0,0,0,0,0,0,0,0,6,3,9,3,1,3912,3904,0,,0,0
9374966,1790953847,10230741593,146,138,0,0,138,0,0,138,0,0,4232,6,4227,11804,4373,1,16412,4609,6664,,4842,149696
9374970,1790953893,9919890104,16,14,0,0,14,0,0,14,0,0,4293,4,4294,11632,4310,1,15420,3789,712,,1685,104535
9374974,1790953952,10739968760,14,9,0,0,9,0,0,9,0,0,4625,8,4632,12539,4646,1,17179,4641,472,,3342,109698
9374975,1790953989,9232141976,22,22,0,0,22,0,0,22,0,0,4007,8,4015,10896,4037,1,16100,5205,1096,,1014,97807
9374976,1790954031,10325566795,19,6,0,0,6,0,0,6,0,0,4188,2,4190,11360,4209,1,16478,5119,328,,3483,108752
9374977,1790954092,10275072933,17,15,0,0,15,0,0,15,0,0,4417,2,4418,11964,4435,1,18287,6324,760,,3341,104706
9374982,1790954138,0,0,0,0,0,0,0,0,0,0,0,0,2,2,7,2,1,3763,3757,0,,0,0
9374985,1790954186,9735076830,21,17,0,0,17,0,0,17,0,0,4213,10,4217,11442,4238,1,17184,5743,856,,1979,100847
9374988,1790954257,0,0,0,0,0,0,0,0,0,0,0,0,6,4,12,4,1,5748,5737,0,,0,0
9374991,1790954287,10197724886,14,12,0,0,12,0,0,12,0,0,4413,6,4414,11951,4428,1,15883,3933,616,,1732,105179
9374994,1790954360,10694184806,19,16,0,0,16,0,0,16,0,0,4619,6,4623,12529,4642,1,18124,5596,808,,2559,108834
9374997,1790954400,9659208604,6,6,0,0,6,0,0,6,0,0,4206,6,4209,11376,4215,1,15731,4356,328,,884,88825
9375000,1790954468,0,0,0,0,0,0,0,0,0,0,0,0,6,5,15,5,1,4764,4750,0,,0,0
9375004,1790954538,27178594,9,9,0,0,9,0,0,9,0,0,3,6,6,42,15,1,5496,5455,472,,128,3407
9375006,1790954650,10377756193,37,26,0,0,26,0,0,26,0,0,4440,8,4436,12070,4473,1,21254,9185,1288,,3582,106912
9375009,1790954703,0,0,0,0,0,0,0,0,0,0,0,0,4,4,12,4,1,4758,4747,0,,0,0
9375010,1790954764,9773935516,13,7,0,0,7,0,0,7,0,0,4214,6,4214,11409,4227,1,15735,4327,376,,2521,93676
9375011,1790954793,9660108616,6,6,0,0,6,0,0,6,0,0,4206,2,4207,11367,4213,1,16703,5337,328,,834,88549
9375013,1790954832,0,0,0,0,0,0,0,0,0,0,0,0,2,2,7,2,1,4045,4039,0,,0,0
9375015,1790954879,9262548161,13,10,0,0,10,0,0,10,0,0,4013,4,4014,10868,4027,1,15473,4606,520,,1530,86891
9375017,1790954947,9254399675,16,15,0,0,15,0,0,15,0,0,4010,4,4012,10872,4028,1,16211,5340,760,,1409,88139
9375018,1790954992,10122558696,7,7,0,0,7,0,0,7,0,0,4407,4,4410,11920,4417,1,16836,4917,376,,877,94600
9375020,1790955029,10165997639,10,8,0,0,8,0,0,8,0,0,4411,2,4412,11930,4422,1,16146,4217,424,,1609,93917
9375022,1790955073,0,0,0,0,0,0,0,0,0,0,0,0,4,4,12,4,1,4335,4324,0,,0,0
9375024,1790955132,9720194769,12,10,0,0,10,0,0,10,0,0,4213,4,4216,11409,4228,1,17735,6327,520,,1664,92968
9375027,1790955193,10662419686,13,10,0,0,10,0,0,10,0,0,4614,4,4617,12491,4630,1,16918,4428,520,,2282,100247
9375030,1790955264,9735074946,14,13,0,0,13,0,0,13,0,0,4211,6,4214,11411,4228,1,16471,5061,664,,1708,92891
9375033,1790955315,0,0,0,0,0,0,0,0,0,0,0,0,6,6,18,6,1,4626,4609,0,,0,0
9375035,1790955345,9513166126,29,20,0,0,20,0,0,20,0,0,4031,6,4030,10956,4059,1,15282,4327,1000,,4819,101964
9375036,1790955444,9261811256,9,8,0,0,8,0,0,8,0,0,4009,4,4010,10848,4019,1,18555,7708,424,,1641,86958
9375040,1790955491,10693597569,11,8,0,0,8,0,0,8,0,0,4451,2,4451,12041,4462,1,15262,3222,424,,3819,105923
9375044,1790955526,9406569960,14,5,0,0,5,0,0,5,0,0,3709,8,3708,10042,3722,1,14400,4359,280,,2714,98735
9375046,1790955592,10624571586,18,18,0,0,18,0,0,18,0,0,4614,8,4618,12510,4636,1,18842,6333,904,,1127,103172
9375047,1790955652,9469971333,21,11,0,0,11,0,0,11,0,0,4022,4,4020,10906,4041,1,14553,3648,568,,4746,99895
9375048,1790955697,10123410704,7,7,0,0,7,0,0,7,0,0,4407,2,4409,11919,4416,1,17819,5901,376,,871,94029
9375051,1790955779,10629359731,11,9,0,0,9,0,0,9,0,0,4612,2,4613,12474,4624,1,18797,6324,472,,1638,98813
9375055,1790955836,9195762504,5,5,0,0,5,0,0,5,0,0,4005,6,4008,10830,4013,1,14798,3969,280,,783,84850
9375060,1790955897,10749748495,19,14,0,0,14,0,0,14,0,0,4618,8,4624,12527,4643,1,17702,5176,712,,3203,105739
9375062,1790955933,0,0,0,0,0,0,0,0,0,0,0,0,10,6,18,6,1,4773,4756,0,,0,0
9375066,1790955969,9932557332,22,11,0,0,11,0,0,11,0,0,4223,4,4220,11447,4242,1,15376,3930,568,,4701,104266
9375069,1790956017,9229617593,7,6,0,0,6,0,0,6,0,0,4007,8,4013,10850,4020,1,15349,4500,328,,1387,89331
9375073,1790956064,24811230,9,9,0,0,9,0,0,9,0,0,2,6,6,42,15,1,4932,4891,472,,128,3540
9375075,1790956115,10655095141,15,13,0,0,13,0,0,13,0,0,4617,8,4621,12509,4636,1,17572,5064,664,,1782,106491
9375079,1790956212,9491755207,18,13,0,0,13,0,0,13,0,0,4080,4,4082,11064,4100,1,17925,6862,664,,2761,99710
9375080,1790956278,9751821071,17,11,0,0,11,0,0,11,0,0,4219,8,4217,11427,4234,1,18435,7009,568,,1939,106382
9375083,1790956335,10361696932,21,15,0,0,15,0,0,15,0,0,4421,2,4418,11975,4439,1,16324,4350,760,,8149,120171
9375085,1790956404,10159500134,20,20,0,0,20,0,0,20,0,0,4412,6,4416,11973,4436,1,16967,4995,1000,,1115,104262
9375086,1790956441,9251915145,12,6,0,0,6,0,0,6,0,0,4013,4,4011,10856,4023,1,15772,4917,328,,1836,90485
9375088,1790956484,0,0,0,0,0,0,0,0,0,0,0,0,2,2,7,2,1,3622,3616,0,,0,0
9375094,1790956531,10235681141,22,16,0,0,16,0,0,16,0,0,4423,4,4424,11998,4446,1,16350,4353,808,,2025,101026
9375095,1790956573,0,0,0,0,0,0,0,0,0,0,0,0,12,5,15,5,1,5478,5464,0,,0,0
9375098,1790956611,0,0,0,0,0,0,0,0,0,0,0,0,2,1,4,1,1,4324,4321,0,,0,0
9375101,1790956708,33838724,13,13,0,0,13,0,0,13,0,0,3,6,7,55,20,1,7060,7006,664,,143,4874
9375106,1790956752,0,0,0,0,0,0,0,0,0,0,0,0,6,2,7,2,1,4756,4750,0,,0,0
9375109,1790956799,10597711704,10,10,0,0,10,0,0,10,0,0,4610,10,4614,12479,4624,1,17827,5349,520,,1010,102639
9375112,1790956910,34945420,15,15,0,0,15,0,0,15,0,0,2,6,6,58,21,1,6217,6160,760,,177,5738
9375116,1790956960,0,0,0,0,0,0,0,0,0,0,0,0,6,3,10,3,1,4900,4891,0,,0,0
9375117,1790957002,9663821081,141,127,0,0,127,0,0,127,0,0,4041,8,4039,11278,4180,1,16304,5027,6136,,4285,142503
9375119,1790957053,0,0,0,0,0,0,0,0,0,0,0,0,2,2,7,2,1,3622,3616,0,,0,0
9375120,1790957072,9660060612,6,6,0,0,6,0,0,6,0,0,4206,4,4209,11374,4215,1,16008,4635,328,,914,94137
9375127,1790957113,9243589372,14,14,0,0,14,0,0,14,0,0,4014,2,4016,10877,4030,1,14521,3645,712,,1095,88840
9375130,1790957170,9597859816,33,25,0,0,25,0,0,25,0,0,3577,14,3341,9105,3374,1,14712,5608,1240,,3089,107273
9375134,1790957205,9459306580,13,10,0,0,10,0,0,10,0,0,3446,6,2957,8018,2970,1,12679,4662,520,,3041,102201
9375136,1790957299,10891919186,113,113,1,87,114,0,0,114,1,0,4625,8,4631,12805,4744,1,18589,5785,5512,,1934,137763
9375138,1790957362,0,0,0,0,0,0,0,0,0,0,0,0,4,3,9,3,1,3345,3337,0,,0,0
9375141,1790957387,9574498251,517,516,1,500,517,0,0,517,1,0,3618,4,3619,11161,4136,1,15654,4494,24856,,3613,269370
9375143,1790957425,10661507302,20,16,0,0,16,0,0,16,0,0,4617,6,4619,12516,4639,1,17153,4638,808,,1775,105687
9375146,1790957472,10248707390,410,408,1,400,409,0,0,409,1,0,4009,4,4012,11934,4422,1,16286,4353,19672,,3575,241836
9375149,1790957514,9196470500,5,5,0,0,5,0,0,5,0,0,4005,6,4009,10830,4014,1,15467,4638,280,,824,84929
9375150,1790957562,9196518504,5,5,0,0,5,0,0,5,0,0,4005,6,4010,10834,4015,1,15301,4468,280,,810,85437
9375153,1790957595,9493165668,106,105,1,100,106,0,0,106,1,0,4007,2,4008,11102,4114,1,15906,4805,5128,,2378,126332
9375155,1790957647,10993103180,6,6,0,0,6,0,0,6,0,0,4599,6,4602,12427,4608,1,17064,4638,328,,971,105878
9375159,1790957702,0,0,0,0,0,0,0,0,0,0,0,0,4,4,12,4,1,4758,4747,0,,0,0
9375160,1790957741,30520658,11,11,0,0,11,0,0,11,0,0,3,8,4,42,15,1,5358,5317,568,,146,4243
9375163,1790957785,10502589694,87,73,1,50,74,0,0,74,1,0,4439,2,4433,12196,4520,1,16516,4321,3592,,4033,127996
9375167,1790957845,0,0,0,0,0,0,0,0,0,0,0,0,6,3,9,3,1,4335,4327,0,,0,0
9375170,1790957877,9246065013,11,9,0,0,9,0,0,9,0,0,4009,8,4013,10859,4024,1,15499,4641,472,,1774,91677
9375172,1790957922,10585908788,8,8,0,0,8,0,0,8,0,0,4608,6,4611,12462,4619,1,17352,4891,424,,1086,101820
9375178,1790957985,0,0,0,0,0,0,0,0,0,0,0,0,4,2,7,2,1,4471,4465,0,,0,0
9375181,1790958051,10760479546,43,36,0,0,36,0,0,36,0,0,4628,12,4633,12621,4676,1,17831,5211,1768,,2707,113756
9375183,1790958088,9234538436,19,19,1,14,20,0,0,20,1,0,4006,6,4011,10874,4030,1,14947,4074,1000,,973,92136
9375187,1790958121,9660012608,6,6,0,0,6,0,0,6,0,0,4206,4,4209,11374,4215,1,15133,3760,328,,946,91026
9375190,1790958212,10768992184,29,19,0,0,19,0,0,19,0,0,4629,8,4628,12565,4657,1,18155,5591,952,,2993,110665
9375192,1790958277,9711235054,7,6,0,0,6,0,0,6,0,0,4207,6,4212,11391,4219,1,16169,4779,328,,5065,190653
9375194,1790958326,10233967103,32,26,0,0,26,0,0,26,0,0,4419,4,4420,12015,4452,1,17213,5199,1288,,2105,106837
9375197,1790958377,9711235054,7,6,0,0,6,0,0,6,0,0,4207,4,4210,11382,4217,1,15846,4465,328,,1707,187839
9375199,1790958434,10618873364,14,14,0,0,14,0,0,14,0,0,4614,6,4616,12496,4630,1,18261,5766,712,,1116,104584
9375204,1790958497,9264753347,16,8,0,0,8,0,0,8,0,0,4010,4,4012,10870,4028,1,14658,3789,424,,1645,90938
9375208,1790958533,0,0,0,0,0,0,0,0,0,0,0,0,10,5,15,5,1,4770,4756,0,,0,0
9375209,1790958559,9398274920,59,9,0,0,9,0,0,9,0,0,3710,8,3617,9923,3676,1,15409,5487,472,,22252,117846
9375210,1790958655,0,0,0,0,0,0,0,0,0,0,0,0,2,2,7,2,1,8275,8269,0,,0,0
9375211,1790958702,10694169490,23,15,0,0,15,0,0,15,0,0,4624,2,4621,12534,4644,1,18264,5731,760,,2321,119854
9375214,1790958764,9196470500,5,5,0,0,5,0,0,5,0,0,4005,2,4006,10823,4011,1,14185,3363,280,,881,86229
9375218,1790958811,10680114193,12,9,0,0,9,0,0,9,0,0,4613,6,4618,12493,4630,1,16714,4222,472,,3033,119861
9375223,1790958849,0,0,0,0,0,0,0,0,0,0,0,0,8,5,15,5,1,4344,4330,0,,0,0
9375225,1790958884,9726025342,10,9,0,0,9,0,0,9,0,0,4210,10,4218,11410,4228,1,15912,4503,472,,1820,94931
9375228,1790958967,10290342185,16,10,0,0,10,0,0,10,0,0,4417,4,4417,11963,4433,1,17978,6016,520,,3880,101810
9375230,1790959015,9726025342,10,9,0,0,9,0,0,9,0,0,4210,6,4213,11400,4223,1,15896,4497,472,,1697,258255
9375232,1790959016,10123362700,7,7,0,0,7,0,0,7,0,0,4407,4,4410,11920,4417,1,16977,5058,376,,2239,169366
9375233,1790959116,10174789170,8,7,0,0,7,0,0,7,0,0,4408,4,4412,11924,4420,1,17968,6045,376,,1744,95530
9375237,1790959170,9712142386,33,33,0,0,33,0,0,33,0,0,4208,2,4210,11449,4243,1,15939,4491,1624,,1017,101869
9375240,1790959215,0,0,0,0,0,0,0,0,0,0,0,0,8,3,9,3,1,4056,4048,0,,0,0
9375244,1790959266,10658309735,16,10,0,0,10,0,0,10,0,0,4618,6,4618,12502,4634,1,16998,4497,520,,1784,102449
9375245,1790959315,9195714500,5,5,0,0,5,0,0,5,0,0,4005,8,4010,10834,4015,1,17025,6192,280,,775,85149
9375248,1790959356,9659964604,6,6,0,0,6,0,0,6,0,0,4206,2,4208,11373,4214,1,14876,3504,328,,925,91844
9375250,1790959417,0,0,0,0,0,0,0,0,0,0,0,0,6,6,18,6,1,5927,5910,0,,0,0
9375253,1790959469,10655033469,20,18,0,0,18,0,0,18,0,0,4614,4,4614,12505,4634,1,16998,4494,904,,1902,111551
9375258,1790959572,10352026173,30,18,0,0,18,0,0,18,0,0,4432,6,4433,12046,4463,1,19926,7881,904,,3843,110817
9375262,1790959607,9196566508,5,5,0,0,5,0,0,5,0,0,4005,10,4014,10849,4019,1,14787,3939,280,,928,86302
9375266,1790959656,23860530,7,7,0,0,7,0,0,7,0,0,3,8,8,42,15,1,5076,5035,376,,124,2893
9375267,1790959695,10745294990,22,16,0,0,16,0,0,16,0,0,4623,8,4627,12544,4649,1,17043,4500,808,,2990,106940
9375269,1790959742,9700388199,9,7,0,0,7,0,0,7,0,0,4209,2,4210,11386,4219,1,15735,4350,376,,1591,90673
9375272,1790959874,0,0,0,0,0,0,0,0,0,0,0,0,4,3,10,3,1,10114,10105,0,,0,0
9375275,1790959906,9294888796,18,10,0,0,10,0,0,10,0,0,4020,6,4020,10893,4038,1,15219,4327,520,,1778,90569
9375278,1790959945,9195822508,5,5,0,0,5,0,0,5,0,0,4005,6,4008,10832,4013,1,15046,4215,280,,871,87644
9375283,1790959989,9265422735,19,17,0,0,17,0,0,17,0,0,4011,6,4017,10894,4036,1,14157,3264,856,,1748,93375
9375285,1790960036,9930396571,9,7,0,0,7,0,0,7,0,0,4238,10,4243,11476,4252,1,16542,5067,376,,1798,98764
9375288,1790960074,0,0,0,0,0,0,0,0,0,0,0,0,4,4,12,4,1,4335,4324,0,,0,0
9375290,1790960120,9239419529,8,7,0,0,7,0,0,7,0,0,4010,6,4014,10855,4022,1,16479,5625,376,,1493,87767
9375292,1790960166,9260887565,12,6,0,0,6,0,0,6,0,0,4013,4,4014,10866,4026,1,15641,4776,328,,2024,106550
9375293,1790960209,9247848966,6,5,0,0,5,0,0,5,0,0,4006,4,4010,10835,4016,1,15751,4917,280,,1856,207181
9375296,1790960266,9732608200,14,13,0,0,13,0,0,13,0,0,4209,2,4211,11399,4225,1,15578,4180,664,,5437,203222
9375299,1790960290,9196470500,5,5,0,0,5,0,0,5,0,0,4005,6,4008,10829,4013,1,15466,4638,280,,839,87045
9375303,1790960334,0,0,0,0,0,0,0,0,0,0,0,0,6,5,15,5,1,3777,3763,0,,0,0
9375305,1790960374,9781863221,15,10,0,0,10,0,0,10,0,0,4215,8,4218,11425,4233,1,16459,5035,520,,2591,95016
9375309,1790960438,9428075795,37,23,0,0,23,0,0,23,0,0,4061,4,4057,11049,4094,1,15401,4353,1144,,2001,97405
9375311,1790960462,0,0,0,0,0,0,0,0,0,0,0,0,8,4,12,4,1,4905,4894,0,,0,0
9375312,1790960532,9698455872,13,13,0,0,13,0,0,13,0,0,4211,4,4212,11401,4225,1,18291,6891,664,,1136,95544
9375313,1790960589,9196614516,5,5,0,0,5,0,0,5,0,0,4005,2,4007,10825,4012,1,15911,5087,280,,833,88004
9375314,1790960614,0,0,0,0,0,0,0,0,0,0,0,0,2,2,7,2,1,4786,4780,0,,0,0
9375316,1790960653,9799349147,13,11,0,0,11,0,0,11,0,0,4216,2,4217,11413,4230,1,15592,4180,568,,2700,95870
9375318,1790960695,0,0,0,0,0,0,0,0,0,0,0,0,4,2,7,2,1,4048,4042,0,,0,0
9375319,1790960737,9270106838,10,9,0,0,9,0,0,9,0,0,4011,4,4014,10862,4024,1,16313,5452,472,,1756,88360
9375321,1790960801,0,0,0,0,0,0,0,0,0,0,0,0,2,1,4,1,1,4747,4744,0,,0,0
9375322,1790960858,9462574192,38,33,0,0,33,0,0,33,0,0,4019,4,4016,10942,4054,1,15012,4071,1624,,3967,110376
9375325,1790960880,9195918516,5,5,0,0,5,0,0,5,0,0,4005,2,4006,10823,4011,1,14861,4039,280,,807,85371
9375328,1790960924,0,0,0,0,0,0,0,0,0,0,0,0,6,5,15,5,1,4341,4327,0,,0,0
9375330,1790961105,9987707426,27,19,0,0,19,0,0,19,0,0,4228,6,4230,11487,4257,1,24584,13098,952,,5881,104229
9375332,1790961201,9417879264,33,25,0,0,25,0,0,25,0,0,4029,4,4022,10940,4055,1,16524,5585,1240,,3526,97601
9375334,1790961244,9279195463,9,6,0,0,6,0,0,6,0,0,4010,4,4014,10857,4023,1,15491,4635,328,,2635,87544
9375336,1790961287,30532660,11,11,0,0,11,0,0,11,0,0,3,4,5,45,16,1,4086,4042,568,,146,4172
9375338,1790961339,0,0,0,0,0,0,0,0,0,0,0,0,4,2,7,2,1,5599,5593,0,,0,0
9375340,1790961424,0,0,0,0,0,0,0,0,0,0,0,0,4,3,10,3,1,7294,7285,0,,0,0
9375342,1790961467,9487150803,38,24,1,12,25,0,0,25,1,0,4030,4,4032,10984,4070,1,15477,4494,1240,,4271,103911
9375343,1790961513,9213538712,9,9,0,0,9,0,0,9,0,0,4007,4,4010,10844,4019,1,16324,5481,472,,937,91791
9375345,1790961562,9330300155,13,8,0,0,8,0,0,8,0,0,4016,2,4017,10875,4030,1,15788,4914,424,,3128,93349
9375348,1790961632,24931228,9,9,0,0,9,0,0,9,0,0,2,4,6,42,15,1,5916,5875,472,,144,3769
9375350,1790961675,9885196991,23,15,0,0,15,0,0,15,0,0,4226,6,4227,11465,4250,1,15961,4497,760,,4467,102989
9375353,1790961712,0,0,0,0,0,0,0,0,0,0,0,0,4,4,12,4,1,3630,3619,0,,0,0
9375358,1790961771,9196470500,5,5,0,0,5,0,0,5,0,0,4005,6,4008,10829,4013,1,15780,4952,280,,875,87553
9375360,1790961806,9196614512,5,5,0,0,5,0,0,5,0,0,4005,10,4009,10832,4014,1,15059,4228,280,,835,86076
9375364,1790961847,9220541084,14,14,0,0,14,0,0,14,0,0,4008,4,4010,10859,4024,1,15070,4212,712,,983,91491
9375368,1790961889,9744957539,10,7,0,0,7,0,0,7,0,0,4211,8,4216,11408,4226,1,16160,4753,376,,2796,94513
9375370,1790961989,9501134695,31,19,0,0,19,0,0,19,0,0,4034,8,4037,10978,4068,1,18550,7573,952,,5195,125949
9375373,1790962035,9195714500,5,5,0,0,5,0,0,5,0,0,4005,4,4006,10823,4011,1,14893,4071,280,,956,87070
9375375,1790962097,0,0,0,0,0,0,0,0,0,0,0,0,6,5,15,5,1,4482,4468,0,,0,0
9375377,1790962157,9894582266,28,21,0,0,21,0,0,21,0,0,4224,4,4225,11473,4253,1,15825,4353,1048,,4452,101917
9375379,1790962181,9244483718,9,7,0,0,7,0,0,7,0,0,4009,4,4012,10851,4021,1,15203,4353,376,,1430,87544
9375381,1790962241,9799791543,15,8,0,0,8,0,0,8,0,0,4217,4,4219,11423,4234,1,16903,5481,424,,3382,94633
9375383,1790962313,9349809052,16,12,0,0,12,0,0,12,0,0,4019,4,4022,10899,4038,1,18071,7173,616,,3485,91571
9375386,1790962363,0,0,0,0,0,0,0,0,0,0,0,0,4,4,12,4,1,5104,5093,0,,0,0
9375388,1790962392,9660060616,6,6,0,0,6,0,0,6,0,0,4206,6,4211,11379,4217,1,15170,3792,328,,846,92055
9375391,1790962442,9272471540,15,14,0,0,14,0,0,14,0,0,4009,4,4013,10871,4028,1,15223,4353,712,,1740,92451
9375393,1790962502,0,0,0,0,0,0,0,0,0,0,0,0,6,5,15,5,1,5187,5173,0,,0,0
9375394,1790962552,9784240458,19,11,0,0,11,0,0,11,0,0,4221,4,4221,11444,4240,1,17206,5763,568,,2638,95895
9375399,1790962594,9196566508,5,5,0,0,5,0,0,5,0,0,4005,2,4007,10829,4012,1,15008,4180,280,,909,88060
9375401,1790962696,0,0,0,0,0,0,0,0,0,0,0,0,10,7,20,7,1,8300,8281,0,,0,0
9375404,1790962760,21409166,7,7,0,0,7,0,0,7,0,0,2,4,4,31,11,1,4918,4888,376,,135,2713
9375407,1790962806,9796718628,17,11,0,0,11,0,0,11,0,0,4219,6,4221,11434,4238,1,17215,5782,568,,2640,98738
9375409,1790962883,9786255180,16,7,0,0,7,0,0,7,0,0,4217,6,4218,11430,4234,1,17618,6189,376,,2646,96365
9375412,1790962927,0,0,0,0,0,0,0,0,0,0,0,0,4,4,12,4,1,4335,4324,0,,0,0
9375416,1790962951,9203881462,6,6,0,0,6,0,0,6,0,0,4007,6,4009,10832,4015,1,15642,4811,328,,853,86689
9375419,1790963013,9686147856,13,13,0,0,13,0,0,13,0,0,4211,8,4218,11423,4231,1,16063,4641,664,,865,95524
9375422,1790963089,9674694884,9,9,0,0,9,0,0,9,0,0,4209,6,4214,11395,4223,1,17413,6019,472,,961,92988
9375423,1790963122,9247752958,6,5,0,0,5,0,0,5,0,0,4006,6,4010,10840,4016,1,15618,4779,280,,1633,88437
9375425,1790963170,9730764888,14,10,0,0,10,0,0,10,0,0,4215,2,4215,11411,4229,1,16436,5026,520,,1794,92992
9375427,1790963211,9195762504,5,5,0,0,5,0,0,5,0,0,4005,4,4007,10828,4012,1,16420,5593,280,,902,86962
9375431,1790963258,9703076781,9,7,0,0,7,0,0,7,0,0,4210,4,4212,11392,4221,1,17154,5763,376,,1923,107754
9375433,1790963310,0,0,0,0,0,0,0,0,0,0,0,0,8,5,15,5,1,5895,5881,0,,0,0
9375435,1790963368,9711235054,7,6,0,0,6,0,0,6,0,0,4207,4,4209,11377,4216,1,18972,7596,328,,2018,108108
9375442,1790963438,9376727044,13,8,0,0,8,0,0,8,0,0,4044,4,4044,10948,4057,1,15864,4917,424,,3116,106598
9375446,1790963473,9721597528,8,6,0,0,6,0,0,6,0,0,4208,14,4219,11405,4227,1,15884,4480,328,,1782,95724
9375452,1790963542,10123362700,7,7,0,0,7,0,0,7,0,0,4407,8,4413,11927,4420,1,17304,5378,376,,1009,99522
9375453,1790963620,10586760796,8,8,0,0,8,0,0,8,0,0,4608,12,4617,12478,4625,1,19557,7080,424,,1019,103029
9375454,1790963650,10165289643,10,8,0,0,8,0,0,8,0,0,4411,2,4411,11932,4421,1,16563,4632,424,,1792,99445
9375457,1790963695,9254399739,11,9,0,0,9,0,0,9,0,0,4012,2,4014,10861,4025,1,14505,3645,472,,1591,87362
9375461,1790963739,9719897827,12,10,0,0,10,0,0,10,0,0,4213,6,4215,11403,4227,1,15915,4513,520,,1722,93410
9375466,1790963798,9254377536,7,6,0,0,6,0,0,6,0,0,4008,8,4014,10850,4021,1,15631,4782,328,,1630,86495
9375469,1790963865,0,0,0,0,0,0,0,0,0,0,0,0,10,8,23,8,1,5201,5179,0,,0,0
9375470,1790963903,9735045057,15,13,0,0,13,0,0,13,0,0,4216,6,4220,11429,4235,1,16207,4779,664,,1732,94258
9375472,1790963939,9196662516,5,5,0,0,5,0,0,5,0,0,4005,2,4007,10825,4012,1,15427,4603,280,,901,84588
9375474,1790963998,0,0,0,0,0,0,0,0,0,0,0,0,4,2,7,2,1,5176,5170,0,,0,0
9375476,1790964043,10777121205,61,55,0,0,55,0,0,55,0,0,4620,4,4618,12626,4679,1,17372,4747,2680,,2193,120397
9375480,1790964086,9527264908,43,42,0,0,42,0,0,42,0,0,4092,4,4093,11162,4136,1,15091,3930,2056,,2001,105463
9375484,1790964130,9721657528,8,6,0,0,6,0,0,6,0,0,4208,8,4212,11386,4220,1,16311,4926,328,,1851,95394
9375486,1790964170,0,0,0,0,0,0,0,0,0,0,0,0,8,3,10,3,1,4234,4225,0,,0,0
9375488,1790964195,9691285172,12,12,0,0,12,0,0,12,0,0,4212,4,4214,11403,4226,1,15867,4465,616,,1129,93766
9375491,1790964237,10716559408,66,66,0,0,66,0,0,66,0,0,4556,4,4558,12476,4624,1,16243,3768,3208,,1331,132599
9375494,1790964269,9696068826,18,18,0,0,18,0,0,18,0,0,4210,6,4213,11416,4231,1,15489,4074,904,,1026,98243
9375497,1790964314,9692053172,12,12,0,0,12,0,0,12,0,0,4212,6,4218,11414,4230,1,16163,4750,616,,1174,101660
9375500,1790964350,0,0,0,0,0,0,0,0,0,0,0,0,6,2,7,2,1,4333,4327,0,,0,0
9375502,1790964387,10223343520,20,12,0,0,12,0,0,12,0,0,4422,6,4422,11989,4442,1,16485,4497,616,,2183,107465
9375504,1790964445,0,0,0,0,0,0,0,0,0,0,0,0,4,3,9,3,1,4755,4747,0,,0,0
9375508,1790964524,10044806229,16,13,0,0,13,0,0,13,0,0,4311,4,4313,11684,4329,1,17869,6186,664,,2652,100393
9375509,1790964586,9206887552,7,7,0,0,7,0,0,7,0,0,4007,8,4011,10843,4018,1,17739,6897,376,,855,88649
9375511,1790964628,9743352626,16,8,0,0,8,0,0,8,0,0,4218,2,4216,11419,4232,1,15739,4321,424,,2044,93686
9375516,1790964669,0,0,0,0,0,0,0,0,0,0,0,0,4,2,7,2,1,4048,4042,0,,0,0
9375518,1790964699,9824737031,36,30,0,0,30,0,0,30,0,0,4221,10,4225,11497,4261,1,16111,4615,1480,,2740,102001
9375520,1790964756,9279996675,8,6,0,0,6,0,0,6,0,0,4008,4,4010,10842,4018,1,15342,4501,328,,2369,88765
9375522,1790964803,9283211620,16,12,0,0,12,0,0,12,0,0,4016,4,4015,10882,4031,1,14923,4042,616,,1861,92577
9375523,1790964843,10204350412,23,23,0,0,23,0,0,23,0,0,4417,4,4420,11991,4443,1,16878,4888,1144,,1532,101778
9375529,1790964868,9257215416,7,5,0,0,5,0,0,5,0,0,4007,2,4007,10831,4014,1,14193,3363,280,,1763,91229
9375533,1790964919,10297450759,53,7,0,0,7,0,0,7,0,0,4013,12,4021,10994,4074,1,16175,5182,376,,25866,108117
9375537,1790964949,9250188520,10,6,0,0,6,0,0,6,0,0,4011,8,4015,10864,4025,1,15081,4218,328,,1643,87511
9375542,1790964987,0,0,0,0,0,0,0,0,0,0,0,0,8,5,15,5,1,4626,4612,0,,0,0
9375545,1790965028,0,0,0,0,0,0,0,0,0,0,0,0,10,4,12,4,1,4344,4333,0,,0,0
9375548,1790965059,10230033912,24,20,0,0,20,0,0,20,0,0,4418,6,4420,11994,4444,1,16067,4074,1000,,2212,104120
9375551,1790965109,9659868596,6,6,0,0,6,0,0,6,0,0,4206,6,4210,11376,4216,1,15449,4074,328,,894,90859
9375552,1790965172,0,0,0,0,0,0,0,0,0,0,0,0,6,3,10,3,1,6592,6583,0,,0,0
9375554,1790965210,0,0,0,0,0,0,0,0,0,0,0,0,2,1,4,1,1,4747,4744,0,,0,0
9375559,1790965262,10118593267,63,48,0,0,48,0,0,48,0,0,4302,4,4296,11766,4359,1,15525,3760,2344,,3937,143823
9375563,1790965310,0,0,0,0,0,0,0,0,0,0,0,0,10,9,26,9,1,4499,4474,0,,0,0
9375569,1790965360,9298224745,10,7,0,0,7,0,0,7,0,0,4012,8,4014,10860,4024,1,14661,3802,376,,7177,217417
9375573,1790965414,0,0,0,0,0,0,0,0,0,0,0,0,12,7,20,7,1,5060,5041,0,,0,0
9375574,1790965460,0,0,0,0,0,0,0,0,0,0,0,0,8,5,15,5,1,5754,5740,0,,0,0
9375577,1790965502,10314688754,28,23,0,0,23,0,0,23,0,0,4448,2,4447,12078,4475,1,16286,4209,1144,,6669,123132
9375580,1790965546,0,0,0,0,0,0,0,0,0,0,0,0,6,4,12,4,1,3492,3481,0,,0,0
9375583,1790965587,0,0,0,0,0,0,0,0,0,0,0,0,6,5,15,5,1,4764,4750,0,,0,0
9375587,1790965618,9344494493,18,14,0,0,14,0,0,14,0,0,4018,6,4021,10896,4039,1,14799,3904,712,,2787,94961
9375591,1790965656,9660012616,6,6,0,0,6,0,0,6,0,0,4206,8,4212,11382,4218,1,15599,4218,328,,885,90502
9375595,1790965713,9322944963,33,32,0,0,32,0,0,32,0,0,4021,8,4024,10948,4057,1,14883,3936,1576,,1815,97621
9375599,1790965742,9702863561,9,7,0,0,7,0,0,7,0,0,4210,8,4216,11398,4225,1,15333,3936,376,,1627,95837
9375601,1790965773,10102808062,18,18,1,4,19,0,0,19,1,0,3954,8,3959,10733,3977,1,15203,4471,952,,1027,132177
9375602,1790965821,0,0,0,0,0,0,0,0,0,0,0,0,4,3,9,3,1,4473,4465,0,,0,0
9375605,1790965853,9876438602,32,15,0,0,15,0,0,15,0,0,4234,2,4227,11493,4259,1,16124,4632,760,,3343,129482
9375608,1790965928,0,0,0,0,0,0,0,0,0,0,0,0,6,6,18,6,1,5331,5314,0,,0,0
9375611,1790966005,10694730993,19,17,0,0,17,0,0,17,0,0,4620,6,4625,12534,4644,1,18202,5669,856,,6613,183366
9375612,1790966054,9287876545,9,6,0,0,6,0,0,6,0,0,4009,6,4014,10855,4023,1,15492,4638,328,,2454,105802
9375614,1790966093,0,0,0,0,0,0,0,0,0,0,0,0,2,2,7,2,1,5455,5449,0,,0,0
9375617,1790966130,9387359764,23,9,0,0,9,0,0,9,0,0,4025,4,4020,10909,4043,1,15261,4353,472,,3556,96146
9375619,1790966173,0,0,0,0,0,0,0,0,0,0,0,0,6,5,15,5,1,4059,4045,0,,0,0
9375621,1790966220,0,0,0,0,0,0,0,0,0,0,0,0,4,2,7,2,1,4894,4888,0,,0,0
9375622,1790966270,38119486,17,17,0,0,17,0,0,17,0,0,2,4,3,55,20,1,5083,5029,856,,190,6662
9375625,1790966314,10655090546,11,9,0,0,9,0,0,9,0,0,4612,2,4612,12476,4623,1,17078,4603,472,,1904,104177
9375628,1790966357,9195714500,5,5,0,0,5,0,0,5,0,0,4005,6,4008,10829,4013,1,14479,3651,280,,807,85824
9375630,1790966445,10681557868,16,13,0,0,13,0,0,13,0,0,4617,6,4620,12514,4636,1,19266,6753,664,,2327,103418
9375634,1790966485,9293608601,18,8,0,0,8,0,0,8,0,0,4019,4,4017,10887,4035,1,14957,4071,424,,1902,91867
9375637,1790966533,0,0,0,0,0,0,0,0,0,0,0,0,8,8,23,8,1,5230,5208,0,,0,0
9375638,1790966560,0,0,0,0,0,0,0,0,0,0,0,0,6,3,9,3,1,4653,4645,0,,0,0
9375639,1790966629,10781442162,30,26,0,0,26,0,0,26,0,0,4624,2,4624,12561,4654,1,19025,6465,1288,,3652,111946
9375642,1790966701,10223998012,11,9,0,0,9,0,0,9,0,0,4423,2,4424,11969,4435,1,17587,5619,472,,1909,99324
9375643,1790966745,10618969372,14,14,0,0,14,0,0,14,0,0,4614,6,4619,12500,4633,1,17813,5314,712,,1171,103045
9375645,1790966785,0,0,0,0,0,0,0,0,0,0,0,0,2,1,4,1,1,4042,4039,0,,0,0
9375646,1790966829,9363357428,17,13,0,0,13,0,0,13,0,0,4021,4,4023,10906,4040,1,16245,5340,664,,2985,91159
9375649,1790966873,9195714500,5,5,0,0,5,0,0,5,0,0,4005,2,4006,10827,4011,1,15474,4648,280,,800,88618
9375653,1790966932,10612226060,19,19,0,0,19,0,0,19,0,0,4610,6,4613,12500,4632,1,17137,4638,952,,1065,104134
9375655,1790966981,9230989121,7,6,0,0,6,0,0,6,0,0,4007,8,4014,10852,4021,1,16620,5769,328,,1447,85431
9375658,1790967027,9257646936,11,7,0,0,7,0,0,7,0,0,4013,4,4015,10868,4026,1,14656,3789,376,,1655,87894
9375661,1790967062,9694471221,8,7,0,0,7,0,0,7,0,0,4208,6,4212,11389,4220,1,15885,4497,376,,1518,94404
9375662,1790967107,10355867570,214,210,0,0,210,0,0,210,0,0,4217,6,4219,11962,4433,1,17908,5947,10120,,3743,177811
9375664,1790967143,9722165137,12,11,0,0,11,0,0,11,0,0,4212,2,4214,11404,4226,1,15471,4068,568,,1884,94978
9375666,1790967192,10156232062,15,15,0,0,15,0,0,15,0,0,4412,4,4415,11954,4430,1,16277,4324,760,,1096,98814
9375670,1790967234,10690004738,17,14,0,0,14,0,0,14,0,0,4617,4,4619,12510,4636,1,17003,4494,712,,2082,107766
9375673,1790967278,10164143521,10,8,0,0,8,0,0,8,0,0,4410,8,4414,11939,4424,1,16297,4359,424,,1656,95562
9375676,1790967335,10232953931,22,12,0,0,12,0,0,12,0,0,4423,6,4424,11999,4446,1,16466,4468,616,,2100,100549
9375677,1790967336,10166294581,10,8,0,0,8,0,0,8,0,0,4411,6,4416,11940,4426,1,16859,4920,424,,1665,95263
9375680,1790967396,9672298228,10,10,0,0,10,0,0,10,0,0,4207,2,4209,11384,4219,1,15169,3786,520,,914,90628
9375683,1790967431,10153724066,15,15,0,0,15,0,0,15,0,0,4412,6,4416,11958,4431,1,16172,4215,760,,955,97706
9375684,1790967488,10609651604,12,12,0,0,12,0,0,12,0,0,4612,6,4617,12490,4629,1,16281,3792,616,,1102,100892
9375685,1790967532,9312679257,13,9,0,0,9,0,0,9,0,0,4013,2,4015,10870,4028,1,17446,6577,472,,2532,90121
9375690,1790967577,9693871201,8,7,0,0,7,0,0,7,0,0,4208,2,4209,11380,4217,1,15841,4462,376,,1470,91517
9375693,1790967616,10138296996,10,10,0,0,10,0,0,10,0,0,4410,10,4416,11945,4426,1,16870,4926,520,,955,96418
9375696,1790967659,0,0,0,0,0,0,0,0,0,0,0,0,6,6,18,6,1,4344,4327,0,,0,0
9375699,1790967696,9772668674,24,12,0,0,12,0,0,12,0,0,4224,6,4220,11455,4244,1,16515,5061,616,,1883,100755
9375702,1790967767,9659868596,6,6,0,0,6,0,0,6,0,0,4206,6,4211,11379,4217,1,15882,4504,328,,889,93026
9375703,1790967827,0,0,0,0,0,0,0,0,0,0,0,0,6,4,12,4,1,6312,6301,0,,0,0
9375705,1790967862,0,0,0,0,0,0,0,0,0,0,0,0,2,1,4,1,1,3901,3898,0,,0,0
9375711,1790967905,10755701642,202,200,0,0,200,0,0,200,0,0,4411,4,4414,12456,4616,1,16356,3901,9640,,4133,191125
9375713,1790967950,9339195985,22,15,0,0,15,0,0,15,0,0,4018,12,4022,10910,4044,1,15697,4788,760,,2890,97522
9375714,1790968006,0,0,0,0,0,0,0,0,0,0,0,0,4,3,10,3,1,5461,5452,0,,0,0
9375718,1790968078,10164359551,11,10,0,0,10,0,0,10,0,0,4410,2,4410,11930,4421,1,18394,6465,520,,1620,97239
9375721,1790968110,9196710520,5,5,0,0,5,0,0,5,0,0,4005,8,4012,10837,4017,1,15477,4641,280,,860,86744
9375722,1790968160,10749174174,11,11,0,0,11,0,0,11,0,0,4515,6,4518,12222,4529,1,17282,5061,568,,1146,104455
9375725,1790968228,10380442126,42,32,0,0,32,0,0,32,0,0,4432,2,4429,12063,4471,1,17942,5880,1576,,3960,108519
9375727,1790968320,0,0,0,0,0,0,0,0,0,0,0,0,6,3,10,3,1,7752,7743,0,,0,0
9375729,1790968370,0,0,0,0,0,0,0,0,0,0,0,0,4,3,10,3,1,5179,5170,0,,0,0
9375734,1790968416,0,0,0,0,0,0,0,0,0,0,0,0,4,2,7,2,1,4471,4465,0,,0,0
9375736,1790968444,0,0,0,0,0,0,0,0,0,0,0,0,10,8,23,8,1,4355,4333,0,,0,0
9375737,1790968505,9797864695,21,18,0,0,18,0,0,18,0,0,4219,4,4220,11447,4241,1,17603,6157,904,,2500,97815
9375743,1790968543,9250020504,10,6,0,0,6,0,0,6,0,0,4011,2,4010,10849,4020,1,14746,3898,328,,1772,89627
9375745,1790968637,10757257631,27,24,0,0,24,0,0,24,0,0,4628,12,4636,12585,4663,1,21150,8566,1192,,2813,107943
9375748,1790968671,9726073350,10,9,0,0,9,0,0,9,0,0,4210,4,4213,11395,4223,1,15324,3930,472,,1731,92616
9375750,1790968743,9717473833,12,10,0,0,10,0,0,10,0,0,4213,6,4216,11412,4228,1,17036,5625,520,,1583,94537
9375751,1790968798,9238433445,8,6,0,0,6,0,0,6,0,0,4009,4,4011,10847,4019,1,16045,5199,328,,1775,90740
9375753,1790968830,9250164516,10,6,0,0,6,0,0,6,0,0,4011,2,4011,10850,4021,1,15170,4321,328,,1781,91479
9375756,1790968884,21493164,7,7,0,0,7,0,0,7,0,0,2,4,3,28,10,1,5056,5029,376,,151,2896
9375757,1790968925,10272103181,16,12,0,0,12,0,0,12,0,0,4419,6,4420,11968,4436,1,17374,5407,616,,3415,104672
9375762,1790968975,0,0,0,0,0,0,0,0,0,0,0,0,2,2,7,2,1,4468,4462,0,,0,0
9375764,1790969026,0,0,0,0,0,0,0,0,0,0,0,0,10,4,12,4,1,5331,5320,0,,0,0
9375767,1790969070,9659112596,6,6,0,0,6,0,0,6,0,0,4206,4,4208,11370,4214,1,16004,4635,328,,841,90525
9375772,1790969129,0,0,0,0,0,0,0,0,0,0,0,0,6,5,15,5,1,4764,4750,0,,0,0
9375777,1790969197,9872591441,37,29,0,0,29,0,0,29,0,0,4226,10,4227,11504,4264,1,16964,5461,1432,,3693,104299
9375781,1790969247,0,0,0,0,0,0,0,0,0,0,0,0,10,5,15,5,1,3924,3910,0,,0,0
9375784,1790969268,9238925459,8,6,0,0,6,0,0,6,0,0,4009,8,4013,10848,4021,1,15065,4218,328,,1623,88259
9375786,1790969345,0,0,0,0,0,0,0,0,0,0,0,0,6,5,15,5,1,6174,6160,0,,0,0
9375788,1790969389,9314614527,12,8,0,0,8,0,0,8,0,0,4013,4,4015,10866,4027,1,15359,4494,424,,2641,91257
9375792,1790969445,0,0,0,0,0,0,0,0,0,0,0,0,4,3,10,3,1,5038,5029,0,,0,0
9375795,1790969490,9409359101,35,25,0,0,25,0,0,25,0,0,4019,8,4021,10949,4056,1,15310,4362,1240,,3617,97098
9375797,1790969535,10611737394,8,8,0,0,8,0,0,8,0,0,4333,6,4337,11725,4345,1,15834,4110,424,,1042,103400
9375798,1790969582,0,0,0,0,0,0,0,0,0,0,0,0,4,3,9,3,1,5037,5029,0,,0,0
9375800,1790969611,10639716271,12,10,0,0,10,0,0,10,0,0,4614,2,4615,12489,4627,1,16415,3927,520,,1799,101315
9375802,1790969674,10978670536,6,6,0,0,6,0,0,6,0,0,4594,4,4596,12414,4602,1,17189,4776,328,,981,105773
9375805,1790969762,0,0,0,0,0,0,0,0,0,0,0,0,4,4,12,4,1,5604,5593,0,,0,0
9375811,1790969787,0,0,0,0,0,0,0,0,0,0,0,0,6,1,4,1,1,4048,4045,0,,0,0
9375814,1790969856,10184295957,179,168,0,0,168,0,0,168,0,0,4230,12,4228,11891,4407,1,17947,6057,8104,,3560,157615
9375818,1790969911,10011826638,7,7,0,0,7,0,0,7,0,0,4275,6,4281,11570,4288,1,17053,5484,376,,980,95479
9375821,1790969969,0,0,0,0,0,0,0,0,0,0,0,0,8,6,18,6,1,4911,4894,0,,0,0
9375823,1790970010,9312373193,23,21,0,0,21,0,0,21,0,0,4022,6,4026,10927,4049,1,15423,4497,1048,,1751,92289
9375828,1790970054,0,0,0,0,0,0,0,0,0,0,0,0,4,3,10,3,1,3910,3901,0,,0,0
9375831,1790970109,40462852,17,17,0,0,17,0,0,17,0,0,3,10,8,69,25,1,5561,5493,856,,166,6543
9375832,1790970147,9853191814,20,9,0,0,9,0,0,9,0,0,4222,6,4220,11440,4240,1,15943,4504,472,,3787,101219
9375836,1790970181,10891819641,9,6,0,0,6,0,0,6,0,0,4346,2,4347,11757,4356,1,15795,4039,328,,2593,110582
9375838,1790970220,0,0,0,0,0,0,0,0,0,0,0,0,8,6,17,6,1,4628,4612,0,,0,0
9375840,1790970252,9303364730,14,11,0,0,11,0,0,11,0,0,4016,4,4018,10880,4032,1,14950,4071,568,,1822,91406
9375843,1790970299,9196566508,5,5,0,0,5,0,0,5,0,0,4005,4,4008,10833,4013,1,15044,4212,280,,842,86481
9375846,1790970342,9333165060,21,8,0,0,8,0,0,8,0,0,4022,6,4023,10918,4044,1,15837,4920,424,,2544,90461
9375849,1790970418,9230569117,7,6,0,0,6,0,0,6,0,0,4007,6,4010,10837,4017,1,16743,5907,328,,1542,88889
9375850,1790970456,0,0,0,0,0,0,0,0,0,0,0,0,6,6,18,6,1,4908,4891,0,,0,0
9375852,1790970538,10673678712,26,25,0,0,25,0,0,25,0,0,4611,2,4611,12512,4637,1,19963,7452,1240,,1856,105890
9375854,1790970586,0,0,0,0,0,0,0,0,0,0,0,0,4,4,12,4,1,4617,4606,0,,0,0
9375856,1790970637,9350529259,26,10,1,2,11,0,0,11,1,0,4025,4,4020,10915,4046,1,15408,4494,568,,2650,94105
9375861,1790970709,0,0,0,0,0,0,0,0,0,0,0,0,4,4,12,4,1,5918,5907,0,,0,0
9375864,1790970745,10794985423,24,14,0,0,14,0,0,14,0,0,4628,10,4633,12566,4657,1,16927,4362,712,,3907,108342
9375866,1790970785,10025221960,37,18,0,0,18,0,0,18,0,0,4057,6,4047,11023,4084,1,15378,4356,904,,2510,106764
9375869,1790970819,9852214420,24,7,0,0,7,0,0,7,0,0,3404,4,2504,6819,2528,1,10889,4071,376,,3542,116799
9375873,1790970860,10819947710,9,5,0,0,5,0,0,5,0,0,4336,6,4341,11740,4350,1,15925,4186,280,,1793,104265
9375877,1790970898,10554018983,71,69,1,3,70,0,0,70,1,0,4438,8,4445,12185,4516,1,16514,4330,3400,,2705,122598
9375878,1790970944,10061764003,216,6,0,0,6,0,0,6,0,0,3617,8,3421,9816,3637,1,13751,3936,328,,38393,154790
9375883,1790971022,6049225195,24,22,0,0,22,0,0,22,0,0,2616,2,2618,7131,2642,1,12749,5619,1096,,1472,66449
9375884,1790971057,9755023951,11,8,0,0,8,0,0,8,0,0,4213,10,4216,11409,4227,1,16052,4644,424,,2500,96829
9375889,1790971094,0,0,0,0,0,0,0,0,0,0,0,0,2,2,7,2,1,4468,4462,0,,0,0
9375890,1790971132,0,0,0,0,0,0,0,0,0,0,0,0,10,5,15,5,1,5475,5461,0,,0,0
9375891,1790971164,10192027438,11,10,0,0,10,0,0,10,0,0,4411,2,4412,11940,4423,1,16712,4773,520,,1893,97356
9375892,1790971211,0,0,0,0,0,0,0,0,0,0,0,0,2,2,7,2,1,4891,4885,0,,0,0
9375896,1790971246,9367137028,36,26,0,0,26,0,0,26,0,0,4024,2,4020,10945,4056,1,15153,4209,1288,,2739,96802
9375900,1790971289,9196566508,5,5,0,0,5,0,0,5,0,0,4005,8,4012,10842,4017,1,15796,4955,280,,795,85409
9375906,1790971335,9781623622,13,10,0,0,10,0,0,10,0,0,4212,8,4219,11419,4232,1,16059,4641,520,,2686,96072
9375908,1790971395,5970085552,11,11,0,0,11,0,0,11,0,0,2606,12,2613,7082,2624,1,12545,5464,568,,592,59877
9375912,1790971430,9660108616,6,6,0,0,6,0,0,6,0,0,4206,4,4208,11372,4214,1,15583,4212,328,,872,91273
9375915,1790971484,9706408954,15,14,0,0,14,0,0,14,0,0,4215,8,4220,11430,4235,1,16493,5064,712,,1089,95636
9375919,1790971575,0,0,0,0,0,0,0,0,0,0,0,0,6,5,15,5,1,6879,6865,0,,0,0
9375921,1790971636,0,0,0,0,0,0,0,0,0,0,0,0,8,7,20,7,1,5900,5881,0,,0,0
9375925,1790971678,9808964533,20,9,0,0,9,0,0,9,0,0,4221,4,4219,11432,4239,1,16066,4635,472,,2731,95940
9375927,1790971731,9200073784,6,6,0,0,6,0,0,6,0,0,4006,8,4009,10832,4015,1,15754,4923,328,,839,86422
9375928,1790971781,9247346920,7,6,0,0,6,0,0,6,0,0,4008,4,4009,10839,4016,1,16037,5199,328,,2029,88919
9375930,1790971886,9784774938,16,11,0,0,11,0,0,11,0,0,4217,2,4218,11425,4234,1,17711,6287,568,,2493,93665
9375933,1790971942,0,0,0,0,0,0,0,0,0,0,0,0,4,4,12,4,1,4335,4324,0,,0,0
9375937,1790971983,0,0,0,0,0,0,0,0,0,0,0,0,6,5,15,5,1,4341,4327,0,,0,0
9375941,1790972063,9860128058,38,31,0,0,31,0,0,31,0,0,4220,8,4220,11492,4258,1,18500,7009,1528,,3255,104083
9375945,1790972135,9286127181,13,7,0,0,7,0,0,7,0,0,4013,8,4017,10875,4030,1,14951,4077,376,,2203,88282
9375947,1790972184,0,0,0,0,0,0,0,0,0,0,0,0,8,7,20,7,1,5336,5317,0,,0,0
9375948,1790972219,10131442272,9,9,0,0,9,0,0,9,0,0,4408,4,4410,11925,4419,1,16700,4776,472,,905,94560
9375951,1790972254,10170409564,16,16,0,0,16,0,0,16,0,0,4416,2,4418,11966,4434,1,15158,3193,808,,1040,97431
9375956,1790972358,9782856494,25,24,0,0,24,0,0,24,0,0,4219,6,4224,11465,4249,1,18922,7458,1192,,1950,97908
9375958,1790972393,9248726912,7,6,0,0,6,0,0,6,0,0,4008,10,4016,10852,4023,1,15636,4785,328,,1788,86383
9375961,1790972429,9196662516,5,5,0,0,5,0,0,5,0,0,4005,4,4009,10836,4014,1,15308,4473,280,,813,84187
9375963,1790972498,9786014352,16,11,0,0,11,0,0,11,0,0,4217,6,4218,11425,4234,1,17363,5939,568,,2628,93962
9375969,1790972538,0,0,0,0,0,0,0,0,0,0,0,0,4,3,9,3,1,4050,4042,0,,0,0
9375973,1790972569,10601249172,11,11,0,0,11,0,0,11,0,0,4611,12,4616,12488,4627,1,16852,4365,568,,937,99676
9375975,1790972608,10165349647,10,8,0,0,8,0,0,8,0,0,4411,8,4413,11939,4423,1,15845,3907,424,,1585,94917
9375976,1790972671,10276322969,14,9,0,0,9,0,0,9,0,0,4416,4,4416,11950,4430,1,15738,3789,472,,3457,99855
9375977,1790972695,9196566508,5,5,0,0,5,0,0,5,0,0,4005,2,4007,10824,4012,1,15032,4209,280,,788,84822
9375982,1790972733,0,0,0,0,0,0,0,0,0,0,0,0,2,2,7,2,1,4186,4180,0,,0,0
9375987,1790972790,9389869244,42,30,0,0,30,0,0,30,0,0,4034,10,4033,10995,4075,1,16455,5461,1480,,2187,99013
9375991,1790972832,9196518504,5,5,0,0,5,0,0,5,0,0,4005,10,4010,10838,4015,1,15763,4926,280,,814,87852
9375993,1790972876,10648255632,14,10,0,0,10,0,0,10,0,0,4616,8,4621,12507,4635,1,17993,5487,520,,1770,230518
9375995,1790972921,10867698220,120,23,0,0,23,0,0,23,0,0,4344,4,4322,11986,4442,1,16591,4606,1144,,18226,242817
9375998,1790972965,0,0,0,0,0,0,0,0,0,0,0,0,4,2,7,2,1,4048,4042,0,,0,0
9376001,1790972996,10655389538,12,11,0,0,11,0,0,11,0,0,4612,6,4615,12487,4627,1,16813,4327,568,,2012,103990
9376002,1790973044,34765420,15,15,0,0,15,0,0,15,0,0,2,6,6,58,21,1,4384,4327,760,,150,5718
9376007,1790973073,0,0,0,0,0,0,0,0,0,0,0,0,2,1,4,1,1,3232,3229,0,,0,0
9376011,1790973120,0,0,0,0,0,0,0,0,0,0,0,0,10,8,23,8,1,4919,4897,0,,0,0
9376014,1790973151,10736624774,46,13,0,0,13,0,0,13,0,0,4528,8,4530,12349,4576,1,16566,4218,664,,6700,110131
9376017,1790973223,9561510566,11,6,0,0,6,0,0,6,0,0,3908,6,3912,10587,3923,1,16775,6189,328,,2539,95161
9376019,1790973268,0,0,0,0,0,0,0,0,0,0,0,0,6,5,15,5,1,4905,4891,0,,0,0
9376023,1790973322,10529841912,49,47,0,0,47,0,0,47,0,0,3716,4,2530,6960,2579,1,10325,3366,2296,,3735,139238
9376027,1790973344,0,0,0,0,0,0,0,0,0,0,0,0,8,5,15,5,1,3921,3907,0,,0,0
9376032,1790973378,10999131402,21,9,0,0,9,0,0,9,0,0,3955,8,2597,7065,2618,1,11141,4077,472,,4088,131980
9376037,1790973420,9778760321,17,12,0,0,12,0,0,12,0,0,4219,10,4223,11446,4240,1,15666,4221,616,,2765,102354
9376043,1790973492,10207731680,15,14,0,0,14,0,0,14,0,0,4416,10,4423,11980,4438,1,17299,5320,712,,2227,107868
9376044,1790973528,0,0,0,0,0,0,0,0,0,0,0,0,12,11,31,11,1,5494,5464,0,,0,0
9376049,1790973562,0,0,0,0,0,0,0,0,0,0,0,0,2,1,4,1,1,3196,3193,0,,0,0
9376052,1790973621,0,0,0,0,0,0,0,0,0,0,0,0,10,8,23,8,1,5765,5743,0,,0,0
9376055,1790973652,10326932727,35,26,0,0,26,0,0,26,0,0,4424,6,4422,12027,4457,1,16382,4356,1288,,3633,115580
9376059,1790973704,9196470500,5,5,0,0,5,0,0,5,0,0,4005,6,4008,10830,4013,1,14798,3969,280,,908,99558
9376062,1790973763,10367504077,28,10,0,0,10,0,0,10,0,0,4422,8,4428,12028,4456,1,16950,4923,520,,5289,122830
9376063,1790973810,10586664788,8,8,0,0,8,0,0,8,0,0,4608,6,4611,12462,4619,1,17522,5061,424,,1065,120744
9376065,1790973851,9246224238,9,6,0,0,6,0,0,6,0,0,4011,2,4013,10852,4022,1,15624,4773,328,,1740,157490
9376066,1790973895,9211284788,8,8,0,0,8,0,0,8,0,0,4008,4,4011,10845,4019,1,15479,4635,424,,1652,169766
9376068,1790973942,0,0,0,0,0,0,0,0,0,0,0,0,2,2,7,2,1,5032,5026,0,,0,0
9376071,1790974000,9260887565,12,6,0,0,6,0,0,6,0,0,4013,4,4012,10858,4024,1,16338,5481,328,,3159,171743
9376072,1790974040,9196470500,5,5,0,0,5,0,0,5,0,0,4005,6,4011,10834,4016,1,15189,4356,280,,1541,166973
9376075,1790974096,10869037504,108,108,0,0,108,0,0,108,0,0,4609,2,4611,12733,4719,1,17335,4603,5224,,4672,270743
9376080,1790974133,0,0,0,0,0,0,0,0,0,0,0,0,6,4,12,4,1,3774,3763,0,,0,0
9376087,1790974188,10248782599,39,37,0,0,37,0,0,37,0,0,4421,10,4421,12030,4460,1,16785,4756,1816,,3490,209826
9376089,1790974253,9394411618,21,7,0,0,7,0,0,7,0,0,4023,14,4024,10916,4045,1,16834,5919,376,,6937,113613
9376091,1790974314,9666076332,49,13,0,0,13,0,0,13,0,0,3867,4,3870,10576,3919,1,15076,4501,664,,20471,250885
9376092,1790974385,0,0,0,0,0,0,0,0,0,0,0,0,4,3,9,3,1,6729,6721,0,,0,0
9376095,1790974422,10262407314,23,21,0,0,21,0,0,21,0,0,4425,2,4426,12008,4449,1,15764,3757,1048,,2282,111592
9376098,1790974468,10954373964,174,134,0,0,134,0,0,134,0,0,4220,6,4225,11868,4399,1,16505,4638,6472,,18773,202777
9376100,1790974538,38107484,17,17,0,0,17,0,0,17,0,0,2,6,6,64,23,1,5095,5032,856,,186,6977
9376102,1790974576,0,0,0,0,0,0,0,0,0,0,0,0,4,3,10,3,1,4756,4747,0,,0,0
9376104,1790974621,9659868596,6,6,0,0,6,0,0,6,0,0,4206,4,4207,11368,4213,1,15720,4353,328,,967,92998
9376107,1790974703,0,0,0,0,0,0,0,0,0,0,0,0,4,3,10,3,1,6730,6721,0,,0,0
9376110,1790974744,10297268367,65,35,0,0,35,0,0,35,0,0,4260,6,4261,11671,4326,1,15744,4074,1720,,7524,140105
9376114,1790974828,9856746183,38,25,0,0,25,0,0,25,0,0,4228,6,4225,11507,4263,1,17413,5907,1240,,3088,106628
9376116,1790974876,10640989956,29,29,1,21,30,0,0,30,1,0,4609,8,4613,12527,4642,1,15724,3198,1480,,1034,109672
9376120,1790974917,10211901555,40,38,1,31,39,0,0,39,1,0,4290,4,4292,11692,4332,1,15621,3930,1912,,2630,111387
9376122,1790974988,9719696730,12,10,0,0,10,0,0,10,0,0,4212,8,4220,11422,4232,1,16033,4612,520,,1719,93914
9376125,1790975024,10378243810,9,7,0,0,7,0,0,7,0,0,4377,4,4379,11839,4388,1,16614,4776,376,,1943,101395
9376128,1790975111,0,0,0,0,0,0,0,0,0,0,0,0,6,5,15,5,1,5751,5737,0,,0,0
9376131,1790975144,0,0,0,0,0,0,0,0,0,0,0,0,6,3,9,3,1,4194,4186,0,,0,0
9376136,1790975203,10938350266,27,25,1,3,26,0,0,26,1,0,4711,6,4656,12630,4683,1,17126,4497,1288,,2974,111788
9376137,1790975244,9237395333,8,6,0,0,6,0,0,6,0,0,4008,10,4013,10850,4021,1,16762,5913,328,,1578,87009
9376139,1790975350,10685032288,25,19,0,0,19,0,0,19,0,0,4621,2,4615,12523,4640,1,19833,7311,952,,1827,105668
9376143,1790975390,0,0,0,0,0,0,0,0,0,0,0,0,4,3,10,3,1,4051,4042,0,,0,0
9376146,1790975435,9759319572,15,8,0,0,8,0,0,8,0,0,4217,8,4220,11426,4235,1,16066,4641,424,,2255,92798
9376152,1790975466,10123506712,7,7,0,0,7,0,0,7,0,0,4407,6,4410,11918,4417,1,14950,3033,376,,944,97696
9376153,1790975510,10751099458,254,228,0,0,228,0,0,228,0,0,4071,12,4068,11664,4322,1,16986,5323,10984,,5982,192661
9376155,1790975544,10123359960,18,12,0,0,12,0,0,12,0,0,4090,2,4089,11085,4107,1,15293,4209,616,,2572,103479
9376159,1790975602,9211284788,8,8,0,0,8,0,0,8,0,0,4008,4,4012,10847,4020,1,14635,3789,424,,851,86883
9376162,1790975637,9282127627,8,6,0,0,6,0,0,6,0,0,4008,8,4013,10851,4021,1,15773,4923,328,,2445,88340
9376164,1790975680,0,0,0,0,0,0,0,0,0,0,0,0,6,6,17,6,1,4766,4750,0,,0,0
9376166,1790975751,28129292,11,11,0,0,11,0,0,11,0,0,2,4,2,36,13,1,6192,6157,568,,137,4118
9376170,1790975795,9843875011,27,20,0,0,20,0,0,20,0,0,4228,4,4226,11480,4253,1,15550,4071,1000,,2781,101474
9376173,1790975865,9298058229,12,9,0,0,9,0,0,9,0,0,4010,8,4012,10856,4024,1,16342,5487,472,,2506,90605
9376175,1790975912,0,0,0,0,0,0,0,0,0,0,0,0,6,5,15,5,1,4341,4327,0,,0,0
9376176,1790975941,9702911539,9,7,0,0,7,0,0,7,0,0,4210,4,4212,11393,4221,1,16027,4635,376,,1687,93780
9376177,1790975985,9659868596,6,6,0,0,6,0,0,6,0,0,4206,2,4208,11370,4214,1,15437,4068,328,,839,89237
9376179,1790976039,9723294570,13,9,0,0,9,0,0,9,0,0,4213,2,4214,11406,4227,1,15332,3927,472,,1657,143269
9376181,1790976108,9231307900,20,20,0,0,20,0,0,20,0,0,4007,4,4009,10872,4029,1,16529,5658,1000,,2837,233640
9376185,1790976144,10174815108,9,8,0,0,8,0,0,8,0,0,4410,4,4412,11934,4421,1,16294,4361,424,,1860,96588
9376186,1790976202,0,0,0,0,0,0,0,0,0,0,0,0,8,7,20,7,1,5759,5740,0,,0,0
9376188,1790976243,10192027438,11,10,0,0,10,0,0,10,0,0,4411,2,4412,11933,4423,1,16564,4632,520,,1873,96369
9376192,1790976287,0,0,0,0,0,0,0,0,0,0,0,0,4,4,12,4,1,4194,4183,0,,0,0
9376195,1790976320,10188594684,15,11,0,0,11,0,0,11,0,0,4415,8,4417,11964,4432,1,16998,5035,568,,1685,96317
9376199,1790976365,9258259436,7,5,0,0,5,0,0,5,0,0,4007,6,4011,10843,4018,1,15057,4215,280,,1723,88478
9376202,1790976426,9252581620,21,21,0,0,21,0,0,21,0,0,4013,8,4016,10891,4037,1,15954,5064,1048,,1071,91052
9376204,1790976485,10726664889,22,19,0,0,19,0,0,19,0,0,4623,6,4625,12536,4647,1,19288,6753,952,,2772,105203
9376205,1790976532,9238079202,9,5,0,0,5,0,0,5,0,0,4009,4,4011,10848,4020,1,14748,3901,280,,1540,94073
9376208,1790976610,9291020320,25,24,0,0,24,0,0,24,0,0,4009,2,4010,10890,4035,1,16649,5760,1192,,1970,106229
9376211,1790976655,9196566508,5,5,0,0,5,0,0,5,0,0,4005,6,4010,10832,4015,1,14377,3546,280,,862,89666
9376212,1790976694,9196518504,5,5,0,0,5,0,0,5,0,0,4005,6,4011,10837,4016,1,15792,4956,280,,815,86918
9376216,1790976741,9211284788,8,8,0,0,8,0,0,8,0,0,4008,2,4010,10846,4018,1,14631,3786,424,,843,87531
9376220,1790976773,9196518504,5,5,0,0,5,0,0,5,0,0,4005,8,4012,10838,4017,1,15590,4753,280,,917,89119
9376223,1790976815,9196566508,5,5,0,0,5,0,0,5,0,0,4005,8,4011,10839,4016,1,15317,4479,280,,846,86696
9376227,1790976902,10803658792,53,42,0,0,42,0,0,42,0,0,4483,6,4488,12252,4541,1,18440,6189,2056,,3301,120918
9376229,1790976974,10174621158,8,7,0,0,7,0,0,7,0,0,4408,8,4414,11934,4422,1,18548,6615,376,,1719,97067
9376231,1790977002,10002968817,14,13,0,0,13,0,0,13,0,0,3743,4,2975,8067,2989,1,12419,4353,664,,2812,115567
9376233,1790977033,10901820691,44,38,1,5,39,0,0,39,1,0,4508,4,4510,12287,4554,1,16498,4212,1912,,3495,119043
9376235,1790977069,10494120845,94,92,0,0,92,0,0,92,0,0,3811,4,3179,8835,3273,1,13046,4212,4456,,3442,149744
9376237,1790977107,10994432133,11,5,0,0,5,0,0,5,0,0,4047,4,3570,9664,3581,1,14692,5029,280,,2634,122182
9376238,1790977154,0,0,0,0,0,0,0,0,0,0,0,0,4,3,9,3,1,4473,4465,0,,0,0
9376242,1790977188,9763575790,21,20,0,0,20,0,0,20,0,0,4215,2,4215,11428,4236,1,15748,4321,1000,,1959,101121
9376245,1790977231,10322417645,37,15,0,0,15,0,0,15,0,0,4439,8,4435,12070,4472,1,16399,4330,760,,2741,104873
9376249,1790977303,9720221827,12,10,0,0,10,0,0,10,0,0,4213,6,4217,11414,4229,1,16340,4927,520,,1875,96479
9376254,1790977352,10175715120,9,8,0,0,8,0,0,8,0,0,4410,8,4412,11927,4421,1,16708,4782,424,,2045,100315
9376256,1790977396,0,0,0,0,0,0,0,0,0,0,0,0,10,7,20,7,1,4916,4897,0,,0,0
9376260,1790977485,31459358,13,13,0,0,13,0,0,13,0,0,2,4,2,42,15,1,6762,6721,664,,145,4914
9376265,1790977530,10278629947,25,12,0,0,12,0,0,12,0,0,4429,8,4427,12010,4452,1,15945,3936,616,,2590,103092
9376268,1790977561,9196662520,5,5,0,0,5,0,0,5,0,0,4005,10,4014,10847,4019,1,15208,4362,280,,906,91484
9376271,1790977603,9721536756,10,9,0,0,9,0,0,9,0,0,4208,6,4214,11395,4224,1,16314,4920,472,,1771,95244
9376274,1790977640,10309536613,38,30,0,0,30,0,0,30,0,0,4430,6,4431,12060,4469,1,16274,4215,1480,,2845,111408
9376275,1790977698,0,0,0,0,0,0,0,0,0,0,0,0,6,3,10,3,1,5887,5878,0,,0,0
9376277,1790977742,9785849110,16,11,0,0,11,0,0,11,0,0,4217,2,4217,11419,4233,1,16473,5055,568,,2659,95047
9376279,1790977794,0,0,0,0,0,0,0,0,0,0,0,0,4,4,12,4,1,4476,4465,0,,0,0
9376281,1790977818,9743383630,13,12,0,0,12,0,0,12,0,0,4213,4,4216,11410,4229,1,15762,4353,616,,1894,94885
9376285,1790977934,9402540980,35,30,0,0,30,0,0,30,0,0,4030,4,4030,10971,4065,1,19025,8055,1480,,2780,100117
9376289,1790977977,0,0,0,0,0,0,0,0,0,0,0,0,8,8,23,8,1,4211,4189,0,,0,0
9376293,1790978016,9729471296,11,10,0,0,10,0,0,10,0,0,4212,8,4218,11411,4229,1,15769,4359,520,,1944,96046
9376294,1790978066,0,0,0,0,0,0,0,0,0,0,0,0,8,8,23,8,1,4916,4894,0,,0,0
9376297,1790978086,10622968420,14,14,0,0,14,0,0,14,0,0,4611,2,4612,12481,4626,1,16689,4209,712,,1416,102197
9376299,1790978149,0,0,0,0,0,0,0,0,0,0,0,0,6,5,15,5,1,4764,4750,0,,0,0
9376302,1790978175,10286001268,25,19,0,0,19,0,0,19,0,0,4423,4,4423,12003,4448,1,15932,3930,952,,2893,104729
9376306,1790978223,10679626825,11,9,0,0,9,0,0,9,0,0,4612,6,4617,12488,4628,1,17266,4779,472,,2182,104898
9376308,1790978272,9196566508,5,5,0,0,5,0,0,5,0,0,4005,8,4012,10843,4017,1,15483,4641,280,,834,85751
9376311,1790978345,10697819014,15,10,0,0,10,0,0,10,0,0,4616,4,4618,12503,4633,1,18124,5622,520,,2801,104835
9376315,1790978377,9333313376,14,8,1,2,9,0,0,9,1,0,4015,6,4020,10887,4034,1,14960,4074,472,,2623,96569
9376316,1790978416,0,0,0,0,0,0,0,0,0,0,0,0,8,7,20,7,1,5336,5317,0,,0,0
9376319,1790978456,9301249718,24,16,0,0,16,0,0,16,0,0,4019,2,4014,10898,4038,1,13240,2343,808,,1861,92772
9376320,1790978521,9371752420,14,7,0,0,7,0,0,7,0,0,4015,6,4019,10880,4033,1,17632,6753,376,,3770,93945
9376321,1790978568,9195714500,5,5,0,0,5,0,0,5,0,0,4005,2,4006,10828,4011,1,16276,5449,280,,873,89754
9376323,1790978608,0,0,0,0,0,0,0,0,0,0,0,0,2,1,4,1,1,4606,4603,0,,0,0
9376328,1790978647,9196518504,5,5,0,0,5,0,0,5,0,0,4005,4,4007,10822,4012,1,14751,3930,280,,812,87569
9376331,1790978715,9276792770,23,17,0,0,17,0,0,17,0,0,4013,10,4020,10910,4043,1,16963,6054,856,,1576,91674
9376336,1790978793,9367038675,24,13,0,0,13,0,0,13,0,0,4026,6,4026,10926,4050,1,16944,6019,664,,2997,118173
9376340,1790978845,0,0,0,0,0,0,0,0,0,0,0,0,10,8,23,8,1,4214,4192,0,,0,0
9376343,1790978876,0,0,0,0,0,0,0,0,0,0,0,0,8,7,20,7,1,4490,4471,0,,0,0
9376345,1790978916,9342409118,13,7,0,0,7,0,0,7,0,0,4015,6,4015,10869,4028,1,15788,4920,376,,4792,206063
9376347,1790978967,0,0,0,0,0,0,0,0,0,0,0,0,4,3,10,3,1,5038,5029,0,,0,0
9376349,1790978988,10192171450,11,10,0,0,10,0,0,10,0,0,4411,4,4414,11944,4425,1,16014,4071,520,,1995,99307
9376352,1790979051,0,0,0,0,0,0,0,0,0,0,0,0,4,4,12,4,1,3456,3445,0,,0,0
9376355,1790979089,0,0,0,0,0,0,0,0,0,0,0,0,6,5,15,5,1,4482,4468,0,,0,0
9376358,1790979122,9428587662,48,39,0,0,39,0,0,39,0,0,4037,6,4036,11019,4084,1,14951,3933,1912,,2907,105371
9376360,1790979161,9306305706,12,8,0,0,8,0,0,8,0,0,4014,6,4018,10876,4030,1,15654,4779,424,,2630,90402
9376363,1790979238,10983537098,26,25,0,0,25,0,0,25,0,0,4566,4,4569,12398,4595,1,18442,6045,1240,,1919,114759
9376367,1790979287,0,0,0,0,0,0,0,0,0,0,0,0,6,6,17,6,1,4061,4045,0,,0,0
9376370,1790979323,9297447975,19,9,0,0,9,0,0,9,0,0,4020,8,4017,10889,4036,1,15529,4641,472,,1920,94004
9376371,1790979395,0,0,0,0,0,0,0,0,0,0,0,0,6,3,10,3,1,6028,6019,0,,0,0
9376374,1790979411,9700196183,9,7,0,0,7,0,0,7,0,0,4209,2,4209,11381,4218,1,14461,3081,376,,1802,98366
9376377,1790979458,41437550,19,19,0,0,19,0,0,19,0,0,2,6,4,63,23,1,4530,4468,952,,196,7844
9376380,1790979508,0,0,0,0,0,0,0,0,0,0,0,0,6,5,15,5,1,4482,4468,0,,0,0
9376381,1790979533,9294907822,15,14,0,0,14,0,0,14,0,0,4015,6,4017,10883,4032,1,15238,4356,712,,2103,97128
9376382,1790979582,0,0,0,0,0,0,0,0,0,0,0,0,2,2,7,2,1,4891,4885,0,,0,0
9376385,1790979612,9269030338,9,7,0,0,7,0,0,7,0,0,4009,2,4010,10843,4019,1,14801,3959,376,,1978,95945
9376387,1790979649,9323303038,16,7,0,0,7,0,0,7,0,0,4018,6,4018,10886,4034,1,14959,4074,376,,2768,94339
9376389,1790979694,0,0,0,0,0,0,0,0,0,0,0,0,4,3,9,3,1,4191,4183,0,,0,0
9376390,1790979770,9245090860,21,21,0,0,21,0,0,21,0,0,4012,4,4013,10884,4034,1,15236,4353,1048,,1197,96225
9376391,1790979849,0,0,0,0,0,0,0,0,0,0,0,0,2,2,7,2,1,8275,8269,0,,0,0
9376394,1790979904,9294907822,15,14,0,0,14,0,0,14,0,0,4015,2,4016,10878,4031,1,15509,4632,712,,2124,94986
9376396,1790979948,9250068508,10,6,0,0,6,0,0,6,0,0,4011,6,4014,10856,4024,1,14365,3510,328,,1845,90849
9376398,1790980021,9211284788,8,8,0,0,8,0,0,8,0,0,4008,4,4011,10845,4019,1,16607,5763,424,,951,90126
9376400,1790980072,9201382086,6,6,0,0,6,0,0,6,0,0,4006,4,4008,10832,4014,1,15748,4917,328,,948,91533
9376403,1790980142,9312696908,23,22,0,0,22,0,0,22,0,0,4017,4,4021,10913,4044,1,15265,4353,1096,,1987,98430
9376404,1790980222,10685054110,18,17,0,0,17,0,0,17,0,0,4618,6,4623,12524,4641,1,20830,8307,856,,1972,103714
9376405,1790980271,9804338421,12,8,0,0,8,0,0,8,0,0,4214,2,4214,11402,4226,1,16040,4639,424,,3366,95858
9376410,1790980318,0,0,0,0,0,0,0,0,0,0,0,0,2,1,4,1,1,4324,4321,0,,0,0
9376414,1790980382,9228248538,11,11,0,0,11,0,0,11,0,0,4012,10,4016,10868,4027,1,16216,5349,568,,921,89558
9376415,1790980435,9195810508,5,5,0,0,5,0,0,5,0,0,4005,8,4009,10831,4014,1,16570,5740,280,,841,90614
9376416,1790980476,9743431634,13,12,0,0,12,0,0,12,0,0,4213,2,4214,11406,4227,1,16742,5337,616,,1932,97451
9376419,1790980523,10456628641,66,5,0,0,5,0,0,5,0,0,4558,2,4331,11863,4397,1,15366,3504,280,,3591,90033
9376420,1790980563,9769683339,17,8,0,0,8,0,0,8,0,0,4218,6,4219,11432,4236,1,17056,5625,424,,2521,98056
9376423,1790980616,10140612980,10,10,0,0,10,0,0,10,0,0,4410,2,4412,11933,4422,1,16817,4885,520,,1333,100867
9376425,1790980649,9712221016,8,7,0,0,7,0,0,7,0,0,4209,6,4213,11391,4221,1,16028,4638,376,,1970,93181
9376428,1790980691,9716642423,17,16,0,0,16,0,0,16,0,0,4210,4,4212,11411,4229,1,14635,3225,808,,4422,285095
9376430,1790980733,9660072616,6,6,0,0,6,0,0,6,0,0,4206,6,4211,11379,4217,1,15875,4497,328,,2060,97475
9376432,1790980801,10969964397,258,9,0,0,9,0,0,9,0,0,3540,4,3166,9242,3424,1,14834,5593,472,,39914,178670
9376437,1790980850,9315241250,14,9,0,0,9,0,0,9,0,0,4015,4,4013,10866,4027,1,14661,3796,472,,2581,92916
9376441,1790980892,0,0,0,0,0,0,0,0,0,0,0,0,10,8,23,8,1,4496,4474,0,,0,0
9376444,1790980926,10696245276,20,19,0,0,19,0,0,19,0,0,4620,8,4623,12530,4643,1,17029,4500,952,,1973,108664
9376447,1790980969,9247752958,6,5,0,0,5,0,0,5,0,0,4006,6,4011,10840,4017,1,15195,4356,280,,1702,87908
9376448,1790981039,10679630025,13,10,0,0,10,0,0,10,0,0,4614,6,4616,12493,4629,1,19104,6612,520,,2682,103466
9376449,1790981094,9196470500,5,5,0,0,5,0,0,5,0,0,4005,2,4007,10828,4012,1,16728,5901,280,,808,86245
9376450,1790981136,9264894800,13,9,0,0,9,0,0,9,0,0,4014,2,4014,10869,4027,1,16035,5167,472,,1708,92785
9376452,1790981172,10637239246,9,8,0,0,8,0,0,8,0,0,4609,2,4609,12459,4618,1,16824,4366,424,,2058,105903
9376455,1790981214,9211284788,8,8,0,0,8,0,0,8,0,0,4008,4,4011,10847,4019,1,15058,4212,424,,972,90713
9376457,1790981265,9667792480,7,7,0,0,7,0,0,7,0,0,4208,6,4213,11389,4220,1,16026,4638,376,,935,92476
9376458,1790981294,9664732178,7,7,0,0,7,0,0,7,0,0,4207,4,4210,11380,4217,1,16296,4917,376,,842,92016
9376462,1790981295,10586664788,8,8,0,0,8,0,0,8,0,0,4608,2,4610,12460,4618,1,16386,3927,424,,925,102935
9376464,1790981411,10123266692,7,7,0,0,7,0,0,7,0,0,4407,8,4414,11931,4421,1,18295,6365,376,,920,96134
9376467,1790981490,9660012608,6,6,0,0,6,0,0,6,0,0,4206,4,4209,11374,4215,1,15444,4071,328,,878,91406
9376469,1790981498,9202318102,6,6,0,0,6,0,0,6,0,0,4006,6,4012,10844,4018,1,15058,4215,328,,899,87432
9376474,1790981538,9716360460,35,35,0,0,35,0,0,35,0,0,4208,4,4210,11455,4245,1,15807,4353,1720,,1046,102327
9376475,1790981582,9901979089,37,10,0,0,10,0,0,10,0,0,4215,10,4223,11497,4260,1,17127,5631,520,,4337,110475
9376479,1790981635,10155463268,13,13,0,0,13,0,0,13,0,0,4413,2,4415,11948,4428,1,16015,4068,664,,1117,98912
9376483,1790981690,9753221997,10,7,0,0,7,0,0,7,0,0,4211,8,4215,11399,4225,1,16462,5064,376,,2455,94677
9376485,1790981751,10607237298,15,15,0,0,15,0,0,15,0,0,4611,8,4615,12496,4630,1,16995,4500,760,,1014,104571
9376489,1790981793,0,0,0,0,0,0,0,0,0,0,0,0,4,4,12,4,1,4335,4324,0,,0,0
9376490,1790981830,0,0,0,0,0,0,0,0,0,0,0,0,8,2,7,2,1,5323,5317,0,,0,0
9376493,1790981904,9305106191,12,9,0,0,9,0,0,9,0,0,4013,2,4013,10863,4025,1,16199,5337,472,,2414,88898
9376496,1790981953,9248774916,7,6,0,0,6,0,0,6,0,0,4008,6,4013,10846,4020,1,15624,4779,328,,1901,88151
9376498,1790981990,0,0,0,0,0,0,0,0,0,0,0,0,6,4,12,4,1,5075,5064,0,,0,0
9376503,1790982025,9224443772,16,16,0,0,16,0,0,16,0,0,4007,4,4008,10860,4024,1,14543,3684,808,,912,91364
9376507,1790982070,9196470500,5,5,0,0,5,0,0,5,0,0,4005,10,4013,10844,4018,1,15346,4503,280,,805,85586
9376509,1790982125,0,0,0,0,0,0,0,0,0,0,0,0,8,5,15,5,1,5331,5317,0,,0,0
9376516,1790982188,9309957644,13,13,0,0,13,0,0,13,0,0,4045,4,4043,10947,4056,1,15863,4917,664,,853,90112
9376517,1790982278,9307803832,9,6,0,0,6,0,0,6,0,0,4010,14,4022,10880,4031,1,19618,8739,328,,2727,90634
9376519,1790982327,9481956167,39,9,0,0,9,0,0,9,0,0,4040,2,4027,10971,4066,1,15150,4180,472,,6321,129792
9376520,1790982351,9196662516,5,5,0,0,5,0,0,5,0,0,4005,4,4007,10824,4012,1,15740,4917,280,,828,85720
9376523,1790982412,0,0,0,0,0,0,0,0,0,0,0,0,2,2,7,2,1,4750,4744,0,,0,0
9376527,1790982439,9247752958,6,5,0,0,5,0,0,5,0,0,4006,6,4011,10839,4017,1,15306,4468,280,,1648,87490
9376528,1790982491,0,0,0,0,0,0,0,0,0,0,0,0,8,6,17,6,1,5897,5881,0,,0,0
9376531,1790982538,0,0,0,0,0,0,0,0,0,0,0,0,2,1,4,1,1,4042,4039,0,,0,0
9376535,1790982569,9457674504,19,11,0,0,11,0,0,11,0,0,4019,6,4018,10895,4037,1,14545,3651,568,,4797,103448
9376537,1790982624,10227442162,29,21,0,0,21,0,0,21,0,0,4419,8,4423,12016,4452,1,16551,4536,1048,,1905,104679
9376539,1790982679,9761859480,9,7,0,0,7,0,0,7,0,0,4210,4,4213,11394,4222,1,16986,5593,376,,2770,94299
9376543,1790982735,0,0,0,0,0,0,0,0,0,0,0,0,4,3,9,3,1,3909,3901,0,,0,0
9376548,1790982782,10719375707,19,17,0,0,17,0,0,17,0,0,4614,8,4616,12507,4635,1,17429,4923,856,,3149,107002
9376552,1790982869,0,0,0,0,0,0,0,0,0,0,0,0,10,5,15,5,1,6603,6589,0,,0,0
9376554,1790982921,0,0,0,0,0,0,0,0,0,0,0,0,8,3,10,3,1,5608,5599,0,,0,0
9376557,1790982982,9322034770,14,8,0,0,8,0,0,8,0,0,4015,4,4015,10871,4029,1,15364,4494,424,,2511,90846
9376560,1790983066,9330586772,23,21,0,0,21,0,0,21,0,0,4011,6,4015,10897,4038,1,14800,3904,1048,,2770,95784
9376563,1790983137,9196470500,5,5,0,0,5,0,0,5,0,0,4005,6,4009,10834,4014,1,16881,6048,280,,872,88341
9376567,1790983172,9196710520,5,5,0,0,5,0,0,5,0,0,4005,6,4010,10830,4015,1,14198,3369,280,,1092,242694
9376568,1790983241,9774029138,22,10,0,0,10,0,0,10,0,0,4223,8,4224,11460,4246,1,18359,6900,520,,6142,164690
9376570,1790983291,0,0,0,0,0,0,0,0,0,0,0,0,2,1,4,1,1,4747,4744,0,,0,0
9376573,1790983369,0,0,0,0,0,0,0,0,0,0,0,0,4,2,7,2,1,6163,6157,0,,0,0
9376578,1790983426,10736657741,24,21,0,0,21,0,0,21,0,0,4623,6,4626,12545,4650,1,17717,5173,1048,,2789,109536
9376580,1790983461,9248822920,7,6,0,0,6,0,0,6,0,0,4008,10,4015,10854,4022,1,15920,5067,328,,1807,89784
9376584,1790983507,9196470500,5,5,0,0,5,0,0,5,0,0,4005,4,4009,10832,4014,1,14620,3789,280,,890,86021
9376587,1790983556,9195714500,5,5,0,0,5,0,0,5,0,0,4005,8,4012,10842,4017,1,16046,5205,280,,795,84866
9376592,1790983604,0,0,0,0,0,0,0,0,0,0,0,0,6,6,18,6,1,4203,4186,0,,0,0
9376593,1790983650,0,0,0,0,0,0,0,0,0,0,0,0,10,6,17,6,1,5759,5743,0,,0,0
9376596,1790983678,0,0,0,0,0,0,0,0,0,0,0,0,2,1,4,1,1,3760,3757,0,,0,0
9376598,1790983761,0,0,0,0,0,0,0,0,0,0,0,0,6,3,9,3,1,7155,7147,0,,0,0
9376601,1790983800,10760639817,20,16,0,0,16,0,0,16,0,0,4621,4,4622,12526,4642,1,16068,3543,808,,3753,106204
9376605,1790983865,9752293175,10,7,0,0,7,0,0,7,0,0,4210,6,4213,11393,4223,1,16424,5032,376,,2402,91757
9376608,1790983894,9302987390,17,16,0,0,16,0,0,16,0,0,4016,8,4022,10898,4039,1,15115,4218,808,,1811,91340
9376612,1790983956,9261121980,20,20,0,0,20,0,0,20,0,0,4020,6,4019,10899,4039,1,15930,5032,1000,,893,90279
9376615,1790984000,0,0,0,0,0,0,0,0,0,0,0,0,8,5,15,5,1,4626,4612,0,,0,0
9376619,1790984061,10249272671,17,14,0,0,14,0,0,14,0,0,4418,6,4422,11981,4439,1,16730,4750,712,,2548,98588
9376621,1790984100,10681120794,31,30,0,0,30,0,0,30,0,0,4613,8,4616,12540,4647,1,17321,4782,1480,,1982,109361
9376624,1790984166,9195714500,5,5,0,0,5,0,0,5,0,0,4005,4,4007,10828,4012,1,16872,6045,280,,824,87411
9376627,1790984232,9255270423,12,10,0,0,10,0,0,10,0,0,4011,6,4013,10863,4025,1,16205,5343,520,,1688,87519
9376630,1790984327,9659916600,6,6,0,0,6,0,0,6,0,0,4206,6,4210,11382,4216,1,15455,4074,328,,847,89402
9376635,1790984353,0,0,0,0,0,0,0,0,0,0,0,0,6,6,18,6,1,5472,5455,0,,0,0
9376641,1790984409,0,0,0,0,0,0,0,0,0,0,0,0,10,6,18,6,1,3471,3454,0,,0,0
9376643,1790984438,10687562192,26,25,0,0,25,0,0,25,0,0,4617,12,4625,12550,4651,1,17337,4788,1240,,2077,107412
9376644,1790984490,9290733147,9,6,0,0,6,0,0,6,0,0,4010,4,4012,10851,4021,1,16331,5481,328,,2371,87784
9376646,1790984560,0,0,0,0,0,0,0,0,0,0,0,0,2,2,7,2,1,4891,4885,0,,0,0
9376649,1790984619,0,0,0,0,0,0,0,0,0,0,0,0,4,2,7,2,1,5458,5452,0,,0,0
9376651,1790984649,10710170856,22,20,0,0,20,0,0,20,0,0,4622,6,4626,12543,4648,1,16616,4074,1000,,2148,109195
9376654,1790984701,9310703485,14,11,0,0,11,0,0,11,0,0,4014,4,4014,10869,4028,1,15503,4635,568,,2926,100265
9376657,1790984755,9650489500,44,8,0,0,8,0,0,8,0,0,4045,6,4033,10999,4077,1,14790,3792,424,,8708,108675
9376662,1790984795,9713785636,13,12,0,0,12,0,0,12,0,0,4213,6,4213,11403,4226,1,16152,4750,616,,1514,94749
9376664,1790984831,9263685537,9,7,0,0,7,0,0,7,0,0,4010,10,4014,10853,4023,1,16201,5349,376,,1929,88888
9376665,1790984875,0,0,0,0,0,0,0,0,0,0,0,0,4,4,12,4,1,4758,4747,0,,0,0
9376668,1790984912,10678278610,38,38,0,0,38,0,0,38,0,0,4620,2,4620,12573,4658,1,16188,3616,1864,,1195,111810
9376671,1790984957,0,0,0,0,0,0,0,0,0,0,0,0,6,5,15,5,1,4764,4750,0,,0,0
9376676,1790984992,9230845109,7,6,0,0,6,0,0,6,0,0,4007,6,4012,10846,4019,1,14532,3687,328,,1495,88729
9376680,1790985030,10661264924,17,9,0,0,9,0,0,9,0,0,4618,10,4621,12513,4638,1,17015,4503,472,,1911,106071
9376684,1790985075,9244262156,16,16,0,0,16,0,0,16,0,0,4013,8,4018,10886,4034,1,15103,4218,808,,1109,92577
9376688,1790985111,9196674520,5,5,0,0,5,0,0,5,0,0,4005,8,4010,10836,4015,1,15476,4641,280,,867,88894
9376691,1790985160,10220858061,12,9,0,0,9,0,0,9,0,0,4414,8,4419,11959,4431,1,16711,4753,472,,3238,99758
9376696,1790985219,10171094350,18,18,0,0,18,0,0,18,0,0,4415,6,4417,11969,4435,1,16324,4356,904,,1108,100177
9376701,1790985253,0,0,0,0,0,0,0,0,0,0,0,0,10,8,23,8,1,4355,4333,0,,0,0
9376702,1790985303,9774565028,14,9,0,0,9,0,0,9,0,0,4214,10,4218,11415,4232,1,17609,6195,472,,2644,99239
9376704,1790985360,9196566508,5,5,0,0,5,0,0,5,0,0,4005,2,4007,10827,4012,1,15570,4744,280,,834,87506
9376707,1790985423,9785983859,16,13,0,0,13,0,0,13,0,0,4217,4,4218,11429,4234,1,16627,5199,664,,2720,96254
9376710,1790985466,0,0,0,0,0,0,0,0,0,0,0,0,6,5,15,5,1,4905,4891,0,,0,0
9376712,1790985563,9743307382,9,7,0,0,7,0,0,7,0,0,4209,6,4212,11388,4221,1,18877,7490,376,,2268,94900
9376718,1790985602,9196518504,5,5,0,0,5,0,0,5,0,0,4005,4,4009,10833,4014,1,14874,4042,280,,939,85444
9376720,1790985639,9444994201,30,16,0,0,16,0,0,16,0,0,4032,12,4034,10965,4064,1,15047,4083,808,,4073,99963
9376723,1790985699,9764484693,21,19,0,0,19,0,0,19,0,0,4222,4,4225,11456,4246,1,16231,4776,952,,2206,96319
9376724,1790985758,9237552593,8,6,0,0,6,0,0,6,0,0,4008,6,4014,10852,4022,1,17604,6753,328,,1619,88259
9376726,1790985811,0,0,0,0,0,0,0,0,0,0,0,0,2,2,7,2,1,4045,4039,0,,0,0
9376728,1790985849,10387160402,22,21,0,0,21,0,0,21,0,0,4483,4,4485,12164,4507,1,17644,5481,1048,,2179,105222
9376729,1790985905,10324076844,54,6,0,0,6,0,0,6,0,0,4254,4,4211,11511,4265,1,16991,5481,328,,13790,108012
9376734,1790985948,9469755890,10,6,0,0,6,0,0,6,0,0,3375,2,2695,7300,2705,1,10380,3081,328,,2914,109499
9376735,1790986003,0,0,0,0,0,0,0,0,0,0,0,0,10,6,18,6,1,6606,6589,0,,0,0
9376737,1790986047,10679421310,40,40,0,0,40,0,0,40,0,0,4619,2,4619,12573,4659,1,17316,4744,1960,,1203,114229
9376742,1790986086,9298353370,8,6,0,0,6,0,0,6,0,0,4009,4,4010,10840,4018,1,14910,4071,328,,2755,91462
9376743,1790986143,10700904490,25,24,0,0,24,0,0,24,0,0,4616,10,4620,12536,4645,1,19547,7012,1192,,2238,107858
9376747,1790986223,0,0,0,0,0,0,0,0,0,0,0,0,2,1,4,1,1,4924,4921,0,,0,0
9376752,1790986254,0,0,0,0,0,0,0,0,0,0,0,0,8,5,15,5,1,4344,4330,0,,0,0
9376754,1790986307,28141292,11,11,0,0,11,0,0,11,0,0,2,10,6,48,17,1,5508,5461,568,,165,4318
9376757,1790986343,10803017658,28,13,0,0,13,0,0,13,0,0,4630,4,4627,12561,4655,1,16067,3507,664,,3847,112045
9376762,1790986396,9573358517,40,12,0,0,12,0,0,12,0,0,4042,6,4043,11019,4083,1,15515,4497,616,,5837,109615
9376763,1790986437,9232111815,7,6,0,0,6,0,0,6,0,0,4008,10,4018,10858,4025,1,16065,5208,328,,1545,89562
9376765,1790986474,9797932567,15,14,0,0,14,0,0,14,0,0,4244,2,4246,11498,4261,1,16270,4773,712,,1671,97341
9376767,1790986552,10982666815,37,30,0,0,30,0,0,30,0,0,4702,4,4702,12787,4739,1,16716,3930,1480,,4235,117625
9376770,1790986585,9204442060,7,7,0,0,7,0,0,7,0,0,4006,4,4010,10841,4017,1,15193,4353,376,,904,92572
9376773,1790986690,0,0,0,0,0,0,0,0,0,0,0,0,6,5,15,5,1,6597,6583,0,,0,0
9376776,1790986732,0,0,0,0,0,0,0,0,0,0,0,0,6,4,12,4,1,5043,5032,0,,0,0
9376778,1790986784,0,0,0,0,0,0,0,0,0,0,0,0,6,2,7,2,1,5634,5628,0,,0,0
9376783,1790986842,9341141525,19,15,0,0,15,0,0,15,0,0,4019,4,4019,10898,4038,1,16357,5460,760,,2672,97871
9376786,1790986894,9248714908,7,6,0,0,6,0,0,6,0,0,4008,10,4015,10854,4022,1,15920,5067,328,,1936,92346
9376790,1790986931,0,0,0,0,0,0,0,0,0,0,0,0,6,6,18,6,1,4062,4045,0,,0,0
9376797,1790986992,24823228,9,9,0,0,9,0,0,9,0,0,2,8,4,36,13,1,4647,4612,472,,162,3486
9376800,1790987029,0,0,0,0,0,0,0,0,0,0,0,0,14,8,23,8,1,4925,4903,0,,0,0
9376804,1790987077,10751680676,33,32,0,0,32,0,0,32,0,0,4632,6,4630,12585,4663,1,17222,4638,1576,,2218,116240
9376807,1790987128,9817580613,31,13,0,0,13,0,0,13,0,0,4232,8,4229,11495,4260,1,16699,5205,664,,2435,104393
9376809,1790987183,9818956195,33,29,0,0,29,0,0,29,0,0,4221,6,4218,11471,4251,1,16925,5455,1432,,2877,108117
9376812,1790987230,9659172600,6,6,0,0,6,0,0,6,0,0,4206,4,4208,11374,4214,1,16149,4776,328,,1085,95813
9376814,1790987281,9211284788,8,8,0,0,8,0,0,8,0,0,4008,6,4013,10851,4021,1,16164,5314,424,,908,89641
9376816,1790987328,9257371428,7,5,0,0,5,0,0,5,0,0,4007,4,4008,10834,4015,1,15327,4494,280,,1899,92121
9376818,1790987372,0,0,0,0,0,0,0,0,0,0,0,0,4,3,9,3,1,3522,3514,0,,0,0
9376821,1790987399,9211284788,8,8,0,0,8,0,0,8,0,0,4008,4,4009,10842,4017,1,14883,4042,424,,917,87251
9376825,1790987445,0,0,0,0,0,0,0,0,0,0,0,0,6,3,10,3,1,3772,3763,0,,0,0
9376827,1790987507,10842686149,35,30,0,0,30,0,0,30,0,0,4636,8,4636,12609,4671,1,17925,5317,1480,,4246,110395
9376828,1790987552,0,0,0,0,0,0,0,0,0,0,0,0,4,2,7,2,1,4753,4747,0,,0,0
9376830,1790987608,9305999725,16,11,0,0,11,0,0,11,0,0,4018,2,4015,10881,4031,1,16188,5308,568,,2100,91041
9376834,1790987664,9263541525,9,7,0,0,7,0,0,7,0,0,4010,4,4013,10853,4022,1,15628,4776,376,,1909,88150
9376839,1790987701,10670235531,11,9,0,0,9,0,0,9,0,0,4611,8,4616,12482,4627,1,16558,4077,472,,2527,106635
9376843,1790987775,0,0,0,0,0,0,0,0,0,0,0,0,10,5,15,5,1,6039,6025,0,,0,0
9376844,1790987825,10836198835,47,41,0,0,41,0,0,41,0,0,4636,8,4638,12639,4685,1,19365,6727,2008,,3720,113467
9376846,1790987911,9659160600,6,6,0,0,6,0,0,6,0,0,4206,2,4207,11369,4213,1,15295,3927,328,,855,92335
9376847,1790987949,9210528788,8,8,0,0,8,0,0,8,0,0,4008,4,4010,10842,4018,1,16745,5904,424,,909,86352
9376849,1790988002,9333840819,16,11,0,0,11,0,0,11,0,0,4016,2,4016,10880,4032,1,14983,4104,568,,2703,91121
9376859,1790988051,0,0,0,0,0,0,0,0,0,0,0,0,4,3,9,3,1,4050,4042,0,,0,0
9376862,1790988079,10039292809,49,26,0,0,26,0,0,26,0,0,4243,20,4238,11572,4287,1,16906,5335,1288,,4468,118215
9376866,1790988128,0,0,0,0,0,0,0,0,0,0,0,0,6,4,12,4,1,4056,4045,0,,0,0
9376869,1790988165,10619244509,10,9,0,0,9,0,0,9,0,0,4610,8,4613,12477,4623,1,17540,5064,472,,1530,100311
9376871,1790988204,10123362700,7,7,0,0,7,0,0,7,0,0,4407,6,4412,11923,4419,1,16560,4638,376,,901,94356
9376874,1790988266,9238865455,8,6,0,0,6,0,0,6,0,0,4009,4,4011,10847,4019,1,15875,5029,328,,1530,85973
9376880,1790988305,9692184301,8,7,0,0,7,0,0,7,0,0,4208,6,4211,11388,4219,1,15320,3933,376,,1421,91165
9376883,1790988347,9827919036,23,10,0,0,10,0,0,10,0,0,4227,12,4230,11478,4253,1,15954,4477,520,,2976,97040
9376887,1790988401,9228643076,11,11,0,0,11,0,0,11,0,0,4011,6,4014,10865,4025,1,15191,4327,568,,1018,86658
9376890,1790988482,9841734854,37,33,0,0,33,0,0,33,0,0,4215,8,4222,11493,4259,1,18953,7461,1624,,3239,101478
9376893,1790988534,0,0,0,0,0,0,0,0,0,0,0,0,6,5,15,5,1,4764,4750,0,,0,0
9376896,1790988575,9706903460,15,15,0,0,15,0,0,15,0,0,4215,6,4220,11429,4235,1,16101,4673,760,,998,92264
9376898,1790988623,0,0,0,0,0,0,0,0,0,0,0,0,6,4,12,4,1,4233,4222,0,,0,0
9376899,1790988700,0,0,0,0,0,0,0,0,0,0,0,0,4,2,7,2,1,7714,7708,0,,0,0
9376903,1790988734,9855237934,20,9,0,0,9,0,0,9,0,0,4223,2,4221,11443,4241,1,15340,3898,472,,3775,100324
9376907,1790988813,9289919909,9,6,0,0,6,0,0,6,0,0,4010,8,4014,10854,4023,1,17298,6445,328,,2380,86711
9376910,1790988881,9702251547,9,7,0,0,7,0,0,7,0,0,4210,8,4215,11400,4224,1,16886,5487,376,,1586,90762
9376914,1790988927,9284275175,12,7,0,0,7,0,0,7,0,0,4013,6,4014,10862,4026,1,15047,4186,376,,2191,88478
9376916,1790988967,9700877433,9,7,0,0,7,0,0,7,0,0,4209,8,4214,11395,4223,1,15612,4218,376,,1664,90302
9376919,1790989014,0,0,0,0,0,0,0,0,0,0,0,0,4,4,12,4,1,5745,5734,0,,0,0
9376920,1790989046,9368385295,25,22,0,0,22,0,0,22,0,0,4027,6,4030,10945,4055,1,15976,5032,1096,,2724,94456
9376921,1790989087,0,0,0,0,0,0,0,0,0,0,0,0,2,1,4,1,1,4747,4744,0,,0,0
9376926,1790989142,9282115631,8,6,0,0,6,0,0,6,0,0,4008,2,4009,10842,4017,1,15473,4632,328,,2389,88918
9376929,1790989234,0,0,0,0,0,0,0,0,0,0,0,0,10,5,15,5,1,6498,6484,0,,0,0
9376932,1790989336,0,0,0,0,0,0,0,0,0,0,0,0,6,4,12,4,1,4620,4609,0,,0,0
9376936,1790989399,0,0,0,0,0,0,0,0,0,0,0,0,6,3,9,3,1,5181,5173,0,,0,0
9376939,1790989435,0,0,0,0,0,0,0,0,0,0,0,0,8,5,15,5,1,4203,4189,0,,0,0
9376942,1790989474,10969482364,125,119,0,0,119,0,0,119,0,0,4625,6,4629,12828,4754,1,17042,4215,5752,,4405,153359
9376945,1790989519,0,0,0,0,0,0,0,0,0,0,0,0,6,6,18,6,1,5049,5032,0,,0,0
9376949,1790989569,9785894053,16,12,0,0,12,0,0,12,0,0,4217,6,4216,11422,4232,1,16200,4779,616,,2610,98159
9376952,1790989614,0,0,0,0,0,0,0,0,0,0,0,0,8,7,20,7,1,4208,4189,0,,0,0
9376953,1790989646,0,0,0,0,0,0,0,0,0,0,0,0,6,2,7,2,1,4897,4891,0,,0,0
9376955,1790989681,9713665532,13,12,0,0,12,0,0,12,0,0,4213,2,4209,11394,4222,1,15179,3786,616,,1514,97938
9376957,1790989720,9196662516,5,5,0,0,5,0,0,5,0,0,4005,4,4009,10830,4014,1,14618,3789,280,,888,96615
9376962,1790989810,0,0,0,0,0,0,0,0,0,0,0,0,4,4,12,4,1,6341,6330,0,,0,0
9376963,1790989921,9474321557,70,59,0,0,59,0,0,59,0,0,4031,10,4029,11062,4099,1,20752,9691,2872,,3599,120291
9376970,1790989963,0,0,0,0,0,0,0,0,0,0,0,0,2,1,4,1,1,4042,4039,0,,0,0
9376975,1790990002,0,0,0,0,0,0,0,0,0,0,0,0,14,7,20,7,1,4358,4339,0,,0,0
9376977,1790990035,0,0,0,0,0,0,0,0,0,0,0,0,10,6,18,6,1,5196,5179,0,,0,0
9376979,1790990079,9882319789,32,28,0,0,28,0,0,28,0,0,4225,4,4224,11486,4256,1,15274,3789,1384,,3907,106625
9376982,1790990121,9660024612,6,6,0,0,6,0,0,6,0,0,4206,4,4210,11377,4216,1,16293,4917,328,,976,91973
9376984,1790990169,9315930874,22,6,0,0,6,0,0,6,0,0,4023,6,4020,10906,4042,1,15684,4779,328,,2053,92108
9376987,1790990219,9262663250,9,8,0,0,8,0,0,8,0,0,4009,4,4012,10851,4021,1,14780,3930,424,,1794,88654
9376990,1790990250,10192075442,11,10,0,0,10,0,0,10,0,0,4411,6,4417,11946,4428,1,16583,4638,520,,1942,98545
9376991,1790990300,9270143183,24,23,0,0,23,0,0,23,0,0,4012,6,4013,10895,4037,1,16490,5596,1144,,1447,93298
9376993,1790990347,9660108616,6,6,0,0,6,0,0,6,0,0,4206,2,4207,11368,4213,1,16140,4773,328,,950,90908
9376994,1790990384,0,0,0,0,0,0,0,0,0,0,0,0,4,3,10,3,1,5070,5061,0,,0,0
9376997,1790990438,10317217653,29,22,1,6,23,0,0,23,1,0,4425,2,4423,12013,4452,1,17385,5373,1144,,3346,104610
9376998,1790990483,9248858920,7,6,0,0,6,0,0,6,0,0,4008,6,4013,10847,4020,1,16301,5455,328,,1804,90436
9377002,1790990530,9239573451,8,6,0,0,6,0,0,6,0,0,4009,2,4010,10844,4018,1,14347,3504,328,,1643,86547
9377004,1790990662,0,0,0,0,0,0,0,0,0,0,0,0,8,7,20,7,1,9566,9547,0,,0,0
9377006,1790990696,9786961429,20,17,0,0,17,0,0,17,0,0,4216,4,4217,11434,4237,1,15371,3938,856,,2563,100212
9377008,1790990748,9692180889,8,7,0,0,7,0,0,7,0,0,4208,4,4211,11382,4219,1,16016,4635,376,,1463,92550
9377012,1790990790,10216090561,16,12,0,0,12,0,0,12,0,0,4416,4,4418,11965,4434,1,16570,4606,616,,2371,98747
9377013,1790990826,9721753748,18,18,0,0,18,0,0,18,0,0,4218,8,4221,11439,4239,1,17066,5628,904,,1094,98896
9377015,1790990901,9739088286,12,11,0,0,11,0,0,11,0,0,4213,2,4215,11407,4227,1,17589,6183,568,,1814,94028
9377018,1790990947,9805761440,16,10,0,0,10,0,0,10,0,0,4217,4,4220,11432,4236,1,15473,4042,520,,3173,100483
9377021,1790991008,28631262,7,7,0,0,7,0,0,7,0,0,5,6,9,44,16,1,4688,4645,376,,134,2764
9377023,1790991052,10303950734,23,10,0,0,10,0,0,10,0,0,4433,6,4430,12016,4453,1,16512,4497,520,,2877,102067
9377026,1790991099,10991579176,6,6,0,0,6,0,0,6,0,0,4599,4,4601,12433,4607,1,16644,4212,328,,970,106701
9377031,1790991139,9295459207,36,34,0,0,34,0,0,34,0,0,4011,6,4015,10933,4051,1,15147,4215,1672,,1739,98464
9377035,1790991195,0,0,0,0,0,0,0,0,0,0,0,0,10,8,23,8,1,5060,5038,0,,0,0
9377038,1790991233,10142323838,14,14,0,0,14,0,0,14,0,0,4409,8,4410,11941,4424,1,16975,5035,712,,996,97809
9377040,1790991315,0,0,0,0,0,0,0,0,0,0,0,0,6,2,7,2,1,4756,4750,0,,0,0
9377043,1790991341,0,0,0,0,0,0,0,0,0,0,0,0,4,3,10,3,1,4051,4042,0,,0,0
9377044,1790991384,0,0,0,0,0,0,0,0,0,0,0,0,6,5,15,5,1,5187,5173,0,,0,0
9377046,1790991426,9943927444,26,14,0,0,14,0,0,14,0,0,4229,2,4226,11476,4252,1,15937,4462,712,,10120,111120
9377048,1790991473,9195810508,5,5,0,0,5,0,0,5,0,0,4005,4,4006,10822,4011,1,16132,5311,280,,846,89376
9377052,1790991528,45397548,19,19,0,0,19,0,0,19,0,0,2,4,5,66,24,1,4530,4465,952,,265,7488
9377057,1790991563,10232604263,14,11,0,0,11,0,0,11,0,0,4414,8,4417,11958,4431,1,15506,3549,568,,2825,105995
9377061,1790991606,10174669162,8,7,0,0,7,0,0,7,0,0,4408,10,4414,11933,4422,1,16406,4474,376,,1825,99108
9377063,1790991665,0,0,0,0,0,0,0,0,0,0,0,0,8,6,17,6,1,4346,4330,0,,0,0
9377065,1790991712,10306155542,21,15,0,0,15,0,0,15,0,0,4421,4,4421,11984,4442,1,17041,5058,760,,3924,106840
9377070,1790991747,0,0,0,0,0,0,0,0,0,0,0,0,4,3,10,3,1,4051,4042,0,,0,0
9377073,1790991788,0,0,0,0,0,0,0,0,0,0,0,0,10,5,15,5,1,4488,4474,0,,0,0
9377076,1790991822,9264819621,12,10,0,0,10,0,0,10,0,0,4014,6,4017,10868,4029,1,14518,3651,520,,1742,89017
9377079,1790991865,9660108616,6,6,0,0,6,0,0,6,0,0,4206,6,4212,11386,4218,1,15882,4497,328,,869,91135
9377083,1790991950,0,0,0,0,0,0,0,0,0,0,0,0,6,4,12,4,1,5184,5173,0,,0,0
9377086,1790991986,9424879064,47,38,0,0,38,0,0,38,0,0,4028,8,4030,11003,4077,1,16178,5176,1864,,3168,105580
9377088,1790992058,9248774916,7,6,0,0,6,0,0,6,0,0,4008,6,4013,10848,4020,1,17459,6612,328,,1813,87796
9377089,1790992116,9211392800,8,8,0,0,8,0,0,8,0,0,4008,4,4012,10845,4020,1,17312,6468,424,,915,89239
9377093,1790992162,10372706505,12,11,0,0,11,0,0,11,0,0,4236,2,4238,11468,4250,1,15961,4494,568,,1622,103644
9377095,1790992215,9293647786,17,13,0,0,13,0,0,13,0,0,4018,8,4021,10897,4038,1,15790,4894,664,,1907,92124
9377099,1790992265,10712414771,17,9,0,0,9,0,0,9,0,0,4618,4,4618,12510,4635,1,16157,3648,472,,2796,105577
9377100,1790992298,10920038022,15,15,0,0,15,0,0,15,0,0,4250,8,4085,11064,4100,1,15986,4923,760,,1376,113692
9377103,1790992332,10787913119,143,114,1,3,115,0,0,115,1,0,4210,2,4198,11713,4341,1,15216,3504,5560,,4041,152881
9377105,1790992374,10360851142,7,6,0,0,6,0,0,6,0,0,4041,6,3899,10542,3906,1,14474,3933,328,,1917,103944
9377107,1790992428,0,0,0,0,0,0,0,0,0,0,0,0,4,3,9,3,1,4755,4747,0,,0,0
9377109,1790992460,0,0,0,0,0,0,0,0,0,0,0,0,4,3,9,3,1,4614,4606,0,,0,0
9377110,1790992489,9239761074,14,14,0,0,14,0,0,14,0,0,4013,4,4016,10874,4030,1,15777,4904,712,,959,89588
9377116,1790992525,9340911530,22,9,0,0,9,0,0,9,0,0,4023,2,4019,10905,4041,1,14690,3786,472,,2493,91778
9377117,1790992571,9256236471,15,13,0,0,13,0,0,13,0,0,4010,12,4018,10882,4033,1,16233,5352,664,,1676,92921
9377122,1790992609,9773807808,11,8,0,0,8,0,0,8,0,0,4212,2,4213,11397,4224,1,15041,3645,424,,2678,94018
9377125,1790992651,10124665165,16,14,0,0,14,0,0,14,0,0,3989,10,3800,10302,3816,1,14663,4362,712,,2449,109581
9377129,1790992688,10533552640,15,13,0,0,13,0,0,13,0,0,4065,6,3461,9380,3476,1,13171,3792,664,,3021,118474
9377132,1790992729,10970146893,12,10,0,0,10,0,0,10,0,0,3892,8,2747,7450,2759,1,12090,4641,520,,3119,129115
9377134,1790992771,10958560623,237,17,0,0,17,0,0,17,0,0,4438,6,4237,12070,4474,1,16670,4601,856,,9137,170114
9377136,1790992820,9961374320,149,149,0,0,149,0,0,149,0,0,4223,4,4221,11792,4370,1,16285,4494,7192,,1537,144177
9377138,1790992864,9362362609,43,34,0,0,34,0,0,34,0,0,4020,4,4017,10956,4060,1,15167,4212,1672,,2502,99866
9377143,1790992908,0,0,0,0,0,0,0,0,0,0,0,0,4,3,9,3,1,3768,3760,0,,0,0
9377145,1790992948,10308950674,72,70,0,0,70,0,0,70,0,0,4416,10,4413,12100,4485,1,17307,5208,3400,,2097,120541
9377147,1790992983,9251851814,32,32,0,0,32,0,0,32,0,0,4008,4,4009,10905,4041,1,14693,3789,1576,,970,98220
9377148,1790993086,10455347443,109,106,0,0,106,0,0,106,0,0,4429,4,4423,12225,4532,1,20948,8724,5128,,3617,138786
9377152,1790993127,9382190666,53,45,0,0,45,0,0,45,0,0,4022,2,4016,10977,4069,1,14903,3927,2200,,2182,104866
9377153,1790993164,9263803814,32,32,0,0,32,0,0,32,0,0,4008,8,4013,10916,4045,1,15838,4923,1576,,1040,94897
9377155,1790993218,9282522540,44,44,0,0,44,0,0,44,0,0,4012,2,4011,10945,4055,1,14448,3504,2152,,989,100814
9377156,1790993240,10629010192,27,27,0,0,27,0,0,27,0,0,4611,4,4614,12522,4641,1,17438,4917,1336,,1091,107556
9377161,1790993329,9465441179,81,78,0,0,78,0,0,78,0,0,4026,2,4021,11068,4102,1,17391,6324,3784,,3221,119777
9377163,1790993380,10229808637,40,38,0,0,38,0,0,38,0,0,4415,10,4417,12026,4457,1,16995,4970,1864,,1782,109378
9377165,1790993429,0,0,0,0,0,0,0,0,0,0,0,0,4,3,9,3,1,4896,4888,0,,0,0
9377169,1790993470,0,0,0,0,0,0,0,0,0,0,0,0,4,2,7,2,1,3907,3901,0,,0,0
9377171,1790993520,10701570826,33,25,0,0,25,0,0,25,0,0,4622,8,4622,12565,4655,1,17769,5205,1240,,1958,110558
9377174,1790993568,0,0,0,0,0,0,0,0,0,0,0,0,4,3,9,3,1,3627,3619,0,,0,0
9377180,1790993601,9659868596,6,6,0,0,6,0,0,6,0,0,4206,6,4207,11369,4213,1,15160,3792,328,,845,90065
9377187,1790993680,28045294,11,11,0,0,11,0,0,11,0,0,2,12,12,64,23,1,5809,5746,568,,151,4993
9377190,1790993722,0,0,0,0,0,0,0,0,0,0,0,0,14,8,23,8,1,5489,5467,0,,0,0
9377193,1790993770,0,0,0,0,0,0,0,0,0,0,0,0,6,2,7,2,1,4615,4609,0,,0,0
9377197,1790993835,10508460608,78,60,0,0,60,0,0,60,0,0,4445,6,4437,12178,4515,1,17097,4920,2920,,5802,144292
9377199,1790993870,9300762367,10,6,0,0,6,0,0,6,0,0,4011,8,4018,10868,4028,1,15367,4500,328,,2674,95057
9377205,1790993916,0,0,0,0,0,0,0,0,0,0,0,0,4,3,10,3,1,4474,4465,0,,0,0
9377207,1790993956,9711235054,7,6,0,0,6,0,0,6,0,0,4207,12,4215,11392,4222,1,17339,5948,328,,1742,92344
9377210,1790994009,9674694884,9,9,0,0,9,0,0,9,0,0,4209,4,4212,11387,4221,1,16697,5311,472,,2575,264790
9377211,1790994051,9713574616,11,7,0,0,7,0,0,7,0,0,4212,6,4213,11399,4224,1,16148,4750,376,,4907,122355
9377214,1790994089,0,0,0,0,0,0,0,0,0,0,0,0,2,1,4,1,1,4042,4039,0,,0,0
9377216,1790994119,10140612980,10,10,0,0,10,0,0,10,0,0,4410,6,4414,11935,4424,1,16543,4609,520,,1134,97721
9377219,1790994174,0,0,0,0,0,0,0,0,0,0,0,0,4,2,7,2,1,4612,4606,0,,0,0
9377223,1790994204,10170313556,16,16,0,0,16,0,0,16,0,0,4416,6,4421,11976,4437,1,16020,4045,808,,1177,100540
9377226,1790994263,0,0,0,0,0,0,0,0,0,0,0,0,8,7,20,7,1,4631,4612,0,,0,0
9377228,1790994292,10123266692,7,7,0,0,7,0,0,7,0,0,4407,6,4411,11917,4418,1,16413,4497,376,,1061,156347
9377230,1790994332,9271338019,14,12,0,0,12,0,0,12,0,0,4015,4,4017,10879,4031,1,15372,4494,616,,4960,260800
9377234,1790994369,10242788210,18,16,0,0,16,0,0,16,0,0,4412,4,4415,11960,4433,1,16171,4212,808,,2748,101287
9377236,1790994434,9291363064,44,44,0,0,44,0,0,44,0,0,4013,8,4017,10957,4061,1,16020,5064,2152,,1131,101195
9377240,1790994500,0,0,0,0,0,0,0,0,0,0,0,0,4,3,9,3,1,4755,4747,0,,0,0
9377246,1790994541,0,0,0,0,0,0,0,0,0,0,0,0,8,2,7,2,1,5073,5067,0,,0,0
9377248,1790994584,0,0,0,0,0,0,0,0,0,0,0,0,12,6,18,6,1,4671,4654,0,,0,0
9377249,1790994652,10327894484,39,29,0,0,29,0,0,29,0,0,4428,4,4425,12045,4464,1,18201,6157,1432,,2992,109772
9377252,1790994712,0,0,0,0,0,0,0,0,0,0,0,0,2,1,4,1,1,4747,4744,0,,0,0
9377254,1790994781,10264134959,20,17,0,0,17,0,0,17,0,0,4421,6,4422,11983,4442,1,19299,7317,856,,2806,103334
9377256,1790994826,0,0,0,0,0,0,0,0,0,0,0,0,4,3,10,3,1,5038,5029,0,,0,0
9377258,1790994868,0,0,0,0,0,0,0,0,0,0,0,0,4,1,4,1,1,4750,4747,0,,0,0
9377261,1790994907,9202078082,6,6,0,0,6,0,0,6,0,0,4006,4,4007,10832,4013,1,15014,4183,328,,878,91525
9377264,1790994947,9266566099,19,17,0,0,17,0,0,17,0,0,4012,6,4014,10886,4033,1,14959,4074,856,,1739,95457
9377266,1790994975,9712281028,8,7,0,0,7,0,0,7,0,0,4209,6,4214,11391,4222,1,15041,3651,376,,1924,93818
9377268,1790995039,0,0,0,0,0,0,0,0,0,0,0,0,4,3,9,3,1,5037,5029,0,,0,0
9377272,1790995104,10201995677,17,15,0,0,15,0,0,15,0,0,4417,4,4417,11964,4434,1,16598,4635,760,,1820,99980
9377277,1790995147,9196470500,5,5,0,0,5,0,0,5,0,0,4005,8,4011,10836,4016,1,14145,3310,280,,1009,87924
9377281,1790995217,10217120192,15,13,0,0,13,0,0,13,0,0,4415,10,4422,11972,4437,1,17320,5349,664,,2074,100564
9377282,1790995266,10270322188,20,14,0,0,14,0,0,14,0,0,4421,8,4425,11991,4445,1,17730,5740,712,,2716,105582
9377285,1790995299,9231199902,20,20,0,0,20,0,0,20,0,0,4007,2,4008,10869,4028,1,15359,4491,1000,,969,92112
9377287,1790995343,0,0,0,0,0,0,0,0,0,0,0,0,6,5,15,5,1,4623,4609,0,,0,0
9377290,1790995388,9659868596,6,6,0,0,6,0,0,6,0,0,4206,4,4209,11379,4215,1,16013,4635,328,,857,89701
9377291,1790995424,0,0,0,0,0,0,0,0,0,0,0,0,6,5,15,5,1,5187,5173,0,,0,0
9377292,1790995470,10170313556,16,16,0,0,16,0,0,16,0,0,4416,2,4417,11965,4433,1,17703,5739,808,,1105,98988
9377294,1790995560,9204394384,6,6,0,0,6,0,0,6,0,0,4007,2,4008,10834,4014,1,17439,6606,328,,858,85625
9377296,1790995589,9196470500,5,5,0,0,5,0,0,5,0,0,4005,4,4009,10832,4014,1,15466,4635,280,,813,87231
9377299,1790995653,0,0,0,0,0,0,0,0,0,0,0,0,4,4,12,4,1,4335,4324,0,,0,0
9377301,1790995696,24823230,9,9,0,0,9,0,0,9,0,0,2,6,4,36,13,1,5067,5032,472,,151,3454
9377304,1790995760,9263751333,10,9,0,0,9,0,0,9,0,0,4020,4,4013,10857,4023,1,14233,3377,472,,1553,87192
9377308,1790995813,10225437582,10,8,0,0,8,0,0,8,0,0,4411,6,4415,11941,4425,1,17536,5596,424,,2676,98739
9377309,1790995873,10672579380,19,15,0,0,15,0,0,15,0,0,4620,8,4622,12526,4641,1,19281,6756,760,,1961,103976
9377314,1790995913,0,0,0,0,0,0,0,0,0,0,0,0,2,2,7,2,1,3763,3757,0,,0,0
9377317,1790996001,10777511460,40,37,1,3,38,0,0,38,1,0,4629,10,4635,12612,4675,1,19059,6448,1864,,2441,113874
9377319,1790996035,9258391656,17,17,0,0,17,0,0,17,0,0,4017,6,4019,10892,4036,1,15388,4497,856,,983,90163
9377322,1790996131,9771332525,22,16,0,0,16,0,0,16,0,0,4223,4,4223,11459,4245,1,19054,7596,808,,2024,97389
9377324,1790996202,9711675374,8,7,0,0,7,0,0,7,0,0,4218,6,4212,11392,4220,1,17974,6583,376,,1451,90723
9377328,1790996255,9196566508,5,5,0,0,5,0,0,5,0,0,4005,4,4007,10827,4012,1,15320,4494,280,,795,85594
9377330,1790996337,9211284788,8,8,0,0,8,0,0,8,0,0,4008,8,4015,10857,4023,1,16657,5801,424,,866,88637
9377334,1790996403,9290929855,10,7,0,0,7,0,0,7,0,0,4012,4,4014,10862,4024,1,15919,5058,376,,2504,89802
9377338,1790996449,9250116512,10,6,0,0,6,0,0,6,0,0,4011,8,4016,10867,4026,1,15507,4641,328,,1571,86826
9377341,1790996576,10967213888,118,111,0,0,111,0,0,111,0,0,4619,8,4623,12790,4741,1,21349,8560,5368,,3688,143699
9377345,1790996650,31471356,13,13,0,0,13,0,0,13,0,0,2,6,5,50,18,1,6068,6019,664,,143,4853
9377347,1790996689,10764618372,21,12,0,0,12,0,0,12,0,0,4627,8,4625,12535,4646,1,17428,4894,616,,3364,106525
9377350,1790996742,9713658620,11,7,0,0,7,0,0,7,0,0,4212,4,4213,11399,4224,1,14905,3507,376,,1637,91037
9377351,1790996761,9248894932,7,6,0,0,6,0,0,6,0,0,4008,6,4012,10843,4019,1,15903,5061,328,,5245,184196
9377352,1790996861,10747310061,23,21,0,0,21,0,0,21,0,0,4628,2,4625,12538,4648,1,20976,8439,1048,,3058,111808
9377354,1790996913,9659112596,6,6,0,0,6,0,0,6,0,0,4206,2,4207,11371,4213,1,15611,4241,328,,2500,266946
9377356,1790996962,0,0,0,0,0,0,0,0,0,0,0,0,4,4,12,4,1,4089,4078,0,,0,0
9377359,1790996998,0,0,0,0,0,0,0,0,0,0,0,0,4,3,9,3,1,4614,4606,0,,0,0
9377365,1790997046,9822876895,37,31,0,0,31,0,0,31,0,0,4231,6,4231,11516,4268,1,16294,4779,1528,,5969,153242
9377367,1790997130,10235284982,17,9,0,0,9,0,0,9,0,0,4421,12,4423,11984,4440,1,18716,6733,472,,2524,99539
9377370,1790997162,9769922575,14,11,0,0,11,0,0,11,0,0,4217,4,4218,11422,4232,1,16056,4635,568,,2503,93010
9377373,1790997236,0,0,0,0,0,0,0,0,0,0,0,0,6,4,12,4,1,4902,4891,0,,0,0
9377378,1790997265,10757705806,22,18,0,0,18,0,0,18,0,0,4632,6,4624,12537,4646,1,16469,3933,904,,2745,109417
9377380,1790997309,9258297293,17,15,0,0,15,0,0,15,0,0,4010,10,4016,10887,4033,1,15530,4644,760,,1662,89974
9377381,1790997353,0,0,0,0,0,0,0,0,0,0,0,0,4,2,7,2,1,4753,4747,0,,0,0
9377383,1790997379,10331372059,25,10,0,0,10,0,0,10,0,0,4427,2,4421,11996,4446,1,16204,4209,520,,4564,112184
9377385,1790997430,9802829020,10,9,0,0,9,0,0,9,0,0,4242,4,4244,11478,4254,1,15548,4071,472,,1897,98502
9377390,1790997464,0,0,0,0,0,0,0,0,0,0,0,0,4,3,10,3,1,4051,4042,0,,0,0
9377392,1790997506,32888026,11,11,0,0,11,0,0,11,0,0,4,10,9,55,20,1,6111,6057,568,,155,4309
9377393,1790997547,10161635077,9,8,0,0,8,0,0,8,0,0,4412,4,4412,11927,4421,1,16597,4671,424,,1547,95901
9377395,1790997595,10123362700,7,7,0,0,7,0,0,7,0,0,4407,2,4409,11917,4416,1,16378,4462,376,,929,95364
9377399,1790997637,9306188147,13,10,0,0,10,0,0,10,0,0,4015,4,4016,10871,4029,1,15082,4212,520,,2667,91334
9377401,1790997728,10170941947,11,9,0,0,9,0,0,9,0,0,4412,8,4414,11942,4425,1,18979,7038,472,,1788,98584
9377404,1790997817,9765770840,22,21,0,0,21,0,0,21,0,0,4215,4,4219,11443,4241,1,17487,6045,1048,,1874,98939
9377407,1790997852,9716454463,11,9,0,0,9,0,0,9,0,0,4212,6,4218,11412,4229,1,15203,3792,472,,1741,92968
9377409,1790997894,0,0,0,0,0,0,0,0,0,0,0,0,6,5,15,5,1,4905,4891,0,,0,0
9377412,1790997936,9803940523,18,10,0,0,10,0,0,10,0,0,4218,4,4218,11430,4236,1,15218,3789,520,,2818,97136
9377415,1790997994,0,0,0,0,0,0,0,0,0,0,0,0,6,6,18,6,1,4485,4468,0,,0,0
9377417,1790998080,10190144230,13,12,0,0,12,0,0,12,0,0,4410,6,4412,11941,4425,1,19369,7429,616,,1845,98225
9377419,1790998127,9248918928,7,6,0,0,6,0,0,6,0,0,4008,4,4011,10841,4018,1,15370,4530,328,,1759,87831
9377420,1790998174,9701573302,10,6,0,0,6,0,0,6,0,0,4210,4,4212,11395,4222,1,16311,4917,328,,1588,94154
9377422,1790998206,0,0,0,0,0,0,0,0,0,0,0,0,2,2,7,2,1,4186,4180,0,,0,0
9377424,1790998219,9757078852,19,7,0,0,7,0,0,7,0,0,4220,4,4216,11425,4235,1,15897,4473,376,,2018,96029
9377427,1790998282,0,0,0,0,0,0,0,0,0,0,0,0,4,3,9,3,1,3768,3760,0,,0,0
9377430,1790998318,9282051532,24,24,0,0,24,0,0,24,0,0,4021,6,4025,10932,4049,1,15569,4638,1192,,1048,92974
9377433,1790998362,0,0,0,0,0,0,0,0,0,0,0,0,6,6,18,6,1,4908,4891,0,,0,0
9377436,1790998413,0,0,0,0,0,0,0,0,0,0,0,0,6,2,7,2,1,4474,4468,0,,0,0
9377439,1790998455,0,0,0,0,0,0,0,0,0,0,0,0,6,3,9,3,1,4617,4609,0,,0,0
9377441,1790998514,9843705973,26,22,0,0,22,0,0,22,0,0,4219,6,4220,11454,4246,1,17190,5737,1096,,3464,100097
9377444,1790998558,0,0,0,0,0,0,0,0,0,0,0,0,4,3,9,3,1,4332,4324,0,,0,0
9377446,1790998597,9429626721,22,8,0,0,8,0,0,8,0,0,4024,6,4022,10913,4044,1,15380,4468,424,,4309,94037
9377451,1790998626,10586856808,8,8,0,0,8,0,0,8,0,0,4608,4,4611,12464,4619,1,16675,4212,424,,917,101803
9377452,1790998688,10218571303,25,23,0,0,23,0,0,23,0,0,4418,10,4423,12008,4448,1,19474,7467,1144,,1797,104142
9377454,1790998726,9684547080,11,11,0,0,11,0,0,11,0,0,4211,2,4212,11395,4223,1,15180,3786,568,,891,94981
9377456,1790998772,0,0,0,0,0,0,0,0,0,0,0,0,4,3,9,3,1,4614,4606,0,,0,0
9377460,1790998815,9343677040,19,16,0,0,16,0,0,16,0,0,4019,4,4022,10905,4041,1,15398,4494,808,,2849,97782
9377466,1790998859,9259494190,13,9,0,0,9,0,0,9,0,0,4012,8,4015,10868,4028,1,15226,4359,472,,1805,90245
9377468,1790998918,9758618990,15,10,0,0,10,0,0,10,0,0,4216,12,4224,11437,4239,1,17493,6057,520,,2353,95935
9377470,1790998973,24823230,9,9,0,0,9,0,0,9,0,0,2,4,4,36,13,1,4641,4606,472,,143,3601
9377472,1790998994,9708589866,10,8,0,0,8,0,0,8,0,0,4210,4,4213,11398,4223,1,15609,4212,424,,1562,92738
9377475,1790999069,9739004773,21,7,0,0,7,0,0,7,0,0,4221,4,4213,11425,4234,1,16623,5199,376,,1756,94620
9377477,1790999128,0,0,0,0,0,0,0,0,0,0,0,0,6,5,15,5,1,5610,5596,0,,0,0
9377480,1790999174,0,0,0,0,0,0,0,0,0,0,0,0,4,2,7,2,1,4189,4183,0,,0,0
9377481,1790999210,9360555440,27,20,0,0,20,0,0,20,0,0,4019,6,4018,10914,4045,1,16368,5455,1000,,2707,99491
9377484,1790999243,9195858512,5,5,0,0,5,0,0,5,0,0,4005,2,4005,10823,4010,1,14749,3927,280,,815,86004
9377486,1790999316,0,0,0,0,0,0,0,0,0,0,0,0,6,3,10,3,1,4513,4504,0,,0,0
9377490,1790999370,0,0,0,0,0,0,0,0,0,0,0,0,4,2,7,2,1,4330,4324,0,,0,0
9377493,1790999415,10285639817,20,15,0,0,15,0,0,15,0,0,4420,8,4425,11995,4445,1,17311,5317,760,,3487,100780
9377495,1790999454,9809299276,21,8,0,0,8,0,0,8,0,0,4223,6,4221,11444,4242,1,16222,4779,424,,3084,95794
9377499,1790999505,9689606304,5,5,0,0,5,0,0,5,0,0,3591,4,3076,8313,3081,1,12101,3789,280,,1833,104585
9377500,1790999550,10622501361,63,42,0,0,42,0,0,42,0,0,3657,8,2682,7409,2745,1,13459,6051,2056,,5546,139504
9377502,1790999596,0,0,0,0,0,0,0,0,0,0,0,0,2,2,7,2,1,4327,4321,0,,0,0
9377503,1790999627,9682617788,10,9,0,0,9,0,0,9,0,0,4211,4,4213,11397,4223,1,16877,5481,472,,946,93729
9377504,1790999684,10137336980,10,10,0,0,10,0,0,10,0,0,4410,2,4411,11929,4421,1,16531,4603,520,,1035,96531
9377508,1790999710,0,0,0,0,0,0,0,0,0,0,0,0,2,1,4,1,1,3760,3757,0,,0,0
9377509,1790999775,10223072288,33,29,0,0,29,0,0,29,0,0,4415,8,4419,12012,4452,1,19472,7461,1432,,1850,106805
9377512,1790999823,10666607366,19,18,0,0,18,0,0,18,0,0,4611,2,4613,12496,4632,1,16986,4491,904,,1859,105175
9377513,1790999883,0,0,0,0,0,0,0,0,0,0,0,0,6,6,18,6,1,5153,5136,0,,0,0
9377518,1790999914,9759171872,17,16,0,0,16,0,0,16,0,0,4218,2,4219,11428,4236,1,14931,3504,808,,1998,95953
9377520,1790999963,0,0,0,0,0,0,0,0,0,0,0,0,10,8,23,8,1,4214,4192,0,,0,0
9377523,1791000012,0,0,0,0,0,0,0,0,0,0,0,0,4,2,7,2,1,4471,4465,0,,0,0
9377526,1791000049,10200509709,17,11,0,0,11,0,0,11,0,0,4417,6,4419,11968,4436,1,15759,3792,568,,1949,98466
9377528,1791000084,9659964604,6,6,0,0,6,0,0,6,0,0,4206,6,4212,11386,4218,1,15600,4215,328,,908,89446
9377529,1791000146,0,0,0,0,0,0,0,0,0,0,0,0,4,3,10,3,1,6730,6721,0,,0,0
9377531,1791000191,9288212520,20,19,0,0,19,0,0,19,0,0,4011,2,4011,10874,4031,1,15082,4209,952,,1704,91372
9377534,1791000255,9296571015,10,6,0,0,6,0,0,6,0,0,4010,4,4012,10856,4022,1,15743,4888,328,,2457,88840
9377537,1791000314,9744321584,14,13,0,0,13,0,0,13,0,0,4215,6,4219,11423,4233,1,17047,5625,664,,1965,96732
9377538,1791000379,0,0,0,0,0,0,0,0,0,0,0,0,6,3,9,3,1,6309,6301,0,,0,0
9377542,1791000423,9345465840,30,28,0,0,28,0,0,28,0,0,4021,2,4021,10933,4051,1,15564,4632,1384,,1955,96089
9377547,1791000461,9247044962,6,5,0,0,5,0,0,5,0,0,4006,8,4010,10837,4016,1,14385,3549,280,,1625,85639
9377550,1791000503,0,0,0,0,0,0,0,0,0,0,0,0,10,6,18,6,1,4914,4897,0,,0,0
9377555,1791000569,0,0,0,0,0,0,0,0,0,0,0,0,6,3,9,3,1,5745,5737,0,,0,0
9377558,1791000650,10385197473,31,21,0,0,21,0,0,21,0,0,4477,10,4475,12160,4506,1,18184,6025,1048,,2258,102982
9377561,1791000683,9248906924,7,6,0,0,6,0,0,6,0,0,4008,6,4013,10847,4020,1,14779,3933,328,,1800,87159
9377565,1791000723,0,0,0,0,0,0,0,0,0,0,0,0,6,5,15,5,1,3918,3904,0,,0,0
9377568,1791000798,0,0,0,0,0,0,0,0,0,0,0,0,8,6,17,6,1,5192,5176,0,,0,0
9377569,1791000838,9291024048,12,9,0,0,9,0,0,9,0,0,4013,6,4016,10870,4028,1,17058,6189,472,,1840,93290
9377570,1791000883,9705386256,29,29,0,0,29,0,0,29,0,0,4208,2,4210,11437,4239,1,15786,4350,1432,,922,98598
9377572,1791000965,0,0,0,0,0,0,0,0,0,0,0,0,2,2,7,2,1,6583,6577,0,,0,0
9377576,1791001009,9367134144,28,20,0,0,20,0,0,20,0,0,4038,4,4035,10965,4063,1,14330,3366,1000,,1989,97327
9377580,1791001058,9196566508,5,5,0,0,5,0,0,5,0,0,4005,8,4011,10837,4016,1,15903,5067,280,,828,87201
9377585,1791001123,27190594,9,9,0,0,9,0,0,9,0,0,3,8,7,44,16,1,4655,4612,472,,137,3677
9377589,1791001155,9290516669,9,7,0,0,7,0,0,7,0,0,4011,10,4015,10857,4024,1,15218,4362,376,,2411,90675
9377590,1791001202,9196518504,5,5,0,0,5,0,0,5,0,0,4005,8,4010,10838,4015,1,15337,4500,280,,871,88341
9377593,1791001285,0,0,0,0,0,0,0,0,0,0,0,0,2,2,7,2,1,7006,7000,0,,0,0
9377594,1791001331,10243834737,33,27,0,0,27,0,0,27,0,0,4418,6,4417,12010,4450,1,17182,5173,1336,,2171,105449
9377596,1791001375,10123434712,7,7,0,0,7,0,0,7,0,0,4407,2,4408,11915,4415,1,16687,4773,376,,875,96020
9377597,1791001424,37336790,15,15,0,0,15,0,0,15,0,0,3,4,6,58,21,1,5086,5029,760,,150,5679
9377601,1791001462,10786260735,22,16,0,0,16,0,0,16,0,0,4623,2,4623,12539,4645,1,17000,4462,808,,4239,110683
9377603,1791001506,9660012608,6,6,0,0,6,0,0,6,0,0,4206,8,4211,11382,4217,1,16445,5064,328,,890,89651
9377606,1791001551,9250224524,10,6,0,0,6,0,0,6,0,0,4011,4,4013,10861,4023,1,15072,4212,328,,1673,86455
9377607,1791001606,0,0,0,0,0,0,0,0,0,0,0,0,6,6,18,6,1,6036,6019,0,,0,0
9377610,1791001648,14773038,3,3,0,0,3,0,0,3,0,0,2,2,2,15,5,1,4649,4635,184,,106,1180
9377612,1791001683,9228643076,11,11,0,0,11,0,0,11,0,0,4011,6,4012,10852,4023,1,15223,4372,568,,931,146425
9377615,1791001716,9659868596,6,6,0,0,6,0,0,6,0,0,4206,4,4209,11372,4215,1,14878,3507,328,,2524,265299
9377619,1791001792,0,0,0,0,0,0,0,0,0,0,0,0,6,3,10,3,1,5464,5455,0,,0,0
9377621,1791001821,0,0,0,0,0,0,0,0,0,0,0,0,8,4,12,4,1,5046,5035,0,,0,0
9377623,1791001855,9262615246,9,8,0,0,8,0,0,8,0,0,4009,4,4012,10850,4021,1,14779,3930,424,,1666,88186
9377627,1791001954,10327484150,46,33,0,0,33,0,0,33,0,0,4427,4,4425,12066,4471,1,19097,7032,1624,,3636,119412
9377630,1791002005,0,0,0,0,0,0,0,0,0,0,0,0,8,3,10,3,1,4903,4894,0,,0,0
9377633,1791002060,9393646089,25,18,0,0,18,0,0,18,0,0,4025,6,4026,10932,4051,1,15822,4891,904,,3390,102327
9377637,1791002112,9711475074,7,6,0,0,6,0,0,6,0,0,4207,6,4211,11384,4218,1,15992,4609,328,,4670,205433
9377638,1791002147,0,0,0,0,0,0,0,0,0,0,0,0,8,7,20,7,1,5336,5317,0,,0,0
9377639,1791002204,9308852870,25,24,0,0,24,0,0,24,0,0,4014,2,4014,10901,4039,1,16519,5619,1192,,5487,153661
9377642,1791002247,9660012608,6,6,0,0,6,0,0,6,0,0,4206,2,4208,11367,4214,1,14906,3540,328,,879,91104
9377645,1791002318,9731515781,14,13,0,0,13,0,0,13,0,0,4214,6,4218,11420,4232,1,16874,5455,664,,1818,94738
9377648,1791002370,9321182762,15,11,0,0,11,0,0,11,0,0,4017,6,4020,10890,4035,1,14258,3369,568,,2600,90083
9377652,1791002408,0,0,0,0,0,0,0,0,0,0,0,0,6,4,12,4,1,4056,4045,0,,0,0
9377655,1791002480,9303669416,19,18,0,0,18,0,0,18,0,0,4016,8,4020,10900,4039,1,17514,6615,904,,1886,91478
9377657,1791002542,10123458708,7,7,0,0,7,0,0,7,0,0,4407,6,4410,11920,4417,1,16698,4779,376,,929,96814
9377658,1791002562,9196662516,5,5,0,0,5,0,0,5,0,0,4005,4,4009,10828,4014,1,15856,5029,280,,855,85747
9377659,1791002638,9710479054,7,6,0,0,6,0,0,6,0,0,4207,2,4207,11369,4214,1,18256,6888,328,,1721,184032
9377661,1791002690,9692053172,12,12,0,0,12,0,0,12,0,0,4212,2,4214,11403,4226,1,16851,5449,616,,1109,95627
9377664,1791002739,10703349841,25,19,0,0,19,0,0,19,0,0,4627,4,4625,12545,4650,1,16051,3507,952,,1911,133916
9377666,1791002780,0,0,0,0,0,0,0,0,0,0,0,0,6,6,18,6,1,5049,5032,0,,0,0
9377668,1791002799,10478699430,26,25,0,0,25,0,0,25,0,0,4523,4,4525,12281,4551,1,16668,4388,1240,,2555,238209
9377671,1791002860,0,0,0,0,0,0,0,0,0,0,0,0,4,3,9,3,1,4086,4078,0,,0,0
9377673,1791002897,10655341534,12,11,0,0,11,0,0,11,0,0,4612,6,4617,12487,4629,1,17265,4779,568,,2122,108014
9377675,1791002931,0,0,0,0,0,0,0,0,0,0,0,0,4,4,12,4,1,4053,4042,0,,0,0
9377678,1791002973,0,0,0,0,0,0,0,0,0,0,0,0,4,3,10,3,1,3346,3337,0,,0,0
9377680,1791003018,10669902450,27,27,0,0,27,0,0,27,0,0,4623,6,4627,12559,4654,1,17055,4497,1336,,1232,106707
9377684,1791003063,9373565512,17,7,0,0,7,0,0,7,0,0,4019,4,4019,10888,4036,1,14817,3930,376,,3744,93568
9377687,1791003111,10586664788,8,8,0,0,8,0,0,8,0,0,4608,8,4613,12474,4621,1,17819,5346,424,,1159,100771
9377690,1791003170,0,0,0,0,0,0,0,0,0,0,0,0,6,6,18,6,1,4767,4750,0,,0,0
9377694,1791003196,10715036062,26,23,0,0,23,0,0,23,0,0,4622,6,4623,12543,4649,1,16898,4356,1144,,2441,106638
9377695,1791003256,9660060612,6,6,0,0,6,0,0,6,0,0,4206,8,4212,11382,4218,1,18278,6897,328,,949,91169
9377696,1791003295,9318330068,17,6,0,0,6,0,0,6,0,0,4027,2,4015,10883,4032,1,15485,4603,328,,2458,90784
9377700,1791003341,10277242633,22,11,0,0,11,0,0,11,0,0,4423,2,4418,11985,4440,1,16052,4068,568,,2948,102976
9377705,1791003433,10262332746,19,17,0,0,17,0,0,17,0,0,4416,8,4420,11978,4439,1,18201,6224,856,,2868,103145
9377709,1791003486,9247800962,6,5,0,0,5,0,0,5,0,0,4006,10,4013,10849,4019,1,15210,4362,280,,1741,87530
9377712,1791003523,0,0,0,0,0,0,0,0,0,0,0,0,8,8,23,8,1,5198,5176,0,,0,0
9377713,1791003560,9784242119,19,14,0,0,14,0,0,14,0,0,4219,6,4217,11432,4236,1,17176,5745,712,,2608,94750
9377714,1791003652,9508725941,112,109,0,0,109,0,0,109,0,0,4014,2,4013,11135,4125,1,19291,8157,5272,,3192,127743
9377719,1791003742,10152158038,20,20,0,0,20,0,0,20,0,0,4409,2,4411,11958,4431,1,18986,7029,1000,,933,98886
9377720,1791003789,9215275468,10,10,0,0,10,0,0,10,0,0,4007,10,4014,10862,4024,1,16064,5203,520,,975,88350
9377723,1791003889,10173019440,11,9,0,0,9,0,0,9,0,0,4412,2,4413,11938,4424,1,19389,7452,472,,1579,98695
9377724,1791003936,9311210023,13,6,0,0,6,0,0,6,0,0,4014,6,4013,10862,4026,1,16345,5484,328,,2635,89556
9377725,1791003988,10122666704,7,7,0,0,7,0,0,7,0,0,4407,2,4408,11912,4415,1,18126,6215,376,,870,95557
9377726,1791004086,9744805133,9,7,0,0,7,0,0,7,0,0,4210,2,4211,11392,4220,1,19302,7911,376,,2446,92797
9377727,1791004130,9712221016,8,7,0,0,7,0,0,7,0,0,4209,2,4211,11386,4219,1,15876,4491,376,,1956,96613
9377733,1791004161,9900802118,21,16,0,0,16,0,0,16,0,0,4221,2,4220,11443,4241,1,15228,3786,808,,4262,149619
9377735,1791004227,28655264,7,7,0,0,7,0,0,7,0,0,5,12,10,47,17,1,5369,5323,376,,290,5999
9377738,1791004304,10446647551,36,21,0,0,21,0,0,21,0,0,4435,4,4430,12045,4466,1,17214,5170,1048,,8939,282547
9377742,1791004328,9196590516,5,5,0,0,5,0,0,5,0,0,4005,6,4007,10828,4012,1,14872,4045,280,,784,87405
9377746,1791004406,9761679468,9,7,0,0,7,0,0,7,0,0,4210,8,4214,11396,4223,1,16853,5458,376,,2788,98877
9377748,1791004461,10155511272,13,13,0,0,13,0,0,13,0,0,4413,8,4418,11965,4431,1,18127,6163,664,,1117,98745
9377749,1791004508,9692053172,12,12,0,0,12,0,0,12,0,0,4212,4,4214,11405,4226,1,16885,5481,616,,963,92933
9377751,1791004567,9367136803,19,12,0,0,12,0,0,12,0,0,4019,2,4018,10896,4037,1,17222,6327,616,,3296,91883
9377754,1791004615,10123506712,7,7,0,0,7,0,0,7,0,0,4407,4,4409,11919,4416,1,15320,3402,376,,881,94108
9377758,1791004654,45421550,19,19,0,0,19,0,0,19,0,0,2,6,8,74,27,1,4118,4045,952,,244,7063
9377763,1791004701,10152235272,13,13,0,0,13,0,0,13,0,0,4413,8,4415,11952,4428,1,17438,5487,664,,971,145200
9377765,1791004750,9248966932,7,6,0,0,6,0,0,6,0,0,4008,10,4017,10859,4024,1,15614,4756,328,,2666,175261
9377772,1791004787,9746768367,9,7,0,0,7,0,0,7,0,0,4210,4,4212,11391,4221,1,15320,3930,376,,2296,91902
9377773,1791004876,24847228,9,9,0,0,9,0,0,9,0,0,2,14,10,52,19,1,8338,8287,472,,127,3464
9377778,1791004912,9358367908,17,13,0,0,13,0,0,13,0,0,4020,2,4020,10893,4037,1,15242,4350,664,,3083,89704
9377780,1791004964,9195726500,5,5,0,0,5,0,0,5,0,0,4005,10,4012,10842,4017,1,16190,5349,280,,788,84075
9377782,1791005012,0,0,0,0,0,0,0,0,0,0,0,0,4,3,9,3,1,5178,5170,0,,0,0
9377784,1791005053,9793204042,15,13,0,0,13,0,0,13,0,0,4216,4,4217,11417,4232,1,16022,4606,664,,2763,95142
9377787,1791005097,9685597874,17,17,0,0,17,0,0,17,0,0,4208,4,4211,11409,4228,1,15620,4212,856,,915,92820
9377788,1791005140,9713562612,11,7,0,0,7,0,0,7,0,0,4212,6,4215,11406,4226,1,16607,5202,376,,1703,90889
9377789,1791005181,0,0,0,0,0,0,0,0,0,0,0,0,2,2,7,2,1,5205,5199,0,,0,0
9377791,1791005224,10140612980,10,10,0,0,10,0,0,10,0,0,4410,2,4411,11933,4421,1,16177,4245,520,,990,97391
9377792,1791005256,9660084616,6,6,0,0,6,0,0,6,0,0,4206,4,4209,11373,4215,1,16289,4917,328,,855,93480
9377798,1791005325,0,0,0,0,0,0,0,0,0,0,0,0,2,2,7,2,1,4327,4321,0,,0,0
9377802,1791005355,10182905438,9,8,0,0,8,0,0,8,0,0,4410,12,4419,11948,4428,1,16030,4083,424,,1806,96937
9377804,1791005433,9786045121,16,9,0,0,9,0,0,9,0,0,4218,8,4223,11439,4239,1,18758,7320,472,,2728,98632
9377805,1791005469,9710959074,7,6,0,0,6,0,0,6,0,0,4207,4,4210,11375,4217,1,16291,4917,328,,1854,100451
9377807,1791005517,10531708796,5,5,0,0,5,0,0,5,0,0,4252,2,4254,11495,4259,1,15844,4350,280,,1089,107921
9377810,1791005577,9247752958,6,5,0,0,5,0,0,5,0,0,4006,4,4010,10839,4016,1,14598,3760,280,,1872,89886
9377811,1791005603,10375546877,219,208,0,0,208,0,0,208,0,0,4232,6,4218,11974,4437,1,17598,5625,10024,,3664,175655
9377814,1791005659,0,0,0,0,0,0,0,0,0,0,0,0,2,2,7,2,1,4609,4603,0,,0,0
9377815,1791005694,0,0,0,0,0,0,0,0,0,0,0,0,6,3,10,3,1,5182,5173,0,,0,0
9377816,1791005729,0,0,0,0,0,0,0,0,0,0,0,0,2,1,4,1,1,4324,4321,0,,0,0
9377820,1791005843,10247004315,16,9,0,0,9,0,0,9,0,0,4418,2,4416,11961,4432,1,18884,6924,472,,2578,100750
9377823,1791005900,0,0,0,0,0,0,0,0,0,0,0,0,8,7,20,7,1,4772,4753,0,,0,0
9377825,1791005923,9705482260,29,29,0,0,29,0,0,29,0,0,4208,6,4212,11446,4241,1,16336,4891,1432,,962,99468
9377829,1791005982,10118942018,15,5,0,0,5,0,0,5,0,0,3708,4,3034,8232,3049,1,12584,4353,280,,4607,116773
9377832,1791006025,0,0,0,0,0,0,0,0,0,0,0,0,8,5,15,5,1,4767,4753,0,,0,0
9377833,1791006066,0,0,0,0,0,0,0,0,0,0,0,0,6,5,15,5,1,5046,5032,0,,0,0
9377834,1791006140,0,0,0,0,0,0,0,0,0,0,0,0,2,1,4,1,1,7003,7000,0,,0,0
9377838,1791006216,10678713386,27,23,0,0,23,0,0,23,0,0,4619,2,4616,12529,4643,1,17724,5196,1144,,1927,110206
9377840,1791006248,9718306938,8,7,0,0,7,0,0,7,0,0,4209,8,4213,11394,4221,1,15611,4218,376,,1942,97204
9377845,1791006297,0,0,0,0,0,0,0,0,0,0,0,0,4,3,9,3,1,4191,4183,0,,0,0
9377849,1791006329,0,0,0,0,0,0,0,0,0,0,0,0,10,4,12,4,1,4062,4051,0,,0,0
9377852,1791006410,9889922225,36,27,0,0,27,0,0,27,0,0,4225,8,4225,11496,4261,1,16736,5241,1336,,3887,108280
9377854,1791006459,10628651733,11,9,0,0,9,0,0,9,0,0,4612,6,4615,12486,4626,1,17969,5484,472,,1787,103520
9377855,1791006506,10206055633,16,10,0,0,10,0,0,10,0,0,4418,4,4422,11975,4438,1,17455,5481,520,,1894,98708
9377857,1791006541,9282717309,8,5,0,0,5,0,0,5,0,0,4008,2,4010,10846,4018,1,14884,4039,280,,2443,89963
9377859,1791006585,9297582096,18,14,0,0,14,0,0,14,0,0,4021,4,4020,10898,4038,1,15221,4324,712,,1920,92041
9377862,1791006638,0,0,0,0,0,0,0,0,0,0,0,0,4,2,7,2,1,3625,3619,0,,0,0
9377864,1791006685,31447356,13,13,0,0,13,0,0,13,0,0,2,6,4,47,17,1,4937,4891,664,,153,4910
9377865,1791006707,10622508300,14,13,0,0,13,0,0,13,0,0,4613,4,4616,12491,4630,1,16984,4494,664,,1143,102720
9377869,1791006774,0,0,0,0,0,0,0,0,0,0,0,0,2,2,7,2,1,5455,5449,0,,0,0
9377872,1791006812,0,0,0,0,0,0,0,0,0,0,0,0,8,4,12,4,1,3636,3625,0,,0,0
9377876,1791006845,9294907822,15,14,0,0,14,0,0,14,0,0,4015,6,4018,10882,4033,1,14926,4045,712,,1817,91735
9377880,1791006887,0,0,0,0,0,0,0,0,0,0,0,0,8,6,18,6,1,4488,4471,0,,0,0
9377881,1791006954,10371939489,66,58,1,34,59,0,0,59,1,0,4422,8,4421,12108,4487,1,19459,7352,2872,,2985,120239
9377886,1791007003,9195810508,5,5,0,0,5,0,0,5,0,0,4005,2,4006,10821,4011,1,14859,4039,280,,875,86465
9377887,1791007052,10638213204,10,9,0,0,9,0,0,9,0,0,4611,10,4618,12487,4628,1,18088,5602,472,,1932,102166
9377890,1791007194,10604023076,11,11,0,0,11,0,0,11,0,0,4611,2,4612,12474,4623,1,18063,5590,568,,1015,101372
9377892,1791007297,21505166,7,7,0,0,7,0,0,7,0,0,2,6,6,36,13,1,7887,7852,376,,122,2652
9377896,1791007325,9890118494,132,88,1,20,89,0,0,89,1,0,3811,4,3806,10627,3938,1,14838,4212,4312,,18575,165678
9377899,1791007369,9715938453,12,10,0,0,10,0,0,10,0,0,4212,8,4219,11420,4231,1,15637,4218,520,,1748,95105
9377901,1791007417,0,0,0,0,0,0,0,0,0,0,0,0,6,4,12,4,1,4902,4891,0,,0,0
9377902,1791007460,0,0,0,0,0,0,0,0,0,0,0,0,4,2,7,2,1,5458,5452,0,,0,0
9377904,1791007490,10659255284,57,18,0,0,18,0,0,18,0,0,4269,2,4269,11674,4326,1,15600,3927,904,,16798,144173
9377908,1791007593,9864532687,23,10,0,0,10,0,0,10,0,0,4224,4,4221,11448,4244,1,17777,6330,520,,3895,101102
9377909,1791007660,9247391384,25,25,0,0,25,0,0,25,0,0,4009,8,4016,10903,4041,1,17376,6474,1240,,971,94978
9377912,1791007713,9230845109,7,6,0,0,6,0,0,6,0,0,4007,2,4009,10840,4016,1,14907,4068,328,,1403,89144
9377913,1791007797,0,0,0,0,0,0,0,0,0,0,0,0,6,5,15,5,1,8289,8275,0,,0,0
9377915,1791007830,10248364973,27,25,0,0,25,0,0,25,0,0,4428,2,4421,12005,4448,1,16213,4209,1240,,1954,104499
9377917,1791007912,10215553350,20,18,0,0,18,0,0,18,0,0,4421,4,4421,11982,4441,1,16616,4635,904,,1741,102963
9377920,1791007951,0,0,0,0,0,0,0,0,0,0,0,0,4,3,9,3,1,3627,3619,0,,0,0
9377922,1791007972,0,0,0,0,0,0,0,0,0,0,0,0,6,3,10,3,1,4477,4468,0,,0,0
9377927,1791008028,0,0,0,0,0,0,0,0,0,0,0,0,4,3,9,3,1,4050,4042,0,,0,0
9377931,1791008059,10242537040,14,12,0,0,12,0,0,12,0,0,4412,10,4419,11965,4433,1,16890,4926,616,,2928,100859
9377932,1791008113,9288267170,23,22,0,0,22,0,0,22,0,0,4010,8,4016,10903,4039,1,15937,5035,1096,,1763,93996
9377934,1791008144,9304571829,20,6,0,0,6,0,0,6,0,0,4021,2,4015,10884,4035,1,15659,4776,328,,2116,91821
9377936,1791008193,9710479054,7,6,0,0,6,0,0,6,0,0,4207,4,4208,11376,4215,1,15312,3937,328,,1666,96592
9377938,1791008253,10695098837,25,24,0,0,24,0,0,24,0,0,4625,4,4628,12558,4653,1,17868,5311,1192,,1781,107857
9377941,1791008308,10216268184,15,13,0,0,13,0,0,13,0,0,4415,4,4417,11961,4432,1,16566,4606,664,,1978,99533
9377944,1791008342,0,0,0,0,0,0,0,0,0,0,0,0,6,4,12,4,1,4620,4609,0,,0,0
9377947,1791008374,9580028840,63,25,0,0,25,0,0,25,0,0,3880,6,3882,10646,3945,1,15113,4468,1240,,11022,138406
9377949,1791008433,9264365425,14,12,0,0,12,0,0,12,0,0,4013,6,4016,10875,4030,1,15624,4750,616,,1777,94836
9377952,1791008499,10285812089,47,15,0,0,15,0,0,15,0,0,4262,4,4265,11631,4312,1,15701,4071,760,,7783,135330
9377954,1791008530,0,0,0,0,0,0,0,0,0,0,0,0,6,3,9,3,1,4758,4750,0,,0,0
9377956,1791008561,9762081333,21,19,0,0,19,0,0,19,0,0,4221,4,4223,11453,4244,1,15635,4183,952,,1739,121110
9377959,1791008608,10138248992,10,10,0,0,10,0,0,10,0,0,4410,4,4413,11937,4423,1,15443,3507,520,,913,97036
9377960,1791008652,0,0,0,0,0,0,0,0,0,0,0,0,6,3,9,3,1,5604,5596,0,,0,0
9377962,1791008685,0,0,0,0,0,0,0,0,0,0,0,0,2,1,4,1,1,4606,4603,0,,0,0
9377963,1791008735,10335166109,37,30,0,0,30,0,0,30,0,0,4432,4,4430,12056,4467,1,17991,5936,1480,,3147,108700
9377964,1791008790,0,0,0,0,0,0,0,0,0,0,0,0,2,2,7,2,1,4927,4921,0,,0,0
9377966,1791008831,0,0,0,0,0,0,0,0,0,0,0,0,2,1,4,1,1,4606,4603,0,,0,0
9377969,1791008906,10658504162,11,8,0,0,8,0,0,8,0,0,4611,4,4614,12482,4625,1,17933,5452,424,,2121,202144
9377973,1791008937,0,0,0,0,0,0,0,0,0,0,0,0,6,5,15,5,1,3777,3763,0,,0,0
9377977,1791009033,9861526024,46,38,0,0,38,0,0,38,0,0,4238,8,4235,11550,4281,1,19010,7461,1864,,5590,189757
9377980,1791009070,9196710520,5,5,0,0,5,0,0,5,0,0,4005,8,4011,10834,4016,1,15022,4189,280,,836,85560
9377981,1791009145,0,0,0,0,0,0,0,0,0,0,0,0,6,4,12,4,1,6171,6160,0,,0,0
9377983,1791009173,9777345795,16,14,0,0,14,0,0,14,0,0,4215,2,4216,11415,4232,1,15623,4209,712,,2659,95035
9377986,1791009215,0,0,0,0,0,0,0,0,0,0,0,0,4,3,9,3,1,4332,4324,0,,0,0
9377988,1791009276,24811228,9,9,0,0,9,0,0,9,0,0,2,6,4,36,13,1,5772,5737,472,,128,3389
9377991,1791009315,0,0,0,0,0,0,0,0,0,0,0,0,4,1,4,1,1,4468,4465,0,,0,0
9377995,1791009346,10227883154,13,8,0,0,8,0,0,8,0,0,4414,6,4415,11951,4428,1,15496,3546,424,,2535,96809
9377997,1791009390,0,0,0,0,0,0,0,0,0,0,0,0,8,7,20,7,1,4631,4612,0,,0,0
9378001,1791009438,0,0,0,0,0,0,0,0,0,0,0,0,4,3,9,3,1,4191,4183,0,,0,0
9378002,1791009474,10710443066,29,28,0,0,28,0,0,28,0,0,4623,8,4621,12546,4650,1,19019,6474,1384,,2111,109245
9378004,1791009537,10594915760,9,9,0,0,9,0,0,9,0,0,4610,2,4612,12469,4621,1,17241,4773,472,,1002,98639
9378006,1791009618,9831941976,24,21,0,0,21,0,0,21,0,0,4227,4,4229,11482,4253,1,16962,5481,1048,,2576,100450
9378012,1791009664,0,0,0,0,0,0,0,0,0,0,0,0,4,4,12,4,1,3912,3901,0,,0,0
9378014,1791009686,9282781718,16,12,0,0,12,0,0,12,0,0,4017,12,4021,10893,4037,1,15398,4506,616,,1785,90045
9378016,1791009727,10151315352,18,18,0,0,18,0,0,18,0,0,4410,4,4414,11962,4432,1,16455,4494,904,,921,98549
9378017,1791009805,0,0,0,0,0,0,0,0,0,0,0,0,4,3,10,3,1,7153,7144,0,,0,0
9378019,1791009840,10195802855,16,14,0,0,14,0,0,14,0,0,4416,2,4416,11958,4432,1,16025,4068,712,,1796,100708
9378022,1791009901,9256839758,8,7,0,0,7,0,0,7,0,0,4010,4,4013,10854,4021,1,16193,5340,376,,1911,91571
9378024,1791009945,0,0,0,0,0,0,0,0,0,0,0,0,6,5,15,5,1,5078,5064,0,,0,0
9378028,1791010028,33826724,13,13,0,0,13,0,0,13,0,0,3,4,5,50,18,1,6488,6439,664,,150,4962
9378029,1791010068,0,0,0,0,0,0,0,0,0,0,0,0,8,4,12,4,1,5892,5881,0,,0,0
9378031,1791010111,9788964297,16,9,0,0,9,0,0,9,0,0,4218,2,4216,11417,4232,1,16189,4773,472,,2751,97196
9378034,1791010175,9713281235,10,7,0,0,7,0,0,7,0,0,4211,4,4213,11395,4223,1,16452,5058,376,,1920,106132
9378038,1791010246,0,0,0,0,0,0,0,0,0,0,0,0,6,3,10,3,1,5041,5032,0,,0,0
9378042,1791010281,10207913478,13,11,0,0,11,0,0,11,0,0,4413,8,4420,11965,4433,1,16717,4753,568,,2157,106933
9378043,1791010328,9335591670,22,20,0,0,20,0,0,20,0,0,4013,8,4018,10900,4040,1,15681,4782,1000,,2692,96799
9378046,1791010355,9196470500,5,5,0,0,5,0,0,5,0,0,4005,2,4007,10828,4012,1,14895,4068,280,,861,87487
9378049,1791010456,0,0,0,0,0,0,0,0,0,0,0,0,6,5,15,5,1,7866,7852,0,,0,0
9378053,1791010522,10215909106,19,11,0,0,11,0,0,11,0,0,4420,6,4421,11980,4440,1,18373,6394,568,,2021,100837
9378056,1791010580,24823228,9,9,0,0,9,0,0,9,0,0,2,8,8,47,17,1,5222,5176,472,,145,3551
9378060,1791010625,0,0,0,0,0,0,0,0,0,0,0,0,6,2,7,2,1,4756,4750,0,,0,0
9378062,1791010664,9723687293,13,11,0,0,11,0,0,11,0,0,4213,8,4216,11409,4229,1,15879,4471,568,,1881,94834
9378064,1791010714,0,0,0,0,0,0,0,0,0,0,0,0,4,3,9,3,1,3768,3760,0,,0,0
9378066,1791010750,9751217374,14,13,0,0,13,0,0,13,0,0,4215,4,4218,11423,4232,1,16592,5170,664,,1937,100684
9378070,1791010824,9809922670,37,33,0,0,33,0,0,33,0,0,4227,4,4227,11508,4264,1,16818,5311,1624,,2031,108348
9378075,1791010873,9248918928,7,6,0,0,6,0,0,6,0,0,4008,8,4012,10842,4019,1,15482,4641,328,,1947,97572
9378077,1791010942,0,0,0,0,0,0,0,0,0,0,0,0,10,6,17,6,1,6887,6871,0,,0,0
9378079,1791010968,9692053172,12,12,0,0,12,0,0,12,0,0,4212,4,4215,11408,4227,1,15196,3789,616,,1065,95281
9378083,1791011030,0,0,0,0,0,0,0,0,0,0,0,0,4,4,12,4,1,4476,4465,0,,0,0
9378088,1791011071,10228543224,22,19,0,0,19,0,0,19,0,0,4414,8,4417,11976,4439,1,16475,4500,952,,2117,107152
9378091,1791011132,0,0,0,0,0,0,0,0,0,0,0,0,10,4,12,4,1,4730,4719,0,,0,0
9378092,1791011168,9771385955,21,11,0,0,11,0,0,11,0,0,4223,6,4222,11449,4243,1,17185,5737,568,,2093,98613
9378093,1791011242,9720221827,12,10,0,0,10,0,0,10,0,0,4213,2,4214,11406,4226,1,18123,6718,520,,1823,97268
9378095,1791011283,10175715124,9,8,0,0,8,0,0,8,0,0,4410,2,4411,11929,4420,1,16560,4632,424,,1951,100379
9378096,1791011315,10994595629,36,11,0,0,11,0,0,11,0,0,4175,4,3948,10753,3984,1,15781,5029,568,,4201,127804
9378098,1791011359,0,0,0,0,0,0,0,0,0,0,0,0,2,1,4,1,1,4465,4462,0,,0,0
9378101,1791011405,10813552760,131,26,0,0,26,0,0,26,0,0,3396,4,2798,7903,2929,1,12396,4494,1288,,35930,143844
9378103,1791011458,0,0,0,0,0,0,0,0,0,0,0,0,6,5,15,5,1,5469,5455,0,,0,0
9378105,1791011543,9947566854,18,16,0,0,16,0,0,16,0,0,4285,4,4286,11611,4304,1,17655,6045,808,,2541,99040
9378106,1791011573,9196614512,5,5,0,0,5,0,0,5,0,0,4005,4,4008,10829,4013,1,15322,4494,280,,811,157189
9378108,1791011654,0,0,0,0,0,0,0,0,0,0,0,0,2,2,7,2,1,6583,6577,0,,0,0
9378110,1791011687,9079544310,25,14,0,0,14,0,0,14,0,0,3632,4,3626,9852,3651,1,14659,4808,712,,9455,267100
9378113,1791011726,10716172404,15,12,0,0,12,0,0,12,0,0,4616,4,4619,12506,4634,1,16048,3543,616,,3036,108049
9378116,1791011770,9716723750,21,21,0,0,21,0,0,21,0,0,4215,6,4219,11442,4240,1,16050,4609,1048,,1064,96401
9378117,1791011804,10301840832,5,5,0,0,5,0,0,5,0,0,4044,6,3878,10482,3883,1,15824,5343,280,,1279,104263
9378120,1791011848,10603315080,11,11,0,0,11,0,0,11,0,0,4611,2,4612,12474,4623,1,16823,4350,568,,1128,102154
9378121,1791011920,0,0,0,0,0,0,0,0,0,0,0,0,6,6,17,6,1,6740,6724,0,,0,0
9378123,1791011976,10289790763,12,11,0,0,11,0,0,11,0,0,4462,2,4463,12078,4475,1,17414,5337,568,,1640,100248
9378126,1791012033,9311430938,17,8,0,0,8,0,0,8,0,0,4018,4,4018,10890,4035,1,15806,4917,424,,2482,89226
9378129,1791012078,9693919205,8,7,0,0,7,0,0,7,0,0,4208,6,4213,11391,4221,1,16028,4638,376,,1431,92470
9378132,1791012125,0,0,0,0,0,0,0,0,0,0,0,0,6,3,9,3,1,3912,3904,0,,0,0
9378135,1791012166,9340586803,20,18,0,0,18,0,0,18,0,0,4019,6,4022,10907,4042,1,15544,4638,904,,2747,94342
9378138,1791012205,0,0,0,0,0,0,0,0,0,0,0,0,6,6,17,6,1,4484,4468,0,,0,0
9378139,1791012259,9307206363,16,11,0,0,11,0,0,11,0,0,4018,6,4019,10889,4035,1,16907,6019,568,,2468,89552
9378141,1791012315,10182747944,10,9,0,0,9,0,0,9,0,0,4412,2,4412,11932,4422,1,16215,4284,472,,1875,97332
9378143,1791012349,10427571766,111,7,0,0,7,0,0,7,0,0,4312,4,4215,11672,4326,1,16277,4606,376,,9031,126842
9378146,1791012390,0,0,0,0,0,0,0,0,0,0,0,0,4,1,4,1,1,3904,3901,0,,0,0
9378150,1791012453,10675454450,14,11,0,0,11,0,0,11,0,0,4614,6,4617,12496,4631,1,17556,5061,568,,2057,107040
9378151,1791012488,9196566508,5,5,0,0,5,0,0,5,0,0,4005,8,4012,10847,4017,1,16333,5487,280,,847,90797
9378154,1791012571,9659868596,6,6,0,0,6,0,0,6,0,0,4206,2,4208,11366,4214,1,18394,7029,328,,904,91710
9378157,1791012608,9196614512,5,5,0,0,5,0,0,5,0,0,4005,6,4011,10840,4016,1,15195,4356,280,,868,88314
9378160,1791012665,10293169006,59,51,0,0,51,0,0,51,0,0,4424,6,4421,12092,4480,1,17293,5202,2488,,2047,113021
9378162,1791012745,10604023076,11,11,0,0,11,0,0,11,0,0,4611,6,4616,12486,4627,1,19802,7317,568,,1063,99505
9378163,1791012870,10225149566,10,8,0,0,8,0,0,8,0,0,4411,4,4413,11933,4423,1,22239,10307,424,,2734,97275
9378166,1791012928,9660024612,6,6,0,0,6,0,0,6,0,0,4206,2,4208,11374,4214,1,15694,4321,328,,846,89037
9378170,1791012985,0,0,0,0,0,0,0,0,0,0,0,0,6,4,12,4,1,5607,5596,0,,0,0
9378174,1791013020,0,0,0,0,0,0,0,0,0,0,0,0,8,5,15,5,1,4485,4471,0,,0,0
9378175,1791013058,9733485265,97,27,1,2,28,0,0,28,1,0,3637,8,3637,10076,3734,1,15280,5205,1384,,29906,114314
9378176,1791013101,0,0,0,0,0,0,0,0,0,0,0,0,2,2,7,2,1,5173,5167,0,,0,0
9378178,1791013147,0,0,0,0,0,0,0,0,0,0,0,0,2,1,4,1,1,4606,4603,0,,0,0
9378183,1791013208,0,0,0,0,0,0,0,0,0,0,0,0,4,3,9,3,1,4050,4042,0,,0,0
9378186,1791013269,10369670212,37,28,0,0,28,0,0,28,0,0,4430,10,4430,12058,4467,1,18675,6618,1384,,3867,107135
9378187,1791013297,9305989430,12,6,0,0,6,0,0,6,0,0,4013,6,4012,10861,4024,1,15639,4779,328,,2520,90594
9378189,1791013340,9739349842,37,37,0,0,37,0,0,37,0,0,4214,2,4216,11477,4253,1,15544,4068,1816,,1045,101958
9378191,1791013467,10174525150,8,7,0,0,7,0,0,7,0,0,4408,4,4411,11927,4419,1,17830,5904,376,,1707,95895
9378193,1791013468,9702359555,9,7,0,0,7,0,0,7,0,0,4210,4,4213,11392,4222,1,15744,4353,376,,1600,89589
9378195,1791013469,10603255076,11,11,0,0,11,0,0,11,0,0,4611,4,4613,12478,4624,1,17144,4667,568,,1047,100507
9378196,1791013510,9196470500,5,5,0,0,5,0,0,5,0,0,4005,4,4008,10830,4013,1,14670,3841,280,,830,84654
9378198,1791013563,10672435368,19,15,0,0,15,0,0,15,0,0,4620,2,4620,12518,4639,1,17572,5055,760,,1894,102249
9378201,1791013608,0,0,0,0,0,0,0,0,0,0,0,0,4,3,9,3,1,4050,4042,0,,0,0
9378203,1791013722,0,0,0,0,0,0,0,0,0,0,0,0,6,2,7,2,1,9127,9121,0,,0,0
9378205,1791013769,9292975386,11,10,0,0,10,0,0,10,0,0,4022,4,4023,10887,4034,1,15521,4635,520,,1845,88806
9378208,1791013809,0,0,0,0,0,0,0,0,0,0,0,0,4,3,9,3,1,4050,4042,0,,0,0
9378212,1791013888,9843611581,42,35,0,0,35,0,0,35,0,0,4221,6,4222,11510,4264,1,17416,5907,1720,,2687,103668
9378214,1791013934,0,0,0,0,0,0,0,0,0,0,0,0,8,7,20,7,1,4067,4048,0,,0,0
9378218,1791013990,10268899445,23,16,0,0,16,0,0,16,0,0,4423,4,4422,11995,4445,1,16911,4917,808,,2706,107390
9378221,1791014040,9674742888,9,9,0,0,9,0,0,9,0,0,4209,8,4217,11408,4226,1,16503,5096,472,,929,93638
9378226,1791014105,0,0,0,0,0,0,0,0,0,0,0,0,6,5,15,5,1,5082,5068,0,,0,0
9378228,1791014138,10315152859,20,11,0,0,11,0,0,11,0,0,4424,10,4424,11997,4444,1,16358,4362,568,,3599,103554
9378230,1791014178,0,0,0,0,0,0,0,0,0,0,0,0,4,4,12,4,1,4758,4747,0,,0,0
9378234,1791014289,9877307195,52,43,0,0,43,0,0,43,0,0,4234,4,4225,11540,4277,1,18712,7173,2104,,2714,106518
9378238,1791014331,10949249554,53,52,0,0,52,0,0,52,0,0,4213,8,4000,10938,4053,1,15014,4077,2536,,2009,127007
9378241,1791014358,10984547548,120,104,1,100,105,0,0,105,1,0,3803,8,3069,8609,3189,1,12826,4218,5080,,2916,155913
9378244,1791014397,9196470500,5,5,0,0,5,0,0,5,0,0,4005,6,4011,10840,4016,1,15054,4215,280,,815,84831
9378245,1791014470,9849217219,32,21,0,0,21,0,0,21,0,0,4229,6,4226,11493,4258,1,18498,7006,1048,,2955,101410
9378249,1791014513,0,0,0,0,0,0,0,0,0,0,0,0,2,1,4,1,1,4042,4039,0,,0,0
9378254,1791014548,9239702685,8,6,0,0,6,0,0,6,0,0,4009,8,4012,10850,4020,1,15490,4641,328,,1587,88769
9378255,1791014592,0,0,0,0,0,0,0,0,0,0,0,0,10,7,20,7,1,5339,5320,0,,0,0
9378259,1791014631,10291002480,33,29,0,0,29,0,0,29,0,0,4420,2,4420,12017,4453,1,16821,4805,1432,,2562,108782
9378262,1791014677,9196566508,5,5,0,0,5,0,0,5,0,0,4005,8,4012,10842,4017,1,14249,3408,280,,799,88269
9378265,1791014753,0,0,0,0,0,0,0,0,0,0,0,0,6,6,18,6,1,6318,6301,0,,0,0
9378269,1791014794,0,0,0,0,0,0,0,0,0,0,0,0,6,5,15,5,1,4200,4186,0,,0,0
9378273,1791014838,10802129885,25,18,0,0,18,0,0,18,0,0,4624,8,4629,12559,4654,1,17340,4782,904,,4808,114615
9378276,1791014882,0,0,0,0,0,0,0,0,0,0,0,0,8,5,15,5,1,4626,4612,0,,0,0
9378278,1791014951,0,0,0,0,0,0,0,0,0,0,0,0,6,1,4,1,1,5881,5878,0,,0,0
9378282,1791015015,0,0,0,0,0,0,0,0,0,0,0,0,4,3,10,3,1,5179,5170,0,,0,0
9378284,1791015082,10779760208,42,31,0,0,31,0,0,31,0,0,4629,8,4628,12602,4670,1,18088,5487,1528,,3073,116494
9378287,1791015134,9692129235,8,7,0,0,7,0,0,7,0,0,4209,4,4210,11382,4218,1,15705,4324,376,,1589,95075
9378291,1791015161,9196710520,5,5,0,0,5,0,0,5,0,0,4005,6,4008,10829,4013,1,14769,3941,280,,879,88643
9378293,1791015258,9752797833,11,8,0,0,8,0,0,8,0,0,4212,8,4218,11409,4229,1,18619,7211,424,,2633,95826
9378295,1791015319,9257971416,7,5,0,0,5,0,0,5,0,0,4007,4,4011,10845,4018,1,15450,4606,280,,1870,96131
9378298,1791015355,0,0,0,0,0,0,0,0,0,0,0,0,4,3,9,3,1,4473,4465,0,,0,0
9378301,1791015384,0,0,0,0,0,0,0,0,0,0,0,0,6,3,9,3,1,4617,4609,0,,0,0
9378302,1791015436,9837420893,30,19,0,0,19,0,0,19,0,0,4224,6,4220,11468,4250,1,17374,5907,952,,2957,104270
9378306,1791015476,9753762013,10,7,0,0,7,0,0,7,0,0,4211,2,4212,11390,4222,1,17290,5901,376,,3102,106264
9378309,1791015553,0,0,0,0,0,0,0,0,0,0,0,0,8,6,17,6,1,3641,3625,0,,0,0
9378313,1791015599,9659868596,6,6,0,0,6,0,0,6,0,0,4206,6,4209,11374,4215,1,16152,4779,328,,1000,99376
9378315,1791015643,30532660,11,11,0,0,11,0,0,11,0,0,3,8,9,55,20,1,4525,4471,568,,156,4371
9378320,1791015683,9735152722,15,7,0,0,7,0,0,7,0,0,4216,4,4213,11407,4228,1,15307,3901,376,,2018,100048
9378323,1791015750,9341921849,13,7,0,0,7,0,0,7,0,0,4016,10,4019,10883,4032,1,17077,6195,376,,4005,97961
9378326,1791015802,0,0,0,0,0,0,0,0,0,0,0,0,6,4,12,4,1,4056,4045,0,,0,0
9378328,1791015847,10283683906,32,22,0,0,22,0,0,22,0,0,4425,6,4420,12014,4452,1,16542,4529,1096,,3306,113744
9378330,1791015875,9196674520,5,5,0,0,5,0,0,5,0,0,4005,4,4009,10834,4014,1,14763,3930,280,,882,92913
9378332,1791015922,9869867116,20,8,0,0,8,0,0,8,0,0,4223,4,4223,11448,4243,1,16082,4635,424,,4410,102166
9378335,1791015963,9236090091,8,6,0,0,6,0,0,6,0,0,4008,4,4010,10842,4018,1,14630,3789,328,,1598,92562
9378338,1791016009,0,0,0,0,0,0,0,0,0,0,0,0,6,3,10,3,1,3913,3904,0,,0,0
9378340,1791016037,21505164,7,7,0,0,7,0,0,7,0,0,2,6,4,31,11,1,4075,4045,376,,129,2841
9378343,1791016071,0,0,0,0,0,0,0,0,0,0,0,0,4,2,7,2,1,4189,4183,0,,0,0
9378346,1791016126,9868748312,65,11,0,0,11,0,0,11,0,0,4078,6,4078,11178,4143,1,15645,4468,568,,7622,122979
9378347,1791016179,9247970912,7,6,0,0,6,0,0,6,0,0,4008,6,4012,10847,4019,1,16048,5202,328,,1744,88613
9378349,1791016224,0,0,0,0,0,0,0,0,0,0,0,0,2,2,7,2,1,4891,4885,0,,0,0
9378351,1791016258,10211480520,19,11,0,0,11,0,0,11,0,0,4418,4,4417,11968,4436,1,16320,4353,568,,2126,98967
9378352,1791016318,10585908788,8,8,0,0,8,0,0,8,0,0,4608,4,4611,12464,4619,1,19072,6609,424,,1007,101424
9378354,1791016377,31627356,13,13,0,0,13,0,0,13,0,0,2,2,4,47,17,1,4931,4885,664,,158,5240
9378356,1791016418,0,0,0,0,0,0,0,0,0,0,0,0,4,1,4,1,1,5032,5029,0,,0,0
9378358,1791016469,9338834580,53,10,0,0,10,0,0,10,0,0,3862,4,3865,10575,3918,1,15357,4783,520,,8656,114684
9378361,1791016536,0,0,0,0,0,0,0,0,0,0,0,0,4,3,9,3,1,5178,5170,0,,0,0
9378365,1791016586,0,0,0,0,0,0,0,0,0,0,0,0,6,3,9,3,1,4617,4609,0,,0,0
9378369,1791016612,10458201681,58,27,0,0,27,0,0,27,0,0,4230,8,4232,11574,4290,1,15368,3795,1336,,17243,118998
9378376,1791016668,9291925875,10,7,0,0,7,0,0,7,0,0,4012,8,4017,10867,4027,1,15225,4359,376,,2778,92776
9378381,1791016777,10913352079,85,37,0,0,37,0,0,37,0,0,4485,14,4494,12359,4579,1,20831,8473,1816,,10139,144890
9378384,1791016861,0,0,0,0,0,0,0,0,0,0,0,0,10,9,26,9,1,7037,7012,0,,0,0
9378386,1791016906,9844169105,27,16,0,0,16,0,0,16,0,0,4228,6,4228,11484,4255,1,16262,4779,808,,3109,103038
9378392,1791016957,0,0,0,0,0,0,0,0,0,0,0,0,4,2,7,2,1,4048,4042,0,,0,0
9378395,1791017001,0,0,0,0,0,0,0,0,0,0,0,0,12,8,23,8,1,5204,5182,0,,0,0
9378399,1791017074,9772049329,27,17,0,0,17,0,0,17,0,0,4215,6,4218,11456,4245,1,16129,4674,856,,2006,103972
9378403,1791017111,9248822920,7,6,0,0,6,0,0,6,0,0,4008,8,4016,10856,4023,1,15326,4471,328,,1907,93018
9378405,1791017197,0,0,0,0,0,0,0,0,0,0,0,0,8,2,7,2,1,5746,5740,0,,0,0
9378407,1791017263,9941370566,35,18,0,0,18,0,0,18,0,0,4258,4,4250,11562,4285,1,18987,7426,904,,3363,109347
9378410,1791017387,0,0,0,0,0,0,0,0,0,0,0,0,4,3,9,3,1,8985,8977,0,,0,0
9378413,1791017416,9761787710,25,23,0,0,23,0,0,23,0,0,4212,6,4216,11447,4241,1,15491,4045,1144,,1938,105789
9378415,1791017459,0,0,0,0,0,0,0,0,0,0,0,0,6,4,12,4,1,4479,4468,0,,0,0
9378416,1791017492,9348581710,15,9,0,0,9,0,0,9,0,0,4017,4,4018,10884,4033,1,15771,4888,472,,3407,94615
9378417,1791017534,0,0,0,0,0,0,0,0,0,0,0,0,2,1,4,1,1,4747,4744,0,,0,0
9378421,1791017617,0,0,0,0,0,0,0,0,0,0,0,0,2,1,4,1,1,6048,6045,0,,0,0
9378423,1791017688,10197805593,12,10,0,0,10,0,0,10,0,0,4414,8,4420,11959,4432,1,17445,5487,520,,2169,103074
9378429,1791017742,9276623265,19,17,0,0,17,0,0,17,0,0,4015,4,4018,10893,4037,1,15357,4465,856,,1779,96997
9378430,1791017789,10252165794,204,204,0,0,204,0,0,204,0,0,4208,12,4216,11928,4420,1,17109,5182,9832,,2911,167951
9378434,1791017815,10198253720,354,340,3,100,343,0,0,343,3,0,4032,2,4024,11814,4378,1,15740,3927,16504,,4836,225663
9378437,1791017892,0,0,0,0,0,0,0,0,0,0,0,0,8,7,20,7,1,6041,6022,0,,0,0
9378440,1791017938,0,0,0,0,0,0,0,0,0,0,0,0,6,3,10,3,1,4759,4750,0,,0,0
9378441,1791017989,0,0,0,0,0,0,0,0,0,0,0,0,6,4,12,4,1,5607,5596,0,,0,0
9378444,1791018028,0,0,0,0,0,0,0,0,0,0,0,0,2,1,4,1,1,4606,4603,0,,0,0
9378445,1791018081,9633575404,133,120,0,0,120,0,0,120,0,0,4031,6,4031,11236,4164,1,17424,6189,5800,,4371,140462
9378447,1791018128,9659868596,6,6,0,0,6,0,0,6,0,0,4206,2,4208,11372,4214,1,15269,3898,328,,840,90678
9378450,1791018153,0,0,0,0,0,0,0,0,0,0,0,0,4,2,7,2,1,4189,4183,0,,0,0
9378452,1791018204,10487590168,142,94,0,0,94,0,0,94,0,0,4271,6,4274,11916,4416,1,16899,4984,4552,,7325,152998
9378455,1791018265,10180357692,9,8,0,0,8,0,0,8,0,0,4409,4,4412,11932,4421,1,16707,4776,424,,1722,97363
9378459,1791018324,0,0,0,0,0,0,0,0,0,0,0,0,6,5,15,5,1,5046,5032,0,,0,0
9378460,1791018368,10685982764,31,27,0,0,27,0,0,27,0,0,4619,8,4620,12555,4651,1,18858,6304,1336,,1894,107585
9378461,1791018410,9221562482,11,11,0,0,11,0,0,11,0,0,4009,2,4010,10852,4021,1,16188,5337,568,,889,88166
9378463,1791018462,10604023076,11,11,0,0,11,0,0,11,0,0,4611,2,4613,12480,4624,1,16659,4180,568,,1017,102843
9378465,1791018501,10225329582,10,8,0,0,8,0,0,8,0,0,4411,4,4414,11937,4424,1,16994,5058,424,,2797,100182
9378467,1791018581,9393201710,67,19,0,0,19,0,0,19,0,0,3877,4,3880,10653,3947,1,17543,6891,952,,7482,115405
9378468,1791018658,9308470255,11,7,0,0,7,0,0,7,0,0,4013,4,4016,10869,4027,1,18153,7285,376,,2536,93399
9378470,1791018722,0,0,0,0,0,0,0,0,0,0,0,0,2,1,4,1,1,4747,4744,0,,0,0
9378474,1791018767,10175320452,17,17,0,0,17,0,0,17,0,0,4418,4,4417,11965,4434,1,16599,4635,856,,1103,98852
9378476,1791018821,0,0,0,0,0,0,0,0,0,0,0,0,8,8,23,8,1,3332,3310,0,,0,0
9378479,1791018870,0,0,0,0,0,0,0,0,0,0,0,0,4,1,4,1,1,4609,4606,0,,0,0
9378484,1791018950,0,0,0,0,0,0,0,0,0,0,0,0,6,1,4,1,1,5317,5314,0,,0,0
9378487,1791018998,10789719409,37,30,0,0,30,0,0,30,0,0,4628,10,4630,12598,4667,1,17805,5208,1480,,3320,111276
9378491,1791019047,9659964604,6,6,0,0,6,0,0,6,0,0,4206,6,4212,11383,4218,1,16161,4779,328,,913,89556
9378494,1791019112,10286026294,19,11,0,0,11,0,0,11,0,0,4419,8,4421,11983,4440,1,17046,5064,568,,3368,99186
9378497,1791019154,0,0,0,0,0,0,0,0,0,0,0,0,6,6,18,6,1,4626,4609,0,,0,0
9378501,1791019217,10187266147,17,15,0,0,15,0,0,15,0,0,4414,6,4415,11959,4432,1,17301,5343,760,,1620,98654
9378502,1791019266,9305178193,12,9,0,0,9,0,0,9,0,0,4013,8,4019,10881,4031,1,16931,6051,472,,2453,90389
9378504,1791019322,0,0,0,0,0,0,0,0,0,0,0,0,2,2,7,2,1,4186,4180,0,,0,0
9378506,1791019354,10233106400,11,9,0,0,9,0,0,9,0,0,4413,4,4416,11946,4427,1,16862,4917,472,,2717,102627
9378508,1791019399,9196662516,5,5,0,0,5,0,0,5,0,0,4005,4,4009,10832,4014,1,14656,3825,280,,884,89115
9378511,1791019429,10123362700,7,7,0,0,7,0,0,7,0,0,4407,4,4410,11924,4417,1,15712,3789,376,,988,96361
9378516,1791019529,0,0,0,0,0,0,0,0,0,0,0,0,6,5,15,5,1,6879,6865,0,,0,0
9378519,1791019572,21409166,7,7,0,0,7,0,0,7,0,0,2,10,8,42,15,1,5220,5179,376,,121,2652
9378523,1791019653,10819216036,37,23,0,0,23,0,0,23,0,0,4639,6,4635,12610,4672,1,19229,6620,1144,,3571,109438
9378526,1791019722,0,0,0,0,0,0,0,0,0,0,0,0,8,6,17,6,1,5897,5881,0,,0,0
9378530,1791019772,10819260237,35,30,0,0,30,0,0,30,0,0,4630,6,4633,12596,4668,1,17345,4750,1480,,3739,112892
9378531,1791019834,10756545263,30,17,0,0,17,0,0,17,0,0,4632,8,4630,12573,4660,1,19892,7320,856,,2696,107286
9378533,1791019878,9247848966,6,5,0,0,5,0,0,5,0,0,4006,2,4008,10832,4014,1,14870,4039,280,,1690,89568
9378536,1791019919,0,0,0,0,0,0,0,0,0,0,0,0,4,3,9,3,1,4332,4324,0,,0,0
9378537,1791019954,0,0,0,0,0,0,0,0,0,0,0,0,6,5,15,5,1,4905,4891,0,,0,0
9378541,1791019984,10340123937,69,18,0,0,18,0,0,18,0,0,4280,2,4279,11733,4348,1,15695,3963,904,,7817,128633
9378543,1791020052,9682111806,15,15,0,0,15,0,0,15,0,0,4208,8,4212,11406,4227,1,16158,4753,760,,887,99935
9378546,1791020098,0,0,0,0,0,0,0,0,0,0,0,0,4,3,10,3,1,4615,4606,0,,0,0
9378549,1791020133,10658633735,16,10,0,0,10,0,0,10,0,0,4618,6,4617,12504,4633,1,17000,4497,520,,2081,114804
9378552,1791020203,0,0,0,0,0,0,0,0,0,0,0,0,6,5,15,5,1,5892,5878,0,,0,0
9378555,1791020253,10851096155,80,13,0,0,13,0,0,13,0,0,4473,6,4475,12287,4555,1,16642,4356,664,,8972,139686
9378557,1791020306,9739246302,19,18,0,0,18,0,0,18,0,0,4211,6,4214,11420,4233,1,16592,5173,904,,1964,98826
9378558,1791020353,0,0,0,0,0,0,0,0,0,0,0,0,4,3,9,3,1,5601,5593,0,,0,0
9378561,1791020394,0,0,0,0,0,0,0,0,0,0,0,0,2,1,4,1,1,4183,4180,0,,0,0
9378564,1791020426,9414297909,57,9,0,0,9,0,0,9,0,0,3868,6,3871,10600,3928,1,14673,4074,472,,9011,114613
9378567,1791020507,10145490778,8,8,0,0,8,0,0,8,0,0,4415,6,4419,11948,4427,1,17995,6048,424,,901,96419
9378569,1791020544,9196566508,5,5,0,0,5,0,0,5,0,0,4005,6,4010,10834,4015,1,15168,4335,280,,832,84944
9378576,1791020597,0,0,0,0,0,0,0,0,0,0,0,0,4,2,7,2,1,3661,3655,0,,0,0
9378577,1791020630,9803300626,23,20,0,0,20,0,0,20,0,0,4214,14,4222,11455,4245,1,16780,5326,1000,,2883,101699
9378578,1791020673,10123410704,7,7,0,0,7,0,0,7,0,0,4407,2,4408,11910,4415,1,16682,4773,376,,908,94564
9378579,1791020722,0,0,0,0,0,0,0,0,0,0,0,0,2,2,7,2,1,6019,6013,0,,0,0
9378582,1791020760,9952832116,74,14,0,0,14,0,0,14,0,0,4086,2,4080,11212,4154,1,15420,4209,712,,9656,121324
9378584,1791020812,9196470500,5,5,0,0,5,0,0,5,0,0,4005,6,4011,10833,4016,1,14624,3792,280,,882,85955
9378587,1791020840,9196566508,5,5,0,0,5,0,0,5,0,0,4005,4,4009,10833,4014,1,15052,4220,280,,880,87548
9378589,1791020891,10629779739,11,9,0,0,9,0,0,9,0,0,4612,6,4617,12487,4628,1,16560,4074,472,,1739,101893
9378591,1791020933,0,0,0,0,0,0,0,0,0,0,0,0,4,4,12,4,1,5463,5452,0,,0,0
9378592,1791020972,0,0,0,0,0,0,0,0,0,0,0,0,4,3,10,3,1,5038,5029,0,,0,0
9378595,1791021039,0,0,0,0,0,0,0,0,0,0,0,0,2,1,4,1,1,4888,4885,0,,0,0
9378598,1791021141,10452547779,76,22,0,0,22,0,0,22,0,0,4289,6,4289,11779,4365,1,16387,4609,1096,,9618,133843
9378601,1791021173,0,0,0,0,0,0,0,0,0,0,0,0,6,3,10,3,1,4090,4081,0,,0,0
9378604,1791021219,10755137946,34,31,0,0,31,0,0,31,0,0,4618,6,4620,12557,4654,1,16460,3904,1528,,3151,113638
9378608,1791021258,0,0,0,0,0,0,0,0,0,0,0,0,6,4,12,4,1,4056,4045,0,,0,0
9378609,1791021285,10912589402,105,105,0,0,105,0,0,105,0,0,4624,8,4629,12772,4734,1,17412,4641,5080,,2042,141076
9378612,1791021329,9344554843,28,18,0,0,18,0,0,18,0,0,4029,2,4026,10940,4054,1,14725,3786,904,,2099,95740
9378615,1791021382,0,0,0,0,0,0,0,0,0,0,0,0,6,5,15,5,1,4623,4609,0,,0,0
9378618,1791021414,10688638125,68,22,0,0,22,0,0,22,0,0,4468,6,4470,12247,4538,1,16179,3933,1096,,6383,133981
9378621,1791021465,9975925523,60,6,0,0,6,0,0,6,0,0,4060,6,4011,10984,4071,1,15057,4074,328,,15975,107716
9378623,1791021500,9720288912,9,8,0,0,8,0,0,8,0,0,4211,6,4216,11401,4225,1,16009,4609,424,,1820,95257
9378626,1791021544,0,0,0,0,0,0,0,0,0,0,0,0,4,2,7,2,1,4048,4042,0,,0,0
9378627,1791021634,9789349689,24,18,0,0,18,0,0,18,0,0,4225,6,4224,11459,4248,1,20438,8980,904,,2375,98312
9378633,1791021694,28141292,11,11,0,0,11,0,0,11,0,0,2,2,3,39,14,1,4641,4603,568,,171,4465
9378637,1791021766,10414756519,74,25,0,0,25,0,0,25,0,0,4288,12,4295,11793,4369,1,17599,5807,1240,,9239,132135
9378639,1791021847,9736616036,21,21,0,0,21,0,0,21,0,0,4221,8,4228,11468,4249,1,18476,7009,1048,,1199,97105
9378642,1791021892,0,0,0,0,0,0,0,0,0,0,0,0,4,2,7,2,1,4189,4183,0,,0,0
9378644,1791021939,10773103900,28,22,0,0,22,0,0,22,0,0,4629,6,4631,12574,4659,1,18073,5500,1096,,2941,111665
9378646,1791021988,10244332243,12,9,0,0,9,0,0,9,0,0,4413,4,4415,11947,4427,1,16129,4183,472,,2988,99848
9378649,1791022055,34018726,13,13,0,0,13,0,0,13,0,0,3,4,5,50,18,1,4937,4888,664,,153,5088
9378651,1791022095,0,0,0,0,0,0,0,0,0,0,0,0,6,2,7,2,1,5461,5455,0,,0,0
9378654,1791022136,10939635715,82,32,0,0,32,0,0,32,0,0,4496,4,4497,12356,4579,1,15721,3366,1576,,10005,135779
9378659,1791022179,9799139926,210,209,0,0,209,0,0,209,0,0,4017,6,4022,11418,4232,1,15462,4045,10072,,5173,163627
9378664,1791022238,10999827551,55,42,0,0,42,0,0,42,0,0,3902,10,3065,8421,3120,1,13346,4926,2056,,3778,134901
9378667,1791022295,9980009388,104,10,1,2,11,0,0,11,1,0,3682,10,2975,8310,3079,1,13770,5461,568,,5818,175593
9378669,1791022351,10702884338,15,12,0,0,12,0,0,12,0,0,4615,6,4618,12500,4633,1,17310,4811,616,,2759,108053
9378671,1791022405,0,0,0,0,0,0,0,0,0,0,0,0,4,3,9,3,1,5073,5065,0,,0,0
9378672,1791022450,9888402179,65,15,0,0,15,0,0,15,0,0,4078,4,4081,11189,4146,1,16669,5481,760,,8259,118521
9378677,1791022523,0,0,0,0,0,0,0,0,0,0,0,0,2,2,7,2,1,5314,5308,0,,0,0
9378682,1791022595,10446166616,50,37,0,0,37,0,0,37,0,0,4446,10,4448,12137,4498,1,18584,6448,1816,,4002,114426
9378685,1791022702,9269184780,11,10,0,0,10,0,0,10,0,0,4012,10,4020,10879,4031,1,15522,4644,520,,1786,90347
9378690,1791022703,9665620190,7,7,0,0,7,0,0,7,0,0,4207,6,4212,11385,4219,1,15458,4074,376,,878,91257
9378692,1791022710,0,0,0,0,0,0,0,0,0,0,0,0,10,6,17,6,1,4772,4756,0,,0,0
9378694,1791022744,24835230,9,9,0,0,9,0,0,9,0,0,2,4,4,36,13,1,4500,4465,472,,130,3491
9378698,1791022807,0,0,0,0,0,0,0,0,0,0,0,0,4,3,9,3,1,5037,5029,0,,0,0
9378700,1791022862,10737101431,100,35,0,0,35,0,0,35,0,0,4316,8,4312,11906,4412,1,17533,5628,1720,,13355,146080
9378702,1791022917,0,0,0,0,0,0,0,0,0,0,0,0,4,4,12,4,1,4476,4465,0,,0,0
9378705,1791022953,10363002253,28,25,0,0,25,0,0,25,0,0,4428,4,4428,12028,4456,1,16271,4244,1240,,4244,111052
9378706,1791022977,9260748651,17,15,0,0,15,0,0,15,0,0,4011,6,4013,10877,4030,1,15380,4504,760,,1764,92673
9378708,1791023032,10224831146,16,14,0,0,14,0,0,14,0,0,4417,2,4418,11963,4434,1,16988,5026,712,,1982,102039
9378712,1791023087,9848094881,68,8,0,0,8,0,0,8,0,0,4079,4,4068,11159,4136,1,15793,4635,424,,8138,120277
9378715,1791023124,9541014485,17,14,0,0,14,0,0,14,0,0,4107,8,4112,11144,4129,1,15614,4471,712,,2534,94059
9378716,1791023161,9802792680,22,11,0,0,11,0,0,11,0,0,4223,6,4223,11453,4245,1,16231,4779,568,,2655,96870
9378719,1791023213,9697672754,13,13,0,0,13,0,0,13,0,0,4213,2,4215,11409,4228,1,15758,4350,664,,977,95881
9378720,1791023255,32936028,11,11,0,0,11,0,0,11,0,0,4,6,6,47,17,1,6347,6301,568,,141,4581
9378723,1791023333,10298260403,31,28,0,0,28,0,0,28,0,0,4429,2,4429,12039,4460,1,17375,5337,1384,,2918,106539
9378724,1791023389,9248726912,7,6,0,0,6,0,0,6,0,0,4008,6,4012,10846,4019,1,16752,5907,328,,1763,89784
9378729,1791023480,10199851514,16,12,0,0,12,0,0,12,0,0,4417,2,4417,11961,4433,1,18707,6747,616,,1782,97168
9378732,1791023523,10585956792,8,8,0,0,8,0,0,8,0,0,4608,10,4616,12477,4624,1,18139,5663,424,,944,100095
9378735,1791023566,10188111481,19,18,0,0,18,0,0,18,0,0,4413,6,4417,11971,4436,1,16051,4081,904,,1556,98990
9378741,1791023622,9320521154,17,15,0,0,15,0,0,15,0,0,4017,6,4020,10894,4037,1,15954,5061,760,,2320,92882
9378743,1791023670,9301393798,15,14,0,0,14,0,0,14,0,0,4018,12,4025,10901,4040,1,16691,5791,712,,2078,90179
9378747,1791023715,9726217358,10,9,0,0,9,0,0,9,0,0,4210,4,4214,11398,4224,1,15766,4369,472,,1761,92470
9378751,1791023829,0,0,0,0,0,0,0,0,0,0,0,0,8,7,20,7,1,8720,8701,0,,0,0
9378754,1791023873,9578776124,71,57,0,0,57,0,0,57,0,0,4038,8,4034,11078,4105,1,15266,4189,2776,,5167,109113
9378759,1791023950,9760762692,18,17,0,0,17,0,0,17,0,0,4215,6,4219,11432,4237,1,17338,5907,856,,1846,95842
9378762,1791023986,0,0,0,0,0,0,0,0,0,0,0,0,10,7,20,7,1,4493,4474,0,,0,0
9378767,1791024023,9665509126,7,7,0,0,7,0,0,7,0,0,4207,6,4210,11380,4217,1,15735,4356,376,,931,89972
9378770,1791024070,9882606269,35,21,0,0,21,0,0,21,0,0,4237,10,4237,11526,4272,1,16592,5067,1048,,3073,104975
9378772,1791024136,10163333768,16,16,0,0,16,0,0,16,0,0,4413,6,4418,11967,4434,1,18195,6229,808,,1067,99254
9378775,1791024188,0,0,0,0,0,0,0,0,0,0,0,0,4,3,9,3,1,4755,4747,0,,0,0
9378780,1791024260,0,0,0,0,0,0,0,0,0,0,0,0,6,1,4,1,1,5458,5455,0,,0,0
9378782,1791024363,0,0,0,0,0,0,0,0,0,0,0,0,10,7,20,7,1,8300,8281,0,,0,0
9378784,1791024410,10769436416,39,29,0,0,29,0,0,29,0,0,4624,4,4620,12575,4659,1,17068,4494,1432,,2856,112732
9378787,1791024478,10907471292,136,135,0,0,135,0,0,135,0,0,4612,4,4615,12820,4751,1,17707,4888,6520,,2757,167732
9378790,1791024532,9769887671,16,14,0,0,14,0,0,14,0,0,4218,6,4222,11434,4238,1,16212,4779,712,,2742,99937
9378792,1791024574,0,0,0,0,0,0,0,0,0,0,0,0,6,5,15,5,1,4905,4891,0,,0,0
9378794,1791024614,9324524398,21,20,0,0,20,0,0,20,0,0,4021,4,4023,10918,4044,1,15693,4776,1000,,1944,97129
9378796,1791024647,9735152722,15,7,0,0,7,0,0,7,0,0,4216,4,4215,11413,4230,1,15060,3648,376,,1889,94262
9378801,1791024725,9700037558,23,23,0,0,23,0,0,23,0,0,4209,4,4211,11423,4234,1,16161,4739,1144,,963,99635
9378803,1791024785,9195714500,5,5,0,0,5,0,0,5,0,0,4005,10,4010,10835,4015,1,16747,5913,280,,833,86849
9378809,1791024846,9667888492,7,7,0,0,7,0,0,7,0,0,4208,4,4212,11382,4219,1,15593,4212,376,,888,93670
9378813,1791024882,0,0,0,0,0,0,0,0,0,0,0,0,12,11,31,11,1,4648,4618,0,,0,0
9378818,1791024926,10235468335,15,12,0,0,12,0,0,12,0,0,4417,8,4421,11969,4436,1,15622,3654,616,,8008,278609
9378821,1791024956,9668107566,7,7,0,0,7,0,0,7,0,0,4208,10,4217,11404,4224,1,16441,5038,376,,1176,108571
9378824,1791025080,0,0,0,0,0,0,0,0,0,0,0,0,6,4,12,4,1,7581,7570,0,,0,0
9378825,1791025113,10295744972,32,27,0,0,27,0,0,27,0,0,4423,6,4423,12021,4455,1,17765,5745,1336,,2685,109543
9378827,1791025157,9711283058,7,6,0,0,6,0,0,6,0,0,4207,2,4208,11377,4215,1,15867,4491,328,,1890,95242
9378829,1791025228,9779563362,15,10,0,0,10,0,0,10,0,0,4216,4,4218,11421,4233,1,16590,5170,520,,2763,97250
9378831,1791025260,9218056386,9,9,0,0,9,0,0,9,0,0,4010,4,4012,10850,4021,1,14468,3619,472,,947,89924
9378834,1791025305,9674790892,9,9,0,0,9,0,0,9,0,0,4209,4,4211,11387,4220,1,15803,4417,472,,891,91513
9378838,1791025349,10671287778,12,9,0,0,9,0,0,9,0,0,4613,6,4619,12497,4631,1,17141,4645,472,,2136,107726
9378841,1791025419,9302096248,31,27,0,0,27,0,0,27,0,0,4017,8,4018,10929,4049,1,17120,6192,1336,,1674,96239
9378844,1791025473,9702365038,14,14,1,2,15,0,0,15,1,0,4214,6,4219,11423,4233,1,17188,5766,760,,1620,127185
9378846,1791025551,9515676794,33,19,0,0,19,0,0,19,0,0,4029,6,4031,10970,4064,1,17581,6612,952,,3371,114678
9378848,1791025598,0,0,0,0,0,0,0,0,0,0,0,0,4,3,9,3,1,5037,5029,0,,0,0
9378851,1791025659,0,0,0,0,0,0,0,0,0,0,0,0,4,1,4,1,1,6160,6157,0,,0,0
9378853,1791025689,9883405736,20,15,0,0,15,0,0,15,0,0,4246,6,4248,11516,4268,1,15746,4231,760,,7774,179069
9378854,1791025743,32816028,11,11,0,0,11,0,0,11,0,0,4,4,7,50,18,1,5360,5311,568,,145,4365
9378855,1791025790,10188269501,19,9,0,0,9,0,0,9,0,0,4397,2,4393,11909,4412,1,17527,5619,472,,2518,103849
9378857,1791025844,10234446381,14,11,0,0,11,0,0,11,0,0,4415,2,4416,11952,4430,1,15596,3645,568,,2566,101019
9378861,1791025871,9268733272,6,6,0,0,6,0,0,6,0,0,4034,4,4038,10914,4044,1,14561,3648,328,,1015,98675
9378865,1791025906,10389631725,21,12,0,0,12,0,0,12,0,0,4493,8,4499,12200,4520,1,16001,3802,616,,2157,118648
9378866,1791025955,0,0,0,0,0,0,0,0,0,0,0,0,8,5,15,5,1,4521,4507,0,,0,0
9378869,1791025994,9377592334,25,23,0,0,23,0,0,23,0,0,4022,2,4022,10923,4047,1,14679,3757,1144,,3509,109093
9378872,1791026034,9273061720,10,8,0,0,8,0,0,8,0,0,4010,6,4015,10862,4025,1,15076,4215,424,,1780,92086
9378876,1791026081,9942023401,16,14,0,0,14,0,0,14,0,0,4090,6,4095,11093,4111,1,15730,4638,712,,1820,100880
9378880,1791026128,10199803510,16,12,0,0,12,0,0,12,0,0,4417,8,4420,11967,4436,1,16043,4077,616,,1867,99310
9378883,1791026163,0,0,0,0,0,0,0,0,0,0,0,0,8,7,20,7,1,4349,4330,0,,0,0
9378886,1791026196,0,0,0,0,0,0,0,0,0,0,0,0,6,3,9,3,1,4335,4327,0,,0,0
9378888,1791026268,24811228,9,9,0,0,9,0,0,9,0,0,2,6,4,37,13,1,6760,6724,472,,145,3603
9378890,1791026339,0,0,0,0,0,0,0,0,0,0,0,0,4,3,10,3,1,6448,6439,0,,0,0
9378893,1791026422,0,0,0,0,0,0,0,0,0,0,0,0,4,1,4,1,1,6160,6157,0,,0,0
9378895,1791026479,9392460824,30,17,0,0,17,0,0,17,0,0,4031,6,4026,10944,4056,1,16991,6048,856,,3107,96354
9378899,1791026542,9747095638,9,8,0,0,8,0,0,8,0,0,4219,4,4221,11414,4230,1,15379,3966,424,,1804,91879
9378903,1791026611,0,0,0,0,0,0,0,0,0,0,0,0,8,7,20,7,1,4772,4753,0,,0,0
9378906,1791026692,9787796140,17,12,0,0,12,0,0,12,0,0,4217,8,4219,11430,4236,1,18326,6897,616,,4744,112481
9378909,1791026739,55423742,25,25,0,0,25,0,0,25,0,0,2,6,8,90,33,1,4980,4891,1240,,271,9461
9378913,1791026798,9771073293,12,8,0,0,8,0,0,8,0,0,4214,6,4215,11412,4227,1,15203,3792,424,,2594,94888
9378914,1791026849,9712221024,8,7,0,0,7,0,0,7,0,0,4209,8,4215,11394,4223,1,17162,5769,376,,1929,92827
9378916,1791026935,10604023076,11,11,0,0,11,0,0,11,0,0,4611,2,4613,12479,4624,1,18661,6183,568,,1032,99400
9378918,1791026981,0,0,0,0,0,0,0,0,0,0,0,0,4,4,12,4,1,3771,3760,0,,0,0
9378922,1791027033,0,0,0,0,0,0,0,0,0,0,0,0,4,3,10,3,1,4897,4888,0,,0,0
9378924,1791027063,9333639778,26,18,0,0,18,0,0,18,0,0,4027,8,4027,10937,4053,1,15577,4641,904,,1925,92451
9378927,1791027106,9195714500,5,5,0,0,5,0,0,5,0,0,4005,4,4007,10826,4012,1,14086,3261,280,,782,85244
9378930,1791027152,9710479054,7,6,0,0,6,0,0,6,0,0,4207,6,4212,11389,4219,1,15997,4609,328,,1748,92878
9378932,1791027187,9295843914,23,22,0,0,22,0,0,22,0,0,4014,6,4018,10907,4041,1,15797,4891,1096,,2023,99313
9378933,1791027221,10625327098,16,16,0,0,16,0,0,16,0,0,4613,4,4615,12497,4631,1,17525,5029,808,,1193,105056
9378937,1791027265,0,0,0,0,0,0,0,0,0,0,0,0,2,1,4,1,1,3760,3757,0,,0,0
9378942,1791027296,9674694884,9,9,0,0,9,0,0,9,0,0,4209,8,4214,11395,4223,1,15487,4093,472,,888,92062
9378944,1791027380,0,0,0,0,0,0,0,0,0,0,0,0,10,8,23,8,1,5906,5884,0,,0,0
9378946,1791027436,10528310790,91,76,0,0,76,0,0,76,0,0,4438,4,4435,12216,4526,1,17837,5622,3688,,4647,129382
9378947,1791027509,10633819660,17,17,0,0,17,0,0,17,0,0,4617,4,4620,12515,4637,1,19687,7173,856,,3290,303174
9378948,1791027589,10638623903,14,11,0,0,11,0,0,11,0,0,4614,2,4613,12488,4627,1,20080,7593,568,,1658,101432
9378951,1791027630,9248906924,7,6,0,0,6,0,0,6,0,0,4008,2,4010,10839,4017,1,15047,4209,328,,1751,87276
9378954,1791027686,9196470500,5,5,0,0,5,0,0,5,0,0,4005,6,4009,10831,4014,1,16769,5939,280,,841,85241
9378959,1791027811,9692101968,14,14,0,0,14,0,0,14,0,0,4211,6,4214,11408,4228,1,20246,8839,712,,965,96618
9378960,1791027863,9196686520,5,5,0,0,5,0,0,5,0,0,4005,10,4008,10832,4013,1,16997,6166,280,,858,84163
9378962,1791027901,9247044962,6,5,0,0,5,0,0,5,0,0,4006,2,4006,10826,4012,1,14611,3786,280,,1619,86677
9378963,1791027939,10193957533,15,9,0,0,9,0,0,9,0,0,4416,4,4416,11957,4431,1,16732,4776,472,,1751,96275
9378964,1791027976,9674694884,9,9,0,0,9,0,0,9,0,0,4209,2,4211,11388,4220,1,16019,4632,472,,969,91388
9378965,1791028016,0,0,0,0,0,0,0,0,0,0,0,0,2,2,7,2,1,5455,5449,0,,0,0
9378967,1791028071,0,0,0,0,0,0,0,0,0,0,0,0,2,1,4,1,1,5029,5026,0,,0,0
9378970,1791028113,10723017740,16,12,0,0,12,0,0,12,0,0,4620,4,4621,12511,4637,1,16863,4353,616,,2790,105400
9378971,1791028152,9711369008,8,7,0,0,7,0,0,7,0,0,4209,6,4213,11389,4221,1,16449,5061,376,,1860,91830
9378973,1791028198,0,0,0,0,0,0,0,0,0,0,0,0,2,2,7,2,1,4468,4462,0,,0,0
9378975,1791028224,10268487576,25,15,1,3,16,0,0,16,1,0,4422,4,4424,12009,4449,1,16614,4606,808,,2780,101614
9378979,1791028301,9297037050,18,14,0,0,14,0,0,14,0,0,4018,4,4020,10899,4038,1,16975,6077,712,,1823,89860
9378980,1791028352,0,0,0,0,0,0,0,0,0,0,0,0,8,8,23,8,1,5339,5317,0,,0,0
9378983,1791028383,0,0,0,0,0,0,0,0,0,0,0,0,2,1,4,1,1,4183,4180,0,,0,0
9378986,1791028462,9323016906,38,34,0,0,34,0,0,34,0,0,4016,6,4020,10950,4058,1,16292,5343,1672,,1691,97411
9378991,1791028511,9259014968,9,8,0,0,8,0,0,8,0,0,4008,6,4012,10851,4021,1,15600,4750,424,,1920,88625
9378995,1791028590,0,0,0,0,0,0,0,0,0,0,0,0,10,3,9,3,1,5469,5461,0,,0,0
9378998,1791028623,0,0,0,0,0,0,0,0,0,0,0,0,8,5,15,5,1,4767,4753,0,,0,0
9379001,1791028680,0,0,0,0,0,0,0,0,0,0,0,0,6,5,15,5,1,5187,5173,0,,0,0
9379003,1791028822,0,0,0,0,0,0,0,0,0,0,0,0,6,3,9,3,1,9411,9403,0,,0,0
9379007,1791028867,0,0,0,0,0,0,0,0,0,0,0,0,4,1,4,1,1,3799,3796,0,,0,0
9379010,1791028911,10353337591,175,160,0,0,160,0,0,160,0,0,4314,8,4311,12104,4486,1,16997,4894,7720,,4423,160342
9379012,1791028945,9267623294,9,7,1,2,8,0,0,8,1,0,4009,6,4010,10846,4019,1,15454,4609,424,,1830,98166
9379014,1791029002,10334594528,16,13,0,0,13,0,0,13,0,0,4465,4,4468,12101,4484,1,16735,4635,664,,2643,112207
9379016,1791029076,0,0,0,0,0,0,0,0,0,0,0,0,4,3,9,3,1,5460,5452,0,,0,0
9379020,1791029097,10662748797,17,12,0,0,12,0,0,12,0,0,4621,4,4615,12503,4632,1,16432,3930,616,,1862,109297
9379025,1791029141,9713610620,11,7,0,0,7,0,0,7,0,0,4212,8,4216,11409,4227,1,15767,4359,376,,1718,94957
9379027,1791029199,40474850,17,17,0,0,17,0,0,17,0,0,3,10,9,72,26,1,4968,4897,856,,160,6779
9379032,1791029239,9820414382,18,12,0,0,12,0,0,12,0,0,4219,4,4219,11436,4237,1,16211,4776,616,,3361,99891
9379034,1791029310,10223210585,13,10,0,0,10,0,0,10,0,0,4415,10,4422,11970,4435,1,18023,6054,520,,3168,103526
9379040,1791029365,9291539329,18,13,0,0,13,0,0,13,0,0,4018,4,4017,10886,4035,1,15520,4635,664,,1833,92933
9379043,1791029413,0,0,0,0,0,0,0,0,0,0,0,0,12,7,20,7,1,4496,4477,0,,0,0
9379046,1791029450,0,0,0,0,0,0,0,0,0,0,0,0,6,4,12,4,1,4793,4782,0,,0,0
9379047,1791029528,9478678954,38,28,0,0,28,0,0,28,0,0,4034,6,4036,10997,4074,1,18179,7183,1384,,3965,103343
9379049,1791029570,0,0,0,0,0,0,0,0,0,0,0,0,2,1,4,1,1,4465,4462,0,,0,0
9379052,1791029604,0,0,0,0,0,0,0,0,0,0,0,0,4,3,9,3,1,4332,4324,0,,0,0
9379056,1791029633,9387017775,40,35,0,0,35,0,0,35,0,0,4027,6,4029,10979,4069,1,14629,3651,1720,,2601,100488
9379058,1791029695,9769116582,13,9,0,0,9,0,0,9,0,0,4216,8,4223,11433,4236,1,15762,4330,472,,2669,95542
9379061,1791029731,9270998626,14,6,0,0,6,0,0,6,0,0,4015,4,4013,10870,4027,1,15786,4917,328,,1779,88209
9379063,1791029794,0,0,0,0,0,0,0,0,0,0,0,0,6,5,15,5,1,5892,5878,0,,0,0
9379066,1791029826,9751655853,17,14,0,0,14,0,0,14,0,0,4218,4,4219,11432,4236,1,15896,4465,712,,1843,95732
9379069,1791029881,0,0,0,0,0,0,0,0,0,0,0,0,6,4,12,4,1,4197,4186,0,,0,0
9379072,1791029897,9725792555,23,22,0,0,22,0,0,22,0,0,4210,6,4212,11428,4235,1,15472,4045,1096,,1651,98199
9379075,1791029980,0,0,0,0,0,0,0,0,0,0,0,0,6,5,15,5,1,6738,6724,0,,0,0
9379078,1791030061,9929770271,34,16,0,0,16,0,0,16,0,0,4236,6,4233,11514,4267,1,18551,7038,808,,4274,107339
9379081,1791030144,0,0,0,0,0,0,0,0,0,0,0,0,6,4,12,4,1,5043,5032,0,,0,0
9379083,1791030176,9892046248,27,21,0,0,21,0,0,21,0,0,4230,6,4230,11486,4257,1,16546,5061,1048,,4304,117962
9379085,1791030226,0,0,0,0,0,0,0,0,0,0,0,0,4,2,7,2,1,4894,4888,0,,0,0
9379088,1791030268,9720813873,16,14,0,0,14,0,0,14,0,0,4212,4,4210,11400,4226,1,15893,4494,712,,1751,108169
9379093,1791030316,10166678618,15,15,0,0,15,0,0,15,0,0,4415,6,4420,11968,4435,1,16182,4215,760,,1233,110130
9379095,1791030431,0,0,0,0,0,0,0,0,0,0,0,0,10,8,23,8,1,7598,7576,0,,0,0
9379097,1791030458,9297055368,19,15,0,0,15,0,0,15,0,0,4020,4,4019,10901,4038,1,14971,4071,760,,1751,92246
9379099,1791030566,9744349625,27,24,0,0,24,0,0,24,0,0,4214,4,4215,11449,4242,1,20172,8724,1192,,1622,99055
9379104,1791030640,10224345562,10,8,0,0,8,0,0,8,0,0,4411,4,4414,11939,4424,1,17140,5202,424,,2733,99003
9379110,1791030678,10320151063,29,9,0,0,9,0,0,9,0,0,4416,10,4423,12015,4452,1,16235,4221,472,,4049,100447
9379112,1791030738,0,0,0,0,0,0,0,0,0,0,0,0,12,9,26,9,1,5207,5182,0,,0,0
9379115,1791030775,10421995210,92,91,0,0,91,0,0,91,0,0,4423,4,4426,12191,4518,1,17078,4888,4408,,2398,128521
9379116,1791030820,9710387973,11,8,0,0,8,0,0,8,0,0,4211,6,4214,11405,4225,1,17029,5625,424,,1693,92679
9379118,1791030865,0,0,0,0,0,0,0,0,0,0,0,0,2,2,7,2,1,4186,4180,0,,0,0
9379120,1791030942,10756444431,21,10,0,0,10,0,0,10,0,0,4622,4,4620,12525,4641,1,17159,4635,520,,3544,107646
9379124,1791030992,9286323071,13,9,0,0,9,0,0,9,0,0,4015,4,4017,10874,4030,1,14662,3789,472,,2083,91362
9379127,1791031018,10672002810,22,6,0,0,6,0,0,6,0,0,4287,8,4281,11610,4303,1,15827,4218,328,,2018,110771
9379129,1791031070,10006488834,27,10,0,0,10,0,0,10,0,0,3526,6,2613,7124,2640,1,12184,5061,520,,3391,122427
9379131,1791031118,9249121892,15,15,0,0,15,0,0,15,0,0,4015,4,4019,10888,4034,1,15381,4494,760,,1023,92748
9379133,1791031151,10123266692,7,7,0,0,7,0,0,7,0,0,4407,4,4411,11923,4418,1,16387,4465,376,,1062,101208
9379134,1791031198,0,0,0,0,0,0,0,0,0,0,0,0,4,2,7,2,1,5458,5452,0,,0,0
9379139,1791031304,10346897127,28,16,0,0,16,0,0,16,0,0,4432,2,4430,12028,4458,1,18495,6468,808,,3922,107200
9379142,1791031333,10173013150,8,7,0,0,7,0,0,7,0,0,4408,10,4413,11930,4421,1,16714,4785,376,,1939,101825
9379143,1791031401,10289356155,37,34,0,0,34,0,0,34,0,0,4422,6,4426,12043,4463,1,19077,7035,1672,,2871,110088
9379144,1791031458,9404787375,14,9,0,0,9,0,0,9,0,0,4014,2,4013,10868,4027,1,16204,5337,472,,4495,103291
9379148,1791031494,9671023942,8,8,0,0,8,0,0,8,0,0,4208,2,4210,11385,4218,1,15029,3645,424,,978,92637
9379152,1791031531,10294362210,25,12,0,0,12,0,0,12,0,0,4426,8,4428,12017,4453,1,16205,4189,616,,3131,102717
9379155,1791031571,9247692960,6,5,0,0,5,0,0,5,0,0,4006,8,4010,10838,4016,1,14914,4077,280,,1935,89685
9379156,1791031697,10267044727,16,14,0,0,14,0,0,14,0,0,4417,6,4420,11973,4436,1,22391,10419,712,,3101,103495
9379158,1791031753,9211284788,8,8,0,0,8,0,0,8,0,0,4008,2,4010,10844,4018,1,15587,4744,424,,905,91134
9379161,1791031786,10129018286,8,8,0,0,8,0,0,8,0,0,4408,4,4410,11922,4418,1,16527,4606,424,,906,95870
9379163,1791031811,10807636420,19,13,0,0,13,0,0,13,0,0,4619,6,4620,12518,4639,1,17408,4891,664,,4332,113204
9379164,1791031856,9702827559,9,7,0,0,7,0,0,7,0,0,4210,4,4212,11392,4221,1,17016,5625,376,,1660,91006
9379167,1791031903,9761542112,12,11,0,0,11,0,0,11,0,0,4222,2,4223,11427,4235,1,15353,3927,568,,2123,93100
9379168,1791031939,9691799270,12,12,0,0,12,0,0,12,0,0,4212,6,4215,11411,4227,1,16048,4638,616,,1078,94150
9379170,1791032003,10278162074,21,15,0,0,15,0,0,15,0,0,4423,2,4423,11995,4444,1,19023,7029,760,,2925,104809
9379172,1791032050,9196518504,5,5,0,0,5,0,0,5,0,0,4005,4,4008,10832,4013,1,14761,3930,280,,806,87396
9379173,1791032125,10256096505,18,11,0,0,11,0,0,11,0,0,4419,4,4420,11975,4438,1,18836,6862,568,,2769,100969
9379176,1791032202,9685186444,11,11,0,0,11,0,0,11,0,0,4210,2,4211,11392,4222,1,16587,5196,568,,948,91440
9379177,1791032236,9196614512,5,5,0,0,5,0,0,5,0,0,4005,6,4011,10836,4016,1,16008,5173,280,,792,85354
9379179,1791032277,0,0,0,0,0,0,0,0,0,0,0,0,2,1,4,1,1,3901,3898,0,,0,0
9379181,1791032315,10214640624,16,15,0,0,15,0,0,15,0,0,4416,4,4418,11965,4434,1,16429,4465,760,,1941,103355
9379183,1791032399,9404328294,24,18,0,0,18,0,0,18,0,0,4027,4,4028,10937,4052,1,18785,7849,904,,4068,98483
9379184,1791032456,9326590893,16,9,0,0,9,0,0,9,0,0,4018,4,4018,10882,4034,1,16958,6077,472,,2837,90268
9379187,1791032513,9659208604,6,6,0,0,6,0,0,6,0,0,4206,2,4207,11371,4213,1,15861,4491,328,,824,89463
9379189,1791032580,9267865110,10,8,0,0,8,0,0,8,0,0,4008,6,4014,10859,4024,1,14903,4045,424,,5211,244490
9379191,1791032595,9196710520,5,5,0,0,5,0,0,5,0,0,4005,4,4007,10832,4012,1,14732,3901,280,,2460,105321
9379194,1791032653,0,0,0,0,0,0,0,0,0,0,0,0,4,3,10,3,1,4756,4747,0,,0,0
9379196,1791032737,9772150152,22,18,0,0,18,0,0,18,0,0,4222,6,4222,11453,4244,1,19163,7711,904,,2006,95405
9379199,1791032833,10185596070,10,9,0,0,9,0,0,9,0,0,4410,4,4413,11940,4423,1,18378,6439,472,,1730,97271
9379201,1791032872,9711379070,7,6,0,0,6,0,0,6,0,0,4207,6,4211,11386,4218,1,16728,5343,328,,1696,93707
9379203,1791032913,9744321584,14,13,0,0,13,0,0,13,0,0,4215,4,4219,11421,4233,1,15491,4071,664,,2053,94674
9379207,1791032969,0,0,0,0,0,0,0,0,0,0,0,0,4,4,12,4,1,4899,4888,0,,0,0
9379210,1791033022,10197901386,16,12,0,0,12,0,0,12,0,0,4416,8,4419,11968,4435,1,17236,5269,616,,1884,100728
9379212,1791033060,0,0,0,0,0,0,0,0,0,0,0,0,6,5,15,5,1,4341,4327,0,,0,0
9379213,1791033118,9749388607,20,14,1,2,15,0,0,15,1,0,4218,4,4214,11429,4234,1,17896,6468,760,,1836,109301
9379215,1791033234,0,0,0,0,0,0,0,0,0,0,0,0,2,2,7,2,1,8839,8833,0,,0,0
9379217,1791033271,10237826069,15,12,0,0,12,0,0,12,0,0,4415,4,4417,11955,4432,1,16166,4212,616,,2996,106858
9379220,1791033300,0,0,0,0,0,0,0,0,0,0,0,0,4,4,12,4,1,4476,4465,0,,0,0
9379223,1791033353,9800054373,14,8,0,0,8,0,0,8,0,0,4216,6,4217,11423,4231,1,15890,4468,424,,3325,97601
9379225,1791033392,9725886976,11,10,0,0,10,0,0,10,0,0,4211,6,4213,11400,4224,1,15473,4074,520,,1972,96321
9379227,1791033429,9774137586,24,22,0,0,22,0,0,22,0,0,4212,4,4214,11435,4238,1,15928,4494,1096,,2672,101055
9379232,1791033464,10603351084,11,11,0,0,11,0,0,11,0,0,4611,4,4614,12480,4625,1,16268,3789,568,,1214,104167
9379234,1791033598,9817052062,21,15,0,0,15,0,0,15,0,0,4221,10,4227,11460,4248,1,20897,9438,760,,2718,99595
9379237,1791033694,0,0,0,0,0,0,0,0,0,0,0,0,4,4,12,4,1,4371,4360,0,,0,0
9379239,1791033720,10277439026,19,9,0,0,9,0,0,9,0,0,4420,6,4419,11980,4438,1,16729,4750,472,,3449,100693
9379243,1791033768,9196614512,5,5,0,0,5,0,0,5,0,0,4005,4,4007,10827,4012,1,15291,4465,280,,793,87134
9379246,1791033806,9721549520,8,6,0,0,6,0,0,6,0,0,4208,8,4213,11394,4221,1,16316,4923,328,,1748,94178
9379247,1791033861,0,0,0,0,0,0,0,0,0,0,0,0,6,5,15,5,1,6315,6301,0,,0,0
9379249,1791033897,10628648907,11,9,0,0,9,0,0,9,0,0,4612,2,4611,12472,4622,1,17215,4744,472,,1742,101434
9379251,1791033968,0,0,0,0,0,0,0,0,0,0,0,0,4,2,7,2,1,5881,5875,0,,0,0
9379252,1791034011,9891546868,44,30,0,0,30,0,0,30,0,0,4228,4,4224,11516,4268,1,16855,5340,1480,,3850,107044
9379254,1791034059,10182653052,9,8,0,0,8,0,0,8,0,0,4410,2,4412,11927,4421,1,17545,5619,424,,1715,98922
9379256,1791034134,10144828774,14,14,0,0,14,0,0,14,0,0,4409,4,4412,11945,4426,1,18101,6157,712,,958,127516
9379259,1791034177,0,0,0,0,0,0,0,0,0,0,0,0,4,2,7,2,1,3907,3901,0,,0,0
9379261,1791034214,0,0,0,0,0,0,0,0,0,0,0,0,6,3,10,3,1,5073,5064,0,,0,0
9379262,1791034294,9779371346,15,10,0,0,10,0,0,10,0,0,4216,4,4215,11415,4230,1,18482,7068,520,,2507,97215
9379266,1791034338,10123410704,7,7,0,0,7,0,0,7,0,0,4407,2,4409,11912,4416,1,15979,4068,376,,935,97046
9379269,1791034415,10292482759,33,30,0,0,30,0,0,30,0,0,4424,8,4430,12040,4463,1,17667,5628,1480,,3035,109224
9379272,1791034488,0,0,0,0,0,0,0,0,0,0,0,0,6,3,10,3,1,5887,5878,0,,0,0
9379274,1791034575,0,0,0,0,0,0,0,0,0,0,0,0,6,2,7,2,1,6871,6865,0,,0,0
9379278,1791034611,10251413394,17,10,0,0,10,0,0,10,0,0,4418,4,4416,11962,4433,1,16032,4071,520,,2732,102592
9379279,1791034664,9762144973,11,8,0,0,8,0,0,8,0,0,4213,8,4220,11421,4231,1,16907,5487,424,,2576,94410
9379282,1791034742,9232730638,20,20,0,0,20,0,0,20,0,0,4009,2,4010,10877,4030,1,16354,5478,1000,,883,91483
9379286,1791034776,9329581178,9,6,0,0,6,0,0,6,0,0,4009,6,4013,10852,4022,1,15348,4497,328,,3371,90712
9379289,1791034837,0,0,0,0,0,0,0,0,0,0,0,0,8,7,20,7,1,4735,4716,0,,0,0
9379291,1791034893,9815569352,16,11,0,0,11,0,0,11,0,0,4217,6,4219,11430,4235,1,17166,5737,568,,3505,97442
9379294,1791034946,0,0,0,0,0,0,0,0,0,0,0,0,4,3,9,3,1,4332,4324,0,,0,0
9379297,1791035003,21493166,7,7,0,0,7,0,0,7,0,0,2,6,5,34,12,1,5770,5737,376,,127,2865
9379305,1791035037,10660410862,14,10,0,0,10,0,0,10,0,0,4613,6,4615,12491,4629,1,16846,4356,520,,2137,106477
9379307,1791035106,0,0,0,0,0,0,0,0,0,0,0,0,16,11,31,11,1,5923,5893,0,,0,0
9379309,1791035140,10440170957,52,38,0,0,38,0,0,38,0,0,4442,4,4435,12110,4487,1,16715,4606,1864,,4413,122001
9379312,1791035227,0,0,0,0,0,0,0,0,0,0,0,0,4,3,10,3,1,6166,6157,0,,0,0
9379313,1791035257,10231383794,20,18,0,0,18,0,0,18,0,0,4420,6,4422,11990,4442,1,17332,5343,904,,2279,107822
9379317,1791035370,10283433207,23,21,0,0,21,0,0,21,0,0,4422,2,4424,11997,4447,1,19307,7311,1048,,2998,105992
9379323,1791035415,9688690796,7,7,0,0,7,0,0,7,0,0,4217,8,4223,11414,4230,1,14611,3198,376,,941,119399
9379326,1791035492,9849308029,25,18,0,0,18,0,0,18,0,0,4222,12,4228,11478,4253,1,16970,5493,904,,3780,101323
9379329,1791035556,0,0,0,0,0,0,0,0,0,0,0,0,6,5,15,5,1,4905,4891,0,,0,0
9379331,1791035585,10637239246,9,8,0,0,8,0,0,8,0,0,4609,6,4613,12473,4622,1,17251,4779,424,,1733,102677
9379333,1791035627,9288286507,10,7,0,0,7,0,0,7,0,0,4011,4,4012,10851,4022,1,15597,4747,376,,2581,88589
9379336,1791035656,10618921368,14,14,0,0,14,0,0,14,0,0,4614,4,4615,12494,4629,1,16958,4465,712,,1066,102671
9379339,1791035746,30496658,11,11,0,0,11,0,0,11,0,0,3,6,8,52,19,1,5224,5173,568,,144,4230
9379340,1791035778,0,0,0,0,0,0,0,0,0,0,0,0,6,5,15,5,1,4764,4750,0,,0,0
9379342,1791035849,0,0,0,0,0,0,0,0,0,0,0,0,2,1,4,1,1,4888,4885,0,,0,0
9379343,1791035895,10219892333,20,14,0,0,14,0,0,14,0,0,4421,4,4420,11981,4440,1,17743,5763,712,,2080,104074
9379346,1791035927,9196662516,5,5,0,0,5,0,0,5,0,0,4005,2,4007,10828,4012,1,14331,3504,280,,914,85038
9379347,1791035980,9768668933,13,10,0,0,10,0,0,10,0,0,4213,6,4218,11419,4231,1,17075,5657,520,,2545,96411
9379350,1791036058,10183283921,13,11,0,0,11,0,0,11,0,0,4414,2,4415,11951,4428,1,15631,3681,568,,1806,98664
9379353,1791036059,9273104382,17,13,0,0,13,0,0,13,0,0,4015,6,4014,10877,4031,1,15232,4356,664,,1641,92918
9379356,1791036097,10175571108,9,8,0,0,8,0,0,8,0,0,4410,6,4415,11940,4424,1,16734,4795,424,,2043,96579
9379358,1791036135,9237804613,8,6,0,0,6,0,0,6,0,0,4008,6,4014,10855,4022,1,15181,4327,328,,1600,86666
9379360,1791036200,0,0,0,0,0,0,0,0,0,0,0,0,4,3,10,3,1,4897,4888,0,,0,0
9379361,1791036232,10799108433,25,16,0,0,16,0,0,16,0,0,4627,4,4628,12557,4653,1,18037,5481,808,,3775,111572
9379362,1791036341,9196470500,5,5,0,0,5,0,0,5,0,0,4005,2,4007,10828,4012,1,15177,4350,280,,807,87387
9379363,1791036342,9659352616,6,6,0,0,6,0,0,6,0,0,4206,2,4207,11368,4213,1,16704,5337,328,,1023,109479
9379369,1791036371,9798690435,32,26,0,0,26,0,0,26,0,0,4225,2,4224,11483,4256,1,15832,4350,1288,,2389,121555
9379371,1791036412,9239450385,8,6,0,0,6,0,0,6,0,0,4009,12,4020,10870,4028,1,16192,5323,328,,1870,101108
9379374,1791036475,0,0,0,0,0,0,0,0,0,0,0,0,4,3,9,3,1,5037,5029,0,,0,0
9379377,1791036476,10211154381,19,17,0,0,17,0,0,17,0,0,4419,6,4420,11981,4439,1,16195,4215,856,,1778,98518
9379379,1791036550,9248774916,7,6,0,0,6,0,0,6,0,0,4008,6,4013,10853,4020,1,15631,4779,328,,1800,87019
9379383,1791036586,10123458712,7,7,0,0,7,0,0,7,0,0,4407,4,4411,11923,4418,1,15324,3402,376,,903,94502
9379385,1791036640,0,0,0,0,0,0,0,0,0,0,0,0,8,8,23,8,1,5057,5035,0,,0,0
9379386,1791036679,10778991751,31,24,0,0,24,0,0,24,0,0,4632,4,4630,12578,4661,1,17896,5319,1192,,2960,110401
9379389,1791036741,10140612980,10,10,0,0,10,0,0,10,0,0,4410,2,4411,11934,4421,1,16565,4632,520,,982,97635
9379391,1791036801,10415398904,248,246,0,0,246,0,0,246,0,0,4212,6,4217,12055,4465,1,18525,6471,11848,,3945,183198
9379393,1791036874,9211284788,8,8,0,0,8,0,0,8,0,0,4008,4,4011,10843,4019,1,15759,4917,424,,812,85981
9379395,1791036896,9196614516,5,5,0,0,5,0,0,5,0,0,4005,4,4008,10831,4013,1,14619,3789,280,,817,85950
9379397,1791036934,0,0,0,0,0,0,0,0,0,0,0,0,4,4,12,4,1,4476,4465,0,,0,0
9379400,1791036979,0,0,0,0,0,0,0,0,0,0,0,0,4,2,7,2,1,4189,4183,0,,0,0
9379403,1791037024,9917999813,28,16,0,0,16,0,0,16,0,0,4239,6,4237,11506,4265,1,16143,4638,808,,4094,103548
9379408,1791037073,9196470500,5,5,0,0,5,0,0,5,0,0,4005,6,4010,10836,4015,1,14345,3510,280,,827,86611
9379410,1791037106,9204586404,6,6,0,0,6,0,0,6,0,0,4007,10,4013,10847,4019,1,16307,5461,328,,809,85742
9379413,1791037163,10805979270,33,33,0,0,33,0,0,33,0,0,4375,4,4377,11898,4410,1,17692,5795,1624,,1085,114062
9379414,1791037219,10585908788,8,8,0,0,8,0,0,8,0,0,4608,6,4613,12473,4621,1,18133,5661,424,,911,98741
9379417,1791037290,10282290463,23,8,0,0,8,0,0,8,0,0,4424,2,4419,11990,4442,1,17438,5449,424,,2842,100134
9379421,1791037330,9660060612,6,6,0,0,6,0,0,6,0,0,4206,6,4208,11370,4214,1,15161,3792,328,,832,89771
9379423,1791037372,0,0,0,0,0,0,0,0,0,0,0,0,8,6,18,6,1,4347,4330,0,,0,0
9379424,1791037418,9341415413,24,9,0,0,9,0,0,9,0,0,4024,4,4013,10894,4037,1,16656,5763,472,,2701,105291
9379426,1791037494,0,0,0,0,0,0,0,0,0,0,0,0,2,2,7,2,1,5596,5590,0,,0,0
9379427,1791037528,10227883154,13,8,0,0,8,0,0,8,0,0,4414,4,4413,11947,4426,1,16863,4917,424,,2805,107003
9379431,1791037570,9687821236,17,17,0,0,17,0,0,17,0,0,4209,2,4211,11407,4228,1,15192,3786,856,,984,96904
9379432,1791037604,9711331062,7,6,0,0,6,0,0,6,0,0,4207,8,4215,11393,4222,1,16597,5205,328,,1670,91971
9379433,1791037645,0,0,0,0,0,0,0,0,0,0,0,0,2,2,7,2,1,4750,4744,0,,0,0
9379439,1791037706,10213332499,19,17,0,0,17,0,0,17,0,0,4420,2,4421,11982,4440,1,16472,4491,856,,1855,99280
9379442,1791037756,0,0,0,0,0,0,0,0,0,0,0,0,12,11,31,11,1,4648,4618,0,,0,0
9379446,1791037780,9722167257,13,11,0,0,11,0,0,11,0,0,4213,6,4215,11407,4228,1,14290,2884,568,,1608,94001
9379449,1791037835,0,0,0,0,0,0,0,0,0,0,0,0,8,4,12,4,1,4905,4894,0,,0,0
9379451,1791037869,0,0,0,0,0,0,0,0,0,0,0,0,6,3,10,3,1,4195,4186,0,,0,0
9379454,1791037915,0,0,0,0,0,0,0,0,0,0,0,0,4,1,4,1,1,4327,4324,0,,0,0
9379459,1791037951,10843851514,46,33,0,0,33,0,0,33,0,0,4630,6,4627,12609,4673,1,16964,4356,1624,,4157,117857
9379461,1791037993,9245767561,9,7,0,0,7,0,0,7,0,0,4010,10,4015,10862,4024,1,16181,5320,376,,1601,88890
9379463,1791038047,0,0,0,0,0,0,0,0,0,0,0,0,4,3,9,3,1,4191,4183,0,,0,0
9379467,1791038066,9670170290,9,9,0,0,9,0,0,9,0,0,4207,4,4210,11390,4219,1,15854,4465,472,,923,99295
9379470,1791038108,9659868596,6,6,0,0,6,0,0,6,0,0,4206,8,4212,11386,4218,1,15603,4218,328,,888,91893
9379473,1791038175,10728764113,30,26,0,0,26,0,0,26,0,0,4616,6,4618,12543,4648,1,17321,4779,1288,,2862,176871
9379475,1791038202,9667927550,7,7,0,0,7,0,0,7,0,0,4208,6,4214,11396,4221,1,15328,3933,376,,1307,191566
9379476,1791038246,9659208604,6,6,0,0,6,0,0,6,0,0,4206,4,4208,11372,4214,1,16570,5199,328,,1059,94509
9379479,1791038284,9711379066,7,6,0,0,6,0,0,6,0,0,4207,2,4209,11377,4216,1,15415,4039,328,,1697,91104
9379482,1791038333,10183270460,13,9,0,0,9,0,0,9,0,0,4414,6,4416,11949,4429,1,16022,4074,472,,1838,98717
9379485,1791038365,0,0,0,0,0,0,0,0,0,0,0,0,6,5,15,5,1,3390,3376,0,,0,0
9379487,1791038413,0,0,0,0,0,0,0,0,0,0,0,0,6,1,4,1,1,5776,5773,0,,0,0
9379488,1791038452,10236435205,22,12,0,0,12,0,0,12,0,0,4423,4,4422,11991,4444,1,16737,4747,616,,2173,101263
9379490,1791038496,9721297512,8,6,0,0,6,0,0,6,0,0,4208,2,4209,11379,4217,1,15728,4350,328,,1788,95117
9379492,1791038533,9660012608,6,6,0,0,6,0,0,6,0,0,4206,4,4209,11377,4215,1,15729,4353,328,,871,120206
9379494,1791038566,9196614516,5,5,0,0,5,0,0,5,0,0,4005,4,4009,10837,4014,1,15189,4353,280,,817,87357
9379497,1791038653,0,0,0,0,0,0,0,0,0,0,0,0,4,4,12,4,1,6168,6157,0,,0,0
9379499,1791038693,0,0,0,0,0,0,0,0,0,0,0,0,6,3,10,3,1,4477,4468,0,,0,0
9379501,1791038736,9786985724,57,12,0,0,12,0,0,12,0,0,4068,4,4070,11136,4127,1,15629,4494,616,,6754,122203
9379505,1791038805,0,0,0,0,0,0,0,0,0,0,0,0,4,4,12,4,1,5040,5029,0,,0,0
9379507,1791038869,0,0,0,0,0,0,0,0,0,0,0,0,8,5,15,5,1,4626,4612,0,,0,0
9379510,1791038944,9932654898,51,37,0,0,37,0,0,37,0,0,4230,4,4227,11542,4278,1,18887,7346,1816,,4045,111140
9379512,1791039000,9196614512,5,5,0,0,5,0,0,5,0,0,4005,6,4010,10835,4015,1,15790,4956,280,,789,87195
9379515,1791039049,0,0,0,0,0,0,0,0,0,0,0,0,4,3,9,3,1,4191,4183,0,,0,0
9379516,1791039095,10774777886,69,14,0,0,14,0,0,14,0,0,4482,6,4483,12285,4552,1,18332,6048,712,,7770,127678
9379519,1791039192,10174525150,8,7,0,0,7,0,0,7,0,0,4408,2,4410,11922,4418,1,19232,7311,376,,1701,97553
9379522,1791039227,10638043258,9,8,0,0,8,0,0,8,0,0,4609,6,4614,12474,4623,1,16547,4074,424,,1873,101812
9379527,1791039299,9470242054,31,26,0,0,26,0,0,26,0,0,4023,6,4024,10950,4055,1,15164,4215,1288,,4469,106813
9379531,1791039369,0,0,0,0,0,0,0,0,0,0,0,0,10,9,26,9,1,4922,4897,0,,0,0
9379535,1791039421,10797006969,76,13,0,0,13,0,0,13,0,0,4451,8,4446,12198,4522,1,17120,4923,664,,8405,138938
9379538,1791039463,0,0,0,0,0,0,0,0,0,0,0,0,8,8,23,8,1,4211,4189,0,,0,0
9379540,1791039523,9883665763,28,23,0,0,23,0,0,23,0,0,4220,6,4222,11464,4250,1,17652,6189,1144,,4388,102268
9379544,1791039571,9329709948,14,12,0,0,12,0,0,12,0,0,4015,4,4018,10876,4032,1,14136,3261,616,,2841,93640
9379547,1791039607,0,0,0,0,0,0,0,0,0,0,0,0,8,5,15,5,1,4767,4753,0,,0,0
9379548,1791039673,0,0,0,0,0,0,0,0,0,0,0,0,6,1,4,1,1,6022,6019,0,,0,0
9379552,1791039696,10103001815,174,116,0,0,116,0,0,116,0,0,4089,2,4084,11488,4258,1,15555,4068,5608,,8353,167191
9379553,1791039739,9227953844,18,18,0,0,18,0,0,18,0,0,4007,8,4012,10875,4030,1,16220,5346,904,,982,90279
9379558,1791039796,10182990353,13,12,0,0,12,0,0,12,0,0,4415,2,4417,11954,4430,1,16697,4744,616,,1549,97826
9379561,1791039845,9660012612,6,6,0,0,6,0,0,6,0,0,4206,10,4214,11392,4220,1,16429,5038,328,,899,91364
9379564,1791039892,0,0,0,0,0,0,0,0,0,0,0,0,6,4,12,4,1,3915,3904,0,,0,0
9379567,1791039921,10174388414,20,20,0,0,20,0,0,20,0,0,4415,6,4417,11970,4437,1,15761,3792,1000,,1054,99830
9379570,1791039977,9781949144,17,8,0,0,8,0,0,8,0,0,4219,6,4218,11429,4235,1,15925,4497,424,,2725,96812
9379572,1791040027,0,0,0,0,0,0,0,0,0,0,0,0,6,5,15,5,1,4764,4750,0,,0,0
9379576,1791040094,0,0,0,0,0,0,0,0,0,0,0,0,4,3,9,3,1,4755,4747,0,,0,0
9379579,1791040152,0,0,0,0,0,0,0,0,0,0,0,0,8,5,15,5,1,4626,4612,0,,0,0
9379581,1791040168,10307320651,68,19,0,0,19,0,0,19,0,0,4279,6,4280,11735,4348,1,15041,3307,952,,7346,124129
9379583,1791040218,0,0,0,0,0,0,0,0,0,0,0,0,4,3,9,3,1,3909,3901,0,,0,0
9379586,1791040248,9811895640,21,15,0,0,15,0,0,15,0,0,4217,4,4215,11429,4236,1,15499,4071,760,,3005,98994
9379587,1791040309,0,0,0,0,0,0,0,0,0,0,0,0,6,5,15,5,1,5892,5878,0,,0,0
9379589,1791040382,9874503901,25,20,0,0,20,0,0,20,0,0,4226,2,4226,11468,4251,1,17227,5760,1000,,3737,105084
9379596,1791040419,9707174272,29,29,0,0,29,0,0,29,0,0,4208,4,4212,11442,4241,1,15483,4042,1432,,1010,98602
9379602,1791040494,9912595510,107,7,0,0,7,0,0,7,0,0,3707,14,3619,10054,3726,1,16254,6201,376,,34246,112800
9379604,1791040560,9250140514,10,6,0,0,6,0,0,6,0,0,4011,12,4013,10859,4023,1,18043,7185,328,,1674,87629
9379607,1791040594,9674790892,9,9,0,0,9,0,0,9,0,0,4209,4,4212,11395,4221,1,15888,4494,472,,1051,91949
9379613,1791040658,10288607286,74,26,0,0,26,0,0,26,0,0,4278,6,4280,11749,4354,1,16498,4750,1288,,7021,128256
9379614,1791040710,9196518504,5,5,0,0,5,0,0,5,0,0,4005,12,4015,10849,4020,1,16905,6057,280,,809,87422
9379616,1791040761,0,0,0,0,0,0,0,0,0,0,0,0,2,2,7,2,1,4955,4949,0,,0,0
9379618,1791040791,0,0,0,0,0,0,0,0,0,0,0,0,4,3,10,3,1,4051,4042,0,,0,0
9379623,1791040868,10806636544,45,40,0,0,40,0,0,40,0,0,4631,4,4627,12608,4672,1,18370,5763,1960,,3224,116016
9379626,1791040953,10850252903,71,23,0,0,23,0,0,23,0,0,4473,10,4479,12276,4550,1,18470,6195,1144,,9759,134152
9379631,1791040998,0,0,0,0,0,0,0,0,0,0,0,0,6,5,15,5,1,4200,4186,0,,0,0
9379634,1791041045,0,0,0,0,0,0,0,0,0,0,0,0,10,3,9,3,1,4623,4615,0,,0,0
9379637,1791041073,9305138280,16,14,0,0,14,0,0,14,0,0,4016,6,4018,10883,4034,1,15238,4356,712,,1994,92848
9379639,1791041113,0,0,0,0,0,0,0,0,0,0,0,0,6,5,15,5,1,4341,4327,0,,0,0
9379644,1791041238,9882427426,80,26,0,0,26,0,0,26,0,0,4084,4,4081,11231,4161,1,19390,8160,1288,,7265,122644
9379646,1791041279,10641681220,10,9,0,0,9,0,0,9,0,0,4611,10,4615,12482,4625,1,17548,5067,472,,1952,100344
9379649,1791041318,10163017694,14,14,0,0,14,0,0,14,0,0,4415,4,4418,11960,4432,1,16424,4465,712,,1012,97483
9379651,1791041378,10694519449,17,9,0,0,9,0,0,9,0,0,4618,6,4621,12513,4638,1,18028,5516,472,,2747,102894
9379655,1791041442,9846923067,36,27,0,0,27,0,0,27,0,0,4222,4,4223,11495,4259,1,17124,5630,1336,,3469,101585
9379658,1791041559,0,0,0,0,0,0,0,0,0,0,0,0,8,7,20,7,1,8156,8137,0,,0,0
9379661,1791041616,9958637938,72,13,0,0,13,0,0,13,0,0,4088,6,4081,11206,4153,1,16407,5202,664,,9663,122182
9379665,1791041658,0,0,0,0,0,0,0,0,0,0,0,0,6,5,15,5,1,4200,4186,0,,0,0
9379666,1791041705,10940000082,50,37,0,0,37,0,0,37,0,0,4645,8,4647,12674,4697,1,18442,5769,1816,,5180,119112
9379669,1791041756,10690049992,17,15,0,0,15,0,0,15,0,0,4619,2,4620,12511,4637,1,17283,4773,760,,2194,104809
9379673,1791041813,9343419895,12,6,0,0,6,0,0,6,0,0,4014,6,4016,10871,4028,1,15508,4638,328,,4046,106335
9379677,1791041857,10123266692,7,7,0,0,7,0,0,7,0,0,4407,8,4414,11931,4421,1,16119,4189,376,,1076,100715
9379679,1791041930,10306523519,24,18,0,0,18,0,0,18,0,0,4421,8,4424,12001,4448,1,18929,6929,904,,3847,106300
9379680,1791041965,10303664117,58,9,0,0,9,0,0,9,0,0,4269,4,4270,11676,4328,1,16035,4360,472,,9161,129123
9379681,1791042009,10140612980,10,10,0,0,10,0,0,10,0,0,4410,2,4411,11929,4421,1,17265,5337,520,,1075,98055
9379683,1791042055,9796699260,26,10,0,0,10,0,0,10,0,0,4227,2,4221,11459,4247,1,16090,4632,520,,2241,104190
9379685,1791042105,9237395333,8,6,0,0,6,0,0,6,0,0,4008,4,4010,10844,4018,1,16042,5199,328,,1749,93408
9379688,1791042156,10183615004,10,9,0,0,9,0,0,9,0,0,4412,4,4415,11942,4425,1,16153,4212,472,,2080,102459
9379689,1791042194,0,0,0,0,0,0,0,0,0,0,0,0,6,4,12,4,1,4902,4891,0,,0,0
9379691,1791042340,10735204827,31,26,0,0,26,0,0,26,0,0,4626,2,4624,12560,4655,1,19588,7029,1288,,2662,108551
9379693,1791042341,0,0,0,0,0,0,0,0,0,0,0,0,4,4,12,4,1,5604,5593,0,,0,0
9379695,1791042360,10899301561,77,15,0,0,15,0,0,15,0,0,4483,4,4479,12293,4556,1,17321,5029,760,,10135,135982
9379697,1791042409,9258067424,7,5,0,0,5,0,0,5,0,0,4007,4,4009,10839,4016,1,14627,3789,280,,1865,92632
9379700,1791042444,9211476804,8,8,0,0,8,0,0,8,0,0,4008,4,4012,10846,4020,1,15480,4635,424,,921,90641
9379703,1791042499,27214598,9,9,0,0,9,0,0,9,0,0,3,6,7,44,16,1,4652,4609,472,,153,3740
9379705,1791042532,9357720535,57,9,0,0,9,0,0,9,0,0,3869,6,3874,10608,3931,1,15277,4670,472,,7719,117019
9379706,1791042588,0,0,0,0,0,0,0,0,0,0,0,0,4,4,12,4,1,4230,4219,0,,0,0
9379707,1791042605,0,0,0,0,0,0,0,0,0,0,0,0,2,1,4,1,1,4212,4209,0,,0,0
9379712,1791042658,10734565758,15,12,0,0,12,0,0,12,0,0,4615,2,4617,12498,4632,1,16706,4209,616,,3710,110903
9379715,1791042711,9276940408,13,12,0,0,12,0,0,12,0,0,4012,10,4020,10888,4033,1,15398,4511,616,,2070,94500
9379718,1791042728,10280023121,53,8,0,0,8,0,0,8,0,0,4263,6,4266,11654,4319,1,15586,3933,424,,9221,125634
9379720,1791042833,10128874274,8,8,0,0,8,0,0,8,0,0,4408,6,4413,11931,4421,1,20947,9017,424,,974,98493
9379722,1791042903,0,0,0,0,0,0,0,0,0,0,0,0,4,3,9,3,1,4050,4042,0,,0,0
9379726,1791043002,9923916274,38,24,0,0,24,0,0,24,0,0,4235,4,4230,11516,4268,1,19505,7990,1192,,4221,106940
9379728,1791043060,9196470500,5,5,0,0,5,0,0,5,0,0,4005,8,4011,10836,4016,1,16181,5346,280,,1559,106385
9379730,1791043092,10181183931,13,11,0,0,11,0,0,11,0,0,4414,4,4418,11956,4431,1,16561,4606,568,,1681,97763
9379734,1791043129,9796495407,46,8,0,0,8,0,0,8,0,0,4178,4,4156,11342,4202,1,15166,3825,424,,4414,111533
9379737,1791043182,10192027438,11,10,0,0,10,0,0,10,0,0,4411,8,4417,11951,4428,1,16844,4894,520,,2003,96906
9379740,1791043230,10771464935,34,23,0,0,23,0,0,23,0,0,4629,6,4626,12577,4660,1,16368,3792,1144,,3161,111023
9379746,1791043284,0,0,0,0,0,0,0,0,0,0,0,0,6,5,15,5,1,4905,4891,0,,0,0
9379749,1791043314,10165985637,10,8,0,0,8,0,0,8,0,0,4411,12,4417,11950,4427,1,17131,5182,424,,1684,95263
9379755,1791043412,28129292,11,11,0,0,11,0,0,11,0,0,2,6,7,50,18,1,6773,6724,568,,135,4278
9379759,1791043484,10842942264,74,28,0,0,28,0,0,28,0,0,4476,12,4485,12301,4559,1,19879,7579,1384,,9314,135280
9379763,1791043537,0,0,0,0,0,0,0,0,0,0,0,0,8,6,18,6,1,4629,4612,0,,0,0
9379768,1791043571,9732377559,14,8,0,0,8,0,0,8,0,0,4216,8,4216,11416,4230,1,16027,4612,424,,1835,93951
9379772,1791043629,21553166,7,7,0,0,7,0,0,7,0,0,2,10,5,34,12,1,4648,4615,376,,137,2839
9379774,1791043669,0,0,0,0,0,0,0,0,0,0,0,0,8,5,15,5,1,5049,5035,0,,0,0
9379775,1791043710,9692053172,12,12,0,0,12,0,0,12,0,0,4212,4,4214,11403,4226,1,16178,4776,616,,1054,96615
9379778,1791043752,10336496761,57,9,0,0,9,0,0,9,0,0,4269,2,4271,11679,4328,1,14867,3189,472,,9122,145047
9379780,1791043810,0,0,0,0,0,0,0,0,0,0,0,0,6,4,12,4,1,4479,4468,0,,0,0
9379783,1791043855,0,0,0,0,0,0,0,0,0,0,0,0,4,3,10,3,1,4333,4324,0,,0,0
9379786,1791043898,0,0,0,0,0,0,0,0,0,0,0,0,6,5,15,5,1,4482,4468,0,,0,0
9379789,1791044011,0,0,0,0,0,0,0,0,0,0,0,0,6,3,9,3,1,8283,8275,0,,0,0
9379790,1791044057,9596750197,97,39,0,0,39,0,0,39,0,0,3900,6,3897,10780,3994,1,16968,6189,1912,,9947,132614
9379792,1791044117,10173817154,8,7,0,0,7,0,0,7,0,0,4408,2,4409,11916,4417,1,15560,3645,376,,1793,96982
9379794,1791044137,9254195749,11,9,0,0,9,0,0,9,0,0,4012,4,4014,10862,4025,1,15073,4212,472,,1703,92190
9379799,1791044186,10716268587,21,18,0,0,18,0,0,18,0,0,4622,4,4626,12542,4647,1,17176,4635,904,,2943,112069
9379801,1791044252,0,0,0,0,0,0,0,0,0,0,0,0,10,6,18,6,1,5337,5320,0,,0,0
9379803,1791044310,0,0,0,0,0,0,0,0,0,0,0,0,4,3,9,3,1,5460,5452,0,,0,0
9379807,1791044368,10795857261,35,31,1,3,32,0,0,32,1,0,4624,4,4624,12573,4659,1,16538,3966,1576,,4284,118074
9379809,1791044453,0,0,0,0,0,0,0,0,0,0,0,0,8,5,15,5,1,6741,6727,0,,0,0
9379811,1791044487,10848446583,71,15,0,0,15,0,0,15,0,0,4485,4,4484,12289,4555,1,16500,4212,760,,8869,134625
9379814,1791044523,9693535205,8,7,0,0,7,0,0,7,0,0,4208,4,4210,11380,4218,1,15732,4353,376,,1528,95145
9379818,1791044617,0,0,0,0,0,0,0,0,0,0,0,0,6,5,15,5,1,6597,6583,0,,0,0
9379820,1791044681,10889393567,45,33,0,0,33,0,0,33,0,0,4629,8,4630,12614,4675,1,19087,6474,1624,,5365,121105
9379824,1791044716,9247848966,6,5,0,0,5,0,0,5,0,0,4006,4,4010,10839,4016,1,14909,4071,280,,1646,85406
9379826,1791044758,9863608680,55,8,0,0,8,0,0,8,0,0,4066,8,4071,11130,4126,1,15911,4782,424,,9083,240332
9379830,1791044848,0,0,0,0,0,0,0,0,0,0,0,0,4,4,12,4,1,6168,6157,0,,0,0
9379834,1791044894,0,0,0,0,0,0,0,0,0,0,0,0,8,3,10,3,1,4198,4189,0,,0,0
9379836,1791044973,9883337585,227,179,0,0,179,0,0,179,0,0,3876,8,3879,11080,4106,1,18402,7323,8632,,34941,266151
9379837,1791045029,0,0,0,0,0,0,0,0,0,0,0,0,4,3,9,3,1,3627,3619,0,,0,0
9379839,1791045055,10405916911,61,53,0,0,53,0,0,53,0,0,4422,2,4421,12098,4482,1,16870,4773,2584,,3994,120034
9379843,1791045094,9278247443,9,6,0,0,6,0,0,6,0,0,4010,4,4013,10854,4022,1,14924,4071,328,,2529,88780
9379844,1791045139,0,0,0,0,0,0,0,0,0,0,0,0,8,7,20,7,1,4913,4894,0,,0,0
9379849,1791045168,0,0,0,0,0,0,0,0,0,0,0,0,2,1,4,1,1,4042,4039,0,,0,0
9379852,1791045222,10285065147,20,15,0,0,15,0,0,15,0,0,4423,10,4428,11998,4448,1,16782,4785,760,,3225,99884
9379853,1791045278,0,0,0,0,0,0,0,0,0,0,0,0,6,3,9,3,1,6309,6301,0,,0,0
9379858,1791045356,10804806775,23,10,0,0,10,0,0,10,0,0,4625,2,4622,12536,4645,1,17872,5337,520,,4397,105935
9379861,1791045421,9403958019,65,16,0,0,16,0,0,16,0,0,3877,10,3883,10654,3948,1,16002,5349,808,,7722,114779
9379863,1791045465,9302806418,14,11,0,0,11,0,0,11,0,0,4015,6,4020,10885,4034,1,15522,4638,568,,2226,89471
9379865,1791045495,9243493364,14,14,0,0,14,0,0,14,0,0,4014,4,4017,10880,4031,1,15767,4888,712,,947,87450
9379866,1791045565,0,0,0,0,0,0,0,0,0,0,0,0,4,3,9,3,1,6479,6471,0,,0,0
9379868,1791045640,9930365509,110,62,0,0,62,0,0,62,0,0,4084,2,4084,11322,4194,1,17052,5731,3016,,7013,133311
9379870,1791045711,0,0,0,0,0,0,0,0,0,0,0,0,4,1,4,1,1,5032,5029,0,,0,0
9379871,1791045775,0,0,0,0,0,0,0,0,0,0,0,0,4,1,4,1,1,6442,6439,0,,0,0
9379874,1791045803,10182557046,9,8,0,0,8,0,0,8,0,0,4410,2,4411,11931,4420,1,15434,3504,424,,1773,95839
9379878,1791045861,0,0,0,0,0,0,0,0,0,0,0,0,6,6,18,6,1,5049,5032,0,,0,0
9379881,1791045896,30532660,11,11,0,0,11,0,0,11,0,0,3,8,7,49,18,1,4660,4612,568,,137,4301
9379883,1791045967,10531475146,73,10,0,0,10,0,0,10,0,0,4282,6,4277,11734,4350,1,18486,6753,520,,12709,125474
9379885,1791046004,9248918928,7,6,0,0,6,0,0,6,0,0,4008,4,4011,10844,4018,1,15449,4606,328,,1746,86428
9379887,1791046039,9261334904,9,8,0,0,8,0,0,8,0,0,4008,4,4010,10850,4019,1,15596,4747,424,,1643,87343
9379891,1791046100,9716851580,8,7,0,0,7,0,0,7,0,0,4208,4,4211,11385,4219,1,16163,4779,376,,1675,90954
9379893,1791046147,30514596,9,9,0,0,9,0,0,9,0,0,3,8,9,50,18,1,5120,5071,472,,205,3414
9379897,1791046200,0,0,0,0,0,0,0,0,0,0,0,0,4,2,7,2,1,4330,4324,0,,0,0
9379899,1791046261,0,0,0,0,0,0,0,0,0,0,0,0,8,7,20,7,1,5477,5458,0,,0,0
9379903,1791046288,10280793233,60,14,0,0,14,0,0,14,0,0,4271,4,4274,11698,4334,1,15627,3930,712,,7423,119616
9379906,1791046343,0,0,0,0,0,0,0,0,0,0,0,0,8,7,20,7,1,4490,4471,0,,0,0
9379908,1791046372,9794783219,22,15,0,0,15,0,0,15,0,0,4219,6,4219,11443,4241,1,15939,4497,760,,2711,96391
9379911,1791046418,0,0,0,0,0,0,0,0,0,0,0,0,4,4,12,4,1,3912,3901,0,,0,0
9379913,1791046455,9737904323,16,14,0,0,14,0,0,14,0,0,4216,6,4220,11428,4236,1,16206,4779,712,,1808,93737
9379916,1791046501,0,0,0,0,0,0,0,0,0,0,0,0,4,4,12,4,1,4335,4324,0,,0,0
9379918,1791046549,10733804286,21,15,0,0,15,0,0,15,0,0,4622,6,4621,12525,4642,1,17162,4638,760,,2778,105791
9379920,1791046601,0,0,0,0,0,0,0,0,0,0,0,0,4,4,12,4,1,4899,4888,0,,0,0
9379923,1791046643,9467799901,82,34,0,0,34,0,0,34,0,0,3884,4,3884,10700,3966,1,15475,4776,1672,,8366,119096
9379924,1791046703,10129042288,8,8,0,0,8,0,0,8,0,0,4408,6,4412,11928,4420,1,18994,7067,424,,883,94089
9379926,1791046746,0,0,0,0,0,0,0,0,0,0,0,0,2,2,7,2,1,4045,4039,0,,0,0
9379930,1791046792,0,0,0,0,0,0,0,0,0,0,0,0,4,1,4,1,1,4045,4042,0,,0,0
9379933,1791046835,10897870519,43,35,0,0,35,0,0,35,0,0,4670,8,4671,12719,4714,1,17218,4500,1720,,3088,114798
9379935,1791046879,9712125008,8,7,0,0,7,0,0,7,0,0,4209,6,4214,11393,4222,1,15889,4497,376,,1939,93461
9379937,1791046995,0,0,0,0,0,0,0,0,0,0,0,0,4,4,12,4,1,8988,8977,0,,0,0
9379940,1791047037,10743027947,58,12,0,0,12,0,0,12,0,0,4467,4,4469,12215,4527,1,17131,4917,616,,9927,140492
9379942,1791047122,0,0,0,0,0,0,0,0,0,0,0,0,6,5,15,5,1,6315,6301,0,,0,0
9379945,1791047161,10299158250,21,12,0,0,12,0,0,12,0,0,4423,4,4421,11987,4442,1,16903,4917,616,,3502,104685
9379948,1791047209,9209743500,9,9,0,0,9,0,0,9,0,0,4007,6,4010,10844,4019,1,14917,4074,472,,819,87525
9379951,1791047301,9726025342,10,9,0,0,9,0,0,9,0,0,4210,6,4216,11403,4226,1,20161,8759,472,,5110,267813
9379954,1791047339,9769279911,53,7,0,0,7,0,0,7,0,0,4064,6,4069,11122,4122,1,14884,3763,376,,7414,122241
9379956,1791047380,0,0,0,0,0,0,0,0,0,0,0,0,6,4,12,4,1,4056,4045,0,,0,0
9379958,1791047425,10251576792,19,14,0,0,14,0,0,14,0,0,4420,4,4418,11973,4437,1,16607,4635,712,,2833,104577
9379962,1791047470,9708812326,31,31,0,0,31,0,0,31,0,0,4208,4,4210,11445,4241,1,15374,3930,1528,,976,101918
9379964,1791047509,0,0,0,0,0,0,0,0,0,0,0,0,8,5,15,5,1,5049,5035,0,,0,0
9379965,1791047551,10766598157,56,9,0,0,9,0,0,9,0,0,4467,4,4468,12210,4524,1,17408,5199,472,,8865,125698
9379968,1791047593,0,0,0,0,0,0,0,0,0,0,0,0,2,2,7,2,1,4468,4462,0,,0,0
9379969,1791047650,9765394843,16,14,0,0,14,0,0,14,0,0,4228,6,4229,11455,4245,1,17925,6471,712,,1750,93511
9379971,1791047694,0,0,0,0,0,0,0,0,0,0,0,0,2,2,7,2,1,3904,3898,0,,0,0
9379974,1791047717,9196518504,5,5,0,0,5,0,0,5,0,0,4005,4,4007,10824,4012,1,14769,3946,280,,881,84538
9379976,1791047771,0,0,0,0,0,0,0,0,0,0,0,0,6,5,15,5,1,4623,4609,0,,0,0
9379983,1791047807,10343655207,40,29,0,0,29,0,0,29,0,0,4426,4,4424,12048,4464,1,15977,3930,1432,,3533,108978
9379986,1791047871,9276797119,10,6,0,0,6,0,0,6,0,0,4012,14,4026,10893,4036,1,16247,5355,328,,2119,88476
9379988,1791047932,9712125008,8,7,0,0,7,0,0,7,0,0,4209,6,4215,11397,4223,1,17621,6225,376,,1869,92548
9379989,1791048028,10287483312,56,8,0,0,8,0,0,8,0,0,4268,4,4271,11675,4327,1,19975,8301,424,,7993,118824
9379991,1791048099,9205272198,8,8,0,0,8,0,0,8,0,0,4006,2,4008,10837,4016,1,16737,5901,424,,857,86091
9379993,1791048141,9711235054,7,6,0,0,6,0,0,6,0,0,4207,4,4211,11383,4218,1,15988,4606,328,,1783,93894
9379994,1791048184,23884534,7,7,0,0,7,0,0,7,0,0,3,4,5,34,12,1,5626,5593,376,,131,2752
9379996,1791048211,9239525447,8,6,0,0,6,0,0,6,0,0,4009,2,4010,10841,4018,1,14738,3898,328,,1578,87707
9379997,1791048253,9659208604,6,6,0,0,6,0,0,6,0,0,4206,4,4208,11375,4214,1,16150,4776,328,,828,89685
9380002,1791048286,9196614516,5,5,0,0,5,0,0,5,0,0,4005,2,4007,10828,4012,1,14754,3927,280,,805,85317
9380005,1791048373,0,0,0,0,0,0,0,0,0,0,0,0,10,8,23,8,1,5483,5461,0,,0,0
9380007,1791048409,14761036,3,3,0,0,3,0,0,3,0,0,2,6,3,18,6,1,4908,4891,184,,109,1181
9380010,1791048486,0,0,0,0,0,0,0,0,0,0,0,0,4,1,4,1,1,4995,4992,0,,0,0
9380013,1791048557,0,0,0,0,0,0,0,0,0,0,0,0,6,3,9,3,1,5040,5032,0,,0,0
9380017,1791048589,9512919161,70,12,0,0,12,0,0,12,0,0,3883,6,3881,10658,3951,1,15021,4364,616,,10093,116445
9380020,1791048638,34921422,15,15,0,0,15,0,0,15,0,0,2,8,8,64,23,1,4252,4189,760,,154,5872
9380022,1791048666,9879375371,22,13,0,0,13,0,0,13,0,0,4224,6,4225,11458,4247,1,16095,4638,664,,4334,100759
9380026,1791048710,0,0,0,0,0,0,0,0,0,0,0,0,4,3,9,3,1,3768,3760,0,,0,0
9380027,1791048771,0,0,0,0,0,0,0,0,0,0,0,0,8,6,17,6,1,7025,7009,0,,0,0
9380035,1791048812,0,0,0,0,0,0,0,0,0,0,0,0,2,1,4,1,1,4324,4321,0,,0,0
9380036,1791048928,28285294,11,11,0,0,11,0,0,11,0,0,2,16,11,61,22,1,10042,9982,568,,152,4379
9380038,1791048989,0,0,0,0,0,0,0,0,0,0,0,0,2,1,4,1,1,6439,6436,0,,0,0
9380040,1791049041,0,0,0,0,0,0,0,0,0,0,0,0,4,1,4,1,1,4186,4183,0,,0,0
9380042,1791049059,9388191177,20,16,0,0,16,0,0,16,0,0,4022,4,4023,10913,4043,1,14596,3684,808,,3638,95830
9380047,1791049102,10209899893,57,8,0,0,8,0,0,8,0,0,4271,4,4275,11688,4332,1,15335,3648,424,,5872,123658
9380049,1791049154,10625798330,27,27,0,0,27,0,0,27,0,0,4610,10,4614,12527,4641,1,17846,5320,1336,,1089,108162
9380051,1791049221,0,0,0,0,0,0,0,0,0,0,0,0,4,2,7,2,1,4612,4606,0,,0,0
9380053,1791049289,0,0,0,0,0,0,0,0,0,0,0,0,4,1,4,1,1,6583,6580,0,,0,0
9380054,1791049342,0,0,0,0,0,0,0,0,0,0,0,0,4,2,7,2,1,6163,6157,0,,0,0
9380056,1791049377,10789431595,30,9,0,0,9,0,0,9,0,0,4631,2,4623,12557,4653,1,16342,3786,472,,3358,115369
9380057,1791049458,10586664788,8,8,0,0,8,0,0,8,0,0,4608,4,4612,12466,4620,1,19497,7032,424,,1000,100826
9380059,1791049530,10460869595,127,113,0,0,113,0,0,113,0,0,4421,2,4420,12273,4547,1,17045,4773,5464,,3302,144079
9380062,1791049562,9263601204,10,9,0,0,9,0,0,9,0,0,4011,4,4014,10860,4024,1,14789,3930,472,,1880,89274
9380064,1791049630,9847447362,33,28,0,0,28,0,0,28,0,0,4227,6,4231,11507,4264,1,17275,5769,1384,,2636,102506
9380068,1791049710,0,0,0,0,0,0,0,0,0,0,0,0,4,2,7,2,1,5317,5311,0,,0,0
9380071,1791049764,0,0,0,0,0,0,0,0,0,0,0,0,8,3,10,3,1,5185,5176,0,,0,0
9380072,1791049806,9822281341,58,11,0,0,11,0,0,11,0,0,4069,6,4074,11150,4132,1,16633,5484,568,,7808,117403
9380077,1791049853,9250044506,10,6,0,0,6,0,0,6,0,0,4011,2,4011,10851,4021,1,14777,3927,328,,1629,92074
9380078,1791049907,9195858512,5,5,0,0,5,0,0,5,0,0,4005,10,4012,10847,4017,1,17435,6589,280,,906,88997
9380082,1791049954,10653037550,12,11,0,0,11,0,0,11,0,0,4612,2,4613,12476,4625,1,16543,4068,568,,1986,106499
9380085,1791049986,9211284788,8,8,0,0,8,0,0,8,0,0,4008,8,4015,10856,4023,1,15214,4359,424,,845,86719
9380089,1791050044,10175523104,9,8,0,0,8,0,0,8,0,0,4410,6,4416,11936,4425,1,16432,4497,424,,1838,96958
9380090,1791050115,0,0,0,0,0,0,0,0,0,0,0,0,8,5,15,5,1,5895,5881,0,,0,0
9380093,1791050166,0,0,0,0,0,0,0,0,0,0,0,0,2,1,4,1,1,3619,3616,0,,0,0
9380094,1791050188,0,0,0,0,0,0,0,0,0,0,0,0,6,4,12,4,1,5184,5173,0,,0,0
9380096,1791050223,0,0,0,0,0,0,0,0,0,0,0,0,2,1,4,1,1,4356,4353,0,,0,0
9380097,1791050278,0,0,0,0,0,0,0,0,0,0,0,0,4,1,4,1,1,4927,4924,0,,0,0
9380098,1791050312,10767521353,62,16,0,0,16,0,0,16,0,0,4471,2,4472,12238,4534,1,17545,5308,808,,7752,126398
9380105,1791050372,9763860457,11,7,0,0,7,0,0,7,0,0,4212,2,4213,11402,4224,1,16033,4632,376,,2589,96595
9380109,1791050428,10216183158,42,34,0,0,34,0,0,34,0,0,4397,14,4399,11986,4441,1,16465,4480,1672,,1989,107903
9380112,1791050467,81293556,39,39,0,0,39,0,0,39,0,0,3,8,8,128,47,1,4316,4189,1912,,325,14405
9380116,1791050497,9711513020,8,7,0,0,7,0,0,7,0,0,4209,6,4213,11391,4221,1,15887,4497,376,,1804,94370
9380119,1791050567,10381789991,14,12,0,0,12,0,0,12,0,0,4478,8,4484,12140,4498,1,17767,5628,616,,2577,99714
9380122,1791050747,0,0,0,0,0,0,0,0,0,0,0,0,6,5,15,5,1,11673,11659,0,,0,0
9380123,1791050856,9335412069,75,26,0,0,26,0,0,26,0,0,3762,6,3763,10355,3838,1,18267,7913,1288,,8851,126060
9380127,1791050875,10122510692,7,7,0,0,7,0,0,7,0,0,4407,2,4408,11914,4415,1,15135,3222,376,,893,95636
9380128,1791050923,9726025342,10,9,0,0,9,0,0,9,0,0,4210,8,4215,11402,4225,1,17029,5628,472,,1803,93535
9380131,1791050995,0,0,0,0,0,0,0,0,0,0,0,0,2,2,7,2,1,5032,5026,0,,0,0
9380132,1791051030,0,0,0,0,0,0,0,0,0,0,0,0,6,3,9,3,1,5181,5173,0,,0,0
9380134,1791051082,0,0,0,0,0,0,0,0,0,0,0,0,2,1,4,1,1,4747,4744,0,,0,0
9380136,1791051116,10807441603,33,26,0,0,26,0,0,26,0,0,4641,4,4641,12612,4674,1,17544,4933,1288,,2954,113475
9380138,1791051162,10860224267,69,22,0,0,22,0,0,22,0,0,4482,4,4486,12295,4555,1,17323,5029,1096,,8601,136050
9380139,1791051210,9247752958,6,5,0,0,5,0,0,5,0,0,4006,4,4007,10829,4013,1,15322,4494,280,,1647,86827
9380144,1791051288,9670285648,8,8,0,0,8,0,0,8,0,0,4208,2,4209,11377,4217,1,18405,7029,424,,851,91113
9380148,1791051347,0,0,0,0,0,0,0,0,0,0,0,0,10,7,20,7,1,4775,4756,0,,0,0
9380149,1791051388,9338043475,18,11,0,0,11,0,0,11,0,0,4019,8,4019,10897,4037,1,15960,5064,568,,2659,91603
9380151,1791051410,10131277642,8,8,0,0,8,0,0,8,0,0,4409,2,4411,11924,4419,1,16446,4523,424,,880,94737
9380153,1791051453,0,0,0,0,0,0,0,0,0,0,0,0,4,4,12,4,1,4194,4183,0,,0,0
9380155,1791051510,0,0,0,0,0,0,0,0,0,0,0,0,4,3,9,3,1,5037,5029,0,,0,0
9380159,1791051544,9930163563,78,28,0,0,28,0,0,28,0,0,4083,4,4084,11232,4162,1,15584,4353,1384,,8733,125466
9380160,1791051591,9211284788,8,8,0,0,8,0,0,8,0,0,4008,8,4015,10857,4023,1,15497,4641,424,,829,86490
9380162,1791051617,9247752958,6,5,0,0,5,0,0,5,0,0,4006,2,4008,10832,4014,1,14476,3645,280,,1613,87462
9380164,1791051663,9791988825,16,9,0,0,9,0,0,9,0,0,4219,4,4222,11438,4238,1,16072,4635,472,,2605,100360
9380169,1791051713,9206197090,8,8,0,0,8,0,0,8,0,0,4006,4,4010,10844,4018,1,15196,4353,424,,927,95500
9380171,1791051759,9366083208,82,35,0,0,35,0,0,35,0,0,3872,10,3873,10676,3955,1,15460,4785,1720,,7400,133619
9380172,1791051832,0,0,0,0,0,0,0,0,0,0,0,0,4,4,12,4,1,7014,7003,0,,0,0
9380173,1791051888,9405651094,22,19,0,0,19,0,0,19,0,0,4020,2,4021,10909,4043,1,17091,6183,952,,3960,95356
9380174,1791051966,9343383191,18,7,0,0,7,0,0,7,0,0,4019,2,4017,10886,4035,1,17350,6465,376,,3110,107244
9380180,1791052011,0,0,0,0,0,0,0,0,0,0,0,0,2,2,7,2,1,4641,4635,0,,0,0
9380183,1791052064,10618873364,14,14,0,0,14,0,0,14,0,0,4614,12,4621,12509,4635,1,18142,5634,712,,1179,113247
9380184,1791052115,9734416216,17,16,0,0,16,0,0,16,0,0,4211,6,4215,11421,4232,1,16763,5343,808,,1961,99816
9380187,1791052187,9699977421,9,7,0,0,7,0,0,7,0,0,4209,2,4209,11380,4218,1,16857,5478,376,,1659,93227
9380190,1791052240,9271190642,14,6,0,0,6,0,0,6,0,0,4015,6,4014,10869,4028,1,15083,4215,328,,1713,88753
9380196,1791052284,10191635049,17,16,0,0,16,0,0,16,0,0,4414,6,4419,11976,4436,1,16895,4920,808,,1576,98350
9380201,1791052335,0,0,0,0,0,0,0,0,0,0,0,0,12,7,20,7,1,5060,5041,0,,0,0
9380205,1791052388,0,0,0,0,0,0,0,0,0,0,0,0,10,5,15,5,1,4629,4615,0,,0,0
9380206,1791052417,10766248202,58,10,0,0,10,0,0,10,0,0,4469,8,4470,12218,4528,1,17422,5205,520,,8384,129685
9380209,1791052506,0,0,0,0,0,0,0,0,0,0,0,0,2,2,7,2,1,6583,6577,0,,0,0
9380211,1791052551,10234711470,31,31,0,0,31,0,0,31,0,0,4418,6,4421,12015,4452,1,16652,4638,1528,,1814,103334
9380216,1791052586,10227883154,13,8,0,0,8,0,0,8,0,0,4414,4,4416,11953,4429,1,15600,3648,424,,2573,98434
9380218,1791052634,9305930676,40,40,0,0,40,0,0,40,0,0,4010,10,4015,10944,4055,1,15341,4398,1960,,1144,99508
9380221,1791052694,9971935647,100,48,0,0,48,0,0,48,0,0,4085,4,4084,11288,4184,1,16486,5199,2344,,8544,131305
9380222,1791052734,9196470500,5,5,0,0,5,0,0,5,0,0,4005,6,4010,10831,4015,1,15891,5061,280,,795,84762
9380224,1791052778,9748844377,13,9,0,0,9,0,0,9,0,0,4214,2,4216,11414,4229,1,15734,4321,472,,2349,94756
9380226,1791052812,9693823197,8,7,0,0,7,0,0,7,0,0,4208,4,4211,11384,4219,1,16271,4888,376,,1601,95067
9380230,1791052874,0,0,0,0,0,0,0,0,0,0,0,0,4,3,9,3,1,4332,4324,0,,0,0
9380233,1791052910,9743680405,21,19,0,0,19,0,0,19,0,0,4216,8,4218,11438,4239,1,15937,4500,952,,1803,99086
9380235,1791052944,10133630034,9,9,0,0,9,0,0,9,0,0,4409,6,4412,11931,4421,1,16286,4356,472,,1149,98560
9380237,1791052992,10194326066,10,7,0,0,7,0,0,7,0,0,4410,4,4413,11934,4423,1,15834,3901,376,,1875,101480
9380241,1791053041,0,0,0,0,0,0,0,0,0,0,0,0,4,2,7,2,1,4471,4465,0,,0,0
9380244,1791053087,9338131887,23,18,0,0,18,0,0,18,0,0,4024,8,4028,10933,4051,1,15855,4923,904,,2486,93626
9380247,1791053124,9287397706,19,11,0,0,11,0,0,11,0,0,4017,6,4015,10883,4034,1,15632,4750,568,,1810,89462
9380249,1791053178,9801278314,55,8,0,0,8,0,0,8,0,0,4066,6,4069,11130,4124,1,16049,4920,424,,7514,115599
9380252,1791053278,9782245719,12,9,0,0,9,0,0,9,0,0,4213,4,4216,11414,4228,1,18481,7068,472,,2856,95904
9380255,1791053315,9659964604,6,6,0,0,6,0,0,6,0,0,4206,6,4211,11382,4217,1,15612,4231,328,,852,91624
9380259,1791053348,9757118283,14,9,0,0,9,0,0,9,0,0,4215,6,4218,11421,4232,1,15635,4215,472,,2461,130780
9380261,1791053399,0,0,0,0,0,0,0,0,0,0,0,0,8,6,17,6,1,4205,4189,0,,0,0
9380263,1791053459,10354122026,30,21,0,0,21,0,0,21,0,0,4431,4,4432,12041,4462,1,17069,5029,1048,,4011,185820
9380267,1791053528,45397550,19,19,0,0,19,0,0,19,0,0,2,4,5,66,24,1,4812,4747,952,,249,7187
9380269,1791053544,10067374936,72,21,0,0,21,0,0,21,0,0,4081,8,4083,11213,4155,1,15289,4077,1048,,11367,224085
9380271,1791053585,9723219930,10,9,0,0,9,0,0,9,0,0,4211,4,4215,11400,4225,1,16005,4606,472,,5608,210703
9380273,1791053629,0,0,0,0,0,0,0,0,0,0,0,0,4,3,9,3,1,4050,4042,0,,0,0
9380276,1791053688,10354693141,22,16,0,0,16,0,0,16,0,0,4424,4,4425,11998,4447,1,16491,4494,808,,4323,109384
9380281,1791053741,10726471554,20,11,0,0,11,0,0,11,0,0,4622,6,4623,12529,4643,1,17025,4497,568,,2988,107280
9380284,1791053796,24859230,9,9,0,0,9,0,0,9,0,0,2,10,6,42,15,1,5675,5634,472,,134,3585
9380286,1791053823,9271662019,14,12,0,0,12,0,0,12,0,0,4015,6,4016,10875,4030,1,15230,4356,616,,1659,90311
9380287,1791053864,9340671755,26,7,0,0,7,0,0,7,0,0,4027,4,4014,10899,4040,1,15674,4776,376,,2810,95757
9380290,1791053915,0,0,0,0,0,0,0,0,0,0,0,0,2,2,7,2,1,4750,4744,0,,0,0
9380292,1791053949,10762207532,60,12,0,0,12,0,0,12,0,0,4472,6,4474,12236,4534,1,16732,4497,616,,7796,128699
9380294,1791054017,10183319923,13,11,0,0,11,0,0,11,0,0,4414,4,4416,11950,4429,1,15887,3938,568,,1804,97804
9380301,1791054042,0,0,0,0,0,0,0,0,0,0,0,0,4,3,9,3,1,4050,4042,0,,0,0
9380306,1791054118,0,0,0,0,0,0,0,0,0,0,0,0,14,11,31,11,1,5638,5608,0,,0,0
9380308,1791054159,10796010035,38,26,0,0,26,0,0,26,0,0,4630,10,4630,12591,4668,1,17939,5349,1288,,3190,112369
9380312,1791054209,9248018916,7,6,0,0,6,0,0,6,0,0,4008,4,4011,10846,4018,1,15198,4353,328,,1750,86985
9380313,1791054277,0,0,0,0,0,0,0,0,0,0,0,0,8,6,17,6,1,4346,4330,0,,0,0
9380319,1791054319,9254003731,11,9,0,0,9,0,0,9,0,0,4012,2,4012,10857,4023,1,15459,4603,472,,1536,92825
9380320,1791054395,0,0,0,0,0,0,0,0,0,0,0,0,12,9,25,9,1,7494,7470,0,,0,0
9380322,1791054444,9459410685,67,23,0,0,23,0,0,23,0,0,3867,2,3866,10609,3933,1,14712,4104,1144,,10212,118103
9380325,1791054483,9196566508,5,5,0,0,5,0,0,5,0,0,4005,4,4009,10830,4014,1,14589,3760,280,,886,85197
9380326,1791054659,10218756095,11,8,0,0,8,0,0,8,0,0,4412,6,4415,11939,4426,1,25571,13633,424,,2490,99782
9380330,1791054720,0,0,0,0,0,0,0,0,0,0,0,0,2,1,4,1,1,3760,3757,0,,0,0
9380335,1791054739,10977646820,77,11,0,0,11,0,0,11,0,0,4489,8,4485,12310,4562,1,16639,4330,568,,11534,137440
9380336,1791054782,9731054157,16,14,0,0,14,0,0,14,0,0,4216,10,4222,11437,4238,1,16503,5067,712,,1643,100199
9380338,1791054851,0,0,0,0,0,0,0,0,0,0,0,0,2,2,7,2,1,4891,4885,0,,0,0
9380339,1791054880,9659112596,6,6,0,0,6,0,0,6,0,0,4206,4,4208,11373,4214,1,16007,4635,328,,1004,90797
9380340,1791054923,9196470500,5,5,0,0,5,0,0,5,0,0,4005,2,4007,10829,4012,1,15601,4773,280,,855,86274
9380342,1791055034,10858194466,69,13,0,0,13,0,0,13,0,0,4481,2,4478,12269,4547,1,19470,7202,664,,9971,129219
9380346,1791055091,9711235054,7,6,0,0,6,0,0,6,0,0,4207,4,4211,11382,4218,1,16016,4635,328,,1679,92486
9380350,1791055159,10142215838,14,14,0,0,14,0,0,14,0,0,4409,8,4413,11949,4427,1,17829,5881,712,,985,100548
9380351,1791055201,10174573154,8,7,0,0,7,0,0,7,0,0,4408,8,4414,11935,4422,1,16969,5035,376,,1885,98461
9380353,1791055256,0,0,0,0,0,0,0,0,0,0,0,0,2,1,4,1,1,4606,4603,0,,0,0
9380355,1791055309,0,0,0,0,0,0,0,0,0,0,0,0,4,2,7,2,1,5035,5029,0,,0,0
9380358,1791055342,9823242735,22,14,0,0,14,0,0,14,0,0,4223,4,4221,11452,4243,1,15352,3901,712,,3006,99926
9380362,1791055384,9717756592,9,8,0,0,8,0,0,8,0,0,4210,6,4214,11393,4223,1,15748,4356,424,,1832,91069
9380366,1791055467,9858911777,79,27,0,0,27,0,0,27,0,0,4080,8,4081,11226,4160,1,15161,3936,1336,,14888,364107
9380369,1791055514,0,0,0,0,0,0,0,0,0,0,0,0,8,6,17,6,1,5192,5176,0,,0,0
9380371,1791055558,10614288764,14,14,0,0,14,0,0,14,0,0,4612,6,4614,12487,4628,1,18111,5625,712,,1084,103599
9380373,1791055615,0,0,0,0,0,0,0,0,0,0,0,0,4,3,9,3,1,3804,3796,0,,0,0
9380375,1791055661,0,0,0,0,0,0,0,0,0,0,0,0,4,3,10,3,1,4474,4465,0,,0,0
9380378,1791055686,10185163844,19,19,0,0,19,0,0,19,0,0,4419,4,4420,11980,4439,1,16050,4071,952,,1474,103726
9380381,1791055743,10718417021,29,26,0,0,26,0,0,26,0,0,4616,6,4620,12541,4649,1,17460,4920,1288,,2692,111206
9380386,1791055793,10638043250,9,8,0,0,8,0,0,8,0,0,4609,6,4612,12469,4621,1,17106,4638,424,,1910,102510
9380387,1791055794,9379740903,57,10,0,0,10,0,0,10,0,0,3868,10,3872,10605,3929,1,18068,7464,520,,8985,113536
9380389,1791055907,9718668906,9,8,0,0,8,0,0,8,0,0,4211,2,4211,11387,4220,1,16159,4773,424,,1843,92542
9380391,1791055969,0,0,0,0,0,0,0,0,0,0,0,0,4,3,9,3,1,4755,4747,0,,0,0
9380396,1791056005,9800947484,33,32,0,0,32,0,0,32,0,0,4221,4,4221,11479,4254,1,15549,4071,1576,,1934,101705
9380398,1791056044,9196470500,5,5,0,0,5,0,0,5,0,0,4005,10,4010,10834,4015,1,15307,4474,280,,793,84746
9380401,1791056122,10348481222,19,14,0,0,14,0,0,14,0,0,4419,4,4418,11974,4437,1,18441,6468,712,,4083,107079
9380405,1791056158,10187683757,14,8,0,0,8,0,0,8,0,0,4415,6,4415,11951,4429,1,16306,4356,424,,1746,96108
9380408,1791056259,9571942630,40,31,0,0,31,0,0,31,0,0,4032,8,4033,10993,4073,1,14400,3408,1528,,5657,108945
9380409,1791056328,10753915489,55,9,0,0,9,0,0,9,0,0,4466,6,4471,12213,4526,1,19388,7176,472,,9289,130068
9380411,1791056355,9884860105,16,10,0,0,10,0,0,10,0,0,4216,2,4215,11418,4231,1,15485,4068,520,,4183,115985
9380415,1791056393,9659964604,6,6,0,0,6,0,0,6,0,0,4206,4,4209,11374,4215,1,14598,3225,328,,974,97022
9380417,1791056439,10221042771,19,13,0,0,13,0,0,13,0,0,4422,8,4426,11990,4445,1,15784,3795,664,,2066,102582
9380419,1791056514,9370398972,56,12,0,0,12,0,0,12,0,0,3864,4,3867,10586,3923,1,16489,5904,616,,7999,113382
9380421,1791056558,10637851248,9,8,0,0,8,0,0,8,0,0,4609,4,4612,12469,4621,1,16962,4494,424,,1851,102177
9380422,1791056616,0,0,0,0,0,0,0,0,0,0,0,0,4,4,12,4,1,5322,5311,0,,0,0
9380424,1791056658,0,0,0,0,0,0,0,0,0,0,0,0,2,1,4,1,1,4324,4321,0,,0,0
9380425,1791056686,10315893474,61,14,0,0,14,0,0,14,0,0,4272,4,4275,11700,4336,1,16616,4917,712,,8784,122372
9380428,1791056750,10921897782,34,22,0,0,22,0,0,22,0,0,4636,2,4632,12588,4666,1,17360,4773,1096,,5253,119189
9380432,1791056824,10190539825,15,14,0,0,14,0,0,14,0,0,4416,6,4420,11967,4435,1,17623,5657,712,,1591,101074
9380435,1791056876,21505166,7,7,0,0,7,0,0,7,0,0,2,8,8,42,15,1,4512,4471,376,,138,2695
9380437,1791056900,9785257302,56,8,0,0,8,0,0,8,0,0,4067,6,4071,11135,4127,1,15067,3933,424,,6964,114529
9380440,1791056957,0,0,0,0,0,0,0,0,0,0,0,0,4,4,12,4,1,4758,4747,0,,0,0
9380442,1791056980,9236257902,16,16,0,0,16,0,0,16,0,0,4010,6,4011,10868,4027,1,15505,4638,808,,1004,92952
9380445,1791057088,0,0,0,0,0,0,0,0,0,0,0,0,4,4,12,4,1,7296,7285,0,,0,0
9380447,1791057137,10837301526,40,29,0,0,29,0,0,29,0,0,4632,6,4628,12598,4668,1,17376,4779,1432,,3990,116052
9380449,1791057182,9776886581,10,8,0,0,8,0,0,8,0,0,4210,4,4212,11393,4222,1,15886,4494,424,,3035,95743
9380450,1791057227,0,0,0,0,0,0,0,0,0,0,0,0,4,4,12,4,1,5040,5029,0,,0,0
9380454,1791057333,0,0,0,0,0,0,0,0,0,0,0,0,2,1,4,1,1,7708,7705,0,,0,0
9380455,1791057373,10956254517,68,16,0,0,16,0,0,16,0,0,4547,8,4553,12468,4621,1,18550,6083,808,,7911,132551
9380458,1791057418,9711115056,7,6,0,0,6,0,0,6,0,0,4207,2,4209,11380,4216,1,15201,3822,328,,1748,92534
9380460,1791057485,9690383298,19,19,0,0,19,0,0,19,0,0,4209,6,4211,11416,4230,1,16335,4920,952,,932,97556
9380461,1791057522,9659868596,6,6,0,0,6,0,0,6,0,0,4206,4,4210,11373,4216,1,16148,4776,328,,851,92156
9380466,1791057560,0,0,0,0,0,0,0,0,0,0,0,0,2,2,7,2,1,4186,4180,0,,0,0
9380468,1791057639,0,0,0,0,0,0,0,0,0,0,0,0,10,5,15,5,1,6885,6871,0,,0,0
9380473,1791057667,10240544990,22,18,0,0,18,0,0,18,0,0,4422,4,4423,11998,4445,1,16180,4183,904,,2286,103773
9380477,1791057749,20554468,5,5,0,0,5,0,0,5,0,0,3,10,9,39,14,1,6486,6448,280,,115,2014
9380483,1791057780,10612469669,72,21,0,0,21,0,0,21,0,0,4323,8,4326,11866,4398,1,16083,4218,1048,,13156,133674
9380486,1791057818,9711235054,7,6,0,0,6,0,0,6,0,0,4207,12,4217,11403,4224,1,15767,4365,328,,1752,93346
9380490,1791057865,0,0,0,0,0,0,0,0,0,0,0,0,6,3,9,3,1,3912,3904,0,,0,0
9380491,1791057891,10613138060,19,19,0,0,19,0,0,19,0,0,4610,8,4614,12502,4633,1,17565,5064,952,,1062,104251
9380492,1791057944,9729170189,14,8,0,0,8,0,0,8,0,0,4215,2,4213,11405,4227,1,17276,5872,424,,1791,93226
9380494,1791057995,0,0,0,0,0,0,0,0,0,0,0,0,2,1,4,1,1,2881,2878,0,,0,0
9380496,1791058030,9360203622,56,9,0,0,9,0,0,9,0,0,3867,4,3868,10589,3924,1,15082,4494,472,,7802,113391
9380499,1791058103,10192027438,11,10,0,0,10,0,0,10,0,0,4411,4,4414,11938,4425,1,18546,6609,520,,1959,97263
9380501,1791058147,10175511100,9,8,0,0,8,0,0,8,0,0,4410,6,4415,11937,4424,1,16545,4609,424,,1939,98793
9380506,1791058212,0,0,0,0,0,0,0,0,0,0,0,0,4,2,7,2,1,4189,4183,0,,0,0
9380509,1791058274,10374945259,69,14,0,0,14,0,0,14,0,0,4279,10,4279,11732,4348,1,17644,5913,712,,9958,124473
9380512,1791058304,10595326178,10,10,0,0,10,0,0,10,0,0,4610,6,4612,12472,4622,1,17532,5061,520,,950,101743
9380513,1791058399,0,0,0,0,0,0,0,0,0,0,0,0,6,5,15,5,1,6879,6865,0,,0,0
9380516,1791058469,0,0,0,0,0,0,0,0,0,0,0,0,2,1,4,1,1,5311,5308,0,,0,0
9380518,1791058544,0,0,0,0,0,0,0,0,0,0,0,0,6,5,15,5,1,7443,7429,0,,0,0
9380521,1791058607,10788010583,164,109,0,0,109,0,0,109,0,0,4296,4,4295,12032,4459,1,16955,4924,5272,,13766,164165
9380526,1791058653,9247752958,6,5,0,0,5,0,0,5,0,0,4006,6,4010,10838,4016,1,15193,4356,280,,1815,87890
9380530,1791058693,10678177355,12,9,0,0,9,0,0,9,0,0,4612,10,4618,12490,4630,1,17104,4615,472,,2599,102399
9380533,1791058743,9870325013,57,13,0,0,13,0,0,13,0,0,4065,8,4071,11140,4128,1,15357,4218,664,,9264,119572
9380535,1791058814,9734856100,26,26,0,0,26,0,0,26,0,0,4218,6,4222,11464,4248,1,18498,7035,1288,,1112,98032
9380537,1791058882,9309674110,18,17,0,0,17,0,0,17,0,0,4018,4,4022,10903,4040,1,17511,6609,856,,1825,92763
9380538,1791058935,9726025342,10,9,0,0,9,0,0,9,0,0,4210,4,4213,11398,4223,1,17301,5904,472,,1734,93241
9380541,1791059013,9742480134,12,11,0,0,11,0,0,11,0,0,4214,2,4216,11408,4228,1,17167,5760,568,,2037,93467
9380545,1791059079,9794089270,55,10,0,0,10,0,0,10,0,0,4064,6,4069,11130,4124,1,16302,5173,520,,7200,116061
9380551,1791059126,0,0,0,0,0,0,0,0,0,0,0,0,8,5,15,5,1,3780,3766,0,,0,0
9380557,1791059155,9353352429,32,22,0,0,22,0,0,22,0,0,4030,12,4032,10966,4064,1,15084,4119,1096,,1984,94620
9380558,1791059293,0,0,0,0,0,0,0,0,0,0,0,0,12,11,31,11,1,11311,11281,0,,0,0
9380559,1791059327,9295761776,16,15,0,0,15,0,0,15,0,0,4017,2,4018,10887,4034,1,15377,4491,760,,1921,91061
9380561,1791059395,0,0,0,0,0,0,0,0,0,0,0,0,2,2,7,2,1,5314,5308,0,,0,0
9380563,1791059463,9336475942,22,6,0,0,6,0,0,6,0,0,4015,4,4014,10895,4036,1,18067,7173,328,,2689,91702
9380565,1791059508,0,0,0,0,0,0,0,0,0,0,0,0,4,3,10,3,1,4333,4324,0,,0,0
9380567,1791059549,0,0,0,0,0,0,0,0,0,0,0,0,4,3,10,3,1,4756,4747,0,,0,0
9380569,1791059584,10789371348,64,18,0,0,18,0,0,18,0,0,4474,4,4475,12246,4539,1,16880,4635,904,,8164,128409
9380572,1791059625,0,0,0,0,0,0,0,0,0,0,0,0,4,3,10,3,1,4474,4465,0,,0,0
9380577,1791059626,10654412830,31,31,0,0,31,0,0,31,0,0,4616,6,4617,12544,4648,1,18168,5625,1528,,1125,108151
9380579,1791059714,9228643076,11,11,0,0,11,0,0,11,0,0,4011,10,4020,10877,4031,1,15379,4503,568,,927,87887
9380580,1791059815,9851184939,28,13,0,0,13,0,0,13,0,0,4229,4,4226,11478,4254,1,20233,8756,664,,2915,101687
9380585,1791059859,10650133476,49,7,0,0,7,0,0,7,0,0,4209,2,4211,11499,4260,1,15143,3645,376,,23984,113401
9380587,1791059892,9195714500,5,5,0,0,5,0,0,5,0,0,4005,10,4014,10849,4019,1,15633,4785,280,,922,89809
9380589,1791059952,9758174000,24,23,0,0,23,0,0,23,0,0,4215,4,4217,11442,4241,1,17345,5904,1144,,2029,99153
9380591,1791060036,0,0,0,0,0,0,0,0,0,0,0,0,4,4,12,4,1,5604,5593,0,,0,0
9380592,1791060071,10791124851,69,11,0,0,11,0,0,11,0,0,4480,4,4477,12267,4546,1,17436,5170,568,,7725,130920
9380595,1791060168,0,0,0,0,0,0,0,0,0,0,0,0,2,1,4,1,1,7003,7000,0,,0,0
9380596,1791060198,10194715804,11,9,0,0,9,0,0,9,0,0,4411,6,4414,11942,4425,1,17002,5061,472,,1897,99505
9380597,1791060255,0,0,0,0,0,0,0,0,0,0,0,0,2,2,7,2,1,5032,5026,0,,0,0
9380598,1791060282,10270753298,32,26,0,0,26,0,0,26,0,0,4434,2,4424,12024,4456,1,16655,4632,1288,,1982,153283
9380599,1791060341,10284896623,66,15,0,0,15,0,0,15,0,0,4273,2,4271,11700,4337,1,16858,5159,760,,21479,289986
9380601,1791060430,0,0,0,0,0,0,0,0,0,0,0,0,2,2,7,2,1,7147,7141,0,,0,0
9380604,1791060509,0,0,0,0,0,0,0,0,0,0,0,0,4,2,7,2,1,5599,5593,0,,0,0
9380606,1791060531,9466087214,40,32,0,0,32,0,0,32,0,0,4046,6,4047,11029,4087,1,15126,4098,1576,,3061,99116
9380611,1791060618,10022753714,76,25,0,0,25,0,0,25,0,0,4098,4,4100,11266,4176,1,16746,5481,1240,,9730,127114
9380614,1791060663,0,0,0,0,0,0,0,0,0,0,0,0,10,9,26,9,1,5486,5461,0,,0,0
9380617,1791060697,10253751908,18,14,0,0,14,0,0,14,0,0,4419,6,4422,11981,4440,1,16166,4186,712,,2564,98787
9380620,1791060744,10227721295,28,27,0,0,27,0,0,27,0,0,4423,6,4423,12011,4451,1,15943,3933,1336,,1699,102999
9380622,1791060782,9760831557,21,20,0,0,20,0,0,20,0,0,4221,6,4224,11454,4245,1,16240,4787,1000,,1970,109417
9380627,1791060830,0,0,0,0,0,0,0,0,0,0,0,0,4,4,12,4,1,4335,4324,0,,0,0
9380629,1791060896,0,0,0,0,0,0,0,0,0,0,0,0,10,4,12,4,1,5613,5602,0,,0,0
9380631,1791060943,10095112665,128,73,0,0,73,0,0,73,0,0,4088,4,4083,11362,4211,1,15750,4389,3544,,11246,153889
9380633,1791060982,10175523104,9,8,0,0,8,0,0,8,0,0,4410,4,4413,11935,4422,1,15582,3648,424,,1919,97869
9380635,1791061026,9196470500,5,5,0,0,5,0,0,5,0,0,4005,4,4009,10830,4014,1,15605,4776,280,,797,85452
9380637,1791061069,9659868596,6,6,0,0,6,0,0,6,0,0,4206,4,4210,11377,4216,1,15306,3930,328,,954,91062
9380642,1791061125,9739757450,12,11,0,0,11,0,0,11,0,0,4212,4,4216,11408,4228,1,15760,4353,568,,1892,94264
9380644,1791061176,9217915646,12,12,0,0,12,0,0,12,0,0,4007,10,4017,10871,4029,1,15514,4644,616,,933,88047
9380647,1791061212,10157641301,9,8,0,0,8,0,0,8,0,0,4409,4,4412,11931,4421,1,15437,3507,424,,1462,95157
9380649,1791061247,10274459618,64,10,0,0,10,0,0,10,0,0,4277,6,4279,11722,4343,1,16612,4891,520,,7220,122622
9380653,1791061303,9743304866,16,12,0,0,12,0,0,12,0,0,4216,4,4218,11425,4234,1,15636,4212,616,,1782,92986
9380657,1791061392,10858064093,32,23,0,0,23,0,0,23,0,0,4633,8,4636,12600,4668,1,18650,6051,1144,,4790,114863
9380659,1791061449,10181539089,13,11,0,0,11,0,0,11,0,0,4413,8,4416,11953,4429,1,16452,4500,568,,1798,97233
9380662,1791061479,9196470500,5,5,0,0,5,0,0,5,0,0,4005,4,4008,10831,4013,1,14760,3930,280,,782,87558
9380664,1791061526,0,0,0,0,0,0,0,0,0,0,0,0,6,4,12,4,1,5075,5064,0,,0,0
9380666,1791061555,9781736505,20,12,0,0,12,0,0,12,0,0,4219,4,4217,11430,4237,1,16064,4635,616,,2335,99525
9380668,1791061595,9702286767,10,9,0,0,9,0,0,9,0,0,4209,4,4212,11395,4222,1,16029,4635,472,,1512,92564
9380671,1791061637,0,0,0,0,0,0,0,0,0,0,0,0,4,3,9,3,1,3627,3619,0,,0,0
9380678,1791061758,0,0,0,0,0,0,0,0,0,0,0,0,6,3,9,3,1,7719,7711,0,,0,0
9380681,1791061784,9748790893,26,25,0,0,25,0,0,25,0,0,4213,14,4223,11470,4249,1,16260,4791,1240,,1788,101231
9380683,1791061824,9793635932,60,13,0,0,13,0,0,13,0,0,4072,6,4078,11168,4138,1,15100,3933,664,,6827,117637
9380686,1791061858,0,0,0,0,0,0,0,0,0,0,0,0,4,3,9,3,1,3909,3901,0,,0,0
9380688,1791061957,0,0,0,0,0,0,0,0,0,0,0,0,6,3,9,3,1,10821,10813,0,,0,0
9380690,1791062016,9875299399,24,11,0,0,11,0,0,11,0,0,4226,4,4222,11458,4246,1,20152,8695,568,,3799,101035
9380694,1791062096,10858402416,37,31,0,0,31,0,0,31,0,0,4623,4,4622,12570,4659,1,22312,9743,1528,,4327,121163
9380696,1791062132,10660044897,16,10,0,0,10,0,0,10,0,0,4617,8,4620,12514,4636,1,16908,4395,520,,1954,102290
9380698,1791062173,9692053172,12,12,0,0,12,0,0,12,0,0,4212,4,4216,11410,4228,1,15198,3789,616,,1069,93909
9380701,1791062232,10236350304,20,19,0,0,19,0,0,19,0,0,4420,4,4423,11988,4443,1,16763,4776,952,,5775,258880
9380702,1791062269,10702908087,12,10,0,0,10,0,0,10,0,0,4612,6,4615,12485,4627,1,17404,4920,520,,3136,104425
9380704,1791062308,10140612980,10,10,0,0,10,0,0,10,0,0,4410,2,4412,11932,4422,1,15717,3786,520,,1412,263439
9380707,1791062350,0,0,0,0,0,0,0,0,0,0,0,0,4,3,9,3,1,4050,4042,0,,0,1
9380709,1791062383,10659714189,17,15,0,0,15,0,0,15,0,0,4617,6,4619,12513,4636,1,16586,4074,760,,4224,144742
9380710,1791062473,10342682799,71,18,0,0,18,0,0,18,0,0,4282,4,4282,11748,4353,1,19907,8160,904,,7909,124203
9380712,1791062516,10195802855,16,14,0,0,14,0,0,14,0,0,4416,2,4417,11963,4433,1,15748,3786,712,,1765,97961
9380717,1791062570,0,0,0,0,0,0,0,0,0,0,0,0,4,3,9,3,1,5460,5452,0,,0,0
9380720,1791062595,9506140376,28,20,0,0,20,0,0,20,0,0,4029,10,4027,10948,4055,1,16296,5349,1000,,5053,104663
9380724,1791062749,9195882516,5,5,0,0,5,0,0,5,0,0,4005,6,4009,10829,4014,1,19305,8477,280,,917,86341
9380725,1791062777,0,0,0,0,0,0,0,0,0,0,0,0,8,7,20,7,1,5372,5353,0,,0,0
9380727,1791062825,0,0,0,0,0,0,0,0,0,0,0,0,2,1,4,1,1,4324,4321,0,,0,0
9380732,1791062868,10565158022,86,27,0,0,27,0,0,27,0,0,4295,4,4291,11815,4377,1,16449,4635,1336,,11994,135088
9380735,1791062917,0,0,0,0,0,0,0,0,0,0,0,0,10,9,26,9,1,4358,4333,0,,0,0
9380740,1791062974,9300206456,14,11,0,0,11,0,0,11,0,0,4014,6,4019,10882,4033,1,15942,5061,568,,2123,93498
9380742,1791063033,9805376582,49,41,0,0,41,0,0,41,0,0,4220,10,4219,11514,4268,1,16862,5349,2008,,1932,105192
9380746,1791063105,9659868596,6,6,0,0,6,0,0,6,0,0,4206,4,4209,11374,4215,1,17434,6061,328,,894,90960
9380749,1791063142,9712125008,8,7,0,0,7,0,0,7,0,0,4209,8,4215,11395,4223,1,15724,4330,376,,1817,91553
9380751,1791063194,9195714500,5,5,0,0,5,0,0,5,0,0,4005,6,4006,10821,4011,1,16727,5907,280,,2334,252201
9380754,1791063239,9659868596,6,6,0,0,6,0,0,6,0,0,4206,4,4209,11371,4215,1,16851,5481,328,,2491,91951
9380756,1791063283,9694640062,23,23,0,0,23,0,0,23,0,0,4208,6,4211,11424,4234,1,17612,6189,1144,,953,98755
9380758,1791063327,0,0,0,0,0,0,0,0,0,0,0,0,4,3,10,3,1,5243,5234,0,,0,0
9380763,1791063357,10242294217,24,18,0,0,18,0,0,18,0,0,4426,4,4424,12000,4448,1,15824,3825,904,,1983,101266
9380765,1791063432,0,0,0,0,0,0,0,0,0,0,0,0,10,7,20,7,1,6749,6730,0,,0,0
9380767,1791063482,9937454162,84,34,0,0,34,0,0,34,0,0,4085,4,4083,11246,4167,1,16979,5734,1672,,8827,127017
9380772,1791063529,10411069039,40,8,0,0,8,0,0,8,0,0,4215,4,4217,11491,4257,1,15279,3789,424,,17653,110863
9380774,1791063587,9667951554,7,7,0,0,7,0,0,7,0,0,4208,10,4215,11399,4222,1,15619,4221,376,,971,96772
9380777,1791063619,9659868596,6,6,0,0,6,0,0,6,0,0,4206,4,4210,11379,4216,1,15138,3760,328,,1018,129969
9380781,1791063654,0,0,0,0,0,0,0,0,0,0,0,0,6,5,15,5,1,4200,4186,0,,0,0
9380785,1791063687,0,0,0,0,0,0,0,0,0,0,0,0,8,4,12,4,1,4059,4048,0,,0,0
9380789,1791063728,24811228,9,9,0,0,9,0,0,9,0,0,2,8,5,39,14,1,4368,4330,472,,142,3398
9380791,1791063763,0,0,0,0,0,0,0,0,0,0,0,0,8,2,7,2,1,5041,5035,0,,0,0
9380793,1791063815,10623841124,51,16,0,0,16,0,0,16,0,0,4460,4,4459,12171,4510,1,16382,4212,808,,6500,118839
9380795,1791063879,10173769150,8,7,0,0,7,0,0,7,0,0,4408,4,4410,11925,4418,1,18251,6327,376,,1726,95731
9380798,1791063922,0,0,0,0,0,0,0,0,0,0,0,0,4,4,12,4,1,4790,4779,0,,0,0
9380801,1791063976,49658348,21,21,0,0,21,0,0,21,0,0,4,6,4,69,25,1,4818,4750,1048,,199,8246
9380802,1791064062,9374842939,24,13,0,0,13,0,0,13,0,0,4027,6,4028,10939,4052,1,19101,8163,664,,2905,97964
9380803,1791064121,10472094993,65,8,0,0,8,0,0,8,0,0,4563,2,4338,11883,4403,1,18459,6577,424,,3419,88833
9380807,1791064163,9196470500,5,5,0,0,5,0,0,5,0,0,4005,2,4006,10825,4011,1,14328,3504,280,,788,85050
9380812,1791064197,0,0,0,0,0,0,0,0,0,0,0,0,8,7,20,7,1,4067,4048,0,,0,0
9380815,1791064256,9795878123,21,16,0,0,16,0,0,16,0,0,4215,10,4219,11442,4240,1,17636,6195,808,,2574,98150
9380818,1791064318,0,0,0,0,0,0,0,0,0,0,0,0,6,4,12,4,1,6594,6583,0,,0,0
9380821,1791064375,10216183925,12,9,0,0,9,0,0,9,0,0,4413,6,4415,11948,4427,1,17854,5907,472,,2526,96847
9380825,1791064437,9743383630,13,12,0,0,12,0,0,12,0,0,4213,6,4219,11423,4232,1,16201,4779,616,,1828,93094
9380829,1791064485,10676715537,20,18,0,0,18,0,0,18,0,0,4621,8,4628,12545,4648,1,16874,4330,904,,1786,105396
9380831,1791064520,9684673870,17,17,0,0,17,0,0,17,0,0,4208,8,4212,11411,4229,1,15494,4084,856,,925,92953
9380834,1791064572,0,0,0,0,0,0,0,0,0,0,0,0,4,3,9,3,1,4332,4324,0,,0,0
9380839,1791064614,9329656551,25,15,0,0,15,0,0,15,0,0,4026,6,4024,10924,4049,1,15420,4497,760,,2006,92740
9380843,1791064675,9266944056,14,13,0,0,13,0,0,13,0,0,4010,10,4016,10875,4030,1,15518,4644,664,,1785,89475
9380844,1791064715,9658356596,6,6,0,0,6,0,0,6,0,0,4206,8,4212,11381,4218,1,16303,4923,328,,846,90911
9380846,1791064744,0,0,0,0,0,0,0,0,0,0,0,0,2,2,7,2,1,3904,3898,0,,0,0
9380849,1791064774,10123266692,7,7,0,0,7,0,0,7,0,0,4407,4,4410,11920,4417,1,16413,4494,376,,917,95805
9380852,1791064827,0,0,0,0,0,0,0,0,0,0,0,0,6,5,15,5,1,5046,5032,0,,0,0
9380853,1791064859,0,0,0,0,0,0,0,0,0,0,0,0,6,1,4,1,1,6868,6865,0,,0,0
9380856,1791064897,10749430576,23,12,0,0,12,0,0,12,0,0,4624,2,4620,12531,4643,1,16457,3927,616,,3091,123749
9380860,1791064971,9691139300,19,19,0,0,19,0,0,19,0,0,4209,6,4211,11415,4230,1,19859,8445,952,,1041,102627
9380861,1791065032,9804848693,20,17,0,0,17,0,0,17,0,0,4221,8,4228,11466,4248,1,18362,6897,856,,3205,106949
9380864,1791065085,0,0,0,0,0,0,0,0,0,0,0,0,2,2,7,2,1,4468,4462,0,,0,0
9380869,1791065088,9258343652,17,17,0,0,17,0,0,17,0,0,4017,6,4020,10893,4037,1,14156,3264,856,,1131,100092
9380873,1791065231,10817859452,44,35,0,0,35,0,0,35,0,0,4637,10,4640,12641,4684,1,20668,8028,1720,,3573,126468
9380878,1791065275,9281101338,20,20,0,0,20,0,0,20,0,0,4018,8,4026,10920,4046,1,15701,4782,1000,,1537,100080
9380884,1791065325,9754493193,11,8,0,0,8,0,0,8,0,0,4213,10,4216,11405,4227,1,15907,4503,424,,2842,99289
9380888,1791065390,9211284788,8,8,0,0,8,0,0,8,0,0,4008,12,4016,10859,4024,1,15787,4929,424,,904,90490
9380891,1791065441,0,0,0,0,0,0,0,0,0,0,0,0,8,7,20,7,1,4067,4048,0,,0,0
9380892,1791065488,0,0,0,0,0,0,0,0,0,0,0,0,6,3,9,3,1,5463,5455,0,,0,0
9380897,1791065526,9456697120,42,32,0,0,32,0,0,32,0,0,4032,2,4030,10987,4072,1,15485,4499,1576,,3714,105297
9380899,1791065527,9659868596,6,6,0,0,6,0,0,6,0,0,4206,10,4214,11387,4220,1,17299,5913,328,,979,92386
9380903,1791065669,10597687702,10,10,0,0,10,0,0,10,0,0,4610,4,4614,12475,4624,1,21903,9429,520,,986,102523
9380906,1791065720,9774286491,10,8,0,0,8,0,0,8,0,0,4210,8,4215,11404,4225,1,16853,5450,424,,3080,100733
9380910,1791065762,9357054846,23,10,0,0,10,0,0,10,0,0,4023,6,4021,10913,4044,1,15409,4497,520,,3255,94493
9380912,1791065824,0,0,0,0,0,0,0,0,0,0,0,0,8,5,15,5,1,6177,6163,0,,0,0
9380913,1791065889,10260331655,25,22,0,0,22,0,0,22,0,0,4417,4,4419,11995,4444,1,18462,6468,1096,,2780,103351
9380915,1791065950,10163748797,10,8,0,0,8,0,0,8,0,0,4410,2,4411,11935,4421,1,17287,5353,424,,1922,97475
9380917,1791066005,9711589493,11,10,0,0,10,0,0,10,0,0,4211,4,4215,11405,4226,1,15757,4353,520,,1654,96062
9380922,1791066074,0,0,0,0,0,0,0,0,0,0,0,0,4,4,12,4,1,4899,4888,0,,0,0
9380927,1791066097,10640226792,13,9,0,0,9,0,0,9,0,0,4614,10,4619,12498,4632,1,17394,4897,472,,1822,100801
9380933,1791066162,0,0,0,0,0,0,0,0,0,0,0,0,10,7,20,7,1,6044,6025,0,,0,0
9380937,1791066227,10311818479,22,16,0,0,16,0,0,16,0,0,4421,12,4428,12005,4450,1,20599,8595,808,,3581,107611
9380939,1791066269,9694291205,8,7,0,0,7,0,0,7,0,0,4208,8,4215,11399,4223,1,16321,4923,376,,4354,139837
9380945,1791066299,0,0,0,0,0,0,0,0,0,0,0,0,4,3,9,3,1,3522,3514,0,,0,0
9380949,1791066375,31351356,13,13,0,0,13,0,0,13,0,0,2,12,9,61,22,1,6088,6028,664,,152,5116
9380953,1791066426,9804236411,27,17,0,0,17,0,0,17,0,0,4228,8,4229,11484,4256,1,16688,5205,856,,2229,98793
9380955,1791066480,9369577308,17,11,0,0,11,0,0,11,0,0,4018,8,4020,10892,4037,1,16942,6051,568,,3586,103505
9380958,1791066527,9667873436,7,7,0,0,7,0,0,7,0,0,4208,4,4212,11389,4219,1,16023,4635,376,,2543,227542
9380962,1791066582,0,0,0,0,0,0,0,0,0,0,0,0,6,6,18,6,1,6036,6019,0,,0,0
9380963,1791066623,0,0,0,0,0,0,0,0,0,0,0,0,8,7,20,7,1,7592,7573,0,,0,0
9380965,1791066659,10190254757,17,15,0,0,15,0,0,15,0,0,4415,2,4414,11961,4431,1,17297,5337,760,,4941,101026
9380968,1791066722,9326197539,19,9,0,0,9,0,0,9,0,0,4020,4,4019,10899,4038,1,19593,8695,472,,2609,92112
9380971,1791066798,9761214337,11,7,0,0,7,0,0,7,0,0,4211,6,4213,11396,4224,1,21532,10137,376,,2526,97018
9380973,1791066840,9659868596,6,6,0,0,6,0,0,6,0,0,4206,6,4209,11373,4215,1,17673,6301,328,,865,91540
9380977,1791066891,9196470500,5,5,0,0,5,0,0,5,0,0,4005,4,4007,10827,4012,1,16339,5513,280,,823,87062
9380979,1791066923,9332536922,23,18,0,0,18,0,0,18,0,0,4018,8,4023,10922,4046,1,15110,4189,904,,2579,96484
9380980,1791067000,0,0,0,0,0,0,0,0,0,0,0,0,4,3,9,3,1,6588,6580,0,,0,0
9380983,1791067043,0,0,0,0,0,0,0,0,0,0,0,0,2,1,4,1,1,4183,4180,0,,0,0
9380986,1791067146,0,0,0,0,0,0,0,0,0,0,0,0,6,3,10,3,1,10540,10531,0,,0,0
9380990,1791067270,9380664018,26,16,0,0,16,0,0,16,0,0,4027,6,4025,10931,4051,1,16667,5737,808,,3058,100480
9380993,1791067271,10680970183,25,19,0,0,19,0,0,19,0,0,4620,8,4622,12540,4647,1,19436,6897,952,,1954,111354
9380995,1791067309,0,0,0,0,0,0,0,0,0,0,0,0,6,4,12,4,1,6312,6301,0,,0,0
9381000,1791067411,0,0,0,0,0,0,0,0,0,0,0,0,4,1,4,1,1,9544,9541,0,,0,0
9381006,1791067476,0,0,0,0,0,0,0,0,0,0,0,0,10,7,20,7,1,6044,6025,0,,0,0
9381010,1791067536,0,0,0,0,0,0,0,0,0,0,0,0,12,6,18,6,1,5936,5919,0,,0,0
9381011,1791067558,10302341085,18,9,0,0,9,0,0,9,0,0,4420,8,4420,11978,4438,1,17605,5628,472,,3762,107208
9381012,1791067603,0,0,0,0,0,0,0,0,0,0,0,0,2,2,7,2,1,4891,4885,0,,0,0
9381014,1791067681,10320156756,14,10,0,0,10,0,0,10,0,0,4414,2,4413,11946,4427,1,18128,6183,520,,4117,116977
9381016,1791067792,9711115056,7,6,0,0,6,0,0,6,0,0,4207,4,4211,11382,4218,1,15875,4494,328,,1902,96398
9381017,1791067861,9358955655,10,7,0,0,7,0,0,7,0,0,4010,4,4012,10855,4022,1,23215,12361,376,,3986,97561
9381018,1791067925,58111868,29,29,0,0,29,0,0,29,0,0,2,2,3,88,32,1,9484,9397,1432,,216,11106
9381022,1791067980,9674996368,8,8,0,0,8,0,0,8,0,0,4210,2,4210,11382,4218,1,17282,5901,424,,961,91893
9381026,1791068024,9196470500,5,5,0,0,5,0,0,5,0,0,4005,8,4009,10830,4014,1,16034,5205,280,,833,86652
9381028,1791068080,0,0,0,0,0,0,0,0,0,0,0,0,8,7,20,7,1,7874,7855,0,,0,0
9381031,1791068118,23908530,7,7,0,0,7,0,0,7,0,0,3,4,3,28,10,1,6498,6471,376,,134,2963
9381032,1791068151,10284216155,22,10,0,0,10,0,0,10,0,0,4424,6,4423,11994,4445,1,16638,4645,520,,3080,106064
9381034,1791068206,9248714908,7,6,0,0,6,0,0,6,0,0,4008,2,4009,10837,4016,1,15580,4744,328,,1930,88900
9381037,1791068259,9659868596,6,6,0,0,6,0,0,6,0,0,4206,4,4209,11375,4215,1,16009,4635,328,,856,95673
9381043,1791068308,0,0,0,0,0,0,0,0,0,0,0,0,6,5,15,5,1,4200,4186,0,,0,0
9381046,1791068441,21625164,7,7,0,0,7,0,0,7,0,0,2,12,8,41,15,1,10721,10681,376,,385,7533
9381050,1791068493,9721453512,8,6,0,0,6,0,0,6,0,0,4208,6,4211,11386,4219,1,16305,4920,328,,5254,226168
9381051,1791068558,9726963617,10,8,0,0,8,0,0,8,0,0,4211,8,4216,11406,4226,1,18302,6897,424,,2009,94337
9381053,1791068613,0,0,0,0,0,0,0,0,0,0,0,0,2,2,7,2,1,4468,4462,0,,0,0
9381055,1791068688,9694291205,8,7,0,0,7,0,0,7,0,0,4208,4,4209,11378,4217,1,15307,3930,376,,1547,91717
9381057,1791068713,9196470500,5,5,0,0,5,0,0,5,0,0,4005,4,4009,10831,4014,1,15750,4920,280,,815,86406
9381059,1791068755,9841833199,39,28,0,0,28,0,0,28,0,0,4222,4,4218,11485,4257,1,15555,4071,1384,,3012,106854
9381065,1791068818,9237299325,8,6,0,0,6,0,0,6,0,0,4008,4,4011,10847,4019,1,16024,5178,328,,1542,87163
9381069,1791068861,9246996958,6,5,0,0,5,0,0,5,0,0,4006,12,4011,10840,4017,1,15204,4365,280,,1663,86818
9381071,1791068900,9752797833,11,8,0,0,8,0,0,8,0,0,4212,8,4218,11411,4229,1,16051,4641,424,,2497,93238
9381075,1791068947,9196470500,5,5,0,0,5,0,0,5,0,0,4005,4,4009,10830,4014,1,14871,4042,280,,784,87412
9381078,1791069008,9233539998,17,17,0,0,17,0,0,17,0,0,4010,8,4015,10879,4032,1,18911,8033,856,,882,89061
9381079,1791069070,0,0,0,0,0,0,0,0,0,0,0,0,6,5,15,5,1,6597,6583,0,,0,0
9381080,1791069086,9352963543,24,10,0,0,10,0,0,10,0,0,4026,2,4021,10913,4045,1,17377,6465,520,,2544,91376
9381084,1791069125,10637995246,9,8,0,0,8,0,0,8,0,0,4609,2,4611,12468,4620,1,17634,5167,424,,1781,100139
9381088,1791069171,9211284788,8,8,0,0,8,0,0,8,0,0,4008,8,4012,10846,4020,1,16614,5769,424,,906,86510
9381090,1791069220,9288529885,12,10,0,0,10,0,0,10,0,0,4025,8,4029,10908,4041,1,16506,5599,520,,1548,88081
9381094,1791069253,9739352326,18,17,0,0,17,0,0,17,0,0,4209,4,4212,11413,4230,1,15483,4071,856,,1803,95578
9381097,1791069293,0,0,0,0,0,0,0,0,0,0,0,0,8,6,17,6,1,6179,6163,0,,0,0
9381099,1791069325,9337961328,19,10,0,0,10,0,0,10,0,0,4021,6,4020,10899,4039,1,13670,2772,520,,2707,92469
9381100,1791069436,9345060468,11,9,0,0,9,0,0,9,0,0,4039,4,4042,10939,4053,1,20367,9429,472,,1852,95522
9381102,1791069516,0,0,0,0,0,0,0,0,0,0,0,0,2,2,7,2,1,6019,6013,0,,0,0
9381103,1791069550,0,0,0,0,0,0,0,0,0,0,0,0,4,1,4,1,1,4750,4747,0,,0,0
9381108,1791069594,9739479812,25,25,0,0,25,0,0,25,0,0,4220,2,4220,11457,4245,1,15955,4499,1240,,1055,103955
9381109,1791069642,10586664788,8,8,0,0,8,0,0,8,0,0,4608,10,4617,12480,4625,1,18251,5772,424,,1025,107851
9381114,1791069700,0,0,0,0,0,0,0,0,0,0,0,0,2,2,7,2,1,5173,5167,0,,0,0
9381116,1791069790,10608522261,101,21,0,0,21,0,0,21,0,0,3826,10,3833,10613,3934,1,22559,11947,1048,,43606,131623
9381118,1791069835,9248726912,7,6,0,0,6,0,0,6,0,0,4008,4,4010,10841,4017,1,17449,6609,328,,2022,93507
9381119,1791069893,0,0,0,0,0,0,0,0,0,0,0,0,4,4,12,4,1,8174,8163,0,,0,0
9381121,1791069954,10674651442,22,21,0,0,21,0,0,21,0,0,4613,2,4613,12510,4635,1,17846,5337,1048,,1993,109607
9381122,1791070006,9659868596,6,6,0,0,6,0,0,6,0,0,4206,4,4210,11375,4216,1,15586,4212,328,,850,91746
9381126,1791070042,0,0,0,0,0,0,0,0,0,0,0,0,2,2,7,2,1,4186,4180,0,,0,0
9381128,1791070106,0,0,0,0,0,0,0,0,0,0,0,0,8,4,12,4,1,6315,6304,0,,0,0
9381129,1791070171,0,0,0,0,0,0,0,0,0,0,0,0,4,3,9,3,1,10677,10669,0,,0,0
9381132,1791070209,10765657969,28,24,0,0,24,0,0,24,0,0,4628,2,4628,12562,4656,1,17334,4773,1192,,2877,110633
9381135,1791070279,0,0,0,0,0,0,0,0,0,0,0,0,6,5,15,5,1,9135,9121,0,,0,0
9381136,1791070312,0,0,0,0,0,0,0,0,0,0,0,0,6,2,7,2,1,6871,6865,0,,0,0
9381138,1791070407,0,0,0,0,0,0,0,0,0,0,0,0,2,1,4,1,1,7426,7423,0,,0,0
9381143,1791070432,10786036823,27,15,0,0,15,0,0,15,0,0,4628,4,4627,12559,4654,1,17193,4635,760,,3464,109929
9381144,1791070500,10291385786,40,39,0,0,39,0,0,39,0,0,4424,10,4429,12063,4469,1,18675,6613,1912,,2755,109746
9381146,1791070542,10708995780,26,18,0,0,18,0,0,18,0,0,4627,2,4625,12549,4651,1,17039,4491,904,,2078,108308
9381151,1791070591,0,0,0,0,0,0,0,0,0,0,0,0,4,3,9,3,1,4191,4183,0,,0,0
9381154,1791070628,10691012228,23,23,0,0,23,0,0,23,0,0,4623,10,4630,12556,4653,1,18186,5631,1144,,1950,108407
9381155,1791070686,9304608110,21,20,0,0,20,0,0,20,0,0,4015,6,4019,10905,4040,1,16529,5625,1000,,1987,94697
9381157,1791070726,10618873364,14,14,0,0,14,0,0,14,0,0,4614,2,4616,12496,4630,1,17127,4632,712,,1074,105499
9381161,1791070786,10605122320,12,12,0,0,12,0,0,12,0,0,4611,4,4614,12482,4626,1,17821,5340,616,,1048,101667
9381164,1791070832,10775630597,22,14,0,0,14,0,0,14,0,0,4624,8,4628,12545,4650,1,18031,5487,712,,3876,107295
9381165,1791070883,10655341534,12,11,0,0,11,0,0,11,0,0,4612,6,4617,12492,4629,1,20936,8445,568,,1968,103063
9381167,1791070946,9211284788,8,8,0,0,8,0,0,8,0,0,4008,2,4010,10843,4018,1,17307,6465,424,,909,87653
9381172,1791071022,10140612980,10,10,0,0,10,0,0,10,0,0,4410,4,4414,11936,4424,1,20348,8413,520,,1017,96942
9381175,1791071070,0,0,0,0,0,0,0,0,0,0,0,0,10,8,23,8,1,5656,5634,0,,0,0
9381178,1791071112,9754130450,18,17,0,0,17,0,0,17,0,0,4212,6,4214,11418,4232,1,15498,4081,856,,1969,98577
9381179,1791071170,10186891759,14,8,0,0,8,0,0,8,0,0,4415,6,4416,11956,4430,1,17692,5737,424,,1790,98294
9381181,1791071197,0,0,0,0,0,0,0,0,0,0,0,0,2,1,4,1,1,4042,4039,0,,0,0
9381182,1791071261,0,0,0,0,0,0,0,0,0,0,0,0,4,3,9,3,1,6588,6580,0,,0,0
9381184,1791071348,0,0,0,0,0,0,0,0,0,0,0,0,2,1,4,1,1,10246,10243,0,,0,0
9381187,1791071394,31435356,13,13,0,0,13,0,0,13,0,0,2,4,2,42,15,1,6198,6157,664,,151,4910
9381189,1791071447,9883357816,26,16,0,0,16,0,0,16,0,0,4229,6,4229,11483,4255,1,17953,6471,808,,3802,103556
9381191,1791071479,10131286588,8,8,0,0,8,0,0,8,0,0,4409,4,4413,11932,4421,1,17976,6045,424,,937,95997
9381194,1791071541,9764196455,11,7,0,0,7,0,0,7,0,0,4212,4,4215,11406,4226,1,17562,6157,376,,2480,95703
9381196,1791071599,10128883220,8,8,0,0,8,0,0,8,0,0,4408,6,4412,11928,4420,1,18680,6753,424,,1023,96684
9381200,1791071644,0,0,0,0,0,0,0,0,0,0,0,0,4,4,12,4,1,5636,5625,0,,0,0
9381203,1791071691,36362090,13,13,0,0,13,0,0,13,0,0,4,8,7,55,20,1,4102,4048,664,,143,5047
9381206,1791071730,10264443199,29,23,0,0,23,0,0,23,0,0,4430,6,4432,12041,4461,1,17806,5766,1144,,2021,105087
9381209,1791071791,10225101562,10,8,0,0,8,0,0,8,0,0,4411,6,4417,11944,4427,1,19824,7881,424,,2775,100163
9381211,1791071855,9723306570,13,9,0,0,9,0,0,9,0,0,4213,6,4216,11411,4229,1,19009,7599,472,,1606,94439
9381215,1791071899,0,0,0,0,0,0,0,0,0,0,0,0,4,3,10,3,1,5320,5311,0,,0,0
9381217,1791071960,10586664788,8,8,0,0,8,0,0,8,0,0,4608,8,4611,12467,4619,1,18911,6445,424,,983,103332
9381220,1791072002,0,0,0,0,0,0,0,0,0,0,0,0,4,3,10,3,1,7182,7173,0,,0,0
9381221,1791072085,10785492777,33,22,0,0,22,0,0,22,0,0,4629,6,4630,12585,4663,1,21141,8557,1096,,3318,112936
9381225,1791072155,0,0,0,0,0,0,0,0,0,0,0,0,2,1,4,1,1,6580,6577,0,,0,0
9381227,1791072197,10781028816,14,13,0,0,13,0,0,13,0,0,4665,8,4668,12632,4682,1,19246,6615,664,,2056,111091
9381229,1791072233,9248726912,7,6,0,0,6,0,0,6,0,0,4008,4,4012,10844,4019,1,16324,5481,328,,1895,91541
9381230,1791072273,9297200541,11,9,0,0,9,0,0,9,0,0,4012,4,4014,10861,4025,1,16839,5979,472,,2434,94175
9381233,1791072343,48265678,23,23,0,0,23,0,0,23,0,0,2,2,3,71,26,1,5096,5026,1144,,192,9198
9381236,1791072394,10694743310,18,11,0,0,11,0,0,11,0,0,4621,6,4623,12523,4641,1,18147,5625,568,,2540,103883
9381240,1791072435,9849475856,9,7,0,0,7,0,0,7,0,0,4273,6,4279,11571,4288,1,16631,5061,376,,1870,93293
9381243,1791072509,9768816283,13,10,0,0,10,0,0,10,0,0,4214,8,4221,11425,4234,1,19449,8025,520,,2506,95590
9381248,1791072568,0,0,0,0,0,0,0,0,0,0,0,0,6,5,15,5,1,5751,5737,0,,0,0
9381250,1791072609,0,0,0,0,0,0,0,0,0,0,0,0,10,6,17,6,1,6323,6307,0,,0,0
9381253,1791072641,0,0,0,0,0,0,0,0,0,0,0,0,4,1,4,1,1,6160,6157,0,,0,0
9381256,1791072725,0,0,0,0,0,0,0,0,0,0,0,0,6,3,9,3,1,9129,9121,0,,0,0
9381258,1791072781,10751678412,24,14,0,0,14,0,0,14,0,0,4625,6,4623,12541,4647,1,16755,4215,712,,2928,106158
9381262,1791072797,9196470500,5,5,0,0,5,0,0,5,0,0,4005,4,4009,10832,4014,1,15466,4635,280,,789,85370
9381266,1791072848,9712125008,8,7,0,0,7,0,0,7,0,0,4209,8,4214,11392,4222,1,16144,4753,376,,1791,91720
9381268,1791072878,9247752958,6,5,0,0,5,0,0,5,0,0,4006,8,4012,10845,4018,1,16153,5309,280,,1664,87060
9381272,1791072928,9723020542,32,32,0,0,32,0,0,32,0,0,4211,4,4213,11458,4245,1,16345,4888,1576,,1038,98904
9381275,1791073008,0,0,0,0,0,0,0,0,0,0,0,0,8,4,12,4,1,9558,9547,0,,0,0
9381278,1791073036,9803933710,28,16,0,0,16,0,0,16,0,0,4229,6,4226,11475,4254,1,17115,5641,808,,2056,98442
9381281,1791073135,0,0,0,0,0,0,0,0,0,0,0,0,6,5,15,5,1,9981,9967,0,,0,0
9381282,1791073190,0,0,0,0,0,0,0,0,0,0,0,0,6,3,9,3,1,7719,7711,0,,0,0
9381283,1791073223,10786266797,31,23,0,0,23,0,0,23,0,0,4624,2,4621,12556,4652,1,20148,7593,1144,,3584,112293
9381284,1791073270,9300651080,9,9,0,0,9,0,0,9,0,0,4044,2,4045,10943,4054,1,17237,6295,472,,871,88919
9381286,1791073341,9721750614,9,8,0,0,8,0,0,8,0,0,4208,2,4209,11384,4218,1,21796,10413,424,,1780,92115
9381287,1791073387,10123266692,7,7,0,0,7,0,0,7,0,0,4407,4,4411,11926,4418,1,20790,8865,376,,871,95607
9381289,1791073448,10654585534,12,11,0,0,11,0,0,11,0,0,4612,2,4613,12481,4625,1,18272,5792,568,,2018,102457
9381292,1791073495,10727833051,21,18,0,0,18,0,0,18,0,0,4622,4,4625,12537,4646,1,18158,5622,904,,2770,106734
9381296,1791073592,0,0,0,0,0,0,0,0,0,0,0,0,6,5,15,5,1,8007,7993,0,,0,0
